Date,Open,High,Low,Close,Volume,Adj Close
2016-01-04,57.8200,58.3600,57.5300,58.3300,4087800,40.0484
2016-01-05,58.2500,58.9800,57.3100,58.8100,3434500,40.3780
2016-01-06,58.4300,59.3500,58.2100,59.0300,3528300,40.5290
2016-01-07,58.4700,58.9800,58.1700,58.3500,3847200,40.0622
2016-01-08,58.3500,58.9300,58.1300,58.2600,2795400,40.0004
2016-01-11,58.3800,59.0000,58.2100,58.7700,2763500,40.3505
2016-01-12,58.8900,58.9700,57.4600,58.1700,4252100,39.9386
2016-01-13,58.2300,58.5400,57.8200,57.9500,3531500,39.7876
2016-01-14,58.2800,59.5600,57.9000,59.1400,4091600,40.6046
2016-01-15,58.3600,59.0900,57.8800,58.6900,3577300,40.2956
2016-01-19,59.0000,59.7200,58.7000,59.5700,3620700,40.8998
2016-01-20,59.2100,59.4600,57.1700,57.9200,4403300,39.7669
2016-01-21,57.3800,58.3800,57.1000,57.6400,3990500,39.5747
2016-01-22,58.4600,58.5700,57.7200,58.5300,3707600,40.1858
2016-01-25,58.5400,58.5600,57.6700,57.7500,3639700,39.6502
2016-01-26,58.0000,58.9700,57.8700,58.2000,3176500,39.9592
2016-01-27,58.1900,58.8000,57.6800,58.1900,3125500,39.9523
2016-01-28,57.1300,59.8400,56.7500,59.4500,4542500,40.8174
2016-01-29,60.0000,61.0800,59.9600,60.9700,4726900,41.8610
2016-02-01,61.0000,62.5600,60.8200,61.7900,5033500,42.4240
2016-02-02,61.6600,62.3000,61.5000,62.0000,4599000,42.5682
2016-02-03,62.3800,63.6300,62.1800,63.3100,4944000,43.4676
2016-02-04,63.1500,63.3400,62.0300,62.2900,4114600,42.7673
2016-02-05,62.1700,63.2800,61.5500,62.8400,4123000,43.1449
2016-02-08,62.2300,63.0500,61.3800,62.4900,4545200,43.2904
2016-02-09,62.4000,62.9300,61.9500,62.3700,3166400,43.2073
2016-02-10,62.0600,63.3800,61.5500,62.9000,4180300,43.5744
2016-02-11,62.5300,63.0000,61.2800,61.3100,3288500,42.4730
2016-02-12,61.3100,61.8500,60.4100,60.6000,3847300,41.9811
2016-02-16,60.9200,61.5600,60.5000,61.0900,3925100,42.3206
2016-02-17,61.1200,61.2800,60.3300,61.1000,3400700,42.3275
2016-02-18,61.2900,62.7800,60.9200,62.4500,2926700,43.2627
2016-02-19,62.4300,62.4500,61.5900,61.9100,2445700,42.8886
2016-02-22,62.0100,62.8800,61.8500,62.8500,2213500,43.5398
2016-02-23,62.4700,62.9400,62.1000,62.7600,1943800,43.4775
2016-02-24,62.7800,63.3000,62.4000,63.0100,1800800,43.6507
2016-02-25,63.1700,63.9000,63.0200,63.8900,1763100,44.2603
2016-02-26,63.2800,63.7700,61.4200,61.4700,3320900,42.5838
2016-02-29,61.4700,62.3900,61.4400,61.7500,3225100,42.7778
2016-03-01,62.0700,62.2700,61.2500,61.7300,2059600,42.7639
2016-03-02,61.5100,61.9700,60.1500,61.8900,2801700,42.8748
2016-03-03,61.7800,61.8500,60.6600,61.7700,3879100,42.7916
2016-03-04,61.4600,62.7100,61.0200,62.4300,3857900,43.2489
2016-03-07,62.4100,63.4000,62.1700,63.2400,2929100,43.8100
2016-03-08,63.2400,63.9200,62.9100,63.6100,2701400,44.0663
2016-03-09,63.6800,64.6300,63.5500,64.3000,2323700,44.5443
2016-03-10,64.3000,64.4400,63.4800,64.1300,1951300,44.4265
2016-03-11,64.5600,64.6900,64.0900,64.2300,2094700,44.4958
2016-03-14,63.8900,64.3800,63.7200,64.2200,1540600,44.4889
2016-03-15,64.2600,64.7000,63.8700,64.4100,1599200,44.6205
2016-03-16,64.3300,65.2500,63.7300,65.1300,2908000,45.1193
2016-03-17,65.2000,65.6300,64.8500,65.4300,2374100,45.3271
2016-03-18,65.6400,65.6800,64.7800,64.7900,5079300,44.8838
2016-03-21,64.3900,65.0300,64.0200,64.8000,2291300,44.8907
2016-03-22,65.0100,65.3400,64.5700,64.7700,2772300,44.8699
2016-03-23,64.6400,65.3100,64.4000,65.0800,3702600,45.0847
2016-03-24,65.0200,65.4000,64.7200,65.0600,3984900,45.0708
2016-03-28,65.3900,65.7600,64.8800,65.0000,3282600,45.0292
2016-03-29,65.1400,66.0700,64.8200,66.0300,3495900,45.7428
2016-03-30,66.0600,66.3700,65.7000,66.0200,2277900,45.7358
2016-03-31,66.0100,66.4900,65.7700,66.4000,2924700,45.9991
2016-04-01,66.1000,67.1400,66.0900,67.0100,2097800,46.4217
2016-04-04,67.0700,67.1900,66.2100,66.5800,1795400,46.1238
2016-04-05,66.5400,66.6200,65.3600,65.4000,2580800,45.3063
2016-04-06,65.3300,65.6900,64.9800,65.6300,2024000,45.4657
2016-04-07,65.4700,65.9800,65.3700,65.5000,1523500,45.3756
2016-04-08,65.8700,66.3500,65.7400,66.0100,2137800,45.7289
2016-04-11,66.0500,66.4700,65.6000,65.6800,1679500,45.5003
2016-04-12,65.7500,66.3800,65.6200,66.3100,1773600,45.9368
2016-04-13,66.4000,66.4000,65.4100,65.7900,1943400,45.5765
2016-04-14,65.6100,65.9800,65.4600,65.5900,1122300,45.4380
2016-04-15,65.7800,66.1800,65.5800,66.0500,1960800,45.7566
2016-04-18,66.0500,66.3100,65.4900,66.2400,1757100,45.8883
2016-04-19,66.3700,66.4300,65.5200,65.8400,2621200,45.6111
2016-04-20,65.8600,66.1100,63.5600,63.7000,4650600,44.1287
2016-04-21,63.6000,63.6000,62.0100,62.2600,4528300,43.1311
2016-04-22,62.5000,62.9900,62.3400,62.7400,3059900,43.4636
2016-04-25,62.6800,62.8400,62.4600,62.8100,2469500,43.5121
2016-04-26,62.9200,63.2500,62.7300,62.9000,1977300,43.5744
2016-04-27,63.0000,64.4200,62.9000,63.9300,3967600,44.2880
2016-04-28,61.8500,63.4100,61.4200,63.0600,5010200,43.6853
2016-04-29,62.7300,63.6300,62.0900,63.5000,2992800,43.9901
2016-05-02,63.6000,64.4200,63.4100,64.3600,5028000,44.5859
2016-05-03,64.3200,64.7000,64.0700,64.5000,4468600,44.6829
2016-05-04,64.3800,65.7100,64.1700,65.3900,3535900,45.2994
2016-05-05,65.1900,65.9600,64.7800,65.1500,2817300,45.1331
2016-05-06,64.5900,64.7800,63.6500,64.5600,3189400,45.1122
2016-05-09,64.6200,65.3800,64.3200,65.2900,3933000,45.6223
2016-05-10,65.5400,65.5600,64.9200,65.0500,2757700,45.4546
2016-05-11,65.0500,65.3400,64.5300,65.2100,2100800,45.5664
2016-05-12,65.1200,65.8500,64.7800,65.6600,2146000,45.8808
2016-05-13,65.5700,65.8000,64.9200,65.6100,2781400,45.8459
2016-05-16,65.4300,65.9700,65.0200,65.9300,2341600,46.0695
2016-05-17,65.8700,65.8900,64.1800,64.5100,3411800,45.0773
2016-05-18,64.0300,64.5200,62.9700,63.3000,4397800,44.2317
2016-05-19,63.1800,63.8700,62.6100,63.8500,2869700,44.6161
2016-05-20,64.0500,64.1000,63.3500,63.8000,2226200,44.5811
2016-05-23,63.8000,63.8700,62.9100,62.9500,2521100,43.9872
2016-05-24,63.2500,63.8000,63.0400,63.6300,2288300,44.4623
2016-05-25,63.2900,63.7800,63.0000,63.4300,2407900,44.3226
2016-05-26,63.3300,64.3800,63.3200,64.3300,3277300,44.9515
2016-05-27,64.2600,64.5700,63.8600,64.3100,2135600,44.9375
2016-05-31,64.2200,64.8400,64.0300,64.7300,3362400,45.2310
2016-06-01,64.7300,65.0400,64.5200,64.8900,1938600,45.3428
2016-06-02,64.6900,64.8400,64.0400,64.6800,1948900,45.1960
2016-06-03,65.2000,66.2200,65.2000,65.8100,2307500,45.9856
2016-06-06,65.9300,66.0600,65.4500,65.7000,1960500,45.9088
2016-06-07,65.9500,66.2200,65.6700,65.8400,2182100,46.0066
2016-06-08,65.7500,66.2000,65.6800,66.2000,1555700,46.2582
2016-06-09,66.2100,67.0100,66.1100,66.9600,1803100,46.7892
2016-06-10,66.8800,67.3400,66.5500,66.8500,1768800,46.7124
2016-06-13,66.9200,67.2000,66.4800,66.5500,2802400,46.5027
2016-06-14,66.5500,66.8300,66.0900,66.8300,2090400,46.6984
2016-06-15,66.9100,67.0000,65.9500,66.2400,2131200,46.2861
2016-06-16,66.3700,67.0400,66.2500,66.8800,2217600,46.7333
2016-06-17,67.0300,67.2800,66.4700,67.2100,2620800,46.9639
2016-06-20,67.1100,67.2800,66.3400,66.7900,2036700,46.6704
2016-06-21,66.9300,67.1500,66.4000,66.7700,1383300,46.6564
2016-06-22,66.9000,66.9600,66.4200,66.5000,1458200,46.4678
2016-06-23,66.6100,66.6300,66.1000,66.5900,1831000,46.5307
2016-06-24,65.9200,67.9400,65.8400,67.2600,4034600,46.9989
2016-06-27,67.1700,68.5200,67.0400,68.3500,3506700,47.7605
2016-06-28,68.2700,68.6500,67.5000,68.6400,2394300,47.9631
2016-06-29,68.9000,69.0800,68.3200,68.7200,2522400,48.0191
2016-06-30,68.8200,70.1000,68.5800,70.0900,2858400,48.9764
2016-07-01,70.4600,70.4900,69.4500,70.1400,2113600,49.0113
2016-07-05,70.2900,70.9200,70.1500,70.8100,1935200,49.4795
2016-07-06,70.8100,71.3200,70.4300,71.2700,2990400,49.8009
2016-07-07,70.9600,70.9800,70.1200,70.2800,2989800,49.1091
2016-07-08,70.0200,70.8100,69.4500,70.7100,2690500,49.4096
2016-07-11,70.4300,70.7600,69.6800,70.7000,2064800,49.4026
2016-07-12,70.2500,70.4200,69.5100,69.5800,2865500,48.6200
2016-07-13,69.9200,70.1400,69.6300,70.0100,2007100,48.9205
2016-07-14,69.4600,69.9000,69.1500,69.3800,2473300,48.4802
2016-07-15,69.4400,69.7400,69.1700,69.6400,2263600,48.6619
2016-07-18,69.7300,70.1100,69.6800,69.9500,1581300,48.8785
2016-07-19,70.0000,70.1000,69.3200,69.7700,1821600,48.7527
2016-07-20,69.8000,69.8700,69.2100,69.3500,1458500,48.4593
2016-07-21,69.1800,69.4500,68.7000,69.4300,3186400,48.5152
2016-07-22,69.4700,70.2500,69.1600,70.0600,2452800,48.9554
2016-07-25,70.0800,70.1600,69.4500,69.7700,1966600,48.7527
2016-07-26,70.2400,70.2700,69.3300,69.7400,2375100,48.7318
2016-07-27,69.5400,69.6300,68.2500,68.8600,3190500,48.1169
2016-07-28,68.9700,69.2200,68.5800,68.9200,2641200,48.1588
2016-07-29,68.8400,69.5600,68.8200,69.3000,2490200,48.4243
2016-08-01,68.8700,69.4800,68.8700,69.3100,1669500,48.4313
2016-08-02,68.9500,69.2600,68.5800,69.0100,1893900,48.2217
2016-08-03,68.8400,69.0300,68.1200,68.4500,1959400,47.8304
2016-08-04,68.5700,69.0400,68.3900,68.6400,1797600,47.9631
2016-08-05,68.4800,68.5600,67.6300,67.8500,3774800,47.4111
2016-08-08,67.4400,67.8400,67.0100,67.1500,1876500,47.3125
2016-08-09,67.1900,67.6000,66.9900,67.3900,1747200,47.4816
2016-08-10,67.4700,67.7600,67.2200,67.5600,1289100,47.6014
2016-08-11,67.6000,67.7300,67.2100,67.7200,2133600,47.7141
2016-08-12,67.9400,68.1800,67.5100,67.5500,1372600,47.5943
2016-08-15,67.7100,67.8000,66.4900,66.5200,1943800,46.8686
2016-08-16,66.3600,66.4400,65.6800,65.6800,2380900,46.2767
2016-08-17,65.7500,66.6200,65.0800,66.5000,3340000,46.8545
2016-08-18,66.3700,67.4200,66.2700,67.4000,3464100,47.4886
2016-08-19,67.1100,67.3600,66.1400,66.3700,2056700,46.7629
2016-08-22,66.5600,66.9000,66.3200,66.5200,1595000,46.8686
2016-08-23,66.6400,66.9900,66.2800,66.2800,1858100,46.6995
2016-08-24,66.1200,66.4700,65.7600,66.3400,1584100,46.7418
2016-08-25,66.4100,66.6400,66.2200,66.3700,1594200,46.7629
2016-08-26,66.4200,66.9100,64.6300,64.6900,3314600,45.5792
2016-08-29,64.8700,65.3700,64.8200,65.1800,2269300,45.9245
2016-08-30,65.2100,65.5000,64.2600,64.3200,3295000,45.3185
2016-08-31,64.5500,64.6100,64.0700,64.5700,3163300,45.4947
2016-09-01,64.4100,64.7000,64.2200,64.4100,2030800,45.3819
2016-09-02,64.5700,65.3700,64.4800,65.2400,2209500,45.9667
2016-09-06,65.5100,66.1700,65.4000,66.0400,2431000,46.5304
2016-09-07,65.9700,66.2400,65.6500,66.0500,1992800,46.5374
2016-09-08,65.8900,66.3500,65.7700,66.1000,1834100,46.5727
2016-09-09,65.5100,65.6000,63.6200,63.7100,3341300,44.8887
2016-09-12,63.6800,64.8900,63.6800,64.7100,2815100,45.5933
2016-09-13,64.5200,64.9000,63.5600,63.8100,3845800,44.9592
2016-09-14,64.7600,64.7600,63.7000,64.0200,2820600,45.1072
2016-09-15,63.9400,64.4700,63.7100,64.3000,2450900,45.3044
2016-09-16,64.1600,64.8800,63.8800,64.8100,3751500,45.6638
2016-09-19,65.0000,65.4900,64.8100,65.4200,2185900,46.0935
2016-09-20,65.2300,65.6900,65.0100,65.0100,2232900,45.8047
2016-09-21,64.9500,66.2700,64.9100,66.1900,3380800,46.6361
2016-09-22,66.5100,66.7900,66.2000,66.6000,2582500,46.9250
2016-09-23,66.4800,66.8700,66.0900,66.6600,2031100,46.9672
2016-09-26,66.6600,66.7400,66.1500,66.3600,1745800,46.7559
2016-09-27,66.6600,66.9600,65.3700,65.5000,2229800,46.1499
2016-09-28,65.6500,65.7800,64.7800,65.3600,2515900,46.0513
2016-09-29,65.4200,65.4200,64.1000,64.5000,3632100,45.4453
2016-09-30,64.8000,65.0700,63.7500,64.2100,4152600,45.2410
2016-10-03,64.0400,64.0600,63.0500,63.5100,2813400,44.7478
2016-10-04,63.4700,63.4700,61.8200,62.1800,3586500,43.8107
2016-10-05,62.1900,63.0300,61.9800,62.1800,3825400,43.8107
2016-10-06,62.0700,62.5100,61.7200,62.2500,3195800,43.8600
2016-10-07,62.7000,63.1500,61.7500,61.7900,3345100,43.5359
2016-10-10,61.9700,62.3100,61.7300,62.2100,1633700,43.8319
2016-10-11,61.9800,62.2800,61.2800,61.3400,2157700,43.2189
2016-10-12,61.4300,62.1900,61.4300,62.0000,2648400,43.6839
2016-10-13,61.8600,63.0100,61.8000,62.5300,3457000,44.0573
2016-10-14,62.2500,62.8400,61.9700,62.3000,2490100,43.8953
2016-10-17,62.5000,63.1400,62.4300,62.9700,2767900,44.3673
2016-10-18,63.2700,63.4800,62.4600,63.3700,2833900,44.6492
2016-10-19,63.3800,63.4400,62.8600,63.1900,2351300,44.5224
2016-10-20,63.2200,63.4100,62.7700,62.9100,1682700,44.3251
2016-10-21,62.5900,62.8000,62.2000,62.4800,1782700,44.0221
2016-10-24,62.7600,63.1300,62.4800,63.0300,1677400,44.4096
2016-10-25,62.8200,63.7100,62.7700,63.4600,2535100,44.7126
2016-10-26,63.3500,63.8700,62.9400,63.5300,2250800,44.7619
2016-10-27,63.3100,63.4700,62.7600,63.1900,2305000,44.5224
2016-10-28,63.2300,63.8500,63.1600,63.4100,2351900,44.6774
2016-10-31,63.5900,65.2500,63.5700,64.8400,4076400,45.6849
2016-11-01,64.5500,64.9000,63.1100,63.3800,4536100,44.6562
2016-11-02,62.7400,62.8900,61.9200,62.6100,3156200,44.1137
2016-11-03,62.4700,63.3700,62.1800,62.9200,2401800,44.3321
2016-11-04,63.2500,63.7400,62.3600,62.4000,2966900,43.9657
2016-11-07,62.6300,63.2800,61.6200,63.2400,3102500,44.5576
2016-11-08,62.8900,63.6800,62.8700,63.2300,2970800,44.9701
2016-11-09,62.0100,62.0100,61.0200,61.2500,3160900,43.5619
2016-11-10,61.0000,61.0000,58.5700,59.7400,5057600,42.4879
2016-11-11,59.7600,60.8800,59.5500,59.9900,3539800,42.6657
2016-11-14,59.5900,59.6800,58.1600,58.7200,7074600,41.7625
2016-11-15,58.9700,59.7400,58.9500,59.4600,3537900,42.2888
2016-11-16,59.4600,59.6800,58.5300,58.9900,2755400,41.9545
2016-11-17,58.8000,59.3200,58.8000,58.8600,2307200,41.8621
2016-11-18,58.8400,59.2300,58.3100,58.4400,2775700,41.5634
2016-11-21,58.6200,59.3800,58.6100,59.3200,2462300,42.1892
2016-11-22,59.3200,59.3900,58.8800,59.1700,4091400,42.0826
2016-11-23,58.6400,59.2500,58.6000,58.8200,2438500,41.8336
2016-11-25,59.0700,59.9500,59.0500,59.7200,984800,42.4737
2016-11-28,60.0000,61.1400,59.9500,60.9000,2705300,43.3130
2016-11-29,60.6900,61.4500,60.5900,61.2700,2769700,43.5761
2016-11-30,60.5000,60.5000,59.0500,59.0500,3515300,41.9972
2016-12-01,58.8200,58.8900,57.8900,58.1600,3539300,41.3642
2016-12-02,58.6300,59.1700,58.3300,58.7000,2129800,41.7483
2016-12-05,58.4300,59.2200,57.9000,59.2000,3400600,42.1039
2016-12-06,59.3900,59.6400,59.0100,59.4700,3343400,42.2959
2016-12-07,59.7300,60.3400,59.4600,60.2500,2444700,42.8507
2016-12-08,59.8100,60.3600,59.3500,60.1800,2876800,42.8009
2016-12-09,60.3000,60.9900,60.2500,60.9900,2329400,43.3770
2016-12-12,60.9800,62.0900,60.8800,61.9500,2603000,44.0597
2016-12-13,62.0100,62.7800,61.9500,62.7100,2909000,44.6002
2016-12-14,63.0200,63.4100,61.5700,61.7000,3726100,43.8819
2016-12-15,61.3200,62.1400,61.0300,62.1100,2290700,44.1735
2016-12-16,62.2600,62.8400,62.0000,62.8100,3966200,44.6714
2016-12-19,63.1100,63.2000,62.4800,62.9400,2011500,44.7638
2016-12-20,62.9600,63.3600,62.7300,63.2100,2549000,44.9559
2016-12-21,63.0500,63.4000,62.7900,62.8000,1506000,44.6643
2016-12-22,62.8000,63.3800,62.7000,63.2400,2143100,44.9772
2016-12-23,63.5300,63.5300,62.8500,63.1700,1121600,44.9274
2016-12-27,62.9700,63.2700,62.8000,63.1300,1246500,44.8990
2016-12-28,63.0900,63.1200,62.3000,62.3900,1501800,44.3727
2016-12-29,62.6800,63.3800,62.5000,63.2800,1508100,45.0056
2016-12-30,63.3200,63.4200,62.7200,62.9600,1677000,44.7780
2017-01-03,63.0100,63.0300,62.3500,62.7600,1943800,44.6358
2017-01-04,62.9100,63.4100,62.6700,62.8500,2127200,44.6998
2017-01-05,63.0300,63.4300,62.3900,63.1900,3884800,44.9416
2017-01-06,62.9000,63.3100,62.7200,63.1400,1769900,44.9061
2017-01-09,62.9600,63.3300,62.2000,62.3100,2381300,44.3158
2017-01-10,62.5800,62.7000,61.8200,62.1200,2046000,44.1806
2017-01-11,62.2100,63.1900,62.1200,63.1800,2918400,44.9345
2017-01-12,62.9600,63.4000,62.8000,63.2900,2139900,45.0127
2017-01-13,63.1000,63.3000,62.7500,63.2300,2506500,44.9701
2017-01-17,63.4500,64.0300,63.3000,63.8100,1705800,45.3826
2017-01-18,63.5300,63.9200,63.3900,63.4600,1883900,45.1337
2017-01-19,63.1900,63.4100,62.5400,62.7000,2628100,44.5931
2017-01-20,62.9000,63.1500,62.4900,62.9100,2015000,44.7425
2017-01-23,62.9100,63.1400,62.6400,62.7100,1317800,44.6002
2017-01-24,62.6400,62.9000,62.5100,62.7800,2061100,44.6500
2017-01-25,62.6400,62.8300,62.4100,62.5300,2316900,44.4722
2017-01-26,62.5000,62.8200,62.1400,62.6400,2525600,44.5505
2017-01-27,62.7800,63.0400,62.4800,62.9700,2537400,44.7852
2017-01-30,63.1100,63.4000,62.7800,63.2100,2265000,44.9559
2017-01-31,63.1500,64.1100,62.9500,64.0600,2712300,45.5604
2017-02-01,63.5800,63.8100,63.0200,63.0900,2779500,44.8705
2017-02-02,63.1100,63.8100,62.9700,63.7800,1802600,45.3612
2017-02-03,63.7800,64.3400,63.6400,64.0300,2288300,45.5390
2017-02-06,64.2500,64.4100,63.7200,63.8200,1741400,45.3897
2017-02-07,63.8200,64.0100,63.5600,63.9300,1552800,45.4679
2017-02-08,63.3200,64.0200,63.3200,63.8000,1817000,45.7981
2017-02-09,63.8000,64.0200,63.3600,63.4200,2517000,45.5254
2017-02-10,63.3500,64.0800,63.3100,63.9500,2429800,45.9058
2017-02-13,63.9700,64.1000,63.4600,63.7900,2188300,45.7910
2017-02-14,63.6400,63.7400,62.9600,63.2700,2218600,45.4177
2017-02-15,62.9300,63.3300,62.6900,63.2900,2068300,45.4320
2017-02-16,63.3900,63.7200,63.3100,63.7000,1890300,45.7264
2017-02-17,63.8000,64.1300,63.5300,64.1100,1955900,46.0207
2017-02-21,63.9800,64.8700,63.7500,64.7600,2067300,46.4873
2017-02-22,64.6700,65.4100,64.5200,65.3100,2455900,46.8821
2017-02-23,65.5500,66.0900,65.3100,66.0100,2286600,47.3846
2017-02-24,66.1900,67.2200,66.1500,67.1500,4094100,48.2029
2017-02-27,67.0600,67.1200,66.5100,66.7000,3101200,47.8799
2017-02-28,66.7000,67.1500,66.4800,66.9700,3912000,48.0737
2017-03-01,66.2000,66.7400,65.8900,66.1200,3147100,47.4635
2017-03-02,65.9000,66.9600,65.8600,66.5000,2442900,47.7363
2017-03-03,66.5700,66.6200,65.9600,66.5200,2127400,47.7507
2017-03-06,66.3700,66.6000,66.0600,66.3500,1832300,47.6286
2017-03-07,66.2500,66.5200,66.1300,66.2400,2770000,47.5497
2017-03-08,65.7700,65.9000,65.0200,65.1500,3126100,46.7672
2017-03-09,65.1200,65.6500,64.8100,64.8400,2532300,46.5447
2017-03-10,65.3000,65.5900,64.9400,65.4000,2358600,46.9467
2017-03-13,65.4100,65.8500,65.3300,65.8100,1922000,47.2410
2017-03-14,65.7800,65.9300,65.5200,65.7900,1641900,47.2266
2017-03-15,65.8600,67.0000,65.8200,66.6800,1776000,47.8655
2017-03-16,66.4700,66.5000,65.8600,66.0100,1615300,47.3846
2017-03-17,66.1600,66.8600,66.0800,66.4700,3823600,47.7148
2017-03-20,66.6200,66.8600,65.9900,66.1300,1861500,47.4707
2017-03-21,66.1000,67.2200,66.0900,66.9800,3159300,48.0809
2017-03-22,67.3400,67.8000,67.1200,67.4400,2609300,48.4111
2017-03-23,67.3500,68.0300,67.2300,67.4500,2554400,48.4182
2017-03-24,67.3900,68.0200,67.2700,67.7900,1969500,48.6623
2017-03-27,67.9400,68.2500,67.3400,67.6900,2565000,48.5905
2017-03-28,67.4800,67.9000,67.4200,67.8400,2645000,48.6982
2017-03-29,67.5900,67.7200,67.2800,67.3900,2272400,48.3752
2017-03-30,67.1600,67.3900,66.8500,67.1600,2080900,48.2101
2017-03-31,67.0800,67.5100,67.0700,67.1300,2259700,48.1885
2017-04-03,67.0200,67.1800,66.5000,67.1500,1939900,48.2029
2017-04-04,67.1600,67.5200,66.9600,67.2900,1767600,48.3034
2017-04-05,67.2800,67.9000,67.1000,67.8300,2162700,48.6910
2017-04-06,67.6200,67.7700,67.3600,67.6200,2073500,48.5403
2017-04-07,67.8000,67.9900,67.3000,67.3200,2934600,48.3249
2017-04-10,67.4700,67.6300,67.0300,67.5000,1556700,48.4542
2017-04-11,67.3900,67.5400,66.9900,67.3900,2046600,48.3752
2017-04-12,67.1500,67.8500,67.0200,67.7900,2286700,48.6623
2017-04-13,67.8000,67.9000,67.2900,67.5400,1899000,48.4829
2017-04-17,67.6700,67.8800,67.5600,67.7400,1452600,48.6264
2017-04-18,67.7700,68.1200,67.6500,67.9800,2427400,48.7987
2017-04-19,67.9900,68.1300,67.5100,67.7400,2802200,48.6264
2017-04-20,67.7400,67.7400,66.9700,67.4400,2518300,48.4111
2017-04-21,67.2800,68.0300,67.2800,67.8600,2721100,48.7126
2017-04-24,67.8200,68.0900,67.3600,67.9700,2714500,48.7915
2017-04-25,67.7400,68.0300,67.5500,67.8600,1824500,48.7126
2017-04-26,67.7900,68.1200,67.6200,67.6900,2821600,48.5905
2017-04-27,67.4400,68.4600,67.2100,68.1000,2225400,48.8848
2017-04-28,68.1000,68.2400,67.7400,67.8300,2671300,48.6910
2017-05-01,68.0300,68.0300,67.3400,67.4700,1694400,48.4326
2017-05-02,67.6700,68.1600,67.5500,68.0100,3172000,48.8202
2017-05-03,68.0000,68.2500,67.7700,67.9000,1879000,48.7413
2017-05-04,67.7100,68.1200,67.6700,68.0200,2285000,48.8274
2017-05-05,68.2200,68.6600,67.8900,68.4100,2674800,49.1074
2017-05-08,67.9900,68.1800,67.5200,67.7300,2650900,49.0422
2017-05-09,67.6300,67.7700,67.2400,67.3100,2340700,48.7381
2017-05-10,67.3500,67.6200,67.1300,67.4100,2236300,48.8105
2017-05-11,67.2300,67.5600,66.9300,67.5500,1491200,48.9119
2017-05-12,67.5900,68.3000,67.5500,68.0600,2241700,49.2812
2017-05-15,68.0800,68.7200,67.8700,68.5600,2427700,49.6432
2017-05-16,68.4300,68.6300,67.8500,67.8600,1556700,49.1364
2017-05-17,67.8600,68.5000,67.8600,68.1500,2243900,49.3463
2017-05-18,68.3500,68.8900,67.8100,68.3100,2139900,49.4622
2017-05-19,68.3000,68.7400,67.8800,68.7200,2377600,49.7590
2017-05-22,68.6800,69.5800,68.6000,69.4200,2881500,50.2659
2017-05-23,69.4300,70.0700,69.3700,69.5900,2251900,50.3890
2017-05-24,69.7400,70.2400,69.6600,70.2000,1997700,50.8307
2017-05-25,70.1700,70.9300,70.0800,70.8000,2214200,51.2652
2017-05-26,70.8000,71.0100,70.7100,70.8700,3464800,51.3158
2017-05-30,70.7700,71.2600,70.7000,71.2100,2027900,51.5620
2017-05-31,71.2600,71.9100,71.2400,71.7800,2857100,51.9747
2017-06-01,71.6500,72.2200,71.4000,72.2100,2715100,52.2861
2017-06-02,72.5100,72.7200,72.2800,72.6700,2583700,52.6192
2017-06-05,72.6400,72.6900,72.3200,72.4000,2723200,52.4237
2017-06-06,72.6200,72.6700,72.0600,72.1300,2485900,52.2282
2017-06-07,72.2600,72.7100,72.0700,72.6200,2565300,52.5830
2017-06-08,72.6200,72.6500,71.5100,71.9500,2679900,52.0978
2017-06-09,71.7100,72.0400,71.3700,71.8600,2271600,52.0327
2017-06-12,71.8600,72.2300,71.4100,71.4100,3169400,51.7068
2017-06-13,71.3300,71.6800,71.0500,71.6500,1800200,51.8806
2017-06-14,72.2300,72.4000,71.6900,71.9600,1792200,52.1051
2017-06-15,71.9300,72.1600,71.5100,72.1400,2311500,52.2354
2017-06-16,72.3200,72.5900,71.9700,72.4200,3326400,52.4382
2017-06-19,72.4200,72.4700,71.7400,72.0600,2076300,52.1775
2017-06-20,72.1000,72.5700,72.0200,72.5600,2486600,52.5395
2017-06-21,72.6000,72.9700,72.2000,72.4000,6134900,52.4237
2017-06-22,72.2000,72.4500,71.7600,71.7900,2172100,51.9820
2017-06-23,71.7500,72.0900,71.4300,71.5500,2431800,51.8082
2017-06-26,71.2900,72.2000,71.1900,71.8700,2026000,52.0399
2017-06-27,71.5000,71.6100,70.6300,70.7200,3003600,51.2072
2017-06-28,70.9100,71.0800,70.1200,70.1500,2553900,50.7945
2017-06-29,69.8200,69.8200,69.1900,69.6000,3112100,50.3962
2017-06-30,69.7700,70.1100,69.4700,69.4700,2130200,50.3021
2017-07-03,69.6900,69.6900,68.9300,69.0000,1592000,49.9618
2017-07-05,69.0500,69.1000,68.6200,68.8200,2735700,49.8315
2017-07-06,68.6900,69.1500,68.4700,69.0200,2147800,49.9763
2017-07-07,69.0100,69.4100,68.8300,69.1500,1747500,50.0704
2017-07-10,69.4000,69.4700,68.8900,68.8900,1567600,49.8822
2017-07-11,69.0000,69.0500,68.6700,68.8400,1813100,49.8459
2017-07-12,69.4000,69.5300,68.9700,68.9900,2287800,49.9546
2017-07-13,68.9000,69.1000,68.2800,68.2800,3489100,49.4405
2017-07-14,68.7400,68.8900,68.1100,68.1700,4900500,49.3608
2017-07-17,68.2400,68.6700,68.1200,68.5500,2885100,49.6360
2017-07-18,68.6300,68.8200,68.3400,68.3600,2721400,49.4984
2017-07-19,68.4500,68.7700,68.4300,68.6500,2981300,49.7084
2017-07-20,68.7700,68.8300,68.4100,68.7000,3771000,49.7446
2017-07-21,68.7400,69.9900,68.6800,69.9800,2922300,50.6714
2017-07-24,70.0000,70.0000,68.9000,69.1900,4129500,50.0994
2017-07-25,69.2200,69.3100,68.7100,68.8400,1614100,49.8459
2017-07-26,68.6900,69.5100,68.5900,69.4500,1962900,50.2876
2017-07-27,69.3700,70.8000,69.3600,70.6700,4203300,51.1710
2017-07-28,70.6200,70.8100,70.0300,70.4300,2570900,50.9972
2017-07-31,70.4500,70.7000,70.0300,70.5400,2268900,51.0769
2017-08-01,70.5900,70.8300,70.3700,70.6200,1629000,51.1348
2017-08-02,70.3700,71.0300,70.0800,70.9300,1405000,51.3593
2017-08-03,70.7500,71.2000,70.6100,71.2000,1794100,51.5548
2017-08-04,70.9800,71.0500,70.3200,70.8800,1879500,51.3231
2017-08-07,70.8800,71.3900,70.6400,71.3900,2007000,51.6923
2017-08-08,70.8000,71.3900,70.5600,71.3500,2398000,52.0939
2017-08-09,71.6100,71.6100,70.8600,70.9600,2492200,51.8092
2017-08-10,70.8500,71.4200,70.5500,71.3600,2053500,52.1012
2017-08-11,71.3400,71.3400,70.3700,70.5600,2007600,51.5171
2017-08-14,70.5900,71.1500,70.4600,71.0500,1865200,51.8749
2017-08-15,70.7700,71.5400,70.7100,71.5200,1289300,52.2180
2017-08-16,71.5200,72.0400,71.3800,72.0200,1692400,52.5831
2017-08-17,71.9900,72.2600,71.7800,72.0000,3318500,52.5685
2017-08-18,71.9300,72.6300,71.7100,72.1600,2871400,52.6853
2017-08-21,72.2300,72.7800,72.1300,72.6700,1808200,53.0577
2017-08-22,72.6400,72.8700,72.4200,72.8100,1959100,53.1599
2017-08-23,72.7600,73.4000,72.7500,73.3100,2379900,53.5249
2017-08-24,73.2800,73.6600,73.0900,73.3900,2123000,53.5834
2017-08-25,73.7100,73.7700,73.4100,73.5700,2067800,53.7148
2017-08-28,73.7500,74.1100,73.5900,74.1000,1768100,54.1017
2017-08-29,74.1600,74.2900,73.8200,73.9400,1748900,53.9849
2017-08-30,73.9600,74.0300,73.7100,73.7500,1356800,53.8462
2017-08-31,73.8700,73.9500,73.6200,73.6300,2787400,53.7586
2017-09-01,73.8400,73.9500,73.2700,73.5400,1745400,53.6929
2017-09-05,73.6600,74.1000,73.3400,74.0900,2824700,54.0944
2017-09-06,74.2400,74.2400,73.2400,73.3000,2491900,53.5177
2017-09-07,73.4700,73.9700,73.3600,73.8300,2286000,53.9046
2017-09-08,73.7300,74.3700,73.5900,74.1900,1507000,54.1674
2017-09-11,74.1800,74.5900,74.0700,74.5500,2108600,54.4303
2017-09-12,74.4900,74.4900,72.6500,73.1100,2166500,53.3789
2017-09-13,73.1400,73.3400,72.3700,72.5900,3147600,52.9993
2017-09-14,72.4400,72.9800,72.2900,72.9000,2234400,53.2256
2017-09-15,73.0700,73.1800,72.4600,73.0300,2730900,53.3205
2017-09-18,73.0000,73.1100,71.6100,72.2700,2230700,52.7656
2017-09-19,72.3300,72.3800,71.8000,71.9800,2268900,52.5539
2017-09-20,72.1500,72.2200,71.2800,71.6800,2446900,52.3349
2017-09-21,71.6800,71.9200,71.3700,71.4500,1942600,52.1669
2017-09-22,70.9000,71.4300,70.4400,70.5700,3052200,51.5244
2017-09-25,70.6300,71.2000,70.5000,71.0400,3057100,51.8676
2017-09-26,71.0500,71.2100,70.6700,71.1900,2038900,51.9771
2017-09-27,70.7300,70.8100,69.9300,70.3100,2339600,51.3346
2017-09-28,70.2000,70.7900,69.9600,70.5000,1820100,51.4733
2017-09-29,70.2500,70.5300,70.0300,70.2400,1624900,51.2835
2017-10-02,70.4600,70.6800,70.1600,70.4300,1446600,51.4222
2017-10-03,70.3500,70.3500,69.5500,70.2900,2406000,51.3200
2017-10-04,70.3400,71.5300,70.1100,71.5200,3066100,52.2180
2017-10-05,71.4800,71.6300,71.1000,71.4900,2305100,52.1962
2017-10-06,71.2100,71.5300,70.9400,71.5300,1813600,52.2253
2017-10-09,71.5500,71.9000,71.4800,71.7400,1603300,52.3786
2017-10-10,71.7000,72.3900,71.4500,72.3900,2163600,52.8532
2017-10-11,72.4100,73.1900,72.3600,72.7600,1975100,53.1234
2017-10-12,72.8100,73.4000,72.7400,73.3400,1822000,53.5468
2017-10-13,73.5500,73.9100,72.9300,73.1600,1943800,53.4154
2017-10-16,72.9700,73.2500,72.5500,73.1200,1464700,53.3862
2017-10-17,72.8400,73.3100,72.5200,73.2000,1721900,53.4446
2017-10-18,73.0900,73.2000,72.6100,73.0100,1100500,53.3059
2017-10-19,73.1400,73.8500,72.9500,73.8300,1686200,53.9046
2017-10-20,73.7100,73.9900,73.5800,73.9800,1568300,54.0141
2017-10-23,73.9700,74.1100,73.6600,73.9200,1787300,53.9703
2017-10-24,73.8000,74.0500,73.4400,73.9700,2107900,54.0068
2017-10-25,73.8300,73.8300,72.5300,73.5800,3179500,53.7221
2017-10-26,73.8400,74.9000,73.6700,73.7600,2303900,53.8535
2017-10-27,73.5900,74.5100,73.4100,74.0200,1839300,54.0434
2017-10-30,73.8600,74.2700,73.5700,74.1700,1541400,54.1528
2017-10-31,74.0200,74.5800,73.7700,74.4100,2314000,54.3281
2017-11-01,74.4200,74.6100,73.7100,74.0100,1614700,54.0360
2017-11-02,74.0500,74.9200,73.6700,73.7200,4226100,53.8243
2017-11-03,73.6600,74.6200,73.6600,74.0800,2312100,54.0871
2017-11-06,74.0700,74.1500,73.5600,73.7300,2339800,53.8316
2017-11-07,73.9000,75.1900,73.5600,75.1900,2239000,54.8976
2017-11-08,75.1000,75.8400,74.8900,75.5200,2491100,55.1385
2017-11-09,74.8600,75.5000,74.7200,75.4900,1728700,55.5728
2017-11-10,74.9800,75.1200,74.6400,74.7800,2133500,55.0502
2017-11-13,74.7700,76.3000,74.7000,76.1300,2280700,56.0440
2017-11-14,75.9300,77.4400,75.7800,77.3900,2050500,56.9715
2017-11-15,77.5700,77.9300,76.4600,76.5900,2187200,56.3826
2017-11-16,76.5700,76.7900,76.3100,76.7600,1750100,56.5078
2017-11-17,76.4900,76.8900,76.1000,76.3800,1720900,56.2280
2017-11-20,76.5000,76.6300,76.0200,76.4400,1614100,56.2722
2017-11-21,76.4900,77.0600,76.4600,76.7700,2080900,56.5151
2017-11-22,76.6800,76.8900,76.3500,76.5900,1065200,56.3826
2017-11-24,76.5900,76.9900,76.4100,76.4700,732600,56.2943
2017-11-27,76.7200,76.8800,76.4500,76.7400,1629200,56.4931
2017-11-28,76.9500,77.2700,76.7800,77.0200,3039500,56.6992
2017-11-29,76.8800,77.5300,76.5800,77.1400,1568400,56.7875
2017-11-30,77.0300,77.7300,76.9000,77.6300,3201800,57.1482
2017-12-01,77.7800,77.9700,76.7800,77.2400,2082100,56.8611
2017-12-04,77.5800,78.0700,77.1700,77.3900,2558300,56.9715
2017-12-05,77.4700,77.5900,75.8600,76.2700,2630400,56.1471
2017-12-06,76.5100,76.9600,76.2400,76.7300,3733400,56.4857
2017-12-07,76.6500,76.7400,75.9300,76.6100,2041300,56.3974
2017-12-08,76.4300,76.9400,76.1900,76.9300,1459600,56.6329
2017-12-11,76.8000,77.1900,76.2900,77.0800,1670600,56.7433
2017-12-12,76.8000,77.2200,76.0100,76.0200,2105700,55.9630
2017-12-13,76.6500,77.0700,76.2700,76.5100,2301700,56.3237
2017-12-14,76.7200,76.7200,75.7700,76.2900,1942800,56.1618
2017-12-15,75.8600,76.9000,75.8100,76.5400,3894800,56.3458
2017-12-18,76.6700,76.9100,75.4400,75.5000,2489700,55.5802
2017-12-19,75.7100,75.7500,74.4900,74.5100,1684400,54.8514
2017-12-20,74.5000,74.8600,74.3000,74.5000,3630900,54.8441
2017-12-21,74.0700,74.3200,73.6200,73.7400,4431100,54.2846
2017-12-22,73.9000,74.2400,73.6200,73.6500,1801500,54.2183
2017-12-26,73.7500,73.8800,72.9400,72.9900,1077800,53.7324
2017-12-27,73.2100,73.4900,72.9700,73.2400,2156400,53.9165
2017-12-28,73.4300,73.6800,73.0700,73.6500,1615000,54.2183
2017-12-29,73.8700,74.0000,73.4200,73.5700,1415900,54.1594
2018-01-02,73.1800,73.4200,72.3000,72.4100,3016800,53.3055
2018-01-03,72.2100,72.8200,71.6100,71.8000,2235700,52.8564
2018-01-04,71.6800,71.9800,70.9200,70.9500,3392100,52.2307
2018-01-05,71.1200,71.3100,70.3100,70.8000,2967900,52.1203
2018-01-08,70.8300,71.5300,70.8000,71.4200,5715500,52.5767
2018-01-09,71.3000,71.4000,70.2600,70.5800,4323700,51.9583
2018-01-10,70.3100,70.3600,69.4000,69.5000,3978400,51.1632
2018-01-11,69.5900,69.8200,68.3800,68.7300,2794200,50.5964
2018-01-12,68.4700,68.5000,67.2300,67.4600,6646900,49.6615
2018-01-16,67.7500,67.9300,67.1100,67.5000,3999900,49.6909
2018-01-17,68.1800,68.5500,67.7400,68.2500,2934700,50.2430
2018-01-18,68.5800,68.5900,67.5600,67.8000,2704800,49.9118
2018-01-19,68.0900,68.2200,67.5600,67.7600,3221600,49.8823
2018-01-22,68.3700,68.7800,68.0400,68.1300,4622500,50.1547
2018-01-23,68.3500,69.4600,68.1300,68.7700,3888500,50.6258
2018-01-24,68.7600,68.8800,68.3900,68.4800,3519600,50.4124
2018-01-25,68.4700,69.8000,68.3300,69.7000,3721100,51.3105
2018-01-26,69.5800,69.7300,68.3200,68.7500,4900600,50.6111
2018-01-29,68.5200,68.6200,67.6700,67.9000,5796100,49.9854
2018-01-30,67.9700,68.7200,67.9700,68.3500,4216000,50.3167
2018-01-31,68.4600,68.8500,67.8100,68.7800,3754400,50.6332
2018-02-01,68.7400,68.9800,67.6600,67.8400,2968600,49.9412
2018-02-02,67.7400,68.2300,67.5200,67.7500,2800200,49.8750
2018-02-05,67.8200,68.4200,66.3000,66.4800,4146500,48.9400
2018-02-06,65.4500,65.8700,63.9400,64.9100,7872400,47.7843
2018-02-07,64.9200,65.4400,64.3600,64.4500,5927700,47.4456
2018-02-08,63.5900,64.8300,63.3200,63.3800,4464700,47.1111
2018-02-09,63.5400,65.1900,63.3900,64.7200,4761500,48.1072
2018-02-12,64.6800,65.1600,64.2100,64.8000,3538200,48.1666
2018-02-13,64.8100,65.8200,64.1900,65.5800,3859200,48.7464
2018-02-14,65.1600,65.8000,64.5900,65.3000,5756000,48.5383
2018-02-15,65.4300,66.6800,65.3100,66.6800,3870400,49.5641
2018-02-16,66.6200,67.5200,66.5300,67.2600,3559500,49.9952
2018-02-20,67.0100,67.4100,65.9600,66.3700,2750100,49.3336
2018-02-21,66.5000,67.2100,65.5600,65.5800,3570400,48.7464
2018-02-22,65.7400,66.2100,65.4300,65.6800,2639100,48.8208
2018-02-23,65.7200,67.5000,65.6500,67.3700,2401000,50.0770
2018-02-26,67.6900,67.7600,66.8100,66.9700,2088200,49.7796
2018-02-27,67.0400,67.5000,65.8800,65.9500,3678000,49.0214
2018-02-28,66.2400,66.5600,65.5600,65.5800,2935300,48.7464
2018-03-01,65.6500,66.7300,65.2400,65.6200,3568000,48.7762
2018-03-02,65.7400,66.3500,64.6000,65.1800,4418700,48.4491
2018-03-05,65.0900,66.7200,64.8300,66.4900,2720200,49.4228
2018-03-06,66.3500,66.3900,65.1800,65.5000,3507700,48.6870
2018-03-07,65.3500,65.5200,64.6500,64.9200,3071000,48.2558
2018-03-08,65.0400,65.5800,65.0000,65.3000,2346300,48.5383
2018-03-09,65.3500,65.6800,65.0800,65.6500,3379800,48.7984
2018-03-12,65.7400,65.9900,65.5800,65.8700,3190400,48.9620
2018-03-13,66.0100,66.3500,65.5700,66.0400,3006400,49.0883
2018-03-14,66.2300,66.9300,66.1100,66.5900,3138900,49.4972
2018-03-15,66.5900,67.5800,66.5000,66.9900,4182500,49.7945
2018-03-16,67.0900,67.9200,67.0700,67.8100,6399400,50.4040
2018-03-19,67.6900,68.1600,67.1100,67.4500,2595600,50.1364
2018-03-20,67.2100,67.8600,67.1800,67.4500,2496400,50.1364
2018-03-21,67.4500,67.9300,66.7200,66.9100,2805300,49.7350
2018-03-22,67.0300,68.3400,66.8600,67.3600,3137500,50.0695
2018-03-23,67.4300,67.9700,66.2500,66.3900,3111800,49.3485
2018-03-26,66.8200,67.5100,66.5600,67.3100,2917800,50.0323
2018-03-27,67.3100,68.9800,67.0500,68.4300,3484400,50.8649
2018-03-28,68.6300,68.9200,68.0300,68.6600,3274700,51.0358
2018-03-29,68.7100,69.2400,68.5000,68.5900,2238900,50.9838
2018-04-02,68.7900,69.3000,67.7700,68.2800,2808500,50.7534
2018-04-03,68.2600,68.7900,67.9300,68.4500,2551500,50.8797
2018-04-04,68.4100,68.8100,67.8900,68.6700,2082700,51.0432
2018-04-05,68.5900,69.1900,67.6900,68.9400,2017900,51.2439
2018-04-06,68.9400,69.4200,68.4200,68.5300,2307500,50.9392
2018-04-09,68.4000,69.1400,68.2800,68.7100,1940900,51.0730
2018-04-10,68.6200,68.7500,67.6500,67.8700,2183500,50.4486
2018-04-11,67.8000,68.2000,67.5100,67.7900,1803200,50.3891
2018-04-12,67.8000,67.9100,66.4600,66.6400,2565000,49.5343
2018-04-13,66.9200,67.5900,66.6900,67.3400,1833700,50.0546
2018-04-16,67.4800,68.4000,67.4200,68.2700,1537300,50.7459
2018-04-17,68.2400,69.0400,68.0500,68.8600,1710900,51.1845
2018-04-18,69.0000,69.6700,68.6800,68.7300,2040600,51.0879
2018-04-19,68.6300,68.8700,68.1000,68.5200,2464300,50.9318
2018-04-20,68.6900,68.8800,68.1500,68.4600,2634600,50.8871
2018-04-23,68.5700,68.9100,68.1900,68.4400,1875700,50.8723
2018-04-24,68.5100,69.3500,68.3500,68.8800,2022300,51.1993
2018-04-25,68.7100,69.3300,68.5100,69.0900,3067800,51.3554
2018-04-26,69.1600,69.9200,68.8500,69.7700,2326200,51.8609
2018-04-27,69.5000,70.9800,69.5000,70.5500,3010000,52.4407
2018-04-30,70.8100,70.8100,69.9500,69.9800,3056200,52.0170
2018-05-01,69.9700,69.9900,69.3100,69.4400,3028000,51.6156
2018-05-02,69.3000,69.6400,68.8400,69.1900,2669300,51.4298
2018-05-03,69.0800,69.7200,68.5200,69.2400,2346400,51.4669
2018-05-04,69.2400,69.8000,69.1700,69.3900,2238500,51.5784
2018-05-07,69.3400,69.4500,68.6400,68.7800,1961200,51.1250
2018-05-08,68.5500,68.7400,67.0900,67.2500,4789700,49.9877
2018-05-09,66.7500,66.9900,66.0300,66.2700,3535000,49.7177
2018-05-10,66.4700,67.0400,66.3300,67.0200,1909800,50.2803
2018-05-11,67.1500,67.3500,66.8700,67.1600,1541600,50.3854
2018-05-14,67.3200,67.4000,66.7400,67.1100,2843900,50.3479
2018-05-15,66.6500,67.0900,66.4100,66.8100,4596100,50.1228
2018-05-16,66.8800,66.8800,65.8900,66.1500,3652800,49.6276
2018-05-17,66.1700,66.4300,65.0000,65.2200,3186800,48.9299
2018-05-18,65.3800,65.5500,64.4600,64.9300,3145600,48.7124
2018-05-21,65.0000,65.2400,64.5800,65.0900,2765000,48.8324
2018-05-22,65.1200,65.6600,65.0200,65.4400,2319500,49.0950
2018-05-23,65.6100,66.5000,65.4200,66.4700,2820000,49.8677
2018-05-24,66.2000,66.9300,66.2000,66.8400,2442700,50.1453
2018-05-25,66.8400,67.4000,66.7400,67.2200,2039200,50.4304
2018-05-29,67.1500,67.9000,66.9000,67.6200,2758300,50.7305
2018-05-30,67.2100,68.2100,67.1000,68.0000,2947300,51.0156
2018-05-31,67.9200,68.4300,67.4900,67.9500,4301700,50.9781
2018-06-01,67.6900,67.8000,66.4300,66.6800,2789700,50.0253
2018-06-04,66.9900,67.1200,65.9500,66.0500,2205600,49.5526
2018-06-05,65.7900,66.0500,65.1100,65.2900,3221900,48.9824
2018-06-06,65.2900,65.4300,63.6700,63.8100,3976800,47.8721
2018-06-07,63.7500,64.7600,63.7500,64.1500,3025200,48.1272
2018-06-08,64.1600,64.4000,63.8300,64.1100,2090800,48.0972
2018-06-11,64.2900,64.3000,62.7100,62.9300,4329700,47.2119
2018-06-12,62.7500,63.8200,62.7500,63.5700,4908300,47.6921
2018-06-13,63.7000,63.9700,63.0400,63.4600,3539400,47.6095
2018-06-14,63.7600,64.8100,63.5300,64.6200,3694400,48.4798
2018-06-15,64.4800,65.1300,64.1900,65.0500,5315100,48.8024
2018-06-18,65.0200,65.5500,64.9400,65.4600,3214100,49.1100
2018-06-19,65.5500,66.8900,65.5500,66.8700,5873000,50.1678
2018-06-20,66.8600,66.9700,66.4500,66.9000,3062400,50.1903
2018-06-21,66.8600,67.6400,66.7400,67.4700,3129600,50.6179
2018-06-22,67.5000,67.8200,67.3200,67.3500,3148800,50.5279
2018-06-25,67.5700,69.0800,67.5700,69.0300,3942100,51.7883
2018-06-26,69.0000,69.7300,68.8000,69.3000,3363000,51.9909
2018-06-27,69.2500,69.9600,68.8400,69.8500,4191600,52.4035
2018-06-28,69.9200,70.3000,69.2100,69.3400,2174800,52.0209
2018-06-29,69.1000,69.5700,68.5000,69.2500,2941900,51.9534
2018-07-02,69.4200,70.1000,69.1200,70.0500,2211700,52.5535
2018-07-03,69.9800,70.9500,69.6800,70.5000,2132100,52.8912
2018-07-05,70.3700,71.1600,69.9600,71.1300,4157000,53.3638
2018-07-06,71.0400,71.7300,70.8000,71.5600,2315100,53.6864
2018-07-09,71.4200,71.4500,68.5000,68.8700,4302600,51.6683
2018-07-10,68.6400,70.2200,68.2400,69.7800,3829500,52.3510
2018-07-11,70.0700,70.9200,70.0000,70.7500,2815400,53.0787
2018-07-12,70.8800,70.9700,70.0700,70.3800,4186400,52.8011
2018-07-13,70.5100,70.7600,69.8900,70.3500,2432200,52.7786
2018-07-16,70.5400,70.5800,69.8800,70.4200,2367000,52.8311
2018-07-17,70.7300,70.7500,70.3000,70.4400,2411700,52.8461
2018-07-18,70.4600,70.6400,69.9100,70.2400,2561000,52.6961
2018-07-19,70.4600,71.1700,70.3800,70.6400,2055100,52.9962
2018-07-20,70.6400,70.8900,69.7100,70.4100,2440900,52.8236
2018-07-23,70.3400,70.4600,69.2300,69.4400,2754800,52.0959
2018-07-24,69.1400,69.2400,68.1300,69.0600,4202000,51.8108
2018-07-25,68.7500,69.8500,68.5000,69.3800,2581500,52.0509
2018-07-26,69.7800,71.0500,69.4700,71.0400,4758200,53.2963
2018-07-27,71.0600,71.8900,70.7900,71.1400,3276100,53.3713
2018-07-30,70.8700,70.8700,70.1000,70.4000,2004700,52.8161
2018-07-31,70.7700,71.2100,70.3800,71.1400,3219000,53.3713
2018-08-01,70.6300,70.6300,69.6300,70.3000,2172700,52.7411
2018-08-02,70.0700,70.6900,69.3200,70.4900,2404500,52.8836
2018-08-03,70.5500,71.4900,70.0200,71.1800,1563900,53.4013
2018-08-06,71.1700,71.7000,71.1200,71.2700,1622200,53.4688
2018-08-07,71.3000,71.3500,70.3500,71.2400,1781600,53.4463
2018-08-08,70.9300,71.1800,70.6100,70.9300,2040000,53.2137
2018-08-09,70.5000,71.0100,70.2600,70.9800,2057600,53.7208
2018-08-10,71.1800,71.7900,70.8100,70.8500,1796200,53.6224
2018-08-13,70.7900,71.0600,70.5500,70.9400,2018800,53.6905
2018-08-14,70.8800,71.3100,70.8600,71.0200,1174500,53.7511
2018-08-15,71.1400,72.3600,71.0700,71.7700,2352900,54.3187
2018-08-16,71.7700,72.4200,71.5100,72.3400,1803100,54.7501
2018-08-17,72.3400,72.9100,72.1400,72.5000,2134300,54.8712
2018-08-20,72.5300,72.6400,71.8900,72.1800,2279900,54.6290
2018-08-21,71.8300,72.0300,71.0700,71.6500,3703300,54.2279
2018-08-22,71.8000,71.8200,70.5100,70.7400,2680400,53.5392
2018-08-23,70.7000,71.7900,70.6500,71.3600,2421600,54.0084
2018-08-24,71.2800,71.6100,70.7900,71.5500,1626000,54.1522
2018-08-27,71.5000,71.7200,70.8700,71.1600,2205900,53.8571
2018-08-28,71.0800,71.3800,70.9100,71.1100,2020700,53.8192
2018-08-29,71.2700,71.7600,71.1900,71.7000,1702100,54.2658
2018-08-30,71.7800,72.2800,71.5200,71.8100,1765500,54.3490
2018-08-31,71.9200,72.2900,71.5700,71.7300,3109600,54.2885
2018-09-04,72.0300,72.5200,71.8700,72.2600,2150300,54.6896
2018-09-05,72.3300,73.3000,72.1800,73.2400,2121700,55.4313
2018-09-06,73.4900,73.6500,73.0700,73.3300,2113200,55.4994
2018-09-07,72.7200,73.2900,72.3900,72.6800,3034100,55.0074
2018-09-10,73.2100,73.6300,73.0400,73.4000,2481500,55.5524
2018-09-11,73.4100,73.7400,72.9300,72.9800,2095300,55.2345
2018-09-12,72.7300,73.1900,72.3200,72.5100,2167900,54.8788
2018-09-13,72.4900,72.9800,72.1500,72.9700,2201900,55.2269
2018-09-14,72.7700,72.7700,71.8700,72.6000,1866000,54.9469
2018-09-17,72.7700,72.8700,72.3600,72.8000,1706500,55.0983
2018-09-18,72.6200,72.8500,72.0700,72.4300,2099800,54.8182
2018-09-19,72.5700,72.6700,70.6900,70.9800,1976100,53.7208
2018-09-20,70.8000,71.1200,70.1200,71.0800,2111000,53.7965
2018-09-21,71.0600,71.7100,70.7100,71.4000,4336800,54.0387
2018-09-24,71.1600,71.4400,70.6100,70.6400,1838000,53.4635
2018-09-25,70.6000,70.6100,69.3900,69.8100,2529800,52.8353
2018-09-26,69.9900,70.0700,68.9200,68.9700,1975900,52.1996
2018-09-27,68.9400,69.9900,68.9300,69.7600,2318800,52.7975
2018-09-28,69.9600,70.9500,69.8500,70.8800,2740200,53.6451
2018-10-01,70.7700,71.0100,70.3100,70.9000,1806600,53.6603
2018-10-02,71.0900,71.8500,71.0900,71.3500,2966700,54.0009
2018-10-03,71.2700,71.7200,69.5700,70.2200,2514800,53.1456
2018-10-04,70.0400,70.7700,69.3100,70.5600,2174500,53.4030
2018-10-05,70.5600,72.1100,70.5600,71.8700,3535300,54.3944
2018-10-08,72.0800,73.1900,71.8800,72.8500,3168900,55.1361
2018-10-09,72.9300,73.4800,72.4800,73.0500,3228400,55.2875
2018-10-10,72.9400,73.8900,72.6400,72.7000,3005400,55.0226
2018-10-11,72.8900,73.0700,70.9100,71.2200,4735800,53.9025
2018-10-12,71.1300,71.3200,70.3100,70.9000,2864300,53.6603
2018-10-15,70.8200,71.6000,70.7000,71.0200,2101800,53.7511
2018-10-16,71.0000,72.1800,70.5900,71.7000,2692600,54.2658
2018-10-17,71.5400,71.9800,71.1800,71.7200,2607900,54.2809
2018-10-18,71.7500,72.0900,71.2500,71.6800,2053300,54.2506
2018-10-19,71.7400,73.4000,71.6200,73.2600,2638900,55.4464
2018-10-22,73.3100,73.5000,72.8600,73.1500,2471300,55.3632
2018-10-23,73.4800,74.1100,72.6500,73.4400,4869800,55.5827
2018-10-24,73.8100,76.0500,73.5200,75.5600,5070900,57.1872
2018-10-25,75.0000,75.5000,73.0000,73.5400,5291300,55.6583
2018-10-26,74.4600,74.5800,72.0900,72.7400,4161500,55.0529
2018-10-29,72.8000,74.3700,72.7600,74.0400,3024100,56.0368
2018-10-30,74.3700,74.8800,73.5300,74.2900,3254800,56.2260
2018-10-31,73.9800,74.1300,72.8800,73.3600,2713200,55.5221
2018-11-01,73.4500,73.5400,72.6800,72.9700,2902400,55.2269
2018-11-02,73.2600,73.5300,72.0700,72.6900,3054500,55.0150
2018-11-05,72.9200,73.8800,72.7300,73.5000,2188400,55.6281
2018-11-06,73.6000,74.5200,73.4200,74.4500,2662600,56.3471
2018-11-07,74.7800,75.2200,74.0500,75.1300,2781600,56.8617
2018-11-08,74.5300,74.6800,73.8200,74.1700,3465900,56.6403
2018-11-09,74.2100,75.4900,74.1600,75.3200,2419500,57.5185
2018-11-12,75.0800,76.9600,74.9300,76.2000,2245500,58.1905
2018-11-13,76.2900,76.6900,75.5600,76.4300,2860100,58.3661
2018-11-14,76.1200,76.7700,75.9600,76.1300,3578400,58.1370
2018-11-15,75.7400,76.8200,75.1000,76.7900,3031100,58.6411
2018-11-16,77.4800,77.7900,76.6900,77.0200,3309100,58.8167
2018-11-19,76.9200,77.6600,76.7600,77.4300,2681100,59.1298
2018-11-20,77.6400,78.4700,77.0400,77.8200,2694200,59.4276
2018-11-21,77.3900,77.6700,75.4500,75.6500,3341300,57.7705
2018-11-23,75.8000,76.0400,75.3600,75.8600,915200,57.9308
2018-11-26,75.6600,76.1700,75.3000,75.9600,1586800,58.0072
2018-11-27,76.0500,76.6800,75.4700,76.5800,1789800,58.4807
2018-11-28,76.6100,76.7300,76.1000,76.2200,2142200,58.2058
2018-11-29,76.2200,76.3700,75.0200,76.3500,2298800,58.3050
2018-11-30,76.5100,77.8000,76.2400,77.7400,2814600,59.3665
2018-12-03,77.2000,78.3500,76.5800,78.3100,2504200,59.8018
2018-12-04,78.6600,79.3100,78.1800,78.4200,3457900,59.8858
2018-12-06,79.0400,79.2500,77.1200,78.7600,3118900,60.1454
2018-12-07,78.7800,79.7700,77.9900,79.3200,2495200,60.5731
2018-12-10,79.4100,79.6100,78.1100,79.3600,2020800,60.6036
2018-12-11,79.3600,80.1500,78.8400,79.7600,2037900,60.9091
2018-12-12,80.1400,80.4900,79.4400,79.5200,3317700,60.7258
2018-12-13,79.5600,80.6700,79.5400,80.3600,1832400,61.3673
2018-12-14,80.5700,81.0500,79.4500,80.0100,2828100,61.1000
2018-12-17,80.2100,80.4300,76.9700,77.3300,3581300,59.0534
2018-12-18,77.6600,78.3700,76.8900,77.2600,2818800,58.9999
2018-12-19,77.4300,77.7900,76.4700,76.8600,2473100,58.6945
2018-12-20,77.0800,78.4700,76.2200,77.6200,3489900,59.2749
2018-12-21,77.6000,79.2500,76.4100,76.4300,6388600,58.3661
2018-12-24,76.6800,77.2200,73.1100,73.5500,1762300,56.1668
2018-12-26,73.6500,74.3700,72.5300,74.3600,2461200,56.7854
2018-12-27,74.2200,75.0400,73.0400,75.0400,2161200,57.3046
2018-12-28,75.0400,75.7200,74.4600,74.7300,2027000,57.0679
2018-12-31,74.7800,75.0900,73.9100,74.7400,2203300,57.0756
2019-01-02,74.6100,74.6100,72.4700,72.9400,2679600,55.7010
2019-01-03,72.9400,73.6600,72.3000,72.7700,3063500,55.5711
2019-01-04,72.3200,73.4400,72.2600,73.4400,2857500,56.0828
2019-01-07,72.9400,73.2100,72.4400,73.0300,3218400,55.7697
2019-01-08,72.9200,74.0500,72.6900,73.9300,3605700,56.4570
2019-01-09,73.7400,74.2500,73.0800,73.3700,3100400,56.0293
2019-01-10,73.5400,74.8000,73.2900,74.7200,2285100,57.0603
2019-01-11,74.7600,74.7600,73.8200,74.4400,2244000,56.8465
2019-01-14,74.0300,74.0300,72.9500,73.7900,2764600,56.3501
2019-01-15,73.8100,75.4600,73.7200,75.3800,2279500,57.5643
2019-01-16,74.9900,75.7600,74.5600,75.7200,2727800,57.8239
2019-01-17,75.7500,76.2100,75.6300,76.0000,1779100,58.0378
2019-01-18,76.3800,76.5000,75.6600,76.0900,2437900,58.1065
2019-01-22,76.2300,76.9300,75.5200,76.3800,2275300,58.3279
2019-01-23,76.2500,77.0900,76.1900,77.0100,2337800,58.8091
2019-01-24,77.1000,77.7700,76.5300,77.7500,2047300,59.3742
2019-01-25,77.3700,78.1000,76.5800,76.8000,2682000,58.6487
2019-01-28,76.7600,77.2100,76.3000,76.8500,2159200,58.6869
2019-01-29,77.1200,77.4100,76.5100,76.9700,2439300,58.7785
2019-01-30,76.6100,77.8700,76.6100,77.1600,2449200,58.9236
2019-01-31,77.2700,79.6100,76.7800,79.1200,5718900,60.4203
2019-02-01,79.1200,79.3200,78.1500,79.1100,2630700,60.4127
2019-02-04,78.6300,79.5200,78.1500,79.4700,2757600,60.6876
2019-02-05,79.3700,79.4700,78.7300,79.0100,2658000,60.3364
2019-02-06,78.8200,79.4700,78.5300,79.2100,1587700,60.4891
2019-02-07,78.5400,79.4600,78.2000,79.4500,1871900,61.1899
2019-02-08,79.1400,80.0900,79.0000,80.0200,1970300,61.6289
2019-02-11,79.8000,80.4700,79.8000,80.0900,3914300,61.6828
2019-02-12,80.2000,80.8500,79.5100,80.3000,2470300,61.8446
2019-02-13,80.0800,80.1700,79.1300,79.5500,2779400,61.2669
2019-02-14,79.7900,79.9400,79.2100,79.3500,2122400,61.1129
2019-02-15,79.6500,79.9600,79.0200,79.2700,2740400,61.0513
2019-02-19,79.4800,80.2200,79.1300,80.0800,2168300,61.6752
2019-02-20,79.8300,80.7500,79.6000,80.5200,2218100,62.0140
2019-02-21,80.2000,81.3200,80.0300,81.1500,1997300,62.4992
2019-02-22,81.2700,81.7600,80.8300,81.7200,1828700,62.9382
2019-02-25,81.5900,81.7200,80.3800,80.7800,3216800,62.2143
2019-02-26,80.9600,80.9600,79.9100,80.4200,2083700,61.9370
2019-02-27,80.1000,80.6900,79.9500,80.6300,1567000,62.0987
2019-02-28,80.7000,81.3500,80.3600,81.1500,2523400,62.4992
2019-03-01,81.1100,81.4700,80.6200,81.4000,2945100,62.6918
2019-03-04,81.7500,81.8100,80.6800,81.4200,3054500,62.7072
2019-03-05,81.3100,81.3900,80.6600,81.0300,2258900,62.4068
2019-03-06,81.1400,81.5500,80.8500,81.2600,1892400,62.5839
2019-03-07,81.6000,82.2000,81.2700,81.4500,2115400,62.7303
2019-03-08,81.6900,81.9900,80.9300,81.9500,1721100,63.1154
2019-03-11,82.1100,82.6000,81.9500,82.6000,3831400,63.6160
2019-03-12,82.9900,83.4200,82.5700,83.1100,2371600,64.0088
2019-03-13,83.0000,83.4000,82.9600,83.1800,1781300,64.0627
2019-03-14,83.1500,83.7300,82.6700,82.9800,2915400,63.9086
2019-03-15,83.2000,84.2700,83.0100,83.8100,9901400,64.5479
2019-03-18,83.8000,83.8600,83.0500,83.4800,3371900,64.2937
2019-03-19,83.3400,83.4400,82.0800,82.5600,3855800,63.5852
2019-03-20,82.9300,83.5800,82.4200,82.8700,3322800,63.8239
2019-03-21,82.8900,84.3400,82.7400,84.0900,3243400,64.7635
2019-03-22,84.5800,85.7100,84.3400,85.1400,3595300,65.5722
2019-03-25,85.2600,85.6400,84.9100,85.3200,2383800,65.7108
2019-03-26,85.3700,86.0000,85.1900,85.9800,2166400,66.2192
2019-03-27,86.0300,86.1000,84.8400,85.2300,3297400,65.6415
2019-03-28,85.2200,85.6100,83.7900,83.7900,4990000,64.5325
2019-03-29,83.6000,83.9000,83.2800,83.7500,4625700,64.5017
2019-04-01,83.9000,83.9600,82.3000,82.8200,4769700,63.7854
2019-04-02,83.2200,83.2800,82.3600,83.0800,3306400,63.9857
2019-04-03,83.0400,83.2600,82.2300,82.9100,2771300,63.8547
2019-04-04,83.2600,83.2600,82.1500,82.6200,2401200,63.6314
2019-04-05,82.8200,83.5900,82.4900,83.5700,2194600,64.3630
2019-04-08,83.3800,83.6100,82.6700,83.1500,3121000,64.0396
2019-04-09,83.0800,83.7700,82.9800,83.5700,1898500,64.3630
2019-04-10,83.9000,84.4900,83.1700,83.3500,1795000,64.1936
2019-04-11,83.4000,83.9900,83.2900,83.9400,2757100,64.6480
2019-04-12,83.5300,84.2300,83.0400,84.1500,2458800,64.8098
2019-04-15,84.1500,84.6100,83.9600,84.2600,2425500,64.8944
2019-04-16,84.0500,84.5300,82.7900,83.0500,2187000,63.9626
2019-04-17,83.1000,83.6300,82.7300,83.2000,2094100,64.0781
2019-04-18,83.0300,83.5700,82.8500,83.0100,2268200,63.9318
2019-04-22,82.9300,83.1300,82.5100,82.9300,2320100,63.8701
2019-04-23,83.0000,83.6900,82.6700,83.5700,2722700,64.3630
2019-04-24,83.6800,84.3500,83.4000,84.0200,2292200,64.7096
2019-04-25,83.5200,85.1700,83.4600,84.8300,2249400,65.3334
2019-04-26,85.4700,85.7700,84.5600,84.7100,1761200,65.2410
2019-04-29,84.4400,84.6600,83.7800,84.0400,1474600,64.7250
2019-04-30,84.0600,85.5800,83.8700,85.5500,2545300,65.8880
2019-05-01,85.2100,85.6000,84.6500,84.9500,2282600,65.4259
2019-05-02,84.8300,85.2200,84.0400,84.7000,1789600,65.2333
2019-05-03,84.8600,85.5100,84.6300,85.4300,1323200,65.7955
2019-05-06,85.5400,85.6700,84.6000,84.8300,1993800,65.3334
2019-05-07,84.9700,85.0100,84.4200,84.6300,1808700,65.1794
2019-05-08,84.4200,84.4900,83.5300,83.7300,3040300,64.4863
2019-05-09,83.1400,83.4800,82.5600,82.8700,2452100,64.3388
2019-05-10,82.9900,84.8200,82.6700,84.6600,2584500,65.7285
2019-05-13,84.6600,86.5400,84.3000,86.3400,3566700,67.0328
2019-05-14,86.3000,86.4700,85.3700,85.5600,2403100,66.4272
2019-05-15,85.7700,85.9800,84.9800,85.0500,2169900,66.0313
2019-05-16,84.9900,85.8600,84.7600,85.4000,1866600,66.3030
2019-05-17,84.9300,86.3700,84.9300,85.8500,2212300,66.6524
2019-05-20,86.1900,86.7700,85.8800,86.6000,2142000,67.2347
2019-05-21,86.3200,87.1400,86.3200,86.6100,1768400,67.2424
2019-05-22,86.7700,87.3700,86.4700,87.2900,1916600,67.7703
2019-05-23,87.5800,88.2600,87.3100,88.1800,2037100,68.4613
2019-05-24,88.1500,89.0100,87.9200,88.2900,1485000,68.5467
2019-05-28,88.3900,88.5100,86.6100,86.6700,2650300,67.2890
2019-05-29,87.0600,87.2100,85.3500,85.6900,2137400,66.5281
2019-05-30,85.7100,86.1100,85.1000,85.3000,2341200,66.2254
2019-05-31,85.5700,86.3800,85.3700,86.1200,2250000,66.8620
2019-06-03,86.3500,87.4200,85.9300,87.3700,2216100,67.8325
2019-06-04,87.1400,87.2600,85.2600,87.0500,1904600,67.5840
2019-06-05,87.4100,89.7900,87.2400,89.3700,2155500,69.3852
2019-06-06,89.5000,90.2500,89.3000,90.0000,1739600,69.8743
2019-06-07,90.5400,91.0700,89.5100,89.5400,2274900,69.5172
2019-06-10,89.3000,89.3200,88.6200,89.0200,1956700,69.1135
2019-06-11,88.9700,89.1100,87.8800,88.3200,1988400,68.5700
2019-06-12,88.8900,89.7400,88.8600,89.3900,1910900,69.4008
2019-06-13,89.5400,89.8600,88.9100,89.5900,1794800,69.5561
2019-06-14,89.8200,90.8800,89.6700,90.5800,1783800,70.3247
2019-06-17,90.7100,90.9300,89.4000,90.0800,1835200,69.9365
2019-06-18,90.6700,90.7900,89.1700,89.7800,2230100,69.7035
2019-06-19,89.5200,91.1900,89.5200,90.8600,2394000,70.5421
2019-06-20,91.2600,91.7000,90.2600,90.8700,2206800,70.5498
2019-06-21,91.2500,91.6600,90.2800,91.5500,3885800,71.0777
2019-06-24,91.5600,91.9900,90.7400,90.9000,2709600,70.5731
2019-06-25,90.9500,91.1900,90.1200,90.3700,2446200,70.1616
2019-06-26,90.0700,90.3100,88.4000,88.5000,2895100,68.7098
2019-06-27,88.5100,88.8600,87.6400,87.9000,3105800,68.2440
2019-06-28,87.7500,88.9300,87.7200,88.0100,3815700,68.3294
2019-07-01,87.9900,88.2300,87.0800,88.1300,2034200,68.4225
2019-07-02,88.3400,89.6300,88.2700,89.1900,2083200,69.2455
2019-07-03,89.6600,90.6900,89.5900,90.1400,1843300,69.9830
2019-07-05,89.5600,90.1000,88.3800,89.8400,1758500,69.7501
2019-07-08,90.0900,90.2800,89.5200,89.9300,1233500,69.8200
2019-07-09,90.0700,90.4600,89.6900,90.3600,1532900,70.1539
2019-07-10,90.5300,91.3400,90.2200,90.8100,1342000,70.5032
2019-07-11,90.5300,91.4200,90.1900,90.9300,1813700,70.5964
2019-07-12,90.9000,91.1400,89.8000,90.2500,1368200,70.0685
2019-07-15,90.6400,91.3400,90.1400,91.1900,1901900,70.7982
2019-07-16,90.7700,91.1700,89.9600,90.5100,1563200,70.2703
2019-07-17,90.7900,91.8200,90.6000,91.0200,1788800,70.6663
2019-07-18,90.9000,91.8200,90.2700,91.7600,1338300,71.2408
2019-07-19,91.5800,91.8200,90.2400,90.2800,1693300,70.0917
2019-07-22,90.4800,90.5700,89.3900,90.1200,1390800,69.9675
2019-07-23,90.0500,90.2000,89.1100,89.5100,1732300,69.4939
2019-07-24,89.8500,89.8700,88.6300,89.6100,2008400,69.5716
2019-07-25,89.2800,89.8700,88.4800,89.0800,2252600,69.1601
2019-07-26,88.7400,89.4600,88.6400,88.9500,2176500,69.0592
2019-07-29,89.2800,89.8300,88.8400,89.7400,1736300,69.6725
2019-07-30,89.6200,89.8800,88.2700,88.7200,1691100,68.8806
2019-07-31,88.5900,89.1700,87.4400,87.8100,2942800,68.1741
2019-08-01,87.6500,89.3400,87.0400,88.8100,3433000,68.9504
2019-08-02,89.3500,89.7700,88.5900,88.7000,1984300,68.8651
2019-08-05,88.9500,89.4800,87.3800,88.0200,2944400,68.3371
2019-08-06,88.0000,89.5100,87.2400,89.1400,2725600,69.2067
2019-08-07,89.3900,90.3200,88.0800,89.7400,1945400,69.6725
2019-08-08,88.8200,89.7900,88.1000,89.5100,3090500,70.0167
2019-08-09,89.7700,90.3900,89.5400,89.9700,1597500,70.3765
2019-08-12,90.1300,90.6600,89.8500,90.4300,1497100,70.7363
2019-08-13,90.3800,90.6800,89.4300,90.2500,1810400,70.5955
2019-08-14,90.0800,90.5700,88.0900,88.4800,4572300,69.2110
2019-08-15,88.3800,90.6200,88.2000,90.3600,2874200,70.6816
2019-08-16,90.4700,90.7900,90.0200,90.2300,2131000,70.5799
2019-08-19,90.2500,91.2200,90.0000,90.5500,1734100,70.8302
2019-08-20,91.0000,91.0500,90.0800,90.7700,1450400,71.0023
2019-08-21,90.5100,91.3600,90.4100,91.3500,1332100,71.4560
2019-08-22,91.2800,91.4600,90.6100,90.9700,1625600,71.1587
2019-08-23,91.2100,91.4300,89.0500,89.5800,2253100,70.0714
2019-08-26,89.7000,90.8500,89.5100,90.8300,1625500,71.0492
2019-08-27,91.1500,91.4000,90.6100,90.6700,1339000,70.9240
2019-08-28,90.9400,90.9400,89.5100,89.6300,4525300,70.1105
2019-08-29,90.0600,90.7500,89.6600,90.7200,1856900,70.9632
2019-08-30,91.0000,91.5000,90.3100,91.1500,2584700,71.2995
2019-09-03,91.2200,92.8700,90.9800,92.7800,2043800,72.5745
2019-09-04,93.0000,93.2300,92.3100,93.0500,1782700,72.7857
2019-09-05,92.4100,92.6700,91.3000,91.5300,2318800,71.5968
2019-09-06,91.5600,91.9700,90.7400,91.0900,1447900,71.2526
2019-09-09,90.8300,91.7500,90.3400,91.3800,3278500,71.4794
2019-09-10,91.0500,91.3100,90.0800,91.0900,3370100,71.2526
2019-09-11,90.7300,92.0800,90.2800,91.6900,2003500,71.7219
2019-09-12,92.4200,92.7100,91.6800,92.0200,1755700,71.9801
2019-09-13,91.6000,92.0500,91.1900,91.5400,2014200,71.6046
2019-09-16,91.8600,92.1600,90.9400,91.7100,2219300,71.7376
2019-09-17,91.7700,92.7900,91.7000,92.7300,2788100,72.5354
2019-09-18,93.1500,93.1600,92.2400,93.0200,2969500,72.7623
2019-09-19,93.2400,93.3800,93.0300,93.1800,1200200,72.8874
2019-09-20,93.3300,93.5600,92.8400,93.1800,3147400,72.8874
2019-09-23,92.9500,93.8400,92.9500,93.4000,1610400,73.0595
2019-09-24,93.7500,94.8900,93.5000,94.5900,2195900,73.9904
2019-09-25,94.6000,94.8000,93.8800,94.2300,2354300,73.7088
2019-09-26,93.9000,94.5300,93.7400,94.2900,3104900,73.7557
2019-09-27,94.7600,94.8800,93.6900,94.2000,2178500,73.6853
2019-09-30,93.8500,94.6700,93.5400,93.6900,2048200,73.2864
2019-10-01,93.3400,93.5700,92.9000,93.2200,2926400,72.9187
2019-10-02,93.2700,93.3000,91.6800,92.1300,2495300,72.0661
2019-10-03,92.2500,92.5800,91.8900,92.5000,2473700,72.3555
2019-10-04,92.7500,93.8300,92.3500,93.6100,2873000,73.2238
2019-10-07,93.4200,94.0700,92.9700,93.7100,2234200,73.3020
2019-10-08,93.8600,93.9500,92.5600,92.5600,2013400,72.4025
2019-10-09,92.7800,93.2300,92.4800,92.8800,1752600,72.6528
2019-10-10,92.4800,93.0800,92.1100,92.6100,1739900,72.4416
2019-10-11,92.5200,92.9300,92.0500,92.3400,1818000,72.2304
2019-10-14,92.7100,92.8500,91.8200,92.0300,1504300,71.9879
2019-10-15,92.3600,92.6100,91.6700,91.7400,1546400,71.7611
2019-10-16,91.7400,92.6700,91.3500,92.6000,2180100,72.4337
2019-10-17,92.5000,93.3500,92.4100,93.0000,1904800,72.7466
2019-10-18,92.8000,94.2800,92.6700,94.1400,2482100,73.6384
2019-10-21,94.0400,94.5400,93.4900,94.4800,2123200,73.9043
2019-10-22,94.7000,94.7000,93.8900,94.1500,2255400,73.6462
2019-10-23,94.3900,95.1000,94.2200,94.4400,2369600,73.8730
2019-10-24,94.7700,96.2200,94.7700,95.7200,2809200,74.8743
2019-10-25,95.6900,95.7600,94.0200,94.3500,2454300,73.8026
2019-10-28,93.7000,94.0900,92.8800,93.3700,2566400,73.0361
2019-10-29,93.1500,93.4200,92.8600,93.1700,2068800,72.8796
2019-10-30,93.3700,94.5600,93.3700,94.1000,1381300,73.6071
2019-10-31,94.3800,94.6500,93.6500,94.3900,2309000,73.8339
2019-11-01,94.7200,94.9800,93.4700,93.5600,1923900,73.1847
2019-11-04,93.5800,93.7300,92.2900,92.8000,2983300,72.5902
2019-11-05,92.3100,92.5500,91.0200,91.4000,2196600,71.4951
2019-11-06,91.7300,92.2300,91.3700,91.9800,2394300,71.9488
2019-11-07,90.6500,90.8300,88.6600,89.3400,4086700,70.4196
2019-11-08,88.8200,89.4300,88.3300,89.0700,3016100,70.2068
2019-11-11,89.2500,89.4300,88.6600,88.7700,2113400,69.9703
2019-11-12,88.7600,88.9600,88.1700,88.5000,1966600,69.7575
2019-11-13,88.8700,90.1200,88.6300,89.8600,4140200,70.8295
2019-11-14,90.0800,90.5700,89.4500,89.6000,2668200,70.6246
2019-11-15,89.5300,89.7900,88.7700,89.5600,3601300,70.5930
2019-11-18,89.9800,90.9900,89.6500,90.1500,2789900,71.0581
2019-11-19,89.8600,91.2800,89.5800,90.6700,3787700,71.4679
2019-11-20,90.8200,91.6400,90.5700,91.4600,2136400,72.0906
2019-11-21,91.4000,91.5500,90.4900,91.0700,1859500,71.7832
2019-11-22,91.1100,91.7800,90.3200,91.5400,2596600,72.1537
2019-11-25,91.5900,91.6900,90.6400,90.8900,2502800,71.6414
2019-11-26,90.9400,91.8100,90.8900,91.5000,2943100,72.1222
2019-11-27,91.5500,91.6600,90.9500,91.5900,1488900,72.1931
2019-11-29,91.7100,92.0900,91.2600,91.3500,754500,72.0039
2019-12-02,91.0300,91.1800,90.2100,90.2800,2341800,71.1605
2019-12-03,90.5400,91.2600,90.3400,90.8800,2096800,71.6335
2019-12-04,90.8500,92.1500,90.8500,92.0300,2792400,72.5399
2019-12-05,91.8500,92.5500,91.6700,92.4600,1536500,72.8789
2019-12-06,92.2000,92.7900,91.9800,92.3900,1379300,72.8237
2019-12-09,92.2800,92.3400,91.7800,91.8600,1705700,72.4059
2019-12-10,91.8500,92.0300,91.4300,91.9400,1903400,72.4690
2019-12-11,92.2000,92.4600,91.7600,92.1500,2508700,72.6345
2019-12-12,92.0300,92.1800,90.8800,91.1400,2052700,71.8384
2019-12-13,91.1400,92.2100,90.3100,92.0500,2613700,72.5557
2019-12-16,92.0300,93.0400,91.7800,93.0300,2066400,73.3282
2019-12-17,93.2200,93.8200,93.0100,93.2200,3043400,73.4779
2019-12-18,93.4600,93.9500,93.0200,93.7500,3237300,73.8957
2019-12-19,93.5600,94.1000,93.3600,93.9700,2227500,74.0691
2019-12-20,95.1700,95.7700,94.0900,94.9000,4417100,74.8021
2019-12-23,95.0600,95.2400,93.5300,93.7500,1514800,73.8957
2019-12-24,93.8200,93.9800,93.3000,93.8400,440100,73.9666
2019-12-26,93.8500,94.1000,93.5400,93.8800,1154600,73.9981
2019-12-27,93.9400,94.3000,93.6900,94.1900,1014400,74.2425
2019-12-30,93.9600,94.1700,93.5800,94.0300,1544700,74.1164
2019-12-31,94.1700,94.5400,93.8900,94.5100,1366900,74.4947
2020-01-02,94.5000,94.5600,92.9800,93.4600,1779700,73.6671
2020-01-03,93.2800,94.0400,93.1000,93.3600,1939400,73.5883
2020-01-06,93.3500,93.9900,93.2700,93.6700,1253200,73.8326
2020-01-07,93.2800,93.8300,92.9400,93.6900,2608100,73.8484
2020-01-08,93.4100,94.0200,93.1800,93.4100,2245400,73.6277
2020-01-09,93.2700,94.1400,93.2600,93.8800,2141900,73.9981
2020-01-10,94.2000,94.6600,94.0200,94.3400,1452800,74.3607
2020-01-13,94.3900,95.1000,94.3900,94.6300,2383800,74.5893
2020-01-14,94.5500,94.9800,94.0500,94.9800,2717500,74.8652
2020-01-15,95.7000,96.6700,95.5200,96.6000,4114400,76.1421
2020-01-16,96.6900,97.5300,96.6400,97.3100,2175900,76.7017
2020-01-17,97.4200,98.6600,97.0600,98.5600,4554800,77.6870
2020-01-21,98.8100,99.8500,98.5100,99.3400,4731400,78.3018
2020-01-22,100.0000,100.4000,99.8000,100.0000,2985100,78.8221
2020-01-23,100.0300,101.0300,100.0100,100.9700,2402200,79.5866
2020-01-24,100.9700,102.3600,100.7900,102.1600,3189000,80.5246
2020-01-27,102.1300,102.7500,101.5900,101.7800,2294900,80.2251
2020-01-28,101.8300,102.5500,101.7100,102.1900,1572400,80.5482
2020-01-29,102.3400,103.1400,101.8600,102.8100,1643600,81.0369
2020-01-30,102.7300,104.1300,102.4100,104.1000,1952900,82.0538
2020-01-31,104.0000,104.4300,103.6100,104.2200,2457800,82.1483
2020-02-03,104.4700,104.7000,103.8600,104.2200,3671500,82.1483
2020-02-04,103.8200,104.9700,102.8500,102.8700,3203200,81.0842
2020-02-05,102.7300,103.1000,101.9700,102.1200,4064600,80.4931
2020-02-06,101.9800,102.7200,101.9800,102.2500,2752700,80.5956
2020-02-07,102.0400,102.1900,101.2400,101.3400,2260700,80.4288
2020-02-10,101.6700,101.9800,101.2100,101.9200,1541000,80.8892
2020-02-11,102.0000,102.4200,101.7600,102.2200,1498000,81.1273
2020-02-12,101.7800,102.3500,101.3500,101.7900,1503500,80.7860
2020-02-13,102.2000,103.1800,101.6600,102.8500,2555100,81.6273
2020-02-14,103.1500,103.8800,102.9200,103.7600,1377000,82.3495
2020-02-18,104.0800,104.6300,103.8400,104.3300,2121900,82.8019
2020-02-19,104.1500,104.3900,103.4400,103.5000,1910000,82.1432
2020-02-20,102.9500,103.9900,102.0400,102.3800,3344500,81.2543
2020-02-21,102.0500,103.1400,101.6100,101.7100,3361300,80.7225
2020-02-24,101.6300,102.3000,100.0300,100.0400,3279600,79.3971
2020-02-25,100.2300,100.6200,97.9400,98.1700,3356500,77.9130
2020-02-26,98.4000,99.0200,97.3900,97.4300,3258500,77.3257
2020-02-27,97.3100,97.5100,91.7900,91.8600,5865600,72.9050
2020-02-28,90.0300,90.0300,86.4200,89.2600,6763800,70.8415
2020-03-02,89.5500,95.3100,89.3400,95.0900,4936200,75.4685
2020-03-03,95.0000,97.8000,94.0500,95.4500,6823000,75.7542
2020-03-04,96.3700,100.6500,96.3700,99.8200,4027200,79.2225
2020-03-05,98.3700,100.1800,97.7200,98.7900,5285700,78.4051
2020-03-06,95.9000,97.7200,93.8500,97.7000,5815300,77.5400
2020-03-09,92.8100,99.3900,92.5200,94.9600,6660600,75.3653
2020-03-10,98.3200,98.3300,91.2300,94.7200,5729000,75.1749
2020-03-11,92.9100,92.9600,88.0400,89.7200,4213600,71.2066
2020-03-12,83.0000,85.9700,73.5300,82.5400,7534000,65.5082
2020-03-13,86.4300,87.1500,81.7100,86.4700,5127500,68.6272
2020-03-16,78.5700,86.1800,77.7600,81.6600,5564600,64.8098
2020-03-17,83.6400,95.7700,83.4900,91.2000,6641800,72.3812
2020-03-18,85.0200,92.8600,81.0100,88.2800,5517900,70.0637
2020-03-19,88.0000,88.0600,79.5700,80.8100,4741700,64.1352
2020-03-20,80.9500,81.1000,70.2600,71.4500,5611000,56.7066
2020-03-23,71.0200,71.8400,65.1400,70.0000,5499800,55.5558
2020-03-24,71.6600,73.7800,68.0900,72.0500,4937500,57.1828
2020-03-25,71.3800,76.3100,69.3500,73.2900,5448600,58.1669
2020-03-26,73.4800,82.8800,73.2500,81.8000,3903500,64.9209
2020-03-27,79.7900,86.5900,79.1300,83.4000,3255200,66.1907
2020-03-30,84.8700,86.4500,79.8300,83.7100,5390500,66.4368
2020-03-31,82.6800,83.4900,79.2400,79.9800,6247300,63.4764
2020-04-01,77.4500,78.9100,73.8200,74.5700,3570100,59.1828
2020-04-02,73.6300,77.5800,72.3900,76.7900,4959900,60.9447
2020-04-03,75.8300,76.7200,71.2000,72.5000,3963900,57.5399
2020-04-06,74.8700,79.7800,74.5900,78.5900,3610300,62.3733
2020-04-07,80.6800,81.1600,77.9400,78.7500,4037600,62.5003
2020-04-08,79.2600,83.8700,79.0000,83.3000,2912800,66.1114
2020-04-09,83.9900,88.2900,83.9900,86.3100,4003700,68.5003
2020-04-13,85.6400,86.6000,82.5600,83.5000,2076600,66.2701
2020-04-14,85.5300,86.3800,84.6500,86.2500,2187800,68.4526
2020-04-15,85.0800,85.5000,83.2900,83.6100,2558800,66.3574
2020-04-16,84.3000,84.7000,82.7800,84.0500,1802900,66.7066
2020-04-17,85.4500,86.9700,84.5800,86.3800,2323500,68.5558
2020-04-20,87.3200,87.3200,82.8300,82.9100,2331300,65.8018
2020-04-21,81.7700,82.8400,80.9100,82.4700,3013900,65.4526
2020-04-22,83.5500,85.6700,83.0700,85.0000,2512400,67.4606
2020-04-23,84.8200,85.1900,82.8600,83.0200,2426400,65.8891
2020-04-24,82.7700,83.6200,82.5900,83.2300,2828700,66.0558
2020-04-27,83.7800,84.3900,83.4700,83.6200,1956200,66.3653
2020-04-28,84.7200,86.5700,84.2000,84.6300,2129700,67.1669
2020-04-29,85.7500,85.8000,82.8700,83.1300,3387600,65.9764
2020-04-30,83.1000,83.5800,81.8700,83.1100,3253600,65.9605
2020-05-01,82.3900,82.6600,81.0500,81.3900,2742100,64.5955
2020-05-04,81.1900,83.2700,80.4600,83.0500,2419300,65.9129
2020-05-05,82.6400,84.6400,82.0100,83.3100,2982800,66.1193
2020-05-06,84.2600,84.3300,78.4500,78.8200,5099800,62.5558
2020-05-07,78.8200,80.6600,78.2700,78.6000,3833200,62.9402
2020-05-08,79.1600,80.4200,79.0000,79.8600,2409200,63.9491
2020-05-11,79.3500,79.9400,78.0100,79.1700,2496900,63.3966
2020-05-12,79.5000,79.7200,77.5100,77.9100,3699100,62.3876
2020-05-13,77.4900,77.8500,76.7100,77.7300,3673700,62.2435
2020-05-14,77.2900,78.7000,76.2300,78.1000,3766800,62.5398
2020-05-15,77.5000,78.4600,76.6600,78.4300,8018100,62.8040
2020-05-18,79.2800,80.7000,79.1900,79.8800,3470500,63.9651
2020-05-19,79.2900,79.3700,77.1300,77.1400,2781100,61.7710
2020-05-20,78.0800,78.5600,77.1800,77.7500,2160200,62.2595
2020-05-21,77.5900,77.8200,76.8900,77.3700,2108400,61.9552
2020-05-22,77.3900,78.8400,77.3500,78.7800,2186400,63.0843
2020-05-26,79.5000,80.7800,79.3100,79.9200,2952100,63.9972
2020-05-27,81.0400,81.4900,80.2700,81.4400,3547600,65.2143
2020-05-28,82.6200,85.6200,82.6200,85.1000,3752100,68.1451
2020-05-29,84.9900,85.8500,84.3100,85.2500,3445400,68.2653
2020-06-01,85.0800,86.4600,84.8600,86.1400,1711500,68.9779
2020-06-02,86.8100,86.8400,85.2600,85.9800,1672300,68.8498
2020-06-03,86.3100,87.9600,86.1200,86.9900,1868100,69.6586
2020-06-04,86.3900,86.5400,83.3800,84.4000,2252900,67.5846
2020-06-05,84.9900,87.1000,84.7200,85.5100,2670600,68.4734
2020-06-08,85.4300,88.1200,85.0200,87.9100,2179500,70.3953
2020-06-09,87.3100,87.3500,84.8200,85.9100,2041700,68.7937
2020-06-10,85.8300,86.9000,85.3000,85.3700,2059700,68.3613
2020-06-11,84.0800,84.3500,81.0000,81.7600,3910100,65.4706
2020-06-12,83.0000,83.0300,80.6200,81.8000,2389400,65.5026
2020-06-15,80.1600,82.1700,79.7000,81.7600,3115900,65.4706
2020-06-16,83.5200,84.0200,81.1900,81.6000,3505700,65.3424
2020-06-17,82.2500,82.7500,80.9100,82.2500,1888300,65.8629
2020-06-18,81.8600,82.3900,80.9800,81.7700,1896600,65.4786
2020-06-19,82.6200,82.6200,79.6600,79.7100,5708900,63.8290
2020-06-22,79.6000,81.1600,79.3200,80.6200,2741500,64.5577
2020-06-23,81.5000,81.9700,80.0600,80.9500,3444900,64.8220
2020-06-24,80.2300,80.9600,79.7700,80.7100,3337500,64.6298
2020-06-25,80.4100,80.6100,78.7600,79.3000,3559400,63.5007
2020-06-26,79.3100,80.2300,77.1500,78.0000,4365200,62.4597
2020-06-29,78.7200,79.5700,78.1900,79.5700,2377000,63.7169
2020-06-30,79.7000,80.7800,79.0500,79.6400,2586900,63.7729
2020-07-01,79.7600,82.5100,79.7100,82.0000,2378100,65.6628
2020-07-02,82.6700,83.2900,82.3000,82.5200,1645300,66.0791
2020-07-06,83.1100,83.7200,81.1200,82.1200,2250100,65.7589
2020-07-07,81.3000,82.5700,80.6400,82.3900,2944900,65.9750
2020-07-08,82.1800,82.9000,81.7100,82.4200,1809400,65.9991
2020-07-09,81.9200,82.4300,80.4800,82.0200,2034400,65.6788
2020-07-10,82.0500,84.4400,82.0500,84.1500,3023200,67.3844
2020-07-13,83.9000,85.0800,83.5300,84.7600,3378200,67.8729
2020-07-14,84.6000,86.0600,84.4400,85.3500,3150100,68.3453
2020-07-15,86.0300,87.0400,84.4200,84.6800,2914200,67.8088
2020-07-16,84.7900,85.5500,84.5500,85.0900,2510300,68.1371
2020-07-17,85.7900,87.7500,85.1900,87.5100,2812100,70.0750
2020-07-20,87.5400,88.3800,86.6100,86.7200,2159100,69.4423
2020-07-21,87.2800,88.5200,86.7200,87.5600,1908700,70.1150
2020-07-22,87.0400,89.3800,86.3800,89.2800,3059300,71.4923
2020-07-23,89.1400,89.4500,88.0500,88.7100,2707400,71.0359
2020-07-24,89.0700,89.9300,87.6500,88.0500,2085900,70.5074
2020-07-27,87.2300,87.4200,79.2300,83.2600,22455700,66.6717
2020-07-28,83.3800,85.2500,83.3800,84.7400,5519400,67.8568
2020-07-29,85.0000,85.2600,83.8400,84.8000,2950500,67.9049
2020-07-30,84.4800,86.0700,83.9200,86.0700,2684100,68.9219
2020-07-31,85.7400,86.9700,85.1600,86.8800,2797300,69.5705
2020-08-03,86.6200,86.6200,84.9500,85.7700,2088500,68.6816
2020-08-04,85.5300,86.7900,85.1800,85.5400,2162700,68.4975
2020-08-05,85.8400,86.1200,84.5000,84.8300,2233400,67.9289
2020-08-06,84.0100,85.6000,82.7700,85.3700,2313300,68.3613
2020-08-07,84.2500,87.1500,84.2500,86.6000,2230700,69.9196
2020-08-10,86.9400,86.9400,85.5000,85.9400,2774100,69.3867
2020-08-11,85.2000,85.2700,82.8700,83.2900,6387000,67.2471
2020-08-12,83.7500,85.1100,83.7300,84.1500,5597400,67.9415
2020-08-13,83.5700,84.0100,83.1100,83.6600,2059600,67.5459
2020-08-14,83.4400,83.7700,82.7900,82.9500,2874900,66.9726
2020-08-17,83.2700,83.3200,81.2100,81.2300,2988700,65.5839
2020-08-18,81.3600,81.6700,80.0600,81.5500,3340900,65.8423
2020-08-19,81.5900,81.6300,80.6700,80.9200,2021000,65.3336
2020-08-20,80.6900,81.0400,79.1700,79.4100,2412200,64.1145
2020-08-21,79.2000,79.6900,77.9900,79.0800,3090600,63.8481
2020-08-24,79.2500,80.9700,78.7300,80.7800,2519800,65.2206
2020-08-25,80.8500,80.8600,79.3900,79.7700,1685000,64.4051
2020-08-26,79.0600,79.4400,78.1700,78.6100,2532000,63.4686
2020-08-27,78.8000,79.3600,78.2000,78.3700,2159800,63.2748
2020-08-28,78.3800,78.4400,77.3200,78.3500,2894300,63.2587
2020-08-31,78.7500,80.2400,77.7800,78.8300,4966700,63.6462
2020-09-01,78.5900,78.6400,77.3000,77.8200,3172100,62.8307
2020-09-02,77.8100,80.5100,77.7100,80.3100,3201300,64.8411
2020-09-03,80.6600,81.2800,78.7300,79.5600,2230000,64.2356
2020-09-04,79.5500,79.8900,77.9100,79.0500,1710200,63.8238
2020-09-08,79.0800,79.3800,77.6700,78.9800,1821800,63.7673
2020-09-09,79.5000,81.1300,79.1900,79.9100,2124500,64.5182
2020-09-10,79.4000,79.5900,78.1400,78.5200,2424100,63.3959
2020-09-11,78.4800,79.1900,78.1200,79.1500,1824100,63.9046
2020-09-14,79.3200,81.0100,79.2100,80.3400,1979500,64.8654
2020-09-15,80.6100,81.3400,79.3900,80.0000,1667400,64.5909
2020-09-16,79.8400,80.9800,79.6100,80.4600,2111300,64.9623
2020-09-17,80.0100,80.0700,79.1100,80.0400,1562700,64.6231
2020-09-18,79.8900,79.9500,78.5100,78.7800,3160200,63.6058
2020-09-21,78.3400,79.5400,77.7900,79.3600,3135200,64.0741
2020-09-22,78.9700,80.6500,78.8400,79.8500,1773700,64.4697
2020-09-23,79.8400,80.1700,78.9400,79.1800,3406000,63.9288
2020-09-24,79.1300,80.5700,78.5800,80.4900,3551500,64.9865
2020-09-25,80.3100,80.8900,79.8100,80.6500,3252500,65.1156
2020-09-28,81.0600,81.5300,80.4600,80.6500,1707900,65.1156
2020-09-29,81.0100,81.5600,80.4800,80.9700,1688800,65.3740
2020-09-30,81.5400,82.1000,81.2400,81.7300,2594900,65.9876
2020-10-01,81.6900,83.0900,81.3000,83.0600,2365600,67.0614
2020-10-02,82.7300,85.6100,82.2200,85.3000,3883000,68.8700
2020-10-05,85.2500,87.3300,84.2500,87.0500,3397300,70.2829
2020-10-06,86.6200,89.6800,86.3600,88.4300,4369600,71.3971
2020-10-07,88.8000,89.6500,88.0900,88.6100,2257000,71.5424
2020-10-08,88.9300,89.8200,88.3700,89.3800,1626200,72.1641
2020-10-09,89.9500,89.9500,88.5600,89.8200,2734600,72.5194
2020-10-12,89.7000,91.2600,88.9100,90.4800,2301800,73.0522
2020-10-13,89.8900,89.9600,88.4400,89.2300,3103100,72.0430
2020-10-14,89.5300,90.0500,88.5900,89.3400,2283300,72.1318
2020-10-15,88.5600,90.6200,88.5600,89.5400,1674800,72.2933
2020-10-16,89.7600,91.6900,89.3600,91.5200,1966600,73.8919
2020-10-19,91.4300,91.8700,90.9400,91.2800,2229600,73.6982
2020-10-20,91.9000,91.9000,90.0200,90.6800,3647000,73.2137
2020-10-21,90.4100,91.3700,90.0800,90.4000,2604500,72.9876
2020-10-22,90.1700,92.7000,89.7900,92.2000,3507900,74.4410
2020-10-23,92.1500,92.3100,91.5200,91.8800,3525700,74.1826
2020-10-26,91.4600,94.2100,91.4600,93.5900,3753500,75.5632
2020-10-27,93.0800,93.8000,91.9600,92.5300,2485800,74.7074
2020-10-28,92.0700,93.4400,90.1800,90.3200,2916300,72.9231
2020-10-29,90.0600,91.4800,88.8400,90.5400,2215600,73.1007
2020-10-30,90.6000,91.1400,88.7500,89.9300,2415000,72.6082
2020-11-02,90.8300,91.2400,89.7700,91.2300,3171400,73.6578
2020-11-03,92.0900,92.0900,90.4500,90.8900,2886700,73.3833
2020-11-04,90.6500,92.1300,89.9900,90.1500,2401700,72.7858
2020-11-05,91.0800,92.8300,90.5800,90.7100,3012400,73.2379
2020-11-06,91.1100,91.9100,90.4700,90.9200,2145700,73.4075
2020-11-09,92.0000,94.2100,90.0300,90.2600,3674500,73.4726
2020-11-10,90.0400,91.7400,89.3900,90.7900,2587100,73.9040
2020-11-11,91.2800,92.7900,90.7300,91.1500,2094200,74.1971
2020-11-12,90.3900,90.8800,88.8400,89.6400,1687500,72.9679
2020-11-13,90.0200,90.4700,89.2000,89.8700,1936200,73.1552
2020-11-16,89.2700,89.8100,88.0100,89.2100,4201000,72.6179
2020-11-17,88.9000,89.1800,86.4900,86.7300,3052600,70.5991
2020-11-18,87.2700,87.2800,84.0500,84.1300,2861600,68.4827
2020-11-19,83.3300,83.6900,81.9800,82.4500,4399200,67.1152
2020-11-20,81.7900,82.7900,80.8100,82.4900,5841200,67.1478
2020-11-23,83.2200,83.8300,82.4000,83.4100,4275400,67.8967
2020-11-24,84.1000,84.9700,83.3300,84.8200,2864000,69.0444
2020-11-25,85.1100,85.5400,84.2800,85.3700,2276400,69.4921
2020-11-27,85.2700,85.4100,84.1300,84.9200,1154600,69.1258
2020-11-30,84.8200,85.2500,84.0100,84.8900,3484500,69.1014
2020-12-01,85.2300,86.2800,84.6100,85.2100,3362600,69.3619
2020-12-02,84.8600,85.9500,84.0800,85.8700,1858700,69.8991
2020-12-03,85.5900,85.6900,84.2200,84.7400,2590300,68.9793
2020-12-04,84.5900,85.0300,82.6400,83.3900,3094200,67.8803
2020-12-07,82.8500,84.1300,82.8000,83.8400,2545700,68.2467
2020-12-08,83.6700,84.0900,82.6900,83.4900,2077200,67.9618
2020-12-09,83.4900,83.8500,82.8300,83.6000,2491800,68.0513
2020-12-10,84.0000,84.0300,82.2100,82.4800,2449500,67.1396
2020-12-11,82.0500,82.8800,81.8800,82.7600,1884400,67.3675
2020-12-14,83.8000,84.4700,82.1400,82.2100,2756400,66.9198
2020-12-15,82.7000,84.4300,82.1600,84.2900,2334800,68.6130
2020-12-16,84.2200,84.8300,82.6000,82.8300,2290300,67.4245
2020-12-17,83.2700,84.7400,83.2200,83.8600,2585200,68.2629
2020-12-18,83.6500,84.6000,82.6200,83.2900,14359200,67.7990
2020-12-21,82.7100,83.0300,80.8600,82.1200,3056600,66.8466
2020-12-22,81.9400,82.0500,80.9000,81.4000,2896200,66.2605
2020-12-23,81.8900,82.2700,80.7000,80.7100,2435100,65.6988
2020-12-24,80.8400,81.5800,80.4100,81.4200,758000,66.2768
2020-12-28,81.7400,81.9000,80.6700,81.2800,1617200,66.1628
2020-12-29,81.4500,82.1800,81.0300,81.1800,1720800,66.0814
2020-12-30,81.0500,81.7000,81.0300,81.5100,1846300,66.3500
2020-12-31,81.5300,83.3600,81.4300,83.2700,1778400,67.7827
2021-01-04,83.3300,83.4400,81.2100,81.5400,3232900,66.3744
2021-01-05,81.8000,82.0500,80.9700,81.4300,2212300,66.2849
2021-01-06,81.1200,82.7400,80.6200,82.0800,2713900,66.8140
2021-01-07,82.4500,82.4500,79.8700,79.8900,2764400,65.0313
2021-01-08,79.6700,80.0200,78.6100,79.1800,3059800,64.4534
2021-01-11,79.1100,79.2200,77.8300,78.7800,2359600,64.1278
2021-01-12,77.8500,78.3600,76.8200,77.8400,3122500,63.3626
2021-01-13,78.0600,78.4900,77.3900,78.1500,7424900,63.6149
2021-01-14,78.0600,79.0400,77.1400,78.8300,8042700,64.1685
2021-01-15,76.9600,80.6900,76.9600,80.4700,4258200,65.5034
2021-01-19,80.9500,81.1700,79.3800,80.7100,2816400,65.6988
2021-01-20,80.3700,81.0500,79.5700,80.7500,2588700,65.7314
2021-01-21,81.0000,81.6100,80.3000,80.9700,3227000,65.9105
2021-01-22,80.8100,82.4600,80.7700,82.0800,3789500,66.8140
2021-01-25,81.5800,83.1000,81.3500,82.5900,2481900,67.2291
2021-01-26,82.2000,82.5500,80.7700,81.8200,3134700,66.6023
2021-01-27,81.2000,82.6700,80.0900,80.4400,2528400,65.4790
2021-01-28,80.9500,82.2700,80.5100,80.5600,2118400,65.5767
2021-01-29,80.1900,81.6200,79.8100,80.9100,3261000,65.8616
2021-02-01,81.1000,81.7500,80.0100,81.1800,1901700,66.0814
2021-02-02,81.3200,83.0300,80.8200,82.1100,2584300,66.8384
2021-02-03,82.1000,82.5000,81.2000,81.2800,2162700,66.1628
2021-02-04,81.3400,82.2600,81.1000,82.2100,1783200,66.9198
2021-02-05,82.4900,82.8200,82.0100,82.1900,1584900,66.9036
2021-02-08,82.3700,82.3900,80.4000,80.9800,2047300,65.9186
2021-02-09,80.2400,80.4700,79.0000,79.8400,2148200,65.5900
2021-02-10,79.9900,80.4500,79.4400,80.0100,2767300,65.7296
2021-02-11,80.1400,80.2400,78.7700,78.9500,2284100,64.8588
2021-02-12,78.9100,79.3300,78.1800,78.6100,1917700,64.5795
2021-02-16,78.5700,78.7900,77.9100,78.1900,2233100,64.2345
2021-02-17,78.4900,79.3500,78.2200,78.4900,2152000,64.4809
2021-02-18,78.5100,80.6900,78.5100,80.4800,3468100,66.1158
2021-02-19,80.1300,80.4800,78.7200,79.0800,3658400,64.9656
2021-02-22,78.8700,79.0600,75.4200,76.7700,3651600,63.0679
2021-02-23,77.2900,78.7600,76.9400,78.0900,3660500,64.1523
2021-02-24,78.1700,78.2500,76.8500,77.1000,3507500,63.3390
2021-02-25,78.0600,78.0600,75.7400,76.3000,4283700,62.6818
2021-02-26,76.5000,77.3300,74.8000,74.8500,4432500,61.4906
2021-03-01,75.4200,77.6000,75.4000,76.7100,3091300,63.0186
2021-03-02,76.8600,77.1500,75.8900,76.4500,3851900,62.8050
2021-03-03,76.2300,76.4600,74.9600,76.3200,2936800,62.6982
2021-03-04,76.3300,78.1200,76.1900,77.2500,4102500,63.4623
2021-03-05,77.5000,79.2900,77.2500,78.9000,4182700,64.8178
2021-03-08,78.8300,80.9600,78.7000,80.4900,3215800,66.1240
2021-03-09,80.8700,81.1800,80.3100,80.6000,2869000,66.2143
2021-03-10,81.2300,81.5800,80.3900,81.2000,3518600,66.7072
2021-03-11,80.8400,81.8100,79.9800,80.0000,3129900,65.7214
2021-03-12,80.4200,81.4700,79.6900,81.0400,2637900,66.5758
2021-03-15,81.0600,82.3300,81.0500,82.2800,3209500,67.5945
2021-03-16,81.8000,83.5500,81.8000,83.5000,5104300,68.5967
2021-03-17,83.3700,83.7100,81.9700,82.1200,3034900,67.4631
2021-03-18,82.2800,82.6900,81.2400,82.6000,2349800,67.8574
2021-03-19,82.8700,84.1400,81.9700,83.6700,9525500,68.7364
2021-03-22,84.1500,84.3500,83.1400,83.6300,2854300,68.7035
2021-03-23,84.0000,85.1600,83.5000,84.6400,2652000,69.5333
2021-03-24,84.2100,85.4700,83.8000,84.9900,2895100,69.8208
2021-03-25,85.5300,85.8400,84.3400,84.7200,3383500,69.5990
2021-03-26,84.4500,85.0400,83.6800,84.9900,3074500,69.8208
2021-03-29,84.5800,86.1300,84.2600,85.8400,2639800,70.5191
2021-03-30,85.5200,85.5200,83.7000,84.7300,2428300,69.6072
2021-03-31,84.5200,85.0900,84.1300,84.7000,3250700,69.5826
2021-04-01,84.9000,85.5800,84.3000,85.5400,2180000,70.2726
2021-04-05,85.2200,86.7200,85.1500,86.2900,1702300,70.8888
2021-04-06,86.3900,86.8200,85.6600,86.7700,1733300,71.2831
2021-04-07,86.9200,87.1600,86.2900,86.6900,1883100,71.2174
2021-04-08,86.8200,86.9900,86.0000,86.0700,2814800,70.7080
2021-04-09,86.0700,86.7000,85.8200,85.8900,2952800,70.5602
2021-04-12,86.0400,86.7200,85.7300,86.0000,3324800,70.6505
2021-04-13,85.7100,86.9300,85.0000,86.7200,2460600,71.2420
2021-04-14,86.4000,87.0900,85.9800,87.0700,2563300,71.5296
2021-04-15,87.1900,87.9200,86.8300,87.8100,3004300,72.1375
2021-04-16,88.1900,88.9000,87.7700,88.5500,2378400,72.7454
2021-04-19,88.5500,89.0000,88.0700,88.6500,2753000,72.8276
2021-04-20,89.0000,90.6200,88.7000,90.1400,3333200,74.0516
2021-04-21,89.8200,90.4500,89.0400,89.3500,2662700,73.4026
2021-04-22,87.6400,89.1600,87.4300,87.9500,2755900,72.2525
2021-04-23,88.4000,88.4000,87.3600,87.7000,3093200,72.0471
2021-04-26,88.0500,88.0500,87.0400,87.6000,1743600,71.9650
2021-04-27,87.3400,87.9100,87.0800,87.2000,2173400,71.6363
2021-04-28,87.4200,87.6000,86.3600,86.7300,4908700,71.2502
2021-04-29,86.6000,88.1300,86.5600,88.0900,2592900,72.3675
2021-04-30,88.2500,88.8000,87.5400,88.7100,2817900,72.8768
2021-05-03,89.0700,89.5000,88.4600,88.6800,2071000,72.8522
2021-05-04,88.4200,89.0600,87.7300,88.3800,2747100,72.6057
2021-05-05,88.2900,88.3000,86.7000,87.4700,1906200,71.8582
2021-05-06,87.7100,88.4400,87.1500,88.1200,1644200,72.3921
2021-05-07,87.0700,88.0500,86.8900,87.1900,2617000,72.2347
2021-05-10,87.5500,88.3100,87.3100,87.5600,4291800,72.5413
2021-05-11,87.5800,88.1000,85.8300,86.4100,6084100,71.5885
2021-05-12,86.2900,86.6300,84.8500,84.9800,3702200,70.4038
2021-05-13,85.0000,87.1100,84.7000,86.5200,3025800,71.6797
2021-05-14,86.9200,87.4600,86.6200,86.7600,2193500,71.8785
2021-05-17,86.4700,86.9000,85.1500,85.4500,4317800,70.7932
2021-05-18,85.8800,86.0700,85.1500,85.7500,3130700,71.0417
2021-05-19,85.5900,86.0800,84.7800,85.9200,2498900,71.1826
2021-05-20,85.8600,86.9700,85.7000,86.2600,2196700,71.4643
2021-05-21,86.6100,86.8700,86.2000,86.6500,2015900,71.7874
2021-05-24,87.0600,87.1200,86.4400,86.5700,1551200,71.7211
2021-05-25,86.6500,86.7700,85.6000,85.9300,1845700,71.1909
2021-05-26,86.1000,86.2000,85.5700,85.7500,1985700,71.0417
2021-05-27,85.9200,85.9600,85.4800,85.5500,2452700,70.8761
2021-05-28,86.0000,86.4200,85.8100,86.0000,2297800,71.2489
2021-06-01,86.1700,86.2600,84.9800,85.1000,2137200,70.5032
2021-06-02,85.2500,85.9500,84.9200,85.6500,1817700,70.9589
2021-06-03,85.1200,86.4100,84.9700,85.9600,5428000,71.2157
2021-06-04,85.9700,86.2900,85.6200,86.0300,1984800,71.2737
2021-06-07,86.3000,86.3000,85.5000,85.6700,2206300,70.9755
2021-06-08,85.8100,85.8100,81.9400,82.9700,6890000,68.7386
2021-06-09,83.4000,84.7400,83.0800,84.4500,3277100,69.9647
2021-06-10,84.8400,85.0500,84.2400,84.7300,2386600,70.1967
2021-06-11,84.6400,85.1300,84.4000,84.7600,3335100,70.2215
2021-06-14,84.7300,85.1900,84.6600,85.1300,1933700,70.5281
2021-06-15,85.4000,85.5700,84.8800,85.2400,2239200,70.6192
2021-06-16,85.6700,85.9700,84.2500,84.4000,2668100,69.9233
2021-06-17,84.3300,85.1900,83.9800,84.3900,2559900,69.9150
2021-06-18,84.1800,84.2800,82.1800,82.3500,4480800,68.2249
2021-06-21,82.5300,83.4600,82.1200,83.1900,2431400,68.9209
2021-06-22,83.5100,83.9100,83.1800,83.2600,2659400,68.9788
2021-06-23,83.1300,83.4800,82.3700,82.6500,2674000,68.4735
2021-06-24,82.5000,83.2000,82.1400,82.8500,2694400,68.6392
2021-06-25,82.8500,84.9600,82.6000,84.7700,3458600,70.2298
2021-06-28,84.8400,85.5400,84.5900,84.9000,2674100,70.3376
2021-06-29,84.7900,85.4600,83.6500,83.9300,2753700,69.5339
2021-06-30,84.0100,84.7300,83.8200,84.5900,2687500,70.0807
2021-07-01,84.7300,85.6200,84.4600,85.2600,2217300,70.6358
2021-07-02,85.5800,85.5800,84.8400,85.2000,2487100,70.5861
2021-07-06,85.1700,85.3800,84.0200,85.2400,1863400,70.6192
2021-07-07,85.3500,85.6800,84.8400,85.6200,2147100,70.9340
2021-07-08,85.7100,86.1100,85.1000,85.3100,2495300,70.6772
2021-07-09,85.0900,85.5100,84.4500,85.3900,2122900,70.7435
2021-07-12,85.3400,85.4700,84.7800,85.4100,1651700,70.7601
2021-07-13,85.3100,85.7200,84.8100,85.2400,2067000,70.6192
2021-07-14,85.6000,86.5500,84.8200,86.1800,2156800,71.3980
2021-07-15,85.9400,87.2600,85.5200,87.1800,2662400,72.2265
2021-07-16,87.0100,88.1300,86.8500,87.4900,2199200,72.4833
2021-07-19,87.5900,88.0600,85.0000,85.7700,3906300,71.0583
2021-07-20,86.2800,86.8200,85.6600,85.7400,3070100,71.0334
2021-07-21,85.6100,86.0500,84.6100,84.7200,2973500,70.1884
2021-07-22,84.6100,87.1700,84.6100,84.8800,2972400,70.3210
2021-07-23,84.7700,86.1000,84.6800,85.9800,3368500,71.2323
2021-07-26,85.7100,87.8200,85.4000,87.6800,4389600,72.6407
2021-07-27,87.5400,89.7700,87.3200,89.3900,3547100,74.0574
2021-07-28,89.5600,89.8100,88.2600,88.9900,2936800,73.7260
2021-07-29,88.9400,89.5100,88.8300,89.1400,1950400,73.8503
2021-07-30,89.1700,89.9300,87.8900,88.1200,3601700,73.0052
2021-08-02,88.2500,88.8800,87.6600,88.3400,2309300,73.1875
2021-08-03,88.7200,89.6300,88.2300,89.0900,2143500,73.8088
2021-08-04,89.0000,89.0200,87.9600,88.8300,3502600,73.5935
2021-08-05,89.0000,89.7800,88.3900,89.6600,2972700,74.2811
2021-08-06,89.4300,89.9900,89.0900,89.3400,2106900,74.0160
2021-08-09,88.7800,88.9800,88.1400,88.7600,1823400,74.1496
2021-08-10,88.6800,89.2200,88.2600,88.7500,2468800,74.1413
2021-08-11,89.2000,89.6700,88.7500,89.1700,3565800,74.4921
2021-08-12,89.3600,89.4800,88.8200,88.9500,1789100,74.3083
2021-08-13,89.6500,89.9000,89.0000,89.6900,4169800,74.9265
2021-08-16,89.8600,91.2600,89.6800,90.3000,1930200,75.4361
2021-08-17,90.0300,90.6000,89.9000,90.5400,2079600,75.6366
2021-08-18,90.3100,90.5900,89.5100,89.7500,3398300,74.9767
2021-08-19,90.4300,91.1700,90.0200,90.4000,2702800,75.5197
2021-08-20,89.9500,91.4900,89.7000,91.0800,2681000,76.0877
2021-08-23,91.3300,91.3600,89.8100,90.1200,3053700,75.2858
2021-08-24,90.0300,90.0300,88.7000,89.2300,1690300,74.5423
2021-08-25,89.2300,89.6000,88.5300,89.3300,2754900,74.6258
2021-08-26,89.2800,89.4100,88.7200,89.2500,1626900,74.5590
2021-08-27,89.3200,89.8000,89.1000,89.2900,1840100,74.5924
2021-08-30,89.2100,89.9600,89.0100,89.6200,2222000,74.8681
2021-08-31,89.5400,90.1000,89.2300,89.5700,1933400,74.8263
2021-09-01,90.0000,90.8200,89.5200,90.5000,2532400,75.6032
2021-09-02,90.4600,91.0000,90.3000,90.9300,1512000,75.9624
2021-09-03,90.4900,91.0900,90.2700,90.4100,1407500,75.5280
2021-09-07,90.2700,90.2700,88.6700,88.9100,1967800,74.2749
2021-09-08,89.0000,91.0600,88.7900,90.6800,3047800,75.7536
2021-09-09,90.4900,90.8300,90.2800,90.4000,1474000,75.5197
2021-09-10,90.3600,90.4400,88.7500,88.8300,2067900,74.2081
2021-09-13,89.5700,89.7700,87.7700,88.3200,2408200,73.7821
2021-09-14,88.9300,88.9300,87.5300,87.8300,1884000,73.3727
2021-09-15,87.5000,88.1100,87.2400,87.3300,2565800,72.9550
2021-09-16,87.0400,87.6100,85.8000,85.9800,3650400,71.8272
2021-09-17,85.9800,86.1300,83.5500,84.1000,6934700,70.2567
2021-09-20,84.1000,84.2900,82.2600,83.3000,4842800,69.5884
2021-09-21,83.4500,84.0200,82.9700,82.9900,3267900,69.3294
2021-09-22,83.2800,83.4500,82.4500,82.7200,2326300,69.1038
2021-09-23,82.6000,83.3200,82.1400,82.3100,2565300,68.7613
2021-09-24,82.2600,82.7800,81.8300,82.0500,2527100,68.5441
2021-09-27,81.9800,82.8400,81.2700,81.3600,2713700,67.9677
2021-09-28,81.6300,81.7700,80.9100,81.2800,3483700,67.9009
2021-09-29,81.3300,82.7200,81.0700,82.1700,2177100,68.6444
2021-09-30,82.1400,82.4100,81.1200,81.1800,2935600,67.8173
2021-10-01,81.7900,82.0700,80.8800,81.3800,3181500,67.9844
2021-10-04,81.3400,83.3400,81.3000,83.0400,3370400,69.3712
2021-10-05,82.9700,83.3600,82.6700,83.0200,2587000,69.3545
2021-10-06,82.8300,84.6700,82.5100,84.5600,2697800,70.6410
2021-10-07,84.8200,85.2500,83.9600,84.1400,2263700,70.2901
2021-10-08,84.1100,84.1200,83.4800,83.5800,1879300,69.8223
2021-10-11,83.5200,83.5800,82.2200,82.5100,2221100,68.9284
2021-10-12,82.5600,82.9400,82.1400,82.5500,2898800,68.9618
2021-10-13,82.7400,83.5200,81.8500,83.4600,2131300,69.7220
2021-10-14,83.9100,84.2700,83.5200,84.0500,2252200,70.2149
2021-10-15,84.0000,84.4000,83.2100,83.4900,1849000,69.7471
2021-10-18,83.2500,83.3100,82.3400,82.9900,2002000,69.3294
2021-10-19,83.4200,83.9900,83.1900,83.8000,2224000,70.0061
2021-10-20,84.2000,85.3200,84.1200,84.9000,2330900,70.9250
2021-10-21,84.7900,85.3000,84.5900,85.2000,1736700,71.1756
2021-10-22,85.5200,85.8500,85.1500,85.5800,1770500,71.4931
2021-10-25,85.5700,85.6600,84.5800,84.6700,1814100,70.7329
2021-10-26,84.8100,85.3400,84.4000,84.4200,2829300,70.5240
2021-10-27,85.7400,85.7400,84.0800,84.3000,3768600,70.4238
2021-10-28,84.3000,85.0000,83.5200,84.7100,2523700,70.7663
2021-10-29,84.7100,85.2500,84.1300,84.7100,2897600,70.7663
2021-11-01,84.7000,85.3200,84.4100,85.1300,2079500,71.1171
2021-11-02,85.2100,85.5400,84.3100,85.3000,2071400,71.2592
2021-11-03,85.3000,85.8700,84.3600,84.9300,2067900,70.9501
2021-11-04,84.9300,85.2000,82.8000,83.8900,2690200,70.0813
2021-11-05,84.3500,85.5700,84.2000,85.0400,1940100,71.0420
2021-11-08,85.1600,85.1900,83.5500,83.9000,4155000,70.0896
2021-11-09,83.3900,83.9400,82.9600,83.0400,3267300,70.0221
2021-11-10,83.5500,84.3200,83.4800,84.1800,4234900,70.9834
2021-11-11,84.1800,84.1800,82.1200,82.6100,2882700,69.6596
2021-11-12,82.4400,82.5800,81.9000,82.0200,2061000,69.1620
2021-11-15,82.2500,82.9000,81.8100,82.8800,2099100,69.8872
2021-11-16,82.9000,83.1800,82.4000,82.5600,1881200,69.6174
2021-11-17,82.4100,83.3100,82.1200,83.2400,2146900,70.1908
2021-11-18,83.2300,83.3600,82.4900,82.8200,2123000,69.8366
2021-11-19,83.0200,83.6800,82.6300,83.3800,2477700,70.3088
2021-11-22,83.3100,85.0600,82.9600,84.3000,3014900,71.0846
2021-11-23,84.4500,84.8700,83.5900,84.3100,2166000,71.0931
2021-11-24,84.7600,84.7600,83.7000,83.8200,2539200,70.6799
2021-11-26,83.5200,83.9500,82.2900,82.5500,1636800,69.6090
2021-11-29,82.7100,83.7600,82.1900,83.3100,2899200,70.2498
2021-11-30,83.2100,83.2100,80.6800,81.0500,4122300,68.3441
2021-12-01,81.5700,82.5300,80.2200,80.2800,3494100,67.6948
2021-12-02,80.8600,82.2000,80.4900,81.3100,3442200,68.5633
2021-12-03,81.9900,82.5700,81.0300,82.3400,2809100,69.4319
2021-12-06,82.9700,84.6700,82.8400,83.4900,3864700,70.4016
2021-12-07,83.1900,84.0200,82.6700,83.9100,3601900,70.7558
2021-12-08,83.7900,84.5800,83.4600,84.0200,2343100,70.8485
2021-12-09,83.9700,84.1200,83.1600,83.5200,2441400,70.4269
2021-12-10,84.1100,84.2500,83.5900,83.9900,1955900,70.8232
2021-12-13,83.9200,85.4800,83.9000,84.9800,3664800,71.6580
2021-12-14,85.2400,85.5500,84.5900,85.1300,2341100,71.7845
2021-12-15,85.3300,87.4200,85.2300,87.2300,3894500,73.5553
2021-12-16,87.1400,88.3900,87.0200,88.0000,3521600,74.2046
2021-12-17,87.5900,88.2400,86.4000,86.5400,5325600,72.9735
2021-12-20,85.8600,87.3300,85.5400,87.2300,3349500,73.5553
2021-12-21,87.6400,87.7600,86.2700,86.7500,2813500,73.1506
2021-12-22,86.3000,87.0500,86.2200,86.6200,1776400,73.0409
2021-12-23,86.5200,86.9900,86.3300,86.5200,1553100,72.9566
2021-12-27,86.5000,87.1900,86.2700,87.0800,1609800,73.4288
2021-12-28,87.2500,88.3000,87.2500,88.2100,1507500,74.3816
2021-12-29,88.3700,88.6800,88.1000,88.5800,1170700,74.6937
2021-12-30,88.6400,88.7600,87.9900,88.6900,1288900,74.7864
2021-12-31,88.6400,89.2200,88.3000,88.9700,1520800,75.0225
2022-01-03,88.6300,88.7700,87.5300,88.6100,2661600,74.7189
2022-01-04,88.5000,89.9400,88.5000,88.6500,2349200,74.7527
2022-01-05,88.6600,90.2900,88.6600,89.4700,3343300,75.4442
2022-01-06,89.5000,90.3100,88.9100,89.1800,3296300,75.1996
2022-01-07,88.9900,91.2700,88.5600,90.8000,3109600,76.5657
2022-01-10,90.9100,91.4300,90.3400,90.5000,3206500,76.3127
2022-01-11,90.2700,90.6300,89.1800,89.7700,2231600,75.6971
2022-01-12,89.7000,90.4100,88.9600,90.2900,2244200,76.1356
2022-01-13,90.2600,91.5800,89.9100,90.8600,2937700,76.6162
2022-01-14,91.1300,91.3100,90.2800,90.9800,4088400,76.7174
2022-01-18,90.5100,90.8200,89.2000,90.3200,2558800,76.1609
2022-01-19,90.4500,91.0700,89.6400,90.3000,2535000,76.1440
2022-01-20,90.4600,91.0300,89.8200,89.9200,2361500,75.8236
2022-01-21,90.6600,91.6600,89.7300,89.9700,3969900,75.8658
2022-01-24,90.4000,91.1800,87.0800,89.1200,4777200,75.1490
2022-01-25,88.2700,89.6600,88.0500,88.9600,2837900,75.0141
2022-01-26,88.7600,89.8000,88.3200,88.8300,3561600,74.9045
2022-01-27,89.0800,90.5200,89.0000,89.4000,3239000,75.3851
2022-01-28,89.1500,90.2900,88.4700,90.1300,4460800,76.0007
2022-01-31,89.3400,90.4900,89.1100,90.4000,5909000,76.2284
2022-02-01,89.9100,90.1300,87.9100,88.3500,4817000,74.4997
2022-02-02,88.4400,89.9900,87.8100,89.8800,3518800,75.7899
2022-02-03,90.0000,90.6000,89.6100,90.1900,2529800,76.0513
2022-02-04,89.2700,90.2900,88.4200,89.1700,3439600,75.1912
2022-02-07,88.7800,90.3800,88.7800,89.8100,3011400,75.7308
2022-02-08,90.0700,90.5400,89.7100,90.2000,2415300,76.0597
2022-02-09,90.0200,90.1200,89.0600,89.3800,2828700,76.0257
2022-02-10,88.5900,89.0000,87.1900,87.3900,3065100,74.3330
2022-02-11,87.5600,88.6500,87.5200,87.6500,3340500,74.5542
2022-02-14,87.9300,88.0500,85.4300,86.1800,2659100,73.3038
2022-02-15,86.4000,86.8100,84.9600,85.4400,3790700,72.6743
2022-02-16,85.6300,85.9300,84.3700,85.4100,2622900,72.6488
2022-02-17,85.0700,85.8800,84.2000,85.4900,3155000,72.7169
2022-02-18,85.3000,86.3700,85.0100,85.7100,3909500,72.9040
2022-02-22,85.7100,86.6500,85.1500,85.9900,2481200,73.1422
2022-02-23,85.9900,86.1800,84.4300,84.6400,3615400,71.9939
2022-02-24,87.1700,87.2100,84.8700,86.5600,6582000,73.6270
2022-02-25,87.1900,89.5700,86.9000,89.4600,4073700,76.0937
2022-02-28,88.7400,90.8900,88.4400,90.6500,5547300,77.1059
2022-03-01,90.3500,91.6800,89.6600,90.2100,4013000,76.7317
2022-03-02,89.9000,91.4900,89.9000,91.2400,3146500,77.6078
2022-03-03,91.4200,94.6900,91.4200,93.9800,4173700,79.9384
2022-03-04,93.6700,96.3900,93.0900,96.3300,4675100,81.9373
2022-03-07,96.0100,98.1500,95.1500,97.2600,4111300,82.7283
2022-03-08,97.5700,98.0800,95.1800,95.2500,3689900,81.0186
2022-03-09,95.9000,95.9000,94.2000,95.0100,3006200,80.8145
2022-03-10,94.6100,96.2200,93.9900,95.9900,2897900,81.6481
2022-03-11,96.3500,96.8300,95.2100,95.5400,2254900,81.2653
2022-03-14,95.4000,96.3500,94.5400,94.7400,2948400,80.5848
2022-03-15,95.5400,96.1600,94.8600,96.1100,3673700,81.7501
2022-03-16,95.9200,96.0000,93.3900,95.0700,2880000,80.8655
2022-03-17,95.2200,95.9700,94.7600,94.9400,2863600,80.7550
2022-03-18,94.9400,95.3400,93.3900,94.0700,5719000,80.0149
2022-03-21,94.0000,95.4000,93.9600,94.6900,2426000,80.5423
2022-03-22,94.7300,95.6000,94.2900,95.2500,3653900,81.0186
2022-03-23,95.2000,96.4800,95.0400,96.0100,2989400,81.6651
2022-03-24,96.2900,97.1900,95.6600,96.4400,3036600,82.0309
2022-03-25,96.3500,97.3900,96.3500,96.8400,2032200,82.3711
2022-03-28,96.7800,97.6200,95.9700,97.6100,2465400,83.0260
2022-03-29,97.4600,98.8100,97.3500,98.6900,2943100,83.9447
2022-03-30,98.6900,99.4400,98.1700,99.4200,2164100,84.5656
2022-03-31,99.8100,100.6700,99.5200,99.7700,3670600,84.8633
2022-04-01,99.8100,101.6200,98.7800,101.5100,2569100,86.3433
2022-04-04,100.8500,101.0900,99.1700,100.6500,2580800,85.6118
2022-04-05,100.6400,102.7000,100.6400,101.3100,2235300,86.1732
2022-04-06,101.4900,104.8100,101.2700,104.4900,3364500,88.8781
2022-04-07,104.3700,104.4300,102.5300,103.3700,3226300,87.9254
2022-04-08,103.5800,104.1400,102.7000,102.9900,2180400,87.6022
2022-04-11,103.2500,103.7300,101.1400,101.4000,3621200,86.2498
2022-04-12,101.4700,103.0300,101.0200,102.3100,2493900,87.0238
2022-04-13,102.6300,102.8400,101.2900,102.2500,1737400,86.9728
2022-04-14,102.7300,102.7600,101.8700,102.0400,2188300,86.7941
2022-04-18,102.2100,102.5600,101.0900,101.6600,1818200,86.4709
2022-04-19,101.8200,102.6400,101.5300,102.4300,1892100,87.1259
2022-04-20,102.9900,103.3400,102.2600,102.8300,2335100,87.4661
2022-04-21,102.5400,103.5100,101.9500,102.1200,3004600,86.8622
2022-04-22,102.0000,102.1500,100.1200,100.2500,2426500,85.2716
2022-04-25,100.4900,101.0400,98.5300,100.5000,3140100,85.4842
2022-04-26,100.2600,101.5200,99.2000,99.2400,2050800,84.4125
2022-04-27,99.4500,100.9000,98.2000,99.5300,3436000,84.6592
2022-04-28,100.0600,102.7600,98.4500,102.4300,4355000,87.1259
2022-04-29,101.9300,102.2400,98.8200,99.1100,3589200,84.3019
2022-05-02,99.4700,100.3800,96.9900,98.1300,2652900,83.4683
2022-05-03,98.7500,100.1400,98.0700,98.5800,2844800,83.8511
2022-05-04,98.9700,100.9100,98.5900,100.7200,2987900,85.6714
2022-05-05,100.1500,101.0600,98.7200,99.6600,2680400,84.7697
2022-05-06,99.4900,100.1100,98.6600,99.6500,3291000,84.7612
2022-05-09,98.9000,100.7400,97.8000,99.6900,3170300,85.4642
2022-05-10,100.2600,101.6100,97.9600,99.0800,3174300,84.9413
2022-05-11,98.9300,101.3000,98.7800,99.7800,3331400,85.5414
2022-05-12,99.5000,100.2500,97.1800,98.5300,2905400,84.4698
2022-05-13,98.7500,99.8200,97.8900,99.6900,2270400,85.4642
2022-05-16,99.8600,100.2800,98.9900,99.3900,2142200,85.2070
2022-05-17,99.6700,100.4500,98.0500,100.4000,2521200,86.0729
2022-05-18,100.8700,101.5400,99.5600,99.8800,3580900,85.6271
2022-05-19,99.4700,99.5900,97.5700,99.0400,2749800,84.9070
2022-05-20,99.0500,99.9400,98.1900,99.7000,2925600,85.4728
2022-05-23,100.5600,101.4100,99.5900,100.2700,2485500,85.9614
2022-05-24,100.7100,102.5700,99.9100,102.2200,2534300,87.6332
2022-05-25,102.3500,102.9900,101.7500,102.4800,2393000,87.8561
2022-05-26,103.1000,103.4900,102.4800,102.5800,2574800,87.9418
2022-05-27,102.4200,103.6300,101.9000,103.5700,2713400,88.7905
2022-05-31,102.7800,103.1500,101.1900,102.0300,3319500,87.4703
2022-06-01,102.6500,102.9000,100.8800,102.0400,2234500,87.4789
2022-06-02,102.5200,102.7200,100.0100,102.2500,2261200,87.6589
2022-06-03,101.9100,102.4900,101.6300,101.9500,1682400,87.4017
2022-06-06,102.3500,102.7900,101.5300,102.0600,1499000,87.4960
2022-06-07,102.2400,102.5400,101.1100,102.4300,1461700,87.8132
2022-06-08,102.1900,102.1900,100.2500,100.5300,1814500,86.1844
2022-06-09,100.4700,101.1800,98.1700,98.2600,2279800,84.2383
2022-06-10,97.4400,99.1600,97.0100,98.2600,3003000,84.2383
2022-06-13,97.1000,97.5800,92.6100,93.0100,4241100,79.7374
2022-06-14,93.1200,93.8000,89.3600,90.4400,3482800,77.5342
2022-06-15,91.1100,91.9100,88.6900,90.6500,3954800,77.7142
2022-06-16,89.1100,89.9000,88.2600,89.1900,3908000,76.4626
2022-06-17,90.1000,90.2900,87.6300,88.4100,8000800,75.7939
2022-06-21,88.5500,90.5200,88.4500,89.9500,3197400,77.1141
2022-06-22,89.4800,91.1600,89.4700,90.3100,2632500,77.4227
2022-06-23,91.1200,92.6200,90.8300,92.4100,2991900,79.2231
2022-06-24,92.5100,93.8900,92.4200,93.6000,3647200,80.2433
2022-06-27,93.4300,95.0200,93.2100,94.9800,2910900,81.4263
2022-06-28,95.0900,96.1900,94.7800,95.0800,2318500,81.5121
2022-06-29,95.2400,95.7200,94.8000,95.3700,1700100,81.7607
2022-06-30,94.6100,96.6500,94.4900,95.9400,3046800,82.2494
2022-07-01,96.0000,98.0200,95.3900,97.9500,2833600,83.9725
2022-07-05,97.6200,97.8000,92.6400,93.5800,3654900,80.2261
2022-07-06,93.7600,95.7800,93.2700,94.8000,2574100,81.2720
2022-07-07,95.2700,95.7200,94.4100,94.5200,2604500,81.0320
2022-07-08,94.8500,94.9400,93.8300,94.3400,1979100,80.8777
2022-07-11,94.2600,95.4500,93.8000,95.0100,1699200,81.4520
2022-07-12,94.9100,95.9200,93.9700,94.3700,1945100,80.9034
2022-07-13,93.4500,94.7300,93.2200,93.9000,2071100,80.5005
2022-07-14,92.4500,94.4500,92.1300,94.2700,2043200,80.8177
2022-07-15,94.4700,95.2700,93.3700,95.2200,2376900,81.6321
2022-07-18,94.9700,94.9700,93.2600,93.3700,2354100,80.0461
2022-07-19,94.2900,94.2900,93.3900,93.5900,2568900,80.2347
2022-07-20,93.8600,94.0300,92.1900,92.7100,2293300,79.4803
2022-07-21,92.4600,92.8500,92.0600,92.7900,2061600,79.5488
2022-07-22,93.5400,94.3600,93.1900,94.3500,1870100,80.8862
2022-07-25,94.5200,95.9200,94.0500,95.8000,2626800,82.1293
2022-07-26,95.7200,96.9000,95.6500,96.4200,2492400,82.6608
2022-07-27,94.8300,96.5400,94.3400,96.2900,2757600,82.5494
2022-07-28,97.1000,97.7800,95.9300,97.6200,2805200,83.6896
2022-07-29,97.3700,99.1600,97.1400,98.5600,5858500,84.4955
2022-08-01,98.2800,99.2100,97.8800,99.1000,2643200,84.9584
2022-08-02,99.1000,99.7500,98.3600,98.4600,2139300,84.4097
2022-08-03,98.3700,99.8300,96.7300,99.5900,2099000,85.3785
2022-08-04,99.4700,100.3500,99.0600,99.9500,2864500,85.6871
2022-08-05,99.9400,100.1700,98.6700,99.4600,2699300,85.2670
2022-08-08,100.4400,101.1800,99.5200,100.0800,2050400,85.7986
2022-08-09,99.5000,100.8400,99.5000,100.5700,1867100,86.8959
2022-08-10,101.1100,101.4100,100.2900,101.3400,2311400,87.5612
2022-08-11,101.3000,102.4800,100.7400,101.2000,2214200,87.4402
2022-08-12,102.1200,103.8500,101.7100,103.7800,3186600,89.6694
2022-08-15,103.7800,104.6300,103.5900,104.5600,2056700,90.3434
2022-08-16,103.8800,105.4500,103.8800,104.4600,2063200,90.2570
2022-08-17,103.8200,105.1500,103.8200,104.3300,1877000,90.1447
2022-08-18,104.5900,105.4800,104.2300,104.3700,2151200,90.1792
2022-08-19,104.2800,105.3500,103.9800,104.9400,2426200,90.6717
2022-08-22,105.0000,105.0000,103.2100,103.4100,2612400,89.3497
2022-08-23,103.4900,103.4900,102.2300,102.7000,1169500,88.7363
2022-08-24,102.6400,102.7800,101.9000,102.6600,1382500,88.7017
2022-08-25,103.1100,103.4700,102.1000,103.3800,1466200,89.3238
2022-08-26,103.5900,103.7300,101.7500,101.8200,2004700,87.9759
2022-08-29,101.4500,103.5600,100.7300,102.9300,1663500,88.9350
2022-08-30,102.8900,102.9200,100.9600,101.3400,1826200,87.5612
2022-08-31,101.4400,101.8900,100.0000,100.2000,3253700,86.5762
2022-09-01,100.2500,102.9800,100.2100,102.3800,2828600,88.4598
2022-09-02,102.7400,103.7500,100.6800,101.0900,2320800,87.3452
2022-09-06,101.2000,103.2500,101.1500,101.5600,2740800,87.7513
2022-09-07,102.1800,104.9500,102.1800,104.7400,2845600,90.4989
2022-09-08,104.0400,105.1200,103.4900,103.9800,2929900,89.8422
2022-09-09,104.6500,105.4900,103.6300,104.7100,2000000,90.4730
2022-09-12,104.7100,105.6000,104.3400,105.1800,1772500,90.8791
2022-09-13,104.3400,104.8900,101.8300,102.2000,3093400,88.3043
2022-09-14,102.2000,103.9000,102.2000,103.3200,1430600,89.2720
2022-09-15,102.9500,102.9500,99.9200,100.1900,3097500,86.5676
2022-09-16,100.3700,101.0400,99.9700,100.3600,5319700,86.7144
2022-09-19,100.1500,101.1500,99.7000,101.1100,2873400,87.3625
2022-09-20,100.7800,100.8000,98.6500,99.7600,2273600,86.1960
2022-09-21,100.4400,101.1200,98.5500,98.5700,2853200,85.1678
2022-09-22,98.3000,99.5100,98.0400,98.8800,1939500,85.4357
2022-09-23,98.1500,98.2900,96.4900,97.7400,2096800,84.4507
2022-09-26,97.3500,97.8200,94.2600,95.6300,3504700,82.6276
2022-09-27,95.8800,95.9500,92.6800,92.8600,2924100,80.2342
2022-09-28,93.8900,94.1600,92.6500,93.5600,3419200,80.8390
2022-09-29,93.7200,93.7200,88.8300,89.0700,3429200,76.9595
2022-09-30,89.6500,90.0000,86.0800,86.4500,5127200,74.6957
2022-10-03,87.7000,89.1300,87.1400,88.2300,6209900,76.2337
2022-10-04,88.5700,91.1800,88.3700,90.6600,5094100,78.3333
2022-10-05,89.4700,89.6400,87.3900,87.7000,3296800,75.7758
2022-10-06,87.4800,87.6600,84.1900,84.5100,4211100,73.0195
2022-10-07,84.5500,84.8800,82.5700,82.9900,3717000,71.7062
2022-10-10,83.2500,84.9900,83.2200,84.4500,4127900,72.9677
2022-10-11,84.3100,86.1900,84.1800,84.8700,3921000,73.3306
2022-10-12,84.8700,84.8700,81.6700,81.7400,2552800,70.6261
2022-10-13,80.8000,85.0400,80.3000,84.7800,4047100,73.2528
2022-10-14,85.3400,86.1700,83.1400,83.5200,4001200,72.1641
2022-10-17,84.8000,86.0600,84.7300,85.0500,3606400,73.4861
2022-10-18,85.9600,86.8600,85.3400,86.5800,2612300,74.8081
2022-10-19,85.4700,86.3400,85.0500,85.9000,1806500,74.2205
2022-10-20,86.2900,86.2900,83.5400,83.9300,3165500,72.5184
2022-10-21,84.1100,86.1600,83.4100,85.6300,2278600,73.9872
2022-10-24,86.4800,86.9900,85.2500,86.0000,2141900,74.3069
2022-10-25,86.0500,87.5600,85.9900,87.4200,2580000,75.5338
2022-10-26,88.0000,88.6100,87.2400,87.4500,2197600,75.5598
2022-10-27,86.1700,89.3200,86.1500,87.1800,2740500,75.3265
2022-10-28,87.5600,89.5600,87.5600,89.4000,2633900,77.2446
2022-10-31,89.3500,89.3900,87.3600,87.9200,4104000,75.9659
2022-11-01,88.1000,89.2000,87.6200,88.5300,4169800,76.4929
2022-11-02,88.5100,90.6400,88.1700,88.2100,3166600,76.2164
2022-11-03,87.7700,89.5800,87.2300,88.6800,4020800,76.6225
2022-11-04,88.8200,89.6800,87.7200,89.5700,3304300,77.3915
2022-11-07,89.8400,89.8400,86.6800,88.0000,3038600,76.0350
2022-11-08,88.0600,89.6200,88.0000,89.2500,2959600,77.1150
2022-11-09,88.3100,88.8000,87.6300,87.8200,2932000,76.5918
2022-11-10,90.3300,91.9800,88.9400,91.8000,4114900,80.0629
2022-11-11,91.2700,91.9300,89.1500,89.9800,3966700,78.4756
2022-11-14,90.3300,90.5900,88.4600,88.6600,3045700,77.3243
2022-11-15,89.7200,90.5800,88.0500,89.2200,4912300,77.8127
2022-11-16,89.7300,90.6000,89.5100,89.7400,3294700,78.2663
2022-11-17,89.0500,89.5300,88.5100,89.0700,2587800,77.6819
2022-11-18,89.6800,91.5900,89.6800,91.2800,4318800,79.6094
2022-11-21,91.4200,93.3300,91.3400,93.1500,3150700,81.2403
2022-11-22,93.6100,94.7000,93.0400,93.7100,3286800,81.7287
2022-11-23,93.7100,95.2100,93.4300,95.1300,3323000,82.9671
2022-11-25,95.3500,95.8100,94.9500,95.4700,1252000,83.2637
2022-11-28,97.1600,97.2800,93.9900,95.2200,4529100,83.0456
2022-11-29,94.6000,94.8800,94.0100,94.6500,2044500,82.5485
2022-11-30,94.5700,96.8800,93.9700,96.8000,4346800,84.4236
2022-12-01,97.7400,98.2100,95.9800,96.4800,2846500,84.1445
2022-12-02,95.2700,95.4000,94.5000,95.1200,3492000,82.9584
2022-12-05,94.5300,94.9300,94.1100,94.5200,2496000,82.4351
2022-12-06,94.3400,96.6400,94.2100,96.3700,4255100,84.0486
2022-12-07,97.4700,98.6400,96.2700,96.6700,6140700,84.3102
2022-12-08,96.5300,98.2900,96.3500,97.7200,3735000,85.2260
2022-12-09,97.7700,97.9300,96.3500,96.5800,2552300,84.2317
2022-12-12,97.3200,98.5900,96.3600,98.5500,2132700,85.9499
2022-12-13,99.7700,100.3200,97.5100,98.6200,4842800,86.0109
2022-12-14,98.9900,100.2800,97.9800,98.4900,3048300,85.8975
2022-12-15,98.3400,98.5200,95.3200,95.5700,6069100,83.3509
2022-12-16,94.9200,94.9200,92.8100,94.5700,6084100,82.4787
2022-12-19,94.1000,95.1400,93.4700,94.0000,3337000,81.9816
2022-12-20,94.0300,94.3600,93.2900,93.6700,1975400,81.6938
2022-12-21,94.0600,95.3600,93.7700,95.3400,2399200,83.1503
2022-12-22,94.9500,95.0100,92.9700,94.4700,3310100,82.3915
2022-12-23,94.2500,95.7300,94.0800,95.6900,1406200,83.4555
2022-12-27,95.9700,96.4600,95.2400,96.2900,1327300,83.9788
2022-12-28,96.4900,96.8600,95.3000,95.3600,1391800,83.1677
2022-12-29,95.9300,96.6600,95.6700,96.0100,1415900,83.7346
2022-12-30,95.9000,96.0800,94.0700,94.9500,1405300,82.8101
2023-01-03,94.9000,95.2900,93.3900,94.8700,1870500,82.7404
2023-01-04,95.2700,96.8700,94.8900,95.5200,1963500,83.3073
2023-01-05,94.8400,95.4500,93.4800,93.7800,2374200,81.7897
2023-01-06,94.7600,97.1800,94.7600,96.5300,2287500,84.1881
2023-01-09,96.4100,98.3200,96.2300,97.9500,2561400,85.4266
2023-01-10,97.6100,98.0800,96.4700,97.2800,3975900,84.8422
2023-01-11,97.2500,97.7900,97.0300,97.6300,5187300,85.1475
2023-01-12,97.5800,97.8400,96.2500,96.4100,2505500,84.0835
2023-01-13,95.6500,95.8500,94.6700,94.8400,3709700,82.7142
2023-01-17,94.7800,95.5000,94.3200,94.8600,2575400,82.7316
2023-01-18,95.1200,95.2100,92.3600,92.4500,3775900,80.6298
2023-01-19,92.3000,92.6600,91.5100,91.6300,1778500,79.9146
2023-01-20,91.2400,92.8400,90.0900,92.1700,3154200,80.3856
2023-01-23,91.9300,93.5000,91.5700,92.6600,2157400,80.8129
2023-01-24,92.3500,92.9300,91.2900,92.7000,2225300,80.8478
2023-01-25,92.4400,92.5400,91.6000,92.3500,2302700,80.5426
2023-01-26,92.1100,93.3700,91.9600,92.9900,2262900,81.1007
2023-01-27,92.6900,93.4800,92.2500,93.0700,1647700,81.1705
2023-01-30,92.9300,93.9700,92.6800,92.8700,2866700,80.9961
2023-01-31,93.0900,94.1300,91.9200,93.9600,3339000,81.9467
2023-02-01,93.2200,95.2000,92.9600,94.6500,3290400,82.5485
2023-02-02,94.6500,95.6300,93.5800,94.5500,2533600,82.4613
2023-02-03,93.9600,94.0900,90.9800,92.1100,2593300,80.3332
2023-02-06,91.9400,92.5800,91.5800,92.5000,2657000,80.6734
2023-02-07,92.0800,92.5300,90.6800,92.2800,3160800,80.4815
2023-02-08,91.7700,91.7700,90.0100,90.3800,2901700,78.8244
2023-02-09,89.7400,90.2400,88.1300,88.4800,2779800,77.8826
2023-02-10,88.9400,90.6200,88.6400,90.5500,2053100,79.7047
2023-02-13,90.6500,91.3700,90.5700,91.0900,3107200,80.1800
2023-02-14,90.8800,91.5900,89.9500,90.4800,1989700,79.6430
2023-02-15,90.2500,90.9500,89.9300,90.9200,1687500,80.0303
2023-02-16,89.9900,91.2000,89.2400,90.7000,2054600,79.8367
2023-02-17,90.6400,92.7300,90.3500,92.4100,3127600,81.3419
2023-02-21,91.4800,91.9500,90.4500,90.8500,2834600,79.9687
2023-02-22,90.3900,91.5000,90.1100,90.8200,3583000,79.9423
2023-02-23,90.2100,90.9700,88.9000,90.7100,3829200,79.8455
2023-02-24,89.4400,90.9200,89.1700,90.4300,3248100,79.5990
2023-02-27,90.9900,91.5400,89.8800,90.0700,2931400,79.2822
2023-02-28,89.4800,90.3200,87.7600,87.9700,3593800,77.4337
2023-03-01,87.6200,87.6600,85.7300,86.3600,2997900,76.0165
2023-03-02,86.1000,88.1900,85.8500,87.9900,2549200,77.4513
2023-03-03,88.0900,89.1100,87.2200,89.0900,2715600,78.4195
2023-03-06,89.0000,89.8100,88.8600,89.3700,1735400,78.6660
2023-03-07,89.5700,90.1800,88.1900,88.6300,3381000,78.0146
2023-03-08,88.9400,89.6700,88.3200,89.3000,2108300,78.6044
2023-03-09,89.7800,90.7600,88.4600,88.7600,2006500,78.1290
2023-03-10,89.1600,89.3300,87.0000,87.5300,2660400,77.0464
2023-03-13,87.8000,90.9800,87.7200,89.3800,4420600,78.6748
2023-03-14,89.8400,91.1100,89.5100,90.2500,2926900,79.4406
2023-03-15,90.1700,93.1300,89.7300,92.5900,4085000,81.5003
2023-03-16,92.2000,93.1400,90.6200,92.0100,4169200,80.9898
2023-03-17,91.6300,91.8600,90.1000,90.7000,8072300,79.8367
2023-03-20,91.1600,92.4500,90.8600,91.7600,2718300,80.7697
2023-03-21,91.6900,91.7900,87.7300,88.9000,4532000,78.2523
2023-03-22,88.7600,89.4500,86.8100,86.8500,3156000,76.4478
2023-03-23,86.8100,87.5300,85.2100,85.4100,3862100,75.1803
2023-03-24,85.6500,89.1100,85.5300,89.0900,2527200,78.4195
2023-03-27,89.4400,89.8700,88.4100,88.5500,1919000,77.9442
2023-03-28,88.5300,89.8900,88.4600,88.9300,2158900,78.2787
2023-03-29,89.2900,90.1200,89.2100,90.1000,3185900,79.3085
2023-03-30,90.3900,91.1800,88.5800,90.4300,3617600,79.5990
2023-03-31,90.8500,91.1400,90.3100,90.9900,2210600,80.0920
2023-04-03,90.4700,91.6200,90.1100,90.9000,2926200,80.0127
2023-04-04,90.6800,91.3400,90.4000,91.1700,3146900,80.2504
2023-04-05,91.8200,94.9100,91.7400,94.5400,4232600,83.2168
2023-04-06,95.3300,96.0500,93.9200,94.8900,2991500,83.5249
2023-04-10,94.5100,94.7500,93.3800,94.4400,1977400,83.1287
2023-04-11,94.5400,94.7000,93.7000,94.3400,2682600,83.0407
2023-04-12,94.6000,94.8600,93.8500,94.2600,2434300,82.9703
2023-04-13,93.9000,94.1900,92.0800,93.9700,2062200,82.7150
2023-04-14,92.9500,93.2200,92.1000,92.5000,1994100,81.4211
2023-04-17,93.0500,93.6000,92.3800,93.2900,1632000,82.1165
2023-04-18,93.4100,93.4100,92.0600,92.4700,2070900,81.3947
2023-04-19,92.9500,93.5500,92.6800,93.5400,1622000,82.3365
2023-04-20,93.7900,94.0200,93.1000,93.5100,2099700,82.3101
2023-04-21,94.0800,94.4000,93.3200,93.9200,2506900,82.6710
2023-04-24,93.6900,94.4800,93.2400,94.2400,2197400,82.9527
2023-04-25,94.2200,94.7300,94.0600,94.3800,1642500,83.0759
2023-04-26,93.7300,94.2200,92.0100,92.2500,1998900,81.2011
2023-04-27,92.3600,93.2200,92.2300,92.8100,2004700,81.6940
2023-04-28,92.6200,93.2900,91.4200,92.4200,2621600,81.3507
2023-05-01,92.3000,93.5600,92.0200,92.6500,3046300,81.5531
2023-05-02,92.7500,92.8900,90.7300,91.2800,2134300,80.3472
2023-05-03,91.7400,92.1400,90.6700,90.8700,1998400,79.9863
2023-05-04,90.6100,92.3800,89.6600,91.4400,2365100,80.4881
2023-05-05,90.9200,92.2600,90.7500,92.1100,3328700,81.0778
2023-05-08,92.0600,92.8800,91.4400,92.1400,2476700,81.1042
2023-05-09,91.0000,91.3200,90.2600,91.1000,2026700,80.9177
2023-05-10,91.5200,92.0200,90.7000,91.7200,1657500,81.4684
2023-05-11,91.4200,91.7900,90.1900,90.6800,1676800,80.5446
2023-05-12,91.4200,91.9300,91.0300,91.6600,3314600,81.4151
2023-05-15,91.9900,92.1000,89.6100,90.0900,2788600,80.0206
2023-05-16,90.2300,90.3300,88.0200,88.0900,2482900,78.2441
2023-05-17,88.1700,88.2200,86.3300,87.0700,2674900,77.3381
2023-05-18,86.4700,86.7600,85.7400,86.6400,2595400,76.9562
2023-05-19,86.7400,87.4600,86.4500,86.5600,2117100,76.8851
2023-05-22,87.1600,87.4300,86.2900,86.4100,1458000,76.7519
2023-05-23,86.1300,86.8300,85.8800,86.0000,1812100,76.3877
2023-05-24,85.7900,86.4000,85.1200,85.1700,1767900,75.6505
2023-05-25,84.3700,84.4500,81.5000,82.5000,4953100,73.2789
2023-05-26,82.3200,82.5200,81.3200,82.2500,3387100,73.0569
2023-05-30,82.2400,82.5100,81.3200,81.7900,3346100,72.6483
2023-05-31,81.9100,83.4900,81.5300,83.1200,3091100,73.8296
2023-06-01,83.3400,83.4000,81.4600,82.0200,2995700,72.8526
2023-06-02,81.5400,84.0200,81.2100,83.4500,3066200,74.1227
2023-06-05,83.7700,84.7600,83.5300,84.0000,2349400,74.6113
2023-06-06,83.5000,84.1300,82.9000,83.4400,2953500,74.1139
2023-06-07,83.6200,84.8000,82.9200,84.5800,2763900,75.1265
2023-06-08,85.1200,85.1200,83.9000,84.6800,3349100,75.2153
2023-06-09,84.6800,84.9600,83.5500,83.6800,3019600,74.3270
2023-06-12,83.6800,83.8900,83.2200,83.6900,2981400,74.3359
2023-06-13,83.2000,83.6700,82.8500,83.1300,2907600,73.8385
2023-06-14,83.5000,84.3100,83.0300,83.6100,2287500,74.2649
2023-06-15,84.3200,85.0900,83.8100,84.8800,3233300,75.3929
2023-06-16,84.8800,85.5400,84.4800,84.9300,5317200,75.4373
2023-06-20,84.9200,85.5100,83.9500,84.5400,2632900,75.0909
2023-06-21,84.0000,85.5000,82.9200,85.4500,3541800,75.8992
2023-06-22,85.8000,86.0500,84.6800,85.1000,4391300,75.5883
2023-06-23,85.6300,85.6300,83.0400,83.4900,3785300,74.1583
2023-06-26,83.6700,84.3400,82.9100,83.7800,3244300,74.4159
2023-06-27,83.7700,84.0000,83.4000,83.4400,3679100,74.1139
2023-06-28,83.3600,83.4600,81.3400,81.6200,4762100,72.4973
2023-06-29,81.1700,83.6700,80.7900,83.2600,5088900,73.9540
2023-06-30,83.5500,84.3600,83.3600,84.2000,3236400,74.7889
2023-07-03,84.1800,85.3800,83.8700,85.3200,1533400,75.7837
2023-07-05,85.1000,86.4800,84.7300,85.8000,2950900,76.2101
2023-07-06,85.1300,85.6300,84.5100,85.3300,2539200,75.7926
2023-07-07,84.8900,85.0300,84.2500,84.2900,1753600,74.8689
2023-07-10,84.3000,84.9200,83.6000,84.3400,3489000,74.9133
2023-07-11,84.5000,86.1200,84.2900,86.0200,3292100,76.4055
2023-07-12,86.1700,87.5300,85.9000,87.2400,3590200,77.4891
2023-07-13,87.1600,87.5200,86.8000,87.2800,3128200,77.5247
2023-07-14,87.0500,87.5800,86.3400,87.2200,2641600,77.4714
2023-07-17,86.9000,87.0000,85.4300,85.4800,3161600,75.9258
2023-07-18,85.6200,86.3700,84.0100,84.6700,3040900,75.2064
2023-07-19,84.7600,86.1100,84.7500,85.3700,2832100,75.8281
2023-07-20,85.5500,86.9300,85.2300,86.8200,2850700,77.1161
2023-07-21,87.1200,88.3100,86.9600,87.9300,8462300,78.1020
2023-07-24,87.8400,88.0900,86.9500,87.6000,2382200,77.8089
2023-07-25,87.3700,88.2500,87.1100,87.5400,2667600,77.7556
2023-07-26,87.4700,88.8500,87.1900,87.6100,2755700,77.8178
2023-07-27,87.2900,87.6500,84.2700,85.2600,4837900,75.7304
2023-07-28,85.5100,86.7200,85.0300,85.4200,3504000,75.8726
2023-07-31,85.4800,85.7400,84.0700,84.7400,5903600,75.2685
2023-08-01,84.8400,85.0100,83.8200,84.0300,3750000,74.6379
2023-08-02,83.8900,84.8400,83.7000,84.5000,3160800,75.0554
2023-08-03,84.3100,84.4300,81.9800,81.9900,3287300,72.8259
2023-08-04,82.2600,82.8600,80.9300,81.2400,2578500,72.1598
2023-08-07,81.5000,81.9900,80.7500,80.8800,3267100,71.8400
2023-08-08,80.6300,81.0700,79.7000,80.8200,3797400,71.7867
2023-08-09,80.0000,81.1400,79.8600,80.7100,3878100,72.4329
2023-08-10,81.4400,81.9900,80.6800,81.0800,4083600,72.7649
2023-08-11,81.1400,81.5800,80.7700,81.1100,2067300,72.7918
2023-08-14,81.1700,81.1700,79.7800,80.0000,2733100,71.7957
2023-08-15,79.5000,79.6400,78.8700,79.1000,3405700,70.9880
2023-08-16,79.3100,79.9000,78.9300,79.1900,3285900,71.0687
2023-08-17,79.3700,80.0100,78.7600,78.7800,2790500,70.7008
2023-08-18,78.7000,79.2600,78.4400,79.0200,3155200,70.9162
2023-08-21,79.0000,79.1700,77.8000,78.5600,2571300,70.5033
2023-08-22,78.4300,78.9200,78.2000,78.6200,2558200,70.5572
2023-08-23,79.0100,79.4700,78.7100,79.4300,3045300,71.2841
2023-08-24,79.3600,80.4700,78.7900,78.8300,2787100,70.7457
2023-08-25,79.0000,79.8100,78.8500,79.3300,1875700,71.1944
2023-08-28,79.6900,79.9600,78.9400,79.2000,1608300,71.0777
2023-08-29,79.3500,80.0300,79.1000,79.6300,1967700,71.4636
2023-08-30,79.5100,79.8400,79.0500,79.4400,1854800,71.2931
2023-08-31,79.6800,79.8300,78.3000,78.4000,3095900,70.3598
2023-09-01,78.8600,79.0400,77.0100,77.5200,2548200,69.5700
2023-09-05,77.3500,77.4100,75.4700,76.0000,2972500,68.2059
2023-09-06,75.8700,76.5800,75.7600,76.3800,2752300,68.5469
2023-09-07,77.0300,77.9300,76.7900,77.3400,2899600,69.4085
2023-09-08,77.4000,77.8600,77.1700,77.7400,2164200,69.7674
2023-09-11,77.7900,78.5400,77.7200,77.8000,2540400,69.8213
2023-09-12,77.7300,78.0000,77.2400,77.8200,2681800,69.8393
2023-09-13,78.0100,79.6500,77.9900,79.3300,2936800,71.1944
2023-09-14,79.7800,80.6900,79.7300,80.6000,2779600,72.3341
2023-09-15,80.6800,81.0100,79.9800,80.0400,4598000,71.8316
2023-09-18,80.2800,80.5600,79.4800,80.2300,1650900,72.0021
2023-09-19,80.2700,80.6300,79.8600,80.0600,2238500,71.8495
2023-09-20,80.5400,81.3700,79.9200,80.4500,2073800,72.1995
2023-09-21,80.3900,80.9200,79.6100,79.8800,3163300,71.6880
2023-09-22,79.4600,79.8000,79.0400,79.1700,2515600,71.0508
2023-09-25,78.8400,79.0800,77.8800,78.6800,2229000,70.6111
2023-09-26,78.5400,78.5400,76.2100,76.3400,2910000,68.5110
2023-09-27,76.3400,76.5200,74.8800,75.8600,3455500,68.0802
2023-09-28,76.2000,76.3700,74.2300,74.6700,3162400,67.0123
2023-09-29,75.2400,75.8900,74.4300,75.2200,3419100,67.5059
2023-10-02,74.6400,74.9600,71.0400,71.8400,6352000,64.4725
2023-10-03,71.0300,73.0900,69.8800,72.8100,5808600,65.3430
2023-10-04,72.8800,73.5400,71.9500,73.2900,4031700,65.7738
2023-10-05,73.0800,73.1600,70.2300,71.3300,8103100,64.0148
2023-10-06,70.5100,72.2900,69.3800,72.1900,4584500,64.7866
2023-10-09,72.5000,73.6900,72.1400,73.6600,3391900,66.1059
2023-10-10,73.6600,74.3000,73.4400,74.2300,5050400,66.6174
2023-10-11,74.8700,75.4300,74.1400,75.2800,2388500,67.5597
2023-10-12,74.7700,74.8500,72.7000,73.4800,3803200,65.9443
2023-10-13,73.9500,74.7900,73.5700,74.4700,2809400,66.8328
2023-10-16,74.8300,76.7600,74.3700,76.0600,4907800,68.2597
2023-10-17,75.6000,76.4100,75.1600,75.6700,2236700,67.9097
2023-10-18,75.6000,76.1700,74.6000,75.1700,2850500,67.4610
2023-10-19,74.9900,75.5900,74.2900,74.4200,2770600,66.7879
2023-10-20,74.3700,75.1600,73.2800,73.3500,3270200,65.8277
2023-10-23,72.6400,74.3000,72.0100,73.3500,3844700,65.8277
2023-10-24,73.8400,74.9500,73.7500,74.7400,3068900,67.0751
2023-10-25,74.6200,75.6200,74.3800,75.3600,4912700,67.6315
2023-10-26,75.5300,76.6200,75.3800,75.7700,3264200,67.9995
2023-10-27,75.5000,76.0000,74.6700,74.9300,2876300,67.2456
2023-10-30,75.1300,75.9700,74.3700,75.4100,3668400,67.6764
2023-10-31,75.7100,75.8500,74.9300,75.5400,4095900,67.7931
2023-11-01,75.6900,76.9600,74.7300,76.4800,4065600,68.6367
2023-11-02,76.2000,80.2000,76.2000,79.2400,5569300,71.1136
2023-11-03,80.1900,81.0800,79.6000,79.7200,4149800,71.5444
2023-11-06,79.7700,80.1300,78.8300,79.2500,3372400,71.1226
2023-11-07,79.1900,79.7200,78.6800,78.8500,3786900,70.7636
2023-11-08,78.4600,78.6200,77.2200,78.1500,3013600,70.1354
2023-11-09,77.6300,78.3700,77.0400,77.2600,2985500,70.1263
2023-11-10,77.7800,78.1200,77.1300,77.7000,3478900,70.5257
2023-11-13,77.2900,77.5900,74.9700,75.0200,4549900,68.0931
2023-11-14,76.7500,77.9900,76.6200,77.4100,3836900,70.2625
2023-11-15,77.2800,78.4400,76.4400,76.5300,3404700,69.4637
2023-11-16,77.4800,78.0800,76.9000,77.3800,4380100,70.2352
2023-11-17,77.7200,77.9100,76.8700,77.3900,3507100,70.2443
2023-11-20,77.0000,77.4600,75.9300,77.1900,3499800,70.0628
2023-11-21,77.4800,78.1700,76.7600,78.0400,3613200,70.8343
2023-11-22,78.0000,78.2800,77.4700,78.2500,2499700,71.0249
2023-11-24,78.4500,78.5000,77.8300,78.5000,1140200,71.2518
2023-11-27,78.6100,78.8400,77.7400,78.5400,2677800,71.2881
2023-11-28,78.5000,80.2100,78.1800,79.7300,3412100,72.3682
2023-11-29,80.0600,80.2800,79.0200,79.2200,2992600,71.9053
2023-11-30,79.2700,79.6400,78.7700,79.5500,3756500,72.2049
2023-12-01,79.8300,80.7700,79.3300,80.5100,2785100,73.0762
2023-12-04,79.9600,80.9700,79.6700,80.1300,3448900,72.7313
2023-12-05,80.2100,80.3500,79.0100,79.3100,2914600,71.9870
2023-12-06,79.9600,80.4800,79.5700,80.3600,2927900,72.9401
2023-12-07,80.5000,81.0000,79.8300,80.2000,2820000,72.7949
2023-12-08,80.1200,80.4400,79.2300,79.6400,2708000,72.2866
2023-12-11,79.8200,80.7600,79.5100,80.4900,3711600,73.0581
2023-12-12,80.6000,80.6600,79.6000,80.0000,3096800,72.6133
2023-12-13,80.2000,83.6900,79.8500,83.5700,4082200,75.8537
2023-12-14,83.9200,84.6900,83.1700,83.3300,6941500,75.6359
2023-12-15,82.5100,83.5800,81.9100,82.2300,10926100,74.6374
2023-12-18,82.2400,82.9200,81.5000,81.7300,3329000,74.1836
2023-12-19,82.0700,82.3100,81.5800,82.1300,2351100,74.5467
2023-12-20,82.0500,82.4900,80.2900,80.3200,3402200,72.9038
2023-12-21,80.6300,80.8200,79.4500,80.0400,4092600,72.6496
2023-12-22,80.5700,81.4200,80.3400,80.3800,2775000,72.9582
2023-12-26,80.5000,81.0700,80.3600,80.7300,1750600,73.2759
2023-12-27,80.7100,80.8700,80.2300,80.8100,2608500,73.3485
2023-12-28,80.4600,81.4100,80.3500,81.3300,2164900,73.8205
2023-12-29,81.0500,81.3100,80.4600,81.2200,2476500,73.7207
2024-01-02,81.0000,83.3400,80.8100,83.1800,3429100,75.4997
2024-01-03,83.6300,83.7200,82.8600,83.3800,2915600,75.6812
2024-01-04,83.3300,83.9800,83.0600,83.3900,3155500,75.6903
2024-01-05,83.1300,84.5400,82.9800,84.0700,2463900,76.3075
2024-01-08,83.7700,84.5600,83.6200,84.5100,2471800,76.7069
2024-01-09,84.0200,84.4900,83.6700,84.1300,2922800,76.3620
2024-01-10,83.8700,83.9600,82.4900,82.5400,3053400,74.9188
2024-01-11,81.3900,81.7200,79.9200,80.4000,3574600,72.9764
2024-01-12,80.8600,81.7500,80.5800,81.4900,4672800,73.9657
2024-01-16,81.0000,81.5300,80.6700,80.9800,6900500,73.5028
2024-01-17,80.6400,81.0900,79.0900,79.7300,4394900,72.3682
2024-01-18,79.2500,79.5000,77.9600,78.2000,6144800,70.9795
2024-01-19,78.2400,78.4900,77.0400,77.7000,4301600,70.5257
2024-01-22,77.5300,78.2400,76.7000,77.2600,2971000,70.1263
2024-01-23,77.3800,78.2500,77.0100,78.1100,3808500,70.8978
2024-01-24,78.7000,78.9400,76.8200,76.9900,5085800,69.8813
2024-01-25,78.0400,78.2800,77.0400,78.0900,3183600,70.8797
2024-01-26,78.0900,78.7000,77.6100,77.8400,2446800,70.6528
2024-01-29,77.8500,78.6000,77.1600,78.3800,2307200,71.1429
2024-01-30,78.0100,78.9300,77.5200,78.4400,2514100,71.1974
2024-01-31,79.0900,79.9200,77.5500,78.1400,3642000,70.9251
2024-02-01,78.0100,79.7400,77.5800,79.6900,2762500,72.3320
2024-02-02,78.9400,79.3200,77.7800,78.6300,2947000,71.3698
2024-02-05,77.9000,77.9400,76.7400,76.8000,2819400,69.7088
2024-02-06,76.7600,77.4700,76.4100,77.2300,3208300,70.0991
2024-02-07,77.5400,77.7000,76.7700,77.3300,3087100,70.1898
2024-02-08,76.1200,76.3000,75.2200,75.9400,3293500,69.7216
2024-02-09,75.7300,76.7300,75.5600,76.6600,2710300,70.3827
2024-02-12,76.5700,77.7200,76.3100,77.5900,2507000,71.2365
2024-02-13,79.3400,79.5400,77.5100,78.7800,7370200,72.3291
2024-02-14,78.8500,79.1300,78.0700,78.8000,3365100,72.3474
2024-02-15,79.0600,81.6700,79.0200,81.3600,6648500,74.6978
2024-02-16,81.2700,81.9900,80.6800,81.3500,6292700,74.6886
2024-02-20,81.5900,82.2700,80.7400,80.8800,4043200,74.2571
2024-02-21,81.5900,82.6200,81.2300,82.5600,4162600,75.7995
2024-02-22,82.0500,82.5100,81.4400,82.0000,4129900,75.2854
2024-02-23,82.0000,82.9100,81.7200,82.4500,2765900,75.6985
2024-02-26,82.1800,82.3100,80.7500,80.7700,4705300,74.1561
2024-02-27,83.5900,84.1600,81.5100,84.0700,7562500,77.1859
2024-02-28,83.0900,83.7500,82.5700,83.3200,6342100,76.4973
2024-02-29,84.0000,85.2200,83.5800,85.1900,10228500,78.2142
2024-03-01,85.2000,85.2000,83.0300,84.9900,9446200,78.0306
2024-03-04,84.6200,85.4400,84.3800,84.9500,4358300,77.9938
2024-03-05,85.5000,86.1500,83.9700,84.0500,4356500,77.1675
2024-03-06,84.7500,85.0300,83.8600,83.9200,4095800,77.0482
2024-03-07,84.7600,85.1000,84.0600,84.1000,3554400,77.2134
2024-03-08,83.6000,84.5700,83.2000,83.8400,4567800,76.9747
2024-03-11,83.2600,84.4300,82.9300,83.7300,5094100,76.8737
2024-03-12,83.2100,83.8900,82.5300,83.3900,2893600,76.5616
2024-03-13,83.5800,84.3100,82.7600,83.0000,2997600,76.2035
2024-03-14,82.6200,82.9000,81.1200,81.8600,3828700,75.1569
2024-03-15,81.9600,82.7200,81.7400,82.1100,6055700,75.3864
2024-03-18,82.0000,83.1500,81.8200,82.1600,4885700,75.4323
2024-03-19,82.1200,83.5200,81.9200,83.3200,4138100,76.4973
2024-03-20,83.0000,84.0300,82.5900,82.8500,5122600,76.0658
2024-03-21,82.9500,83.6900,82.8500,83.1000,3108800,76.2953
2024-03-22,83.3500,83.4200,82.4600,82.9500,2374200,76.1576
2024-03-25,82.9500,83.4700,82.5700,82.8700,1887400,76.0841
2024-03-26,82.7900,83.2500,82.2100,82.4800,2225100,75.7261
2024-03-27,83.0000,84.8300,82.7900,84.8000,2908500,77.8561
2024-03-28,84.9000,86.2400,84.7500,86.1000,3077300,79.0497
2024-04-01,86.1100,86.1700,84.4200,84.5600,2532600,77.6358
2024-04-02,84.2000,85.6600,84.0200,85.2100,2065500,78.2325
2024-04-03,85.3000,85.3000,84.1700,84.3300,1816500,77.4246
2024-04-04,85.1000,85.1900,83.2400,83.9600,1990600,77.0849
2024-04-05,83.4500,84.2300,82.4000,83.9500,2432000,77.0757
2024-04-08,83.9200,84.4100,83.5800,84.2700,1710600,77.3695
2024-04-09,84.5200,85.1800,84.2500,85.0800,2812500,78.1132
2024-04-10,83.5600,83.9700,82.4100,83.2900,2872300,76.4698
2024-04-11,83.5000,83.5800,82.5500,82.9100,1828800,76.1209
2024-04-12,82.8600,83.2700,81.5200,82.1000,2409400,75.3772
2024-04-15,82.3900,82.5300,80.5400,80.9100,3137100,74.2847
2024-04-16,80.9100,81.0400,79.1600,79.5100,3218900,72.9993
2024-04-17,80.0400,81.4400,79.8500,81.2400,2290800,74.5876
2024-04-18,81.4700,82.8000,80.7700,82.5600,3544700,75.7995
2024-04-19,82.8400,84.7400,82.7500,84.2000,5406100,77.3052
2024-04-22,83.9900,85.1200,83.6800,84.9000,2400800,77.9479
2024-04-23,84.4000,85.6900,84.2800,85.5600,3562300,78.5539
2024-04-24,84.5700,86.5900,84.3100,86.3700,3865000,79.2975
2024-04-25,86.4900,87.2000,85.1500,86.8600,3239600,79.7474
2024-04-26,86.8600,87.0400,85.2400,85.2600,2975900,78.2785
2024-04-29,85.8200,86.7600,85.8200,86.6700,2853600,79.5730
2024-04-30,87.5000,88.3000,86.0300,86.0300,5739100,78.9854
2024-05-01,85.7600,89.3600,85.7000,88.1500,5344700,80.9318
2024-05-02,88.0500,88.6400,87.4000,88.2500,2672800,81.0236
2024-05-03,89.0000,89.2800,87.9500,88.6000,3332400,81.3449
2024-05-06,88.7600,89.1900,88.2000,88.8100,2354100,81.5377
2024-05-07,89.1700,89.9400,88.7700,89.8700,3331000,82.5110
2024-05-08,89.8500,90.7600,89.3300,90.5800,2051800,83.1628
2024-05-09,89.3300,90.9800,89.3200,90.9500,2465700,84.3217
2024-05-10,91.0000,91.8400,90.7000,91.6100,3249800,84.9336
2024-05-13,92.0000,92.3500,91.2700,91.5200,2002100,84.8502
2024-05-14,92.0100,92.0200,90.3800,90.7900,2467400,84.1734
2024-05-15,91.6400,92.5700,91.0700,91.9700,2389900,85.2674
2024-05-16,92.3500,92.9800,92.0100,92.5400,2280500,85.7958
2024-05-17,92.2600,92.8000,91.8000,92.6700,2908000,85.9164
2024-05-20,92.8400,92.8400,92.1400,92.5900,1725400,85.8422
2024-05-21,92.5900,93.4400,92.3700,92.6200,2247500,85.8700
2024-05-22,92.0700,92.4500,91.3400,91.4800,2361600,84.8131
2024-05-23,91.1300,91.1300,89.2100,89.2800,2182700,82.7734
2024-05-24,89.4800,89.8000,88.8400,88.9700,3123500,82.4860
2024-05-28,88.7000,89.5200,88.3200,88.6200,2648400,82.1615
2024-05-29,87.7000,87.9600,86.9700,87.4700,2438900,81.0953
2024-05-30,87.8000,88.2700,87.1900,88.1600,2228800,81.7351
2024-05-31,88.2500,90.3200,88.0400,90.2500,5511600,83.6727
2024-06-03,90.1600,90.5400,89.6700,90.0800,2913800,83.5151
2024-06-04,89.8500,91.0000,89.6100,90.3800,2149000,83.7933
2024-06-05,90.0000,90.1200,88.7400,88.9500,2326600,82.4675
2024-06-06,89.0800,90.2500,88.6300,88.7000,2421300,82.2357
2024-06-07,87.7700,89.0900,87.7400,88.3000,1740900,81.8648
2024-06-10,87.8800,88.9000,87.3700,88.5500,2214700,82.0966
2024-06-11,88.0100,88.8400,87.5300,88.4100,2670100,81.9668
2024-06-12,89.4300,89.4300,87.3800,87.9600,1864500,81.5496
2024-06-13,87.6600,88.4100,87.1100,87.9000,2099500,81.4940
2024-06-14,87.3900,88.0700,87.0200,88.0000,1401600,81.5867
2024-06-17,87.4000,88.6000,86.8900,87.7500,1856000,81.3549
2024-06-18,87.5800,88.1700,87.1200,87.5500,1826000,81.1695
2024-06-20,87.3700,88.5700,87.2800,87.8800,3058200,81.4754
2024-06-21,87.4900,88.6500,86.9700,87.0500,5915000,80.7060
2024-06-24,87.5500,88.4600,87.1600,88.1400,3737300,81.7165
2024-06-25,87.8900,88.2500,86.7000,86.8900,1702000,80.5576
2024-06-26,86.5000,87.3400,85.9300,87.1600,1693700,80.8079
2024-06-27,86.8400,88.3600,86.8400,88.3000,3586100,81.8648
2024-06-28,88.6400,88.7500,87.5500,87.7400,3685900,81.3456
2024-07-01,88.2200,88.8400,87.0300,87.2800,1427400,80.9192
2024-07-02,87.5100,88.0800,87.1100,87.6200,2007300,81.2344
2024-07-03,87.7200,88.6700,87.4800,87.5600,1154400,81.1788
2024-07-05,87.6900,88.4800,87.3000,87.8600,1260600,81.4569
2024-07-08,87.9000,87.9100,87.0000,87.1100,2059000,80.7616
2024-07-09,86.9800,87.8400,86.8300,87.6900,1994500,81.2993
2024-07-10,88.0000,88.3000,87.5100,88.2500,1845500,81.8185
2024-07-11,88.7000,90.9800,88.6100,90.8400,2690700,84.2197
2024-07-12,91.2500,91.8000,90.6200,90.9600,2431800,84.3310
2024-07-15,89.9000,90.9600,89.8400,90.9400,2678900,84.3124
2024-07-16,91.5800,92.0100,91.1800,91.8500,1853300,85.1561
2024-07-17,92.0800,94.1800,92.0200,93.5200,3277600,86.7044
2024-07-18,93.2500,94.7200,93.0600,93.4900,1976800,86.6766
2024-07-19,93.8100,93.8100,92.5800,93.1400,2072800,86.3521
2024-07-22,93.4400,94.6600,93.1000,94.3500,2754600,87.4739
2024-07-23,94.2000,94.2400,93.3500,93.6400,3048900,86.8157
2024-07-24,94.2900,95.5700,93.7800,95.0200,2523400,88.0951
2024-07-25,95.8600,97.3200,95.1800,95.8400,3340200,88.8553
2024-07-26,96.3500,96.8500,95.8000,96.4500,2275100,89.4209
2024-07-29,96.6300,97.4200,95.7000,97.0700,2356300,89.9957
2024-07-30,96.0100,98.1800,96.0000,98.1400,3978800,90.9877
2024-07-31,98.9200,98.9200,97.2900,98.1200,4727100,90.9692
2024-08-01,98.3900,101.3700,98.0100,101.2400,4628700,93.8618
2024-08-02,103.5900,104.3500,99.7200,101.7900,4453700,94.3717
2024-08-05,104.2400,104.4100,97.9700,98.0600,3951200,90.9135
2024-08-06,97.2800,99.4200,97.2200,98.2900,4524600,91.1268
2024-08-07,98.8500,100.6100,98.3600,99.5700,4490000,92.3135
2024-08-08,99.1000,99.9400,97.8700,98.0400,3077700,90.8950
2024-08-09,97.4300,97.9500,96.1100,97.5300,3029600,91.2411
2024-08-12,97.4900,97.4900,96.6200,97.1400,3130000,90.8763
2024-08-13,97.5300,98.3700,97.4800,98.1300,2764000,91.8025
2024-08-14,97.3600,98.3000,97.0500,97.2400,3292800,90.9698
2024-08-15,96.9800,97.1800,96.1700,96.5600,3008700,90.3337
2024-08-16,96.4200,97.1700,95.9500,96.9400,2978600,90.6892
2024-08-19,97.1800,97.7400,96.7300,97.5400,1903900,91.2505
2024-08-20,97.4000,97.9000,97.3100,97.6400,1802100,91.3440
2024-08-21,97.9900,98.7400,97.6400,98.0100,2220000,91.6902
2024-08-22,97.6700,98.3800,97.6500,98.2900,1974700,91.9521
2024-08-23,98.5600,99.2100,98.0300,98.2500,3530600,91.9147
2024-08-26,98.6000,99.8100,98.5000,99.0200,1720900,92.6351
2024-08-27,99.0200,99.4200,98.2000,98.5400,2447200,92.1860
2024-08-28,98.9500,99.8400,98.5000,98.5400,3245000,92.1860
2024-08-29,98.6700,99.7900,98.0900,99.7500,2749600,93.3180
2024-08-30,99.9400,100.9800,99.6600,100.2800,2892100,93.8138
2024-09-03,100.1900,101.9900,100.0000,101.5700,3379900,95.0206
2024-09-04,101.9500,103.1000,101.5600,102.4300,2843900,95.8252
2024-09-05,103.0400,103.4000,101.4100,103.1000,3209300,96.4520
2024-09-06,103.4800,103.5500,101.9700,102.0500,3659200,95.4697
2024-09-09,102.6500,103.8600,102.0500,103.6600,2538300,96.9759
2024-09-10,104.1000,104.4100,102.7300,103.2300,2932000,96.5736
2024-09-11,103.1200,103.2700,101.6800,103.0500,2429400,96.4052
2024-09-12,102.7700,103.4000,102.2600,102.9900,2098100,96.3491
2024-09-13,103.2100,104.2000,102.5700,104.1700,1425900,97.4530
2024-09-16,104.3200,105.1800,104.0400,104.9500,2171900,98.1827
2024-09-17,104.7100,104.9400,103.9200,104.2100,1724200,97.4904
2024-09-18,104.1500,104.3600,102.5500,103.2200,1890100,96.5642
2024-09-19,102.2700,102.8400,101.2800,101.7400,4300400,95.1797
2024-09-20,102.0000,102.2600,101.0700,102.1500,5395300,95.5632
2024-09-23,102.9400,102.9900,101.9500,102.5300,2720600,95.9187
2024-09-24,101.8400,103.0200,101.2800,101.4100,3226900,94.8710
2024-09-25,101.5600,101.9100,100.7900,101.1500,2650100,94.6277
2024-09-26,101.0000,101.4000,100.5400,100.7400,2436600,94.2442
2024-09-27,101.2400,102.1400,101.0000,101.8400,2019100,95.2732
2024-09-30,101.8700,102.9200,101.4100,102.6000,2890400,95.9842
2024-10-01,102.2800,102.9000,101.6700,102.2200,2072200,95.6287
2024-10-02,101.3900,102.1900,101.2700,101.8100,2580300,95.2452
2024-10-03,101.9500,102.4500,101.2400,101.3700,3054300,94.8335
2024-10-04,100.4700,100.8400,99.6100,100.2800,1900800,93.8138
2024-10-07,99.6300,99.7800,97.6800,98.0600,2928900,91.7370
2024-10-08,98.0800,98.6900,97.9000,98.2000,2194200,91.8680
2024-10-09,98.0400,98.4900,97.4100,97.7200,1777100,91.4189
2024-10-10,97.7300,98.3400,97.0500,97.2200,1669400,90.9511
2024-10-11,97.3000,98.3700,97.2600,98.2500,1849100,91.9147
2024-10-14,98.3500,98.9400,98.1600,98.7900,2510900,92.4199
2024-10-15,99.3700,100.6100,99.2800,99.6600,3174200,93.2338
2024-10-16,100.1000,101.7100,99.8600,101.3200,2695100,94.7868
2024-10-17,101.7500,101.8200,100.5700,100.9100,2008900,94.4032
2024-10-18,100.8300,100.8400,99.7600,100.6900,3111800,94.1974
2024-10-21,100.7800,101.0800,99.6600,100.1600,2548000,93.7016
2024-10-22,99.6700,100.2500,99.2100,99.8900,1981800,93.4490
2024-10-23,100.0000,100.8700,99.6800,100.8300,1863600,94.3284
2024-10-24,101.2900,101.4300,99.1800,99.3900,2099200,92.9812
2024-10-25,99.7900,99.9000,98.0500,98.1900,2338800,91.8586
2024-10-28,98.8500,99.3300,98.5600,99.1100,2420500,92.7193
2024-10-29,98.7300,98.7300,97.0700,97.3900,2660400,91.1102
2024-10-30,97.3900,97.8500,96.6900,97.4000,3362300,91.1195
2024-10-31,97.4500,99.3400,97.2600,98.7500,4884900,92.3825
2024-11-01,98.5300,99.2300,97.0700,97.2500,3807200,90.9792
2024-11-04,96.7500,98.4400,96.6900,98.4000,3880000,92.0550
2024-11-05,98.6300,100.4800,98.1900,100.4000,5926200,93.9261
2024-11-06,99.1300,100.0000,96.1800,96.2500,6428200,90.0437
2024-11-07,96.1800,96.9100,95.3100,96.3300,3510000,90.1185
2024-11-08,95.8700,97.1500,95.5900,96.4000,2581000,91.0632
2024-11-11,96.0000,96.3700,94.2500,94.5100,3411600,89.2778
2024-11-12,94.3200,94.7400,92.6000,92.9600,3484700,87.8136
2024-11-13,93.0500,93.4700,92.5100,93.3300,2561500,88.1631
2024-11-14,93.1800,94.5900,92.9500,93.7600,2571100,88.5693
2024-11-15,94.1200,96.4400,93.8100,96.3100,5557500,90.9781
2024-11-18,96.3100,97.3800,96.1000,96.4900,3399200,91.1482
2024-11-19,96.1000,96.7600,95.3800,96.7000,1879700,91.3466
2024-11-20,96.2500,96.8600,95.9000,96.8000,2527600,91.4410
2024-11-21,97.1100,98.1500,96.4100,98.0800,2849600,92.6502
2024-11-22,98.1900,98.5200,97.5400,97.5900,2048800,92.1873
2024-11-25,97.8900,98.5000,97.1200,98.1000,3384300,92.6690
2024-11-26,98.7300,99.4700,98.3100,99.3300,2277600,93.8310
2024-11-27,99.6000,100.7200,99.6000,99.8900,1558600,94.3600
2024-11-29,99.9300,100.2800,99.3000,99.8600,1260600,94.3316
2024-12-02,99.9600,100.0000,97.7300,98.2200,2188300,92.7824
2024-12-03,98.9000,98.9000,97.0100,97.0200,1917500,91.6488
2024-12-04,97.2400,97.3400,95.8800,96.2500,2832300,90.9215
2024-12-05,96.3500,97.9800,96.2100,97.4500,2234700,92.0550
2024-12-06,97.1800,97.4300,95.6600,95.8500,2677500,90.5436
2024-12-09,95.8500,96.8600,95.3000,95.5800,2651100,90.2886
2024-12-10,95.5800,95.5800,93.5900,95.1000,2045300,89.8351
2024-12-11,95.2100,95.2100,93.2400,93.6300,2925600,88.4465
2024-12-12,93.3000,94.2000,92.8000,92.8500,1983900,87.7097
2024-12-13,92.5600,93.3800,92.1700,92.7100,1810400,87.5774
2024-12-16,92.7100,92.8600,91.7000,91.7700,2410700,86.6895
2024-12-17,91.4700,93.0400,91.2900,91.9200,2749300,86.8312
2024-12-18,91.8300,92.2500,90.8600,90.9100,3451300,85.8771
2024-12-19,90.5500,92.0300,90.4200,91.2400,3147800,86.1888
2024-12-20,91.8400,93.0700,91.2300,92.7500,6781800,87.6152
2024-12-23,92.4700,92.9800,91.5900,92.8600,2282500,87.7191
2024-12-24,92.5500,93.1100,92.2500,92.3700,1404400,87.2563
2024-12-26,92.0500,92.5600,91.8000,92.0600,2066500,86.9634
2024-12-27,91.6200,92.6600,91.3100,92.5100,1722700,87.3885
2024-12-30,92.5900,92.6400,91.2300,92.0600,1661200,86.9634
2024-12-31,92.1800,92.4800,91.5000,92.2300,1594500,87.1240
2025-01-02,92.5700,93.2300,91.5900,91.9400,1757200,86.8501
2025-01-03,92.4000,93.0600,92.0300,92.0500,1688400,86.9540
2025-01-06,92.0500,92.0500,90.0100,90.3200,3457200,85.3198
2025-01-07,90.1000,91.9100,90.1000,90.4700,2706000,85.4615
2025-01-08,90.2500,92.3500,89.9100,92.2600,2591500,87.1524
2025-01-10,93.1500,94.6700,92.6700,93.5100,7731000,88.3332
2025-01-13,95.1500,95.9200,92.7600,94.5400,6013900,89.3061
2025-01-14,93.6700,94.5400,93.4300,94.5000,3172300,89.2683
2025-01-15,95.3800,95.6100,94.5300,95.1200,3104700,89.8540
2025-01-16,94.8800,96.8500,94.7000,96.8200,2456500,91.4599
2025-01-17,97.6400,97.9800,96.8000,97.2500,2728500,91.8661
2025-01-21,98.0000,98.7300,97.6000,97.8100,2439900,92.3951
2025-01-22,97.5800,98.1300,96.8500,97.4900,3503900,92.0928
2025-01-23,98.2900,99.5000,97.3800,97.4700,4427900,92.0739
2025-01-24,97.0800,98.5000,97.0500,98.1800,2140300,92.7446
2025-01-27,99.3400,103.0500,98.1600,102.6300,5428200,96.9483
2025-01-28,102.4700,102.4700,99.7500,100.0000,3524300,94.4639
2025-01-29,100.0300,100.7300,97.3600,98.0500,3345800,92.6218
2025-01-30,98.5500,99.1500,97.5600,98.0300,3590700,92.6029
2025-01-31,97.8400,99.0500,97.5200,98.3600,4912700,92.9147
2025-02-03,98.3600,99.6900,97.3200,99.3600,2659300,93.8593
2025-02-04,98.5200,99.0700,97.8000,97.8800,2126200,92.4612
2025-02-05,98.6700,99.8900,98.4000,99.3900,2280400,93.8876
2025-02-06,99.6400,100.6700,98.8700,100.1700,3152600,94.6245
2025-02-07,100.1400,100.4400,99.4100,100.3500,2861500,94.7945
2025-02-10,99.7600,100.9600,99.1100,100.8300,2473700,96.1389
2025-02-11,100.5900,102.1100,99.4700,101.8800,3165900,97.1400
2025-02-12,100.7300,102.5200,100.6000,102.3500,3163000,97.5882
2025-02-13,101.3700,102.5700,100.3200,100.9900,4939000,96.2914
2025-02-14,101.2100,102.9200,100.8400,101.8300,2770900,97.0924
2025-02-18,101.2900,103.2400,101.0000,102.2000,3146400,97.4451
2025-02-19,102.6700,103.1600,101.7200,103.0900,2510600,98.2937
2025-02-20,102.9700,104.6500,102.2000,104.3500,2702100,99.4951
2025-02-21,104.3500,105.7300,104.0600,105.3300,4002000,100.4295
2025-02-24,105.8700,107.3600,105.2100,106.2900,3075000,101.3449
2025-02-25,106.7000,107.8400,105.9700,107.6400,3408700,102.6321
2025-02-26,107.2300,107.5100,106.3700,106.8900,2446500,101.9169
2025-02-27,106.2000,106.7800,104.8000,105.1600,3661300,100.2674
2025-02-28,106.1000,107.1100,104.6600,106.0500,4391000,101.1160
2025-03-03,105.8500,107.8200,105.6900,107.7000,3452000,102.6893
2025-03-04,108.5300,109.5200,105.1400,105.2400,5609500,100.3437
2025-03-05,104.5000,105.4600,103.1900,103.3900,3665600,98.5798
2025-03-06,103.3000,103.3100,101.4200,102.5900,3031000,97.8170
2025-03-07,102.8400,104.8800,102.6800,104.6200,4042400,99.7526
2025-03-10,104.9100,108.6700,104.9100,107.3200,5535400,102.3269
2025-03-11,107.6700,107.9900,104.3900,104.4300,4282500,99.5714
2025-03-12,102.8800,103.7900,102.3500,102.9600,3284600,98.1698
2025-03-13,102.8100,104.2900,102.7000,104.2400,1909600,99.3902
2025-03-14,104.0600,105.9500,103.5900,105.5600,4419400,100.6488
2025-03-17,105.6700,106.8300,105.1300,105.8600,5577100,100.9349
2025-03-18,106.2900,106.4900,105.3800,105.9900,2757500,101.0588
2025-03-19,105.8500,106.3000,105.1400,105.8400,2786600,100.9158
2025-03-20,105.8000,106.5900,105.5500,106.2100,2946600,101.2686
2025-03-21,106.1400,106.6500,104.4000,105.1100,5649200,100.2198
2025-03-24,105.2500,105.6900,104.0300,104.1800,2619400,99.3330
2025-03-25,103.0000,103.0000,101.9600,102.5000,24651800,97.7312
2025-03-26,102.7800,104.3100,102.5700,103.9000,5938600,99.0661
2025-03-27,103.9400,105.6000,103.7800,105.1500,5232700,100.2579
2025-03-28,105.8700,107.4100,105.3700,106.9600,6173400,101.9837
2025-03-31,108.3700,109.7600,107.8400,109.2700,6560100,104.1862
2025-04-01,108.6100,108.8800,107.5200,108.3700,3941900,103.3281
2025-04-02,108.8000,108.8000,107.2700,107.7500,3279800,102.7369
2025-04-03,109.7600,110.4600,107.7500,109.1100,6063300,104.0337
2025-04-04,110.1200,110.4800,103.9200,104.4800,7368600,99.6191
2025-04-07,104.2500,104.7900,100.6700,101.5700,7767500,96.8445
2025-04-08,102.2800,103.9800,100.5600,101.2800,6473400,96.5680
2025-04-09,100.9500,103.8200,98.3500,102.3500,7048100,97.5882
2025-04-10,102.1000,104.3100,101.5200,103.2000,4114800,98.3986
2025-04-11,103.6400,105.1700,101.8600,104.6300,3582800,99.7621
2025-04-14,104.4500,106.9400,103.7300,106.5800,3224700,101.6214
2025-04-15,107.0500,107.5100,106.2100,106.6800,2599700,101.7167
2025-04-16,106.9400,107.4600,105.6500,105.9200,2786900,100.9921
2025-04-17,106.7500,109.0300,106.6700,107.7100,3156700,102.6988
2025-04-21,107.7700,107.7700,104.7200,105.5300,3608900,100.6202
2025-04-22,106.2600,108.3100,106.1300,108.1500,2304700,103.1183
2025-04-23,107.5800,108.1300,105.5700,107.0200,3202100,102.0409
2025-04-24,106.9700,107.6300,105.7000,106.7000,3676700,101.7358
2025-04-25,106.7700,106.8800,105.5800,106.7400,2853400,101.7739
2025-04-28,106.7700,107.5600,105.7000,107.0600,3303300,102.0790
2025-04-29,107.2000,108.5800,106.2900,108.5000,2950700,103.4520
2025-04-30,108.9700,109.0800,106.3400,108.3400,5418500,103.2995
2025-05-01,107.8800,108.7600,107.1300,107.5400,3107200,102.5367
2025-05-02,108.2700,108.3400,107.1600,107.6900,1984700,102.6797
2025-05-05,107.7500,108.0400,106.2700,107.4400,2616200,102.4414
2025-05-06,108.2400,109.0300,107.0000,107.4400,3309200,102.4414
2025-05-07,107.4300,108.1600,106.5000,107.4800,3249100,102.4795
2025-05-08,107.0700,107.3200,104.5300,105.1900,3598800,100.2960
2025-05-09,104.4300,104.8400,103.7300,104.6800,3057000,100.7001
2025-05-12,103.1400,103.6100,100.5700,100.9900,4449600,97.1504
2025-05-13,100.9900,101.2800,99.3800,99.5600,4607200,95.7747
2025-05-14,99.2700,99.2900,97.4600,98.5900,5207200,94.8416
2025-05-15,99.3700,101.7000,99.3500,101.6100,5823900,97.7468
2025-05-16,101.5800,103.0900,101.2500,103.0400,2868900,99.1224
2025-05-19,102.6800,103.9000,102.5200,103.7800,1909300,99.8343
2025-05-20,103.6400,104.2400,103.5900,103.7300,2408200,99.7862
2025-05-21,103.5600,103.9200,102.4300,102.9300,3340400,99.0166
2025-05-22,102.8300,103.0700,100.9300,101.8000,3285100,97.9296
2025-05-23,102.6400,102.9600,101.2000,102.8800,1888400,98.9685
2025-05-27,103.4400,103.4500,102.5700,102.9100,2582100,98.9974
2025-05-28,102.7000,102.8900,101.2800,101.6800,2426900,97.8141
2025-05-29,101.6800,102.7700,100.8600,102.5300,2297600,98.6318
2025-05-30,102.7200,103.7700,102.2600,103.4900,3896600,99.5553
2025-06-02,102.8800,103.4900,102.2500,103.1800,2318100,99.2571
2025-06-03,102.8300,103.1200,101.7600,102.8300,2423200,98.9204
2025-06-04,102.8500,103.3400,101.7700,101.8500,1950500,97.9777
2025-06-05,101.8000,102.1900,101.3000,101.7700,2034700,97.9007
2025-06-06,101.8300,102.0000,101.1500,101.7900,2045100,97.9199
2025-06-09,101.5500,102.2700,100.8500,101.4100,2418300,97.5544
2025-06-10,101.5600,102.0400,100.7800,101.8700,2730500,97.9969
2025-06-11,101.7300,102.1100,101.2200,101.9400,2193100,98.0642
2025-06-12,102.1900,103.1000,101.9600,103.0200,2125000,99.1032
2025-06-13,103.2000,103.6800,102.6800,102.9000,2389500,98.9877
2025-06-16,103.0000,103.5300,101.3100,101.9100,2790700,98.0354
2025-06-17,102.0400,102.0400,100.7200,101.6200,2418700,97.7564
2025-06-18,101.6500,101.9600,100.8000,101.2000,1893500,97.3524
2025-06-20,101.5000,102.6100,101.1100,101.7500,4085600,97.8815
2025-06-23,102.4800,103.5400,102.3800,103.3100,3327700,99.3822
2025-06-24,103.1800,103.9300,102.8700,103.2800,2260100,99.3533
2025-06-25,103.0200,103.0900,101.2300,101.4100,2193000,97.5544
2025-06-26,101.8800,102.7000,101.1500,102.3500,3001700,98.4586
2025-06-27,102.4900,103.3400,102.1800,102.4600,3457500,98.5645
2025-06-30,102.2500,103.9600,102.0600,103.7600,3246300,99.8151
2025-07-01,104.1000,104.8300,103.1000,104.3900,3516300,100.4211
2025-07-02,103.8500,104.0900,102.5700,103.2600,3259500,99.3341
2025-07-03,103.1500,104.2000,102.9000,103.8600,1620500,99.9113
2025-07-07,103.8600,104.2400,103.5300,104.1700,2705500,100.2095
2025-07-08,103.4400,104.2800,102.3900,103.9600,2744400,100.0074
2025-07-09,103.9600,104.9500,103.0300,104.7400,2201400,100.7578
2025-07-10,104.1000,106.2300,103.8600,106.0400,2483000,102.0084
2025-07-11,105.1900,105.9000,104.6900,105.3400,2473900,101.3350
2025-07-14,105.3200,106.2300,104.4600,105.0200,2969000,101.0271
2025-07-15,104.7600,104.9500,103.6400,104.4000,2422100,100.4307
2025-07-16,104.4000,105.7100,104.1500,105.4900,2497100,101.4793
2025-07-17,105.1800,106.1900,105.0200,105.9300,2271000,101.9025
2025-07-18,106.6000,107.9200,105.9500,107.4000,4443900,103.3167
2025-07-21,107.6600,109.0800,107.5000,108.5400,2933300,104.4133
2025-07-22,108.8700,110.5100,108.6100,110.1600,3504100,105.9717
2025-07-23,110.2500,110.2500,108.3600,108.8900,2738800,104.7500
2025-07-24,108.8600,109.8900,108.6100,108.9700,2491300,104.8270
2025-07-25,109.1200,109.9700,108.7500,109.7900,2287300,105.6158
2025-07-28,109.5000,109.5800,107.7400,107.9500,3049900,103.8457
2025-07-29,108.3900,109.2800,107.7500,109.2200,3585200,105.0675
2025-07-30,110.9400,114.2300,110.7000,113.2500,8827800,108.9442
2025-07-31,112.5600,113.9000,111.7300,113.1400,4718300,108.8384
2025-08-01,114.3600,114.3800,112.2000,113.5800,6100900,109.2617
2025-08-04,114.1100,115.2900,113.7300,115.0000,3601200,110.6277
2025-08-05,114.6900,115.3600,112.8800,113.2400,5616700,108.9346
2025-08-06,113.5700,114.3400,112.9800,113.4900,3385200,109.1751
2025-08-07,113.6600,114.4700,113.3300,113.7300,3312700,109.4060
2025-08-08,112.9900,113.4600,112.4000,112.5000,2707600,109.1150
2025-08-11,112.7100,112.7700,111.6500,112.0000,2033400,108.6301
2025-08-12,112.0500,112.1800,111.1300,111.9900,2576800,108.6204
2025-08-13,112.1500,113.3700,112.0800,113.1100,4601400,109.7067
2025-08-14,113.0000,113.2700,112.5300,112.8600,2230700,109.4642
2025-08-15,112.8600,113.3000,111.7600,111.9900,2354100,108.6204
2025-08-18,111.9900,112.3300,110.6800,110.7000,3173900,107.3692
2025-08-19,110.7000,112.6900,110.7000,112.6600,2725800,109.2702
2025-08-20,113.4500,115.0800,113.1500,113.5500,2817700,110.1334
2025-08-21,113.1200,113.8700,113.0500,113.1400,3112300,109.7358
2025-08-22,113.8700,114.5900,112.8400,114.0200,2389100,110.5893
2025-08-25,113.7000,114.3400,112.8900,113.0100,2332100,109.6097
2025-08-26,113.3300,113.3300,112.2200,112.6300,4310200,109.2411
2025-08-27,112.6300,113.2500,112.4700,112.8900,3328100,109.4933
2025-08-28,113.0000,113.1700,111.5600,111.7800,3697300,108.4167
2025-08-29,111.5000,111.6400,110.7000,111.0200,2896200,107.6795
2025-09-02,110.9600,111.1400,109.6500,110.0900,2528600,106.7775
2025-09-03,110.2500,110.3300,108.8500,110.0300,2429800,106.7193
2025-09-04,110.5400,110.7300,106.9400,108.6400,5218200,105.3711
2025-09-05,109.0000,109.1600,107.3500,108.1100,3664400,104.8571
2025-09-08,108.2200,108.3000,106.8700,107.5500,2708100,104.3139
2025-09-09,107.2900,108.5800,107.1300,108.3600,2678700,105.0996
2025-09-10,108.4300,108.8200,107.5900,108.3400,2528600,105.0802
2025-09-11,108.3400,108.9300,108.1300,108.7400,2634600,105.4682
2025-09-12,108.6600,109.7200,108.5100,109.4600,2180700,106.1665
2025-09-15,109.4400,109.7800,108.7200,109.1000,2511600,105.8173
2025-09-16,109.1000,109.1400,106.6100,106.8400,4044500,103.6253
2025-09-17,107.5100,107.9300,107.1100,107.5200,2540200,104.2849
2025-09-18,107.1100,107.3300,106.3000,106.4400,2513400,103.2374
2025-09-19,106.5500,107.6300,105.7000,107.0600,5846000,103.8387
2025-09-22,106.9500,107.3800,106.1200,107.0500,2645900,103.8290
2025-09-23,106.7800,108.3700,106.7800,108.1400,3052200,104.8862
2025-09-24,108.2600,109.5900,108.0900,108.8800,3029100,105.6039
2025-09-25,109.3300,109.9700,107.7800,107.8600,2758000,104.6146
2025-09-26,108.3700,109.5100,108.1500,109.1400,3303000,105.8561
2025-09-29,109.2800,110.1500,108.4900,109.7800,2879900,106.4769
2025-09-30,109.8200,112.6200,109.6700,112.5000,4322900,109.1150
2025-10-01,112.9600,113.4700,112.2600,112.7500,4407800,109.3575
2025-10-02,112.1100,114.0600,111.7300,113.4600,4243400,110.0461
2025-10-03,113.3400,115.0100,113.3400,114.0600,3554600,110.6281
2025-10-06,114.0600,115.8400,113.4400,115.6600,5123200,112.1799
2025-10-07,116.5700,119.0600,116.2300,118.1600,4141800,114.6047
2025-10-08,118.5600,118.6800,116.1500,118.1900,3869600,114.6338
2025-10-09,118.7700,118.8100,116.3900,116.9100,2915900,113.3923
2025-10-10,117.5200,117.7500,115.6500,117.0400,3890000,113.5184
2025-10-13,116.9600,117.8200,116.2100,116.8000,2253200,113.2856
2025-10-14,117.2300,118.6900,117.0000,118.3800,3189800,114.8181
2025-10-15,119.4000,119.4000,117.7800,118.5300,2495200,114.9636
2025-10-16,119.8900,120.4600,117.3600,117.5300,4072000,113.9937
2025-10-17,118.1000,118.2000,116.7600,117.5300,2762000,113.9937
2025-10-20,118.1300,118.1900,116.8700,117.8200,2989400,114.2749
2025-10-21,117.9700,118.0000,116.5400,117.4300,2395600,113.8967
2025-10-22,117.4300,118.1700,117.0700,117.2700,2461700,113.7415
2025-10-23,117.6300,117.7100,115.4300,116.1800,2284100,112.6843
2025-10-24,116.4700,117.1200,115.8500,115.9800,1888200,112.4903
2025-10-27,115.4800,116.7100,115.1200,116.3900,2811100,112.8880
2025-10-28,116.5200,116.6100,114.6700,115.1100,3890300,111.6465
2025-10-29,120.3000,122.7900,120.0100,122.1100,9568500,118.4359
2025-10-30,121.5500,122.8500,120.8000,121.8900,4430100,118.2225
2025-10-31,120.8900,121.0000,119.7800,120.2600,4518400,116.6415
2025-11-03,120.0000,120.1300,118.3500,119.9200,3108600,116.3118
2025-11-04,120.3600,120.8900,119.6200,120.3000,2678700,116.6803
2025-11-05,120.5700,121.1400,118.1900,119.7600,3738900,116.1566
2025-11-06,119.4000,120.5100,119.1800,119.5300,6242600,115.9335
2025-11-07,120.0400,121.6000,119.8900,121.4300,3283900,117.7763
2025-11-10,120.9400,123.3100,120.4900,122.5600,5090000,119.8097
2025-11-11,122.8700,123.2200,122.2500,122.7300,3469000,119.9758
2025-11-12,122.7100,122.9900,121.8100,122.6800,3493100,119.9270
2025-11-13,122.2500,123.0300,121.4200,121.4800,2900500,118.7539
2025-11-14,121.5800,122.3600,120.6400,121.3000,3047300,118.5779
2025-11-17,122.3200,124.0100,121.5600,123.7200,4266000,120.9436
2025-11-18,124.4200,124.8000,123.2900,123.5100,3121500,120.7383
2025-11-19,123.3200,123.4800,121.1800,121.7100,3569700,118.9787
2025-11-20,121.8500,122.2900,120.7900,120.9000,3298400,118.1869
2025-11-21,121.1700,121.7200,120.4700,120.8400,3232800,118.1282
2025-11-24,120.7700,122.8400,119.5900,122.0400,6435000,119.3013
2025-11-25,122.6000,122.8100,121.0200,121.5800,4552200,118.8516
2025-11-26,121.8000,122.8000,121.8000,122.7200,2681100,119.9661
2025-11-28,122.8800,123.9000,122.7200,123.7700,1801300,120.9925
2025-12-01,123.1100,123.2300,120.3700,120.5100,3322200,117.8057
2025-12-02,120.7700,121.3900,118.8100,119.2300,2878900,116.5544
2025-12-03,119.2300,119.7300,117.7700,118.0600,3429600,115.4106
2025-12-04,118.1900,119.1100,117.2700,118.0400,3501500,115.3911
2025-12-05,117.8700,118.1200,116.8300,117.5400,3166400,114.9023
2025-12-08,117.5400,117.5800,115.3100,115.7300,3422900,113.1329
2025-12-09,116.2800,117.0900,115.8200,116.0700,2196400,113.4653
2025-12-10,116.6600,116.6600,113.8400,114.1600,3241300,111.5982
2025-12-11,114.5100,115.3100,113.6800,114.2600,3171500,111.6959
2025-12-12,115.0000,115.4400,113.8400,114.1300,2671700,111.5688
2025-12-15,114.7500,116.0800,114.4100,115.7700,3031100,113.1720
2025-12-16,115.7700,116.1200,113.9800,114.5700,2706000,111.9989
2025-12-17,114.4400,115.0300,113.8700,114.7100,3808900,112.1358
2025-12-18,115.0000,115.8000,115.0000,115.5800,4794800,112.9863
2025-12-19,115.1500,116.3900,114.3600,114.4900,7322400,111.9207
2025-12-22,114.1600,114.9100,113.8400,114.6200,3049000,112.0478
2025-12-23,114.5900,115.2300,114.2400,115.1500,2918000,112.5659
2025-12-24,115.0500,115.3900,114.8100,115.3100,1057700,112.7223
2025-12-26,115.1900,115.9300,115.0000,115.6700,1896100,113.0743
2025-12-29,116.1000,116.7200,115.6200,115.7700,1814700,113.1720
2025-12-30,115.5800,116.2100,115.4500,115.9900,6956400,113.3871
2025-12-31,116.0100,116.0700,115.1600,115.3100,1579400,112.7223
