Date,Open,High,Low,Close,Volume,Adj Close
2016-01-04,14.5700,14.9200,14.3300,14.8200,686600,8.2955
2016-01-05,14.8700,14.8900,14.3000,14.5000,525500,8.1164
2016-01-06,14.3000,14.3700,13.8200,13.9500,740100,7.8085
2016-01-07,13.5900,13.7500,13.1900,13.2100,409900,7.3943
2016-01-08,13.3100,13.4000,13.1000,13.1900,652500,7.3831
2016-01-11,13.1500,13.5900,13.1500,13.5000,483300,7.5566
2016-01-12,13.6100,13.6300,12.6400,13.0100,579700,7.2824
2016-01-13,13.0100,13.3300,12.2000,12.4900,559500,6.9913
2016-01-14,12.5400,13.4400,12.4500,13.2600,1045700,7.4223
2016-01-15,12.8400,13.0500,11.9700,12.6400,784700,7.0753
2016-01-19,12.7400,12.7800,12.1000,12.1300,613000,6.7898
2016-01-20,11.9700,12.1100,10.9000,11.9700,989500,6.7002
2016-01-21,11.9200,12.7200,11.8500,12.3700,570400,6.9241
2016-01-22,12.6900,12.9000,12.4800,12.8500,598500,7.1928
2016-01-25,12.7000,12.7700,11.9800,12.1700,392600,6.8122
2016-01-26,12.2600,12.7000,12.0800,12.6000,458100,7.0529
2016-01-27,12.5100,13.0800,12.1800,13.0000,607200,7.2768
2016-01-28,13.1800,13.7000,13.0200,13.2600,545100,7.4223
2016-01-29,13.2800,13.8500,12.6100,13.2400,887500,7.4111
2016-02-01,13.0900,13.2800,12.7400,13.0400,606000,7.2992
2016-02-02,12.8700,13.5200,12.5000,13.3100,737100,7.4503
2016-02-03,13.3300,13.6000,12.9300,13.1700,435800,7.3719
2016-02-04,13.1500,13.7100,12.8500,12.9300,700800,7.2376
2016-02-05,12.8100,13.1000,12.3400,12.3500,598500,6.9129
2016-02-08,12.1900,12.6200,11.8000,12.1000,812200,6.7730
2016-02-09,11.9400,12.1400,11.4500,12.0900,521300,6.7674
2016-02-10,12.0300,12.0300,11.5600,11.6700,531800,6.5323
2016-02-11,11.4400,11.4600,10.6900,10.8900,460100,6.0957
2016-02-12,10.9500,11.2700,10.4900,11.1100,623400,6.2188
2016-02-16,11.3300,12.1000,11.3000,11.6100,768600,6.4987
2016-02-17,11.8800,13.0800,11.8300,12.7300,659100,7.1256
2016-02-18,12.8200,12.9100,12.3200,12.7000,359900,7.1088
2016-02-19,12.6000,12.8000,12.2900,12.6900,428400,7.1032
2016-02-22,12.8800,13.1700,12.4200,12.7000,546200,7.1088
2016-02-23,12.6300,12.7800,12.0100,12.0400,546300,6.7394
2016-02-24,11.8200,12.5900,11.7500,12.5200,574700,7.0081
2016-02-25,12.5300,12.8700,12.2800,12.8600,517400,7.1984
2016-02-26,12.5600,12.7200,12.3900,12.4400,375300,7.0873
2016-02-29,12.4100,13.2000,12.3400,13.0700,1017900,7.4462
2016-03-01,13.0800,13.9100,13.0100,13.7600,1058100,7.8393
2016-03-02,13.6300,13.7600,12.8600,13.7200,697200,7.8165
2016-03-03,13.7800,14.1200,13.4900,13.7200,689900,7.8165
2016-03-04,13.6700,13.8300,13.4300,13.5000,548600,7.6912
2016-03-07,13.5700,14.1500,13.4800,13.8000,669400,7.8621
2016-03-08,13.8500,13.8700,13.4800,13.6300,786600,7.7653
2016-03-09,13.7100,14.0300,13.3500,13.8900,660600,7.9134
2016-03-10,13.9600,14.3500,13.7600,14.3100,752300,8.1527
2016-03-11,14.4900,14.9300,14.4900,14.7700,1030500,8.4148
2016-03-14,14.7100,14.8000,13.9500,14.4500,521500,8.2324
2016-03-15,14.3200,14.4000,13.8300,14.0500,468300,8.0046
2016-03-16,14.0300,14.1900,13.8700,14.0600,675600,8.0103
2016-03-17,14.1400,14.1800,13.9300,14.0600,589100,8.0103
2016-03-18,14.1600,14.3300,13.9200,14.0400,781900,7.9989
2016-03-21,14.0300,14.2400,13.9800,14.1500,346000,8.0615
2016-03-22,14.1100,14.2400,13.8900,14.0700,273000,8.0159
2016-03-23,14.0500,14.0500,13.3700,13.3800,508500,7.6228
2016-03-24,13.2100,13.7200,13.0500,13.6900,383300,7.7995
2016-03-28,13.7600,13.9100,13.4800,13.7300,266800,7.8222
2016-03-29,13.5400,14.4000,13.4400,14.3600,384400,8.1812
2016-03-30,14.3900,14.5600,14.1100,14.1700,533700,8.0729
2016-03-31,14.2000,14.4700,14.0800,14.2400,301200,8.1128
2016-04-01,14.0800,14.5100,13.7800,14.4300,400400,8.2210
2016-04-04,14.4100,14.5100,13.9500,14.1300,371900,8.0501
2016-04-05,14.0800,14.1300,13.7800,14.0400,412900,7.9989
2016-04-06,14.0500,14.1100,13.8000,14.0700,359000,8.0159
2016-04-07,14.0400,14.4500,13.9100,14.0900,753200,8.0273
2016-04-08,14.2200,14.5000,14.0500,14.3100,335000,8.1527
2016-04-11,14.4000,14.7100,14.3800,14.4000,321900,8.2040
2016-04-12,14.4000,14.6700,14.3200,14.5000,266800,8.2609
2016-04-13,14.5300,14.8400,14.4000,14.6500,938500,8.3464
2016-04-14,14.6500,14.9000,14.6400,14.7700,411100,8.4148
2016-04-15,14.7700,14.9700,14.6200,14.8800,345300,8.4774
2016-04-18,14.7000,14.9100,14.4400,14.8700,444700,8.4717
2016-04-19,14.8900,15.3600,14.7300,15.2000,819700,8.6597
2016-04-20,15.1500,15.1800,14.5800,14.7100,875300,8.3806
2016-04-21,14.7000,14.8300,14.5300,14.7500,1936800,8.4034
2016-04-22,14.8200,15.2200,14.8100,15.1900,996200,8.6540
2016-04-25,15.2300,15.6900,15.2300,15.6600,779900,8.9218
2016-04-26,15.7700,16.1500,15.6200,16.0900,1083400,9.1668
2016-04-27,16.1100,16.4200,15.9700,16.2800,869600,9.2750
2016-04-28,16.2400,16.4900,16.1700,16.2100,511700,9.2351
2016-04-29,16.3400,16.5200,16.1000,16.1800,562700,9.2181
2016-05-02,16.1500,16.4300,16.0900,16.3600,414800,9.3206
2016-05-03,16.2200,16.4200,15.5800,15.8500,669300,9.0301
2016-05-04,15.8400,16.3300,15.8400,16.0200,766200,9.1269
2016-05-05,16.2900,16.5000,15.4800,15.5200,691700,8.8420
2016-05-06,15.4800,16.0500,15.4300,15.9400,702000,9.0813
2016-05-09,15.7400,15.8800,14.5900,15.1900,726800,8.6540
2016-05-10,15.1900,15.3000,14.8900,15.2400,648200,8.6825
2016-05-11,15.2700,15.2700,14.8800,15.1000,963200,8.6028
2016-05-12,15.2400,15.2400,14.5100,14.6200,716600,8.3293
2016-05-13,14.5500,14.9500,14.3100,14.8100,759100,8.4375
2016-05-16,14.8600,15.4200,14.7800,15.2300,612000,8.6768
2016-05-17,15.2000,15.5000,14.9600,15.2800,485800,8.7053
2016-05-18,15.2800,15.2800,14.8000,14.9600,800300,8.5230
2016-05-19,14.8500,15.0100,14.5300,14.9000,629600,8.4888
2016-05-20,14.9400,15.2200,14.8600,15.1600,282700,8.6369
2016-05-23,15.1600,15.5300,15.0500,15.4300,371300,8.7908
2016-05-24,15.5700,15.8300,15.3900,15.7400,716700,8.9674
2016-05-25,15.8300,15.8300,15.4700,15.5400,532600,8.8534
2016-05-26,15.5500,15.8100,15.4300,15.6600,347700,8.9218
2016-05-27,15.2400,15.6500,15.2400,15.3700,335800,8.8871
2016-05-31,15.4100,15.7300,15.3600,15.4600,350400,8.9392
2016-06-01,15.4300,15.5900,15.0800,15.5300,467700,8.9796
2016-06-02,15.4800,15.6900,15.4200,15.5100,288200,8.9681
2016-06-03,15.6300,16.0200,15.6200,15.7000,497900,9.0779
2016-06-06,15.7400,16.0300,15.6900,15.9600,510100,9.2283
2016-06-07,15.9700,16.2800,15.8500,16.2100,299900,9.3728
2016-06-08,16.2500,16.7800,16.2000,16.6700,538300,9.6388
2016-06-09,16.5500,16.6200,16.2500,16.5800,391300,9.5867
2016-06-10,16.3900,16.5100,15.6700,15.8200,557100,9.1473
2016-06-13,15.8100,16.0600,15.5900,15.6000,444200,9.0201
2016-06-14,15.5800,15.7200,14.9700,15.1800,636200,8.7772
2016-06-15,15.1600,15.2300,14.8700,14.9500,866100,8.6443
2016-06-16,14.8400,14.9200,14.6200,14.7300,578400,8.5171
2016-06-17,14.6300,15.0700,14.5600,14.9800,1160800,8.6616
2016-06-20,15.0000,15.2000,14.8100,14.8200,739300,8.5691
2016-06-21,14.9100,14.9700,14.5100,14.5300,548300,8.4014
2016-06-22,14.5500,14.8300,14.3300,14.4800,698200,8.3725
2016-06-23,14.6200,14.9700,14.5200,14.9100,781000,8.6211
2016-06-24,14.2900,14.7600,14.0300,14.7000,1136400,8.4997
2016-06-27,14.5400,14.6600,14.0600,14.5900,931300,8.4361
2016-06-28,14.7900,15.2200,14.6300,15.2000,501600,8.7888
2016-06-29,15.4200,15.7000,15.2100,15.6400,1274200,9.0432
2016-06-30,15.6600,15.7600,15.4400,15.5900,753300,9.0143
2016-07-01,15.5000,16.0100,15.5000,16.0000,319000,9.2514
2016-07-05,15.9500,15.9700,15.4500,15.7200,299000,9.0895
2016-07-06,15.6200,15.8300,15.4000,15.5600,338900,8.9970
2016-07-07,15.5100,15.8100,15.3300,15.5200,289300,8.9738
2016-07-08,15.6600,15.9100,15.5800,15.8400,588500,9.1589
2016-07-11,15.8500,16.4600,15.7500,16.2900,724100,9.4191
2016-07-12,16.4000,16.6400,16.1300,16.1800,425600,9.3555
2016-07-13,16.2300,16.3200,15.8800,15.9600,497200,9.2283
2016-07-14,15.9600,16.3800,15.9500,16.1000,1427300,9.3092
2016-07-15,16.1800,16.7000,16.0500,16.5400,788200,9.5636
2016-07-18,16.5000,16.7400,16.3300,16.6400,429300,9.6214
2016-07-19,16.5700,16.6200,16.2900,16.5700,484700,9.5810
2016-07-20,16.4900,17.5000,16.4000,17.3100,2132400,10.0088
2016-07-21,17.3600,17.6900,17.1400,17.6000,1463800,10.1765
2016-07-22,17.5900,17.8200,17.4000,17.4700,734100,10.1014
2016-07-25,17.5000,18.3800,17.4600,18.2700,1317000,10.5639
2016-07-26,18.3400,18.5600,17.9900,18.2900,1168600,10.5755
2016-07-27,18.3800,18.4300,17.7600,17.9000,653000,10.3500
2016-07-28,17.9500,18.0600,17.8500,17.9600,416400,10.3847
2016-07-29,17.9900,18.0900,17.8100,17.9400,497300,10.3731
2016-08-01,17.9000,17.9700,17.5000,17.5600,466200,10.1534
2016-08-02,17.6200,17.7300,17.2800,17.5200,382000,10.1303
2016-08-03,17.5200,18.1300,17.2600,17.9600,461300,10.3847
2016-08-04,17.9300,18.2200,17.8400,18.0200,366400,10.4194
2016-08-05,18.0300,18.2800,17.8200,18.0800,466500,10.4541
2016-08-08,18.0500,18.3300,17.7300,17.7700,477100,10.2748
2016-08-09,17.7000,17.7000,16.7900,17.1800,1258000,9.9337
2016-08-10,17.0800,17.4900,16.6100,17.0900,915300,9.8816
2016-08-11,17.1000,17.6700,17.1000,17.6600,640100,10.2112
2016-08-12,17.6600,17.8800,17.3500,17.5500,365500,10.1476
2016-08-15,17.5500,17.7600,17.4000,17.5600,687600,10.1534
2016-08-16,17.5900,17.5900,17.0500,17.0700,622600,9.8701
2016-08-17,17.0200,17.0600,16.6100,16.8000,859900,9.7139
2016-08-18,16.8100,16.9300,16.6100,16.7500,558700,9.6850
2016-08-19,16.6600,17.0000,16.5700,16.8900,714500,9.7660
2016-08-22,16.8900,16.9800,16.7000,16.9100,367900,9.7776
2016-08-23,17.0700,17.8000,17.0700,17.3000,905800,10.0031
2016-08-24,17.3300,17.6500,17.1400,17.2900,806100,9.9973
2016-08-25,17.3100,17.6000,17.1300,17.4400,588700,10.0840
2016-08-26,17.5600,17.9500,17.3600,17.5200,580100,10.1303
2016-08-29,17.5200,17.6900,17.3700,17.6400,652400,10.1996
2016-08-30,17.3700,17.4700,16.9900,17.0500,431800,9.9945
2016-08-31,17.0700,17.2200,16.5600,16.8400,625100,9.8714
2016-09-01,16.8400,17.3200,16.6800,17.1000,689800,10.0238
2016-09-02,17.1800,17.6200,17.1300,17.4600,358700,10.2348
2016-09-06,17.4800,17.7000,17.3000,17.6700,444300,10.3579
2016-09-07,17.7500,18.1200,17.6900,18.1100,483800,10.6158
2016-09-08,17.7900,18.4500,17.7000,18.2100,955700,10.6745
2016-09-09,18.0500,18.1000,17.2400,17.2500,764500,10.1117
2016-09-12,17.1600,17.5600,17.0200,17.5100,532200,10.2641
2016-09-13,17.2900,17.3400,16.3800,16.5000,686900,9.6721
2016-09-14,16.5500,17.0900,16.4500,17.0600,933800,10.0003
2016-09-15,17.1100,17.3800,16.8800,17.2800,566200,10.1293
2016-09-16,17.1600,17.2500,16.6900,16.7000,898300,9.7893
2016-09-19,16.8600,17.3000,16.8300,17.1800,620800,10.0707
2016-09-20,17.1800,17.3400,17.0800,17.1300,416200,10.0414
2016-09-21,17.2400,17.7300,17.2400,17.7200,622800,10.3872
2016-09-22,17.8500,17.8900,17.4500,17.6400,584800,10.3403
2016-09-23,17.5100,17.7600,17.3400,17.4800,414900,10.2465
2016-09-26,17.4200,17.4300,17.1000,17.1200,385600,10.0355
2016-09-27,17.1400,17.2200,16.9500,17.1400,520300,10.0472
2016-09-28,17.1400,17.2600,16.8500,17.2400,400100,10.1059
2016-09-29,17.2000,17.3100,17.0500,17.1600,761900,10.0590
2016-09-30,17.2200,17.3800,16.7900,16.9600,712500,9.9417
2016-10-03,17.0100,17.0100,16.4500,16.5100,488600,9.6779
2016-10-04,16.5000,16.6100,16.0500,16.1400,699500,9.4611
2016-10-05,16.2600,16.4700,16.1500,16.3100,638000,9.5607
2016-10-06,16.2600,16.4700,16.0600,16.1100,422500,9.4435
2016-10-07,16.1100,16.2600,15.7700,15.7900,650000,9.2559
2016-10-10,15.8000,16.0500,15.7000,15.7500,384200,9.2324
2016-10-11,15.6500,16.0000,15.5000,15.7500,828200,9.2324
2016-10-12,15.7000,15.7500,15.4500,15.5500,397100,9.1152
2016-10-13,15.5000,15.6500,15.2500,15.4000,878900,9.0273
2016-10-14,15.5500,15.5500,15.3500,15.4500,499800,9.0566
2016-10-17,15.5500,15.6000,15.2500,15.4000,520500,9.0273
2016-10-18,15.6000,15.8500,15.3500,15.7500,544100,9.2324
2016-10-19,15.8000,16.0000,15.6500,15.9500,481100,9.3497
2016-10-20,15.9500,16.1000,15.7000,15.9500,219800,9.3497
2016-10-21,15.7500,16.3500,15.7000,16.1500,589200,9.4669
2016-10-24,16.3000,16.3500,15.6000,15.7000,342900,9.2031
2016-10-25,15.8000,16.0000,15.6000,15.8000,473100,9.2618
2016-10-26,15.8000,15.8000,15.4500,15.4500,429100,9.0566
2016-10-27,15.5500,15.6000,15.1500,15.3000,397400,8.9687
2016-10-28,15.4000,15.5000,15.0000,15.1000,295900,8.8514
2016-10-31,15.2000,15.6000,15.1000,15.4000,616600,9.0273
2016-11-01,15.3500,15.5500,15.1000,15.4000,587000,9.0273
2016-11-02,15.3000,15.4000,14.7500,14.7500,413700,8.6463
2016-11-03,14.8500,15.0500,14.7500,15.0500,416800,8.8221
2016-11-04,15.1000,16.1000,15.1000,15.5000,513700,9.0859
2016-11-07,15.7500,16.0000,15.5000,16.0000,690400,9.3790
2016-11-08,16.1500,16.4000,15.9000,16.0000,1201800,9.3790
2016-11-09,15.5000,15.8000,14.4500,14.5000,2145400,8.4997
2016-11-10,15.0500,15.4500,13.9800,14.5500,1758900,8.5290
2016-11-11,14.6500,15.2000,14.6000,15.0000,770300,8.7928
2016-11-14,15.2500,15.4000,14.9000,15.3000,589400,8.9687
2016-11-15,15.4000,15.7000,15.3000,15.4000,535700,9.0273
2016-11-16,15.3000,15.4900,14.9000,15.2000,423200,8.9100
2016-11-17,15.2500,15.5300,15.0500,15.5000,437000,9.0859
2016-11-18,15.6000,15.6500,15.3500,15.5000,427300,9.0859
2016-11-21,15.5000,15.7000,15.4000,15.5000,398000,9.0859
2016-11-22,15.6000,16.0000,15.4000,15.9000,595200,9.3204
2016-11-23,15.8000,16.4500,15.6500,16.2500,450800,9.5255
2016-11-25,16.3000,16.3500,15.9000,16.1000,241800,9.4376
2016-11-28,16.0500,16.4500,15.9500,16.3500,487700,9.5842
2016-11-29,15.9500,16.0500,15.5000,15.6500,304200,9.3163
2016-11-30,15.7500,15.8000,15.3000,15.3500,655300,9.1377
2016-12-01,15.3000,15.5000,14.8500,15.0500,1023100,8.9591
2016-12-02,15.1000,15.1500,14.7500,14.9000,529900,8.8698
2016-12-05,14.8500,15.1500,14.6000,15.0500,850600,8.9591
2016-12-06,15.1500,15.4800,15.0000,15.2000,460700,9.0484
2016-12-07,15.3000,15.6300,15.2500,15.6000,485200,9.2865
2016-12-08,15.6000,16.0500,15.3500,15.9000,735100,9.4651
2016-12-09,15.8500,16.1000,15.7000,16.0500,473300,9.5544
2016-12-12,16.0500,16.2000,15.7000,15.8500,380600,9.4353
2016-12-13,15.9500,16.2000,15.8000,16.0000,375600,9.5246
2016-12-14,16.0000,16.3500,15.6500,15.7500,563600,9.3758
2016-12-15,15.6000,15.8000,15.3500,15.7000,656100,9.3460
2016-12-16,15.7500,15.9000,15.5000,15.6000,1007700,9.2865
2016-12-19,15.7500,15.8500,15.5500,15.7500,433900,9.3758
2016-12-20,15.9000,16.0000,15.6000,15.9000,675000,9.4651
2016-12-21,15.9500,16.0500,15.7000,15.7500,507700,9.3758
2016-12-22,15.6500,15.8500,15.5000,15.7000,327100,9.3460
2016-12-23,15.7000,15.8500,15.6000,15.8000,235400,9.4056
2016-12-27,15.8000,15.9000,15.6500,15.9000,353200,9.4651
2016-12-28,15.9500,16.0500,15.7500,16.0000,807700,9.5246
2016-12-29,15.9000,16.2700,15.9000,16.1500,551900,9.6139
2016-12-30,16.2000,16.2500,15.8000,15.8000,1156500,9.4056
2017-01-03,16.0000,16.2000,15.4300,15.7000,732100,9.3460
2017-01-04,15.7500,15.9500,15.6500,15.8500,912900,9.4353
2017-01-05,15.8500,16.0500,15.6500,15.9000,660500,9.4651
2017-01-06,15.9000,16.1000,15.7000,15.9000,444500,9.4651
2017-01-09,15.9500,16.0000,15.6500,15.8000,320200,9.4056
2017-01-10,15.8000,16.0000,15.6500,15.9000,469300,9.4651
2017-01-11,15.8500,16.0500,15.7500,16.0000,329000,9.5246
2017-01-12,15.9500,16.0000,15.6500,15.6500,504800,9.3163
2017-01-13,15.7000,15.9000,15.5500,15.6500,557400,9.3163
2017-01-17,15.6500,16.7000,15.6500,16.6000,1156500,9.8818
2017-01-18,16.6500,16.6500,16.2500,16.5500,647200,9.8520
2017-01-19,16.5500,16.7500,16.4000,16.5000,336000,9.8223
2017-01-20,16.4500,16.9000,16.4500,16.8500,529900,10.0306
2017-01-23,16.9000,17.1000,16.7500,17.0000,417700,10.1199
2017-01-24,17.0000,17.2500,16.9500,17.2000,649600,10.2390
2017-01-25,17.1500,17.6000,17.1500,17.3000,705200,10.2985
2017-01-26,17.3500,17.4000,16.7500,16.9000,484200,10.0604
2017-01-27,16.8000,16.9000,16.5000,16.6000,413900,9.8818
2017-01-30,16.5000,16.5500,16.0200,16.5000,501500,9.8223
2017-01-31,16.5000,16.9500,16.3500,16.9500,505700,10.0901
2017-02-01,17.0000,17.0000,16.7000,16.8000,379600,10.0009
2017-02-02,16.8000,17.0500,16.6000,16.7000,445300,9.9413
2017-02-03,16.8000,17.3500,16.7500,17.2500,627100,10.2687
2017-02-06,17.2500,17.3800,16.9500,17.0000,399200,10.1199
2017-02-07,17.0000,17.1000,16.6400,16.9000,430900,10.0604
2017-02-08,16.8000,17.4000,16.6000,17.4000,490600,10.3580
2017-02-09,17.3000,17.6000,17.3000,17.4500,516000,10.3878
2017-02-10,17.5500,17.6000,17.3500,17.6000,451700,10.4771
2017-02-13,17.6000,17.7500,17.3000,17.4500,542000,10.3878
2017-02-14,17.5000,17.7700,17.3000,17.7500,695000,10.5664
2017-02-15,17.4500,18.2000,17.3500,17.8000,1272700,10.5961
2017-02-16,17.7500,18.0000,17.5500,17.6500,486900,10.5069
2017-02-17,17.7000,17.7000,17.1500,17.5000,631100,10.4176
2017-02-21,17.6500,18.0000,17.5500,17.8000,542200,10.5961
2017-02-22,17.7500,17.8500,17.5000,17.7000,216600,10.5366
2017-02-23,17.8000,18.0000,17.4500,17.9000,614300,10.6557
2017-02-24,17.9000,18.1000,17.6500,18.0000,545200,10.7152
2017-02-27,17.6500,17.7500,17.4500,17.5500,399600,10.6004
2017-02-28,17.8000,18.1000,17.3500,17.4000,573600,10.5098
2017-03-01,17.2000,17.4000,16.9500,17.1500,429200,10.3588
2017-03-02,17.1000,17.2500,16.9000,17.1000,395000,10.3286
2017-03-03,17.1500,17.1500,16.8000,17.1000,448300,10.3286
2017-03-06,17.0000,17.1000,16.8000,16.9000,403800,10.2078
2017-03-07,16.9000,16.9500,16.5800,16.6500,358700,10.0568
2017-03-08,16.6500,16.6500,16.3500,16.5000,483200,9.9662
2017-03-09,16.4000,16.9000,16.4000,16.7000,615600,10.0870
2017-03-10,16.7000,16.8000,16.3000,16.5000,556800,9.9662
2017-03-13,16.5000,16.7000,16.3500,16.5000,223600,9.9662
2017-03-14,16.6000,16.6000,16.3500,16.5000,204300,9.9662
2017-03-15,16.6000,17.1500,16.5000,16.9500,445900,10.2380
2017-03-16,17.0000,17.1500,16.9000,17.1000,435700,10.3286
2017-03-17,17.1000,17.3500,16.8500,17.0500,878500,10.2984
2017-03-20,16.9500,17.1300,16.8500,16.9500,426300,10.2380
2017-03-21,17.0000,17.2000,16.8500,16.9000,410400,10.2078
2017-03-22,17.0000,17.0000,16.6200,16.7500,310700,10.1172
2017-03-23,16.8000,17.0000,16.6500,16.8000,236800,10.1474
2017-03-24,16.7500,17.1000,16.7500,16.9500,273100,10.2380
2017-03-27,16.9500,17.2500,16.8800,17.1500,209300,10.3588
2017-03-28,17.2000,17.4500,17.1500,17.3000,362600,10.4494
2017-03-29,17.3500,17.7000,17.2500,17.4500,518800,10.5400
2017-03-30,17.4000,17.6500,17.2500,17.6000,291600,10.6306
2017-03-31,17.5500,17.9000,17.5000,17.7000,543500,10.6910
2017-04-03,17.6000,17.7000,17.1500,17.3000,546800,10.4494
2017-04-04,17.2500,17.6000,17.1000,17.5000,391900,10.5702
2017-04-05,17.5000,17.9000,17.4000,17.5000,524600,10.5702
2017-04-06,17.4000,17.5500,17.2000,17.5000,404600,10.5702
2017-04-07,17.5000,17.7000,17.3000,17.3500,765000,10.4796
2017-04-10,17.3000,17.8000,17.3000,17.5500,407400,10.6004
2017-04-11,17.6000,17.8500,17.5000,17.7500,388300,10.7212
2017-04-12,17.7500,18.0500,17.6300,17.8500,381700,10.7816
2017-04-13,17.1500,17.7500,17.1500,17.2000,1095500,10.3890
2017-04-17,17.2000,17.5000,17.2000,17.5000,238400,10.5702
2017-04-18,17.4500,17.5500,17.3000,17.4000,533300,10.5098
2017-04-19,17.4500,17.6800,17.2000,17.2000,252500,10.3890
2017-04-20,17.2000,17.4000,17.1500,17.3000,356800,10.4494
2017-04-21,17.2000,17.6500,17.2000,17.4500,324600,10.5400
2017-04-24,17.6000,17.7500,17.4500,17.5500,386200,10.6004
2017-04-25,17.4500,17.7500,17.4500,17.5500,423500,10.6004
2017-04-26,17.6000,17.6500,17.4000,17.5500,441600,10.6004
2017-04-27,17.6000,17.7000,17.5000,17.6000,250300,10.6306
2017-04-28,17.6500,17.8000,17.5000,17.7000,402500,10.6910
2017-05-01,17.8000,17.8000,17.2000,17.2500,611800,10.4192
2017-05-02,17.3500,17.4500,17.0200,17.3000,557500,10.4494
2017-05-03,17.2000,17.3500,16.7500,16.8500,778200,10.1776
2017-05-04,16.9000,17.1000,16.4500,16.6500,460000,10.0568
2017-05-05,16.7500,17.2000,16.6500,17.1000,260200,10.3286
2017-05-08,17.1500,17.2500,16.9000,17.0500,288400,10.2984
2017-05-09,17.0500,17.1500,16.9000,17.0000,323400,10.2682
2017-05-10,17.0000,17.2500,16.9500,17.1500,291600,10.3588
2017-05-11,17.0500,17.3000,17.0000,17.1000,223500,10.3286
2017-05-12,17.1000,17.3000,17.0000,17.1000,331800,10.3286
2017-05-15,17.1500,17.4500,17.1000,17.3000,368400,10.4494
2017-05-16,17.3000,17.3500,17.0500,17.2000,498300,10.3890
2017-05-17,17.1500,17.2500,16.9000,17.1500,392300,10.3588
2017-05-18,17.1000,17.2000,16.9000,17.0500,259700,10.2984
2017-05-19,17.0500,17.5500,17.0500,17.4000,655900,10.5098
2017-05-22,17.2500,17.7500,17.2500,17.7500,301700,10.7212
2017-05-23,17.7500,17.9300,17.5200,17.6000,404500,10.6306
2017-05-24,17.6000,18.0500,17.5500,18.0000,701000,10.8722
2017-05-25,18.2000,18.3500,17.8500,18.0500,757500,10.9024
2017-05-26,18.0000,18.3500,17.7000,18.3500,561300,11.0837
2017-05-30,18.0000,18.1000,17.7000,17.8500,467700,10.9427
2017-05-31,17.7000,17.9000,17.5500,17.7000,350300,10.8507
2017-06-01,17.8000,18.1000,17.6500,18.0000,408300,11.0346
2017-06-02,18.0000,18.2500,17.7500,17.9000,451000,10.9733
2017-06-05,17.8000,17.8500,17.6000,17.6500,273100,10.8200
2017-06-06,17.6000,17.8500,17.4300,17.6500,538300,10.8200
2017-06-07,17.7000,17.8000,17.4500,17.5500,322400,10.7587
2017-06-08,17.4500,17.7000,17.3000,17.7000,242700,10.8507
2017-06-09,17.7500,17.9800,17.6300,17.7500,529000,10.8814
2017-06-12,17.8000,18.0000,17.5000,17.6000,585500,10.7894
2017-06-13,17.6000,17.7000,17.4500,17.7000,241400,10.8507
2017-06-14,17.7500,17.9500,17.4000,17.5000,373300,10.7281
2017-06-15,17.3500,17.6500,17.3000,17.5000,222900,10.7281
2017-06-16,17.4000,17.7000,17.2500,17.5500,935400,10.7587
2017-06-19,17.6500,17.7500,17.2500,17.3000,538300,10.6055
2017-06-20,17.2500,17.5500,17.2500,17.3500,310500,10.6361
2017-06-21,17.3500,17.4800,17.1000,17.2500,584000,10.5748
2017-06-22,17.2500,18.2500,17.2500,18.2000,835400,11.1572
2017-06-23,18.2500,18.3000,17.7500,17.8000,616800,10.9120
2017-06-26,17.8000,18.3000,17.7500,18.1000,451300,11.0959
2017-06-27,18.1500,18.3500,17.9000,17.9000,315200,10.9733
2017-06-28,18.0000,18.1500,17.7500,17.8000,303700,10.9120
2017-06-29,17.8500,17.9000,17.4000,17.7000,332500,10.8507
2017-06-30,17.7000,17.7700,17.4500,17.6000,333300,10.7894
2017-07-03,17.6000,17.8000,17.3000,17.4000,242100,10.6668
2017-07-05,17.3500,17.4500,16.9500,17.3000,513100,10.6055
2017-07-06,17.2500,17.3000,17.0000,17.1500,499800,10.5135
2017-07-07,17.1000,17.2000,16.9500,17.1000,400700,10.4829
2017-07-10,17.1500,17.6300,17.0500,17.4000,414700,10.6668
2017-07-11,17.3500,17.3500,17.0000,17.1500,406700,10.5135
2017-07-12,17.4500,18.0000,17.2000,17.6000,1337200,10.7894
2017-07-13,17.7000,18.0500,17.4000,17.4500,1061800,10.6974
2017-07-14,17.5500,18.0500,17.2000,17.9000,840400,10.9733
2017-07-17,17.9000,18.2000,17.7000,18.1500,703800,11.1266
2017-07-18,17.6500,18.3500,17.6500,18.3000,1213900,11.2185
2017-07-19,17.9000,18.5000,17.9000,18.4500,638600,11.3105
2017-07-20,18.5000,18.7000,18.4000,18.5000,409100,11.3411
2017-07-21,18.5500,18.6500,18.3000,18.4500,1096400,11.3105
2017-07-24,18.4500,18.7500,18.2500,18.6000,803100,11.4024
2017-07-25,18.6000,18.6800,18.3500,18.4000,565300,11.2798
2017-07-26,18.4000,18.6500,18.3300,18.4500,751300,11.3105
2017-07-27,18.5000,18.7500,18.4000,18.6000,838200,11.4024
2017-07-28,18.6000,18.6300,18.4500,18.5500,215500,11.3718
2017-07-31,18.5500,18.7500,18.2000,18.6000,596200,11.4024
2017-08-01,18.6500,18.7400,18.4000,18.5500,380800,11.3718
2017-08-02,18.5500,18.5500,18.1500,18.2500,403100,11.1879
2017-08-03,18.4000,18.7500,18.0500,18.4000,354600,11.2798
2017-08-04,18.5000,19.0500,18.3500,18.9000,1009400,11.5863
2017-08-07,18.9000,18.9500,18.4300,18.4500,439100,11.3105
2017-08-08,18.4500,18.6000,18.1300,18.3500,603700,11.2492
2017-08-09,18.2500,18.4000,18.1500,18.3000,323800,11.2185
2017-08-10,18.1000,18.5500,18.1000,18.5500,598800,11.3718
2017-08-11,18.3500,18.7000,18.2000,18.5500,1627400,11.3718
2017-08-14,18.6000,18.8500,18.5000,18.8000,556900,11.5250
2017-08-15,18.7000,18.8500,18.4500,18.8500,452500,11.5557
2017-08-16,18.8500,18.8500,18.6300,18.8000,380200,11.5250
2017-08-17,18.7500,18.8500,18.1000,18.1000,416400,11.0959
2017-08-18,18.0500,18.4500,18.0500,18.4000,423300,11.2798
2017-08-21,18.4500,18.6800,18.3500,18.6000,213900,11.4024
2017-08-22,18.6500,19.0200,18.5200,18.9000,491500,11.5863
2017-08-23,18.8500,19.1000,18.7000,18.9500,467700,11.6170
2017-08-24,18.9500,18.9500,18.6800,18.9000,222100,11.5863
2017-08-25,18.9000,19.0500,18.7500,18.8500,260200,11.5557
2017-08-28,18.8500,18.9500,18.5000,18.6000,361800,11.4024
2017-08-29,18.6000,18.7300,18.4500,18.6500,268100,11.4331
2017-08-30,18.3000,18.4500,18.1500,18.2500,630000,11.3584
2017-08-31,18.3500,18.6000,18.3500,18.5000,625800,11.5140
2017-09-01,18.5000,18.8000,18.4500,18.7000,356300,11.6385
2017-09-05,18.7000,18.8500,18.6000,18.7000,421900,11.6385
2017-09-06,18.7500,18.9000,18.4000,18.4000,419500,11.4518
2017-09-07,18.4000,18.5000,18.0000,18.1000,649700,11.2650
2017-09-08,18.1000,18.4000,17.9300,18.4000,344200,11.4518
2017-09-11,18.4500,18.7500,18.4500,18.6000,206400,11.5762
2017-09-12,18.6000,18.6600,18.4000,18.4500,323300,11.4829
2017-09-13,18.4500,18.7000,18.4000,18.5000,416500,11.5140
2017-09-14,18.4500,18.8000,18.3000,18.7500,420500,11.6696
2017-09-15,18.8000,19.0000,18.7000,18.9500,838800,11.7941
2017-09-18,19.0000,19.0500,18.6500,18.7500,617900,11.6696
2017-09-19,18.8000,18.9500,18.6500,18.8000,556000,11.7007
2017-09-20,18.8000,19.2000,18.7900,19.0000,851300,11.8252
2017-09-21,19.0000,19.2000,18.9400,19.1500,496000,11.9185
2017-09-22,19.1500,20.0000,19.0500,19.4000,2772400,12.0741
2017-09-25,19.4500,19.8500,19.2700,19.6000,977000,12.1986
2017-09-26,19.5000,19.8000,19.4000,19.6000,2706900,12.1986
2017-09-27,19.6000,19.6000,19.2000,19.5500,1643700,12.1675
2017-09-28,19.5500,19.7000,19.2700,19.6000,701500,12.1986
2017-09-29,19.6500,19.7500,19.2500,19.3000,859200,12.0119
2017-10-02,19.3000,19.3200,18.5800,18.9500,1103500,11.7941
2017-10-03,19.0500,19.1000,18.6500,18.9500,741200,11.7941
2017-10-04,18.9000,19.0000,18.5500,18.5500,564200,11.5451
2017-10-05,18.6500,18.8500,18.5000,18.8000,638800,11.7007
2017-10-06,18.7000,19.0000,18.6000,18.8500,400600,11.7318
2017-10-09,18.8500,19.0500,18.7500,18.9000,266600,11.7629
2017-10-10,18.9500,19.1800,18.9000,19.0000,409300,11.8252
2017-10-11,18.7500,19.0000,18.6500,18.6500,439400,11.6073
2017-10-12,18.6000,19.4500,18.4700,19.1000,1257800,11.8874
2017-10-13,19.2000,19.3000,19.0000,19.1500,387300,11.9185
2017-10-16,19.1500,19.3000,18.9000,18.9500,386000,11.7941
2017-10-17,18.9000,19.0500,18.7000,18.9500,405200,11.7941
2017-10-18,19.0500,19.2000,18.9000,19.0000,478200,11.8252
2017-10-19,18.8500,19.0000,18.6000,18.8500,762000,11.7318
2017-10-20,18.9500,19.1500,18.8500,18.9500,317200,11.7941
2017-10-23,18.9000,19.0000,18.5500,18.6500,610100,11.6073
2017-10-24,18.6500,18.8300,18.5500,18.7500,450300,11.6696
2017-10-25,18.7500,18.9000,18.4500,18.6500,694600,11.6073
2017-10-26,18.7000,18.8500,18.5000,18.5500,308300,11.5451
2017-10-27,18.5500,18.7500,18.4000,18.7000,296900,11.6385
2017-10-30,18.6500,18.7000,18.4500,18.5500,345800,11.5451
2017-10-31,18.5500,18.7500,18.4000,18.6000,372300,11.5762
2017-11-01,18.7000,18.8500,18.4500,18.5000,478100,11.5140
2017-11-02,18.6500,19.5000,18.4500,18.6000,1321800,11.5762
2017-11-03,18.5500,19.6500,18.5500,19.3000,1024200,12.0119
2017-11-06,19.3000,19.6500,19.2000,19.2500,519600,11.9808
2017-11-07,19.2500,19.8300,19.1800,19.6000,566000,12.1986
2017-11-08,19.5000,19.8500,19.2000,19.5500,421000,12.1675
2017-11-09,19.4000,19.8000,19.4000,19.6000,290400,12.1986
2017-11-10,19.5000,19.7500,19.5000,19.5500,693000,12.1675
2017-11-13,19.5500,19.8000,19.5000,19.6500,608400,12.2297
2017-11-14,19.7000,20.1500,19.7000,19.9500,791600,12.4164
2017-11-15,19.9500,20.0500,19.6800,19.7000,430000,12.2608
2017-11-16,19.8500,19.9000,19.6500,19.7500,318100,12.2920
2017-11-17,19.6500,19.8500,19.6000,19.7000,283800,12.2608
2017-11-20,19.7000,19.8500,19.2500,19.4000,530000,12.0741
2017-11-21,19.4500,19.6500,19.2000,19.2500,638800,11.9808
2017-11-22,19.3000,19.6500,19.3000,19.5500,308800,12.1675
2017-11-24,19.5500,19.7500,19.5000,19.6000,116800,12.1986
2017-11-27,19.6000,19.8000,19.5500,19.6000,888300,12.1986
2017-11-28,19.6000,20.0000,19.6000,19.7500,382900,12.2920
2017-11-29,19.8000,19.8500,19.5500,19.6500,452100,12.2297
2017-11-30,19.4500,19.5000,18.9300,19.0500,1550300,12.0327
2017-12-01,19.1500,19.3000,19.0000,19.1500,474800,12.0958
2017-12-04,19.2000,19.4000,18.5200,18.6000,944700,11.7484
2017-12-05,18.7000,18.7000,18.5000,18.5500,502400,11.7168
2017-12-06,18.6500,18.7000,18.3300,18.4500,490400,11.6537
2017-12-07,18.3500,18.6000,18.2000,18.5000,352300,11.6853
2017-12-08,18.4500,18.6500,18.4500,18.5500,231400,11.7168
2017-12-11,18.6000,18.8800,18.5500,18.8000,456000,11.8747
2017-12-12,18.7500,18.9500,18.7000,18.7000,641200,11.8116
2017-12-13,18.7000,19.0000,18.7000,18.7000,398100,11.8116
2017-12-14,18.6500,19.0500,18.5500,18.7500,433500,11.8432
2017-12-15,18.7000,18.8500,18.5800,18.6000,825500,11.7484
2017-12-18,18.7000,18.8800,18.7000,18.8000,704600,11.8747
2017-12-19,18.7500,18.9500,18.3500,18.6000,503300,11.7484
2017-12-20,18.5500,18.7100,18.3500,18.4500,514300,11.6537
2017-12-21,18.5000,18.9000,18.3000,18.6500,901100,11.7800
2017-12-22,18.6500,18.9000,18.5000,18.7000,907700,11.8116
2017-12-26,18.7500,18.8500,18.4500,18.8000,522600,11.8747
2017-12-27,18.8500,18.9500,18.7500,18.8000,300400,11.8747
2017-12-28,18.8500,19.0200,18.7500,18.9000,282900,11.9379
2017-12-29,18.8500,19.0000,18.7000,18.9000,540500,11.9379
2018-01-02,19.1500,19.6000,18.9500,19.4000,836200,12.2537
2018-01-03,19.4000,19.4500,19.0000,19.2000,510700,12.1274
2018-01-04,19.3000,19.3000,18.9000,18.9000,647700,11.9379
2018-01-05,19.0000,19.1500,18.9000,19.0000,644900,12.0011
2018-01-08,19.1000,19.5000,18.9500,19.2000,788800,12.1274
2018-01-09,19.1500,19.1500,18.8500,18.9500,662600,11.9695
2018-01-10,18.9500,19.0500,18.5500,18.6000,369300,11.7484
2018-01-11,18.7000,18.9500,18.5500,18.8000,342200,11.8747
2018-01-12,18.8000,18.9000,18.5500,18.7000,719800,11.8116
2018-01-16,18.7000,18.8500,18.3500,18.4500,474100,11.6537
2018-01-17,18.4500,18.6000,18.3000,18.4000,803900,11.6221
2018-01-18,18.4000,18.6500,18.2500,18.5000,638400,11.6853
2018-01-19,18.4500,18.7500,18.4000,18.5500,1260900,11.7168
2018-01-22,18.5500,18.8000,18.5500,18.7000,444000,11.8116
2018-01-23,18.6500,19.3000,18.6000,19.1500,627400,12.0958
2018-01-24,19.1500,19.1500,18.8500,19.1000,561000,12.0642
2018-01-25,19.1000,19.2500,19.0000,19.2500,397100,12.1590
2018-01-26,19.3000,19.3000,19.0000,19.1500,727900,12.0958
2018-01-29,19.1500,19.2000,18.8000,18.8500,389200,11.9063
2018-01-30,18.8000,19.0500,18.7700,18.9000,386400,11.9379
2018-01-31,19.0000,19.1300,18.7500,18.9000,507300,11.9379
2018-02-01,18.9000,19.0000,18.7500,18.8500,351000,11.9063
2018-02-02,18.7000,18.7500,18.4000,18.4500,675600,11.6537
2018-02-05,18.3500,18.6500,17.8500,17.9000,821100,11.3063
2018-02-06,17.6000,17.7000,16.6500,17.1500,1720900,10.8325
2018-02-07,17.0500,17.1000,16.1500,16.4000,2883000,10.3588
2018-02-08,16.3500,17.1500,16.2500,16.8000,2334500,10.6115
2018-02-09,16.8500,17.1000,16.4800,16.8500,829000,10.6431
2018-02-12,16.9000,16.9000,16.2000,16.5500,1570700,10.4536
2018-02-13,16.5000,16.6500,16.2500,16.5500,1100700,10.4536
2018-02-14,16.4500,16.5000,16.2000,16.3000,759800,10.2957
2018-02-15,16.3500,16.5000,16.1500,16.3500,547800,10.3272
2018-02-16,16.4000,16.7000,16.4000,16.6500,643400,10.5167
2018-02-20,16.6000,16.7500,16.2000,16.3500,741500,10.3272
2018-02-21,16.3000,16.3500,15.8500,15.8500,979400,10.0114
2018-02-22,15.8500,16.5000,15.8500,16.1000,895000,10.1693
2018-02-23,16.2000,16.9500,16.1500,16.7000,673900,10.5483
2018-02-26,16.7000,16.8000,16.4500,16.4500,604500,10.3904
2018-02-27,16.4000,16.6500,16.2000,16.2000,544300,10.2325
2018-02-28,15.9500,16.2500,15.6000,15.6500,1685000,10.0703
2018-03-01,15.6000,16.8000,15.5500,16.4000,1245700,10.5529
2018-03-02,16.3000,16.6000,16.1000,16.4000,921700,10.5529
2018-03-05,16.3000,16.6500,16.2500,16.3000,596200,10.4886
2018-03-06,16.3500,16.4800,16.1500,16.3500,566300,10.5208
2018-03-07,16.5000,16.7000,16.3500,16.4000,686800,10.5529
2018-03-08,16.5000,16.7000,16.3500,16.5000,440700,10.6173
2018-03-09,16.6000,16.8000,16.4500,16.7500,470000,10.7782
2018-03-12,16.8000,17.0500,16.8000,16.9500,346200,10.9069
2018-03-13,17.0500,17.2000,16.7500,16.8000,600400,10.8103
2018-03-14,16.8500,17.1000,16.8500,17.1000,360800,11.0034
2018-03-15,17.0000,17.1500,16.7200,16.9000,341000,10.8747
2018-03-16,16.9500,17.3000,16.9000,17.0000,924400,10.9390
2018-03-19,16.9500,17.2500,16.7500,17.2500,777200,11.0999
2018-03-20,17.3000,17.3500,17.2000,17.3000,476200,11.1321
2018-03-21,17.2500,17.4000,17.0500,17.2500,665300,11.0999
2018-03-22,17.2500,17.7000,17.1000,17.4000,384600,11.1964
2018-03-23,17.4000,17.4000,16.9500,17.0000,1055300,10.9390
2018-03-26,17.1000,17.2500,16.9000,17.2500,486900,11.0999
2018-03-27,17.2000,17.3500,16.9500,17.0500,619200,10.9712
2018-03-28,17.1500,17.3500,17.0000,17.2000,1017300,11.0677
2018-03-29,17.2000,17.4000,16.9500,17.0000,731400,10.9390
2018-04-02,17.0500,17.1800,16.7500,16.9500,583300,10.9069
2018-04-03,16.9500,17.2000,16.8500,17.1000,575200,11.0034
2018-04-04,17.0000,17.3000,17.0000,17.2000,545300,11.0677
2018-04-05,17.2500,17.4500,17.0500,17.3500,541600,11.1642
2018-04-06,17.3000,17.4500,17.1500,17.2500,724600,11.0999
2018-04-09,17.3500,17.5200,17.2500,17.5000,431200,11.2608
2018-04-10,17.5000,17.5000,17.2500,17.3000,645500,11.1321
2018-04-11,17.3500,17.6000,17.2000,17.3000,365100,11.1321
2018-04-12,17.2500,17.3500,16.9500,16.9500,371500,10.9069
2018-04-13,17.0500,17.2500,17.0000,17.1000,506300,11.0034
2018-04-16,17.2500,17.7000,17.2000,17.4500,513800,11.2286
2018-04-17,17.4500,17.7000,17.3800,17.6500,495300,11.3573
2018-04-18,17.7000,17.8800,17.6000,17.6000,331800,11.3251
2018-04-19,17.6500,17.7500,17.5000,17.6500,298400,11.3573
2018-04-20,17.6000,17.8000,17.5500,17.6500,574000,11.3573
2018-04-23,17.7000,17.8800,17.6500,17.7500,531500,11.4216
2018-04-24,17.8000,18.1000,17.6500,17.8000,821400,11.4538
2018-04-25,17.7000,17.8000,17.4000,17.6500,460700,11.3573
2018-04-26,17.7500,18.0800,17.7000,17.9000,564200,11.5182
2018-04-27,17.8500,18.0000,17.8000,17.9500,414300,11.5503
2018-04-30,18.0000,18.0500,17.8000,17.8000,386200,11.4538
2018-05-01,17.8000,17.8500,17.6000,17.8000,287200,11.4538
2018-05-02,17.7000,17.8300,17.6500,17.7500,526200,11.4216
2018-05-03,17.9500,18.2500,17.6000,18.1000,550800,11.6468
2018-05-04,18.2000,18.5000,18.1500,18.3500,406300,11.8077
2018-05-07,18.3000,18.3500,18.0000,18.3500,1120700,11.8077
2018-05-08,18.3000,18.3500,17.6500,17.6500,1040600,11.3573
2018-05-09,17.7000,17.8000,17.4000,17.5000,777100,11.2608
2018-05-10,17.6000,17.9500,17.5000,17.8500,455400,11.4860
2018-05-11,17.8000,17.9000,17.7500,17.7500,212400,11.4216
2018-05-14,17.8000,17.9000,17.7000,17.8000,478700,11.4538
2018-05-15,17.7000,17.8300,17.4500,17.6500,508400,11.3573
2018-05-16,17.7000,17.8000,17.5000,17.5500,320600,11.2929
2018-05-17,17.6500,17.6500,17.3300,17.4000,552700,11.1964
2018-05-18,17.4000,17.5500,17.3000,17.5000,536000,11.2608
2018-05-21,17.5000,17.7000,17.4000,17.5500,439800,11.2929
2018-05-22,17.6500,17.8500,17.5500,17.6000,1035200,11.3251
2018-05-23,17.6500,17.8500,17.6000,17.6500,510000,11.3573
2018-05-24,17.7500,18.0000,17.6500,17.8500,614900,11.4860
2018-05-25,17.8500,18.1500,17.8500,18.0000,739500,11.5825
2018-05-29,17.9000,18.2000,17.8000,17.9500,1094000,11.5503
2018-05-30,17.9000,18.1000,17.8500,17.9500,1143300,11.5503
2018-05-31,17.6000,17.7000,17.5000,17.5000,828700,11.4580
2018-06-01,17.5000,17.6000,17.1000,17.2000,416600,11.2616
2018-06-04,17.2500,17.5500,17.2000,17.5000,905800,11.4580
2018-06-05,17.5500,17.5500,17.1500,17.2500,406700,11.2943
2018-06-06,17.2500,17.3500,17.0500,17.1000,576400,11.1961
2018-06-07,17.1500,17.3500,17.1500,17.1500,535700,11.2288
2018-06-08,17.1500,17.2500,17.0000,17.0500,597600,11.1634
2018-06-11,17.1500,17.3000,17.1000,17.2000,294100,11.2616
2018-06-12,17.2000,17.6500,17.2000,17.6000,732400,11.5235
2018-06-13,17.5500,17.7000,17.4500,17.5500,465400,11.4907
2018-06-14,17.5500,17.6500,17.3000,17.3500,1544000,11.3598
2018-06-15,17.3000,17.4500,17.2000,17.2500,1092000,11.2943
2018-06-18,17.2500,17.5000,17.2500,17.4000,566600,11.3925
2018-06-19,17.3000,17.3800,16.6000,17.2500,1018400,11.2943
2018-06-20,17.3000,17.3000,16.8500,17.0000,769000,11.1306
2018-06-21,17.0000,17.1000,16.8000,16.9500,700700,11.0979
2018-06-22,17.0000,17.3000,16.9500,17.2000,544800,11.2616
2018-06-25,17.2000,17.4500,17.1500,17.3500,346600,11.3598
2018-06-26,17.2500,17.5500,17.2100,17.4000,449000,11.3925
2018-06-27,17.4000,17.4500,17.2000,17.3000,396400,11.3271
2018-06-28,17.3000,17.4000,17.2500,17.3000,347100,11.3271
2018-06-29,17.2500,17.4000,17.1500,17.2000,352000,11.2616
2018-07-02,17.2500,17.4000,17.1000,17.3500,241500,11.3598
2018-07-03,17.3500,17.7000,17.3000,17.5500,181500,11.4907
2018-07-05,17.5500,17.6500,17.5500,17.6000,271500,11.5235
2018-07-06,17.6000,17.9500,17.6000,17.8500,308100,11.6872
2018-07-09,17.8000,17.8800,17.4000,17.4500,390200,11.4253
2018-07-10,17.4000,17.6000,17.4000,17.5500,427500,11.4907
2018-07-11,17.5000,17.8500,17.4500,17.5500,298200,11.4907
2018-07-12,17.6500,17.9000,17.4000,17.7500,603600,11.6217
2018-07-13,17.7500,18.1500,17.7500,17.9000,856600,11.7199
2018-07-16,18.0500,18.1500,17.8700,18.1500,364200,11.8836
2018-07-17,18.1500,18.3000,18.0000,18.1000,400800,11.8509
2018-07-18,18.0000,18.1000,17.8500,17.9500,245400,11.7526
2018-07-19,18.0000,18.2000,18.0000,18.1500,428900,11.8836
2018-07-20,18.1500,18.2000,17.8800,17.9000,422800,11.7199
2018-07-23,17.9000,18.0500,17.8000,18.0000,344000,11.7854
2018-07-24,17.9500,18.0000,17.7500,17.9500,297600,11.7526
2018-07-25,17.9000,18.0500,17.8000,17.8500,362900,11.6872
2018-07-26,17.9500,18.2500,17.9500,18.1500,714700,11.8836
2018-07-27,18.1500,18.2500,17.9000,18.0500,381100,11.8181
2018-07-30,18.1000,18.4000,18.0200,18.2000,467900,11.9163
2018-07-31,18.2000,18.7000,18.0500,18.6000,577000,12.1782
2018-08-01,18.6000,18.6000,18.2600,18.4500,473400,12.0800
2018-08-02,18.5000,19.2500,18.3000,18.8500,783200,12.3419
2018-08-03,18.8500,18.9000,18.3000,18.3000,686300,11.9818
2018-08-06,18.4000,18.7500,18.3500,18.6500,628400,12.2110
2018-08-07,18.6500,18.8500,18.5500,18.6000,424700,12.1782
2018-08-08,18.5000,18.8500,18.4500,18.8000,342100,12.3092
2018-08-09,18.8500,19.2500,18.8000,19.1000,331900,12.5056
2018-08-10,19.1500,19.2000,19.0000,19.0000,201700,12.4401
2018-08-13,19.0500,19.1500,18.9000,19.0500,336700,12.4729
2018-08-14,19.0500,19.5500,19.0500,19.4500,610200,12.7348
2018-08-15,19.5000,19.6500,19.3500,19.6000,843000,12.8330
2018-08-16,19.6000,19.9000,19.5500,19.8500,562700,12.9967
2018-08-17,19.9000,19.9500,19.7000,19.9000,686100,13.0294
2018-08-20,19.9500,20.4500,19.8900,20.3500,538000,13.3240
2018-08-21,20.3000,20.6500,20.1500,20.2500,719300,13.2585
2018-08-22,20.2500,20.4500,20.0500,20.1500,265400,13.1931
2018-08-23,20.2000,20.2500,19.8500,20.0500,321300,13.1276
2018-08-24,20.0500,20.4000,20.0500,20.4000,409800,13.3568
2018-08-27,20.4000,20.6200,20.3500,20.5000,609100,13.4222
2018-08-28,20.5500,20.7500,20.1500,20.2000,653300,13.2258
2018-08-29,20.2500,20.4000,20.1000,20.1000,401400,13.1603
2018-08-30,20.1500,20.4000,20.1000,20.4000,271100,13.3568
2018-08-31,20.0500,20.1500,19.7500,19.8500,464700,13.2038
2018-09-04,19.7500,20.1500,19.7500,20.1000,327600,13.3701
2018-09-05,20.1000,20.2000,19.9000,20.0000,435600,13.3035
2018-09-06,20.0000,20.2000,19.8500,20.1000,722600,13.3701
2018-09-07,20.0000,20.1500,19.7500,19.8000,290800,13.1705
2018-09-10,19.9000,20.0000,19.5500,19.7000,459900,13.1040
2018-09-11,19.6500,20.0500,19.6500,19.8000,786300,13.1705
2018-09-12,19.9000,20.3500,19.8500,20.1000,484300,13.3701
2018-09-13,20.1000,20.2500,19.7000,20.2000,560300,13.4366
2018-09-14,20.1500,20.2500,20.0100,20.1000,446100,13.3701
2018-09-17,19.4500,20.5500,19.4500,20.1500,401400,13.4033
2018-09-18,20.2500,20.5000,20.0000,20.2000,943400,13.4366
2018-09-19,20.3000,20.3500,19.8000,19.8000,436800,13.1705
2018-09-20,19.8000,20.0500,19.7500,19.9500,376200,13.2703
2018-09-21,20.0000,20.0500,19.8500,20.0000,984800,13.3035
2018-09-24,20.0500,20.1000,19.7500,19.8500,366900,13.2038
2018-09-25,19.1500,19.4000,19.0100,19.2000,1053400,12.7714
2018-09-26,19.2000,19.5000,19.1000,19.1000,1539400,12.7049
2018-09-27,19.1000,19.3500,19.0500,19.1000,835800,12.7049
2018-09-28,19.2000,19.4000,19.0000,19.2500,842500,12.8047
2018-10-01,19.2400,19.3500,19.1900,19.2800,330200,12.8246
2018-10-02,19.0800,19.5000,19.0500,19.4700,640100,12.9510
2018-10-03,19.5000,19.8200,19.4500,19.5300,736700,12.9909
2018-10-04,19.5300,19.6000,19.3400,19.4300,971900,12.9244
2018-10-05,19.4300,19.6700,19.4100,19.5300,466000,12.9909
2018-10-08,19.5300,19.8600,19.5300,19.7000,678200,13.1040
2018-10-09,19.7300,19.9700,19.6900,19.8500,781100,13.2038
2018-10-10,19.8600,20.3000,19.6600,19.6600,1086600,13.0774
2018-10-11,19.6700,19.9200,19.4000,19.4600,595900,12.9444
2018-10-12,19.4900,19.7400,19.3000,19.5500,550700,13.0042
2018-10-15,19.5300,19.9900,19.4800,19.6500,485000,13.0707
2018-10-16,19.6700,20.0100,19.6000,19.9000,544200,13.2370
2018-10-17,19.9000,19.9500,19.6800,19.7200,273700,13.1173
2018-10-18,19.7000,19.8100,19.4400,19.6200,328400,13.0508
2018-10-19,19.5900,19.9500,19.5900,19.7800,305000,13.1572
2018-10-22,19.7900,20.0100,19.7500,19.8600,256200,13.2104
2018-10-23,19.7900,19.8800,19.3800,19.6000,467200,13.0375
2018-10-24,19.6800,19.8600,19.4700,19.5500,365600,13.0042
2018-10-25,19.5500,19.6900,19.3000,19.6400,389200,13.0641
2018-10-26,19.6600,19.6600,19.3400,19.4000,410600,12.9044
2018-10-29,19.4500,19.6300,19.2000,19.3300,287100,12.8579
2018-10-30,19.3300,19.7300,19.3300,19.6000,377800,13.0375
2018-10-31,19.6200,19.7500,19.4300,19.6100,604600,13.0441
2018-11-01,19.6200,19.7500,19.5100,19.5700,261600,13.0175
2018-11-02,19.6300,19.6900,19.3300,19.4900,251500,12.9643
2018-11-05,19.5700,19.8000,19.4700,19.7000,493300,13.1040
2018-11-06,19.6200,19.8100,19.2800,19.6100,659800,13.0441
2018-11-07,19.8000,19.9400,19.5800,19.7000,494000,13.1040
2018-11-08,19.7400,19.9200,19.5000,19.8600,471100,13.2104
2018-11-09,19.8500,19.9500,19.6300,19.7900,399600,13.1639
2018-11-12,19.8200,19.9700,19.5500,19.6100,672400,13.0441
2018-11-13,19.7300,19.7300,19.0000,19.1100,890900,12.7115
2018-11-14,19.1100,19.1500,16.8300,17.0900,3128900,11.3679
2018-11-15,17.0600,17.3600,16.2600,16.3700,1978000,10.8890
2018-11-16,17.0300,18.3000,16.9000,17.9900,2122700,11.9665
2018-11-19,17.9400,18.5200,17.9400,18.2300,675100,12.1262
2018-11-20,18.2200,18.3300,17.7000,17.9900,597600,11.9665
2018-11-21,17.9700,18.1700,17.8300,17.9700,396900,11.9532
2018-11-23,17.9400,18.1100,17.8300,18.0100,204300,11.9798
2018-11-26,18.1000,18.2500,18.0400,18.1200,487500,12.0530
2018-11-27,18.1000,18.3200,18.0600,18.2200,347500,12.1195
2018-11-28,18.3000,18.4200,18.0200,18.2700,455300,12.1528
2018-11-29,18.2300,18.4800,18.1500,18.3000,380200,12.1728
2018-11-30,17.9900,18.2600,17.8600,18.2600,565600,12.3699
2018-12-03,18.3200,18.4200,18.2100,18.2800,229100,12.3834
2018-12-04,18.3000,18.5600,17.9900,18.1000,790300,12.2615
2018-12-06,17.9200,18.1800,17.5900,18.1800,487400,12.3157
2018-12-07,18.2200,18.4400,18.1300,18.2300,586500,12.3496
2018-12-10,18.2000,18.2300,17.8800,18.0500,315300,12.2276
2018-12-11,18.1900,18.1900,17.8300,17.9800,387400,12.1802
2018-12-12,18.0200,18.2100,17.9100,18.0000,451900,12.1937
2018-12-13,18.1000,18.4400,18.0400,18.2800,377100,12.3834
2018-12-14,18.2800,18.4100,18.1100,18.2400,221100,12.3563
2018-12-17,18.2500,18.2600,17.3300,17.4300,482500,11.8076
2018-12-18,17.5600,17.8900,17.2900,17.3100,450000,11.7263
2018-12-19,17.3300,17.4800,16.9800,17.1700,473300,11.6315
2018-12-20,17.2000,17.2900,16.6300,16.8500,558200,11.4147
2018-12-21,16.8500,17.1100,16.5100,16.5900,976700,11.2386
2018-12-24,16.5800,16.5900,15.9500,16.0100,187000,10.8457
2018-12-26,16.0500,16.9200,16.0500,16.9000,499500,11.4486
2018-12-27,16.8400,16.9000,16.4000,16.8100,492200,11.3876
2018-12-28,16.8100,17.2900,16.7700,17.2100,465200,11.6586
2018-12-31,17.3800,17.4400,17.1700,17.2500,417300,11.6857
2019-01-02,17.0500,17.3400,16.8400,17.2000,605700,11.6518
2019-01-03,17.2600,17.3200,16.8800,17.0000,454600,11.5163
2019-01-04,17.0000,17.6300,16.9900,17.6300,572100,11.9431
2019-01-07,17.2300,17.4500,16.4200,16.9200,1579600,11.4621
2019-01-08,16.9300,17.0200,15.9700,15.9800,2758400,10.8253
2019-01-09,16.0300,16.1800,15.9000,16.0800,1598800,10.8931
2019-01-10,16.0800,16.8000,16.0300,16.4400,1653900,11.1370
2019-01-11,16.4500,16.4900,16.0200,16.2400,1725100,11.0015
2019-01-14,15.0000,15.0100,14.2500,14.3000,3176100,9.6873
2019-01-15,14.2800,14.3800,13.4400,14.0900,2144400,9.5450
2019-01-16,14.1000,14.5600,14.0900,14.3800,836000,9.7414
2019-01-17,14.5600,15.0900,14.4000,15.0200,1594300,10.1750
2019-01-18,14.9400,15.4500,14.9400,15.3500,1404200,10.3986
2019-01-22,15.3200,15.3300,15.0500,15.1700,537500,10.2766
2019-01-23,15.1800,15.6500,15.1800,15.5500,783800,10.5340
2019-01-24,15.5500,17.3500,15.4900,16.1500,2216800,10.9405
2019-01-25,16.1400,16.1400,15.1100,15.1400,1276900,10.2563
2019-01-28,15.0900,15.8000,15.0500,15.2500,1233300,10.3308
2019-01-29,15.3700,15.5500,15.0900,15.2800,708600,10.3511
2019-01-30,15.4100,15.4400,14.7800,14.8000,926400,10.0260
2019-01-31,14.8500,15.1900,14.8200,15.0900,1089200,10.2224
2019-02-01,15.0200,15.1700,14.9200,15.1000,673300,10.2292
2019-02-04,15.2000,15.2700,14.9200,15.0400,841500,10.1886
2019-02-05,15.0000,15.0800,14.1000,14.2400,1883900,9.6466
2019-02-06,14.2500,14.3200,14.0900,14.2500,1078200,9.6534
2019-02-07,14.2400,14.4100,14.1600,14.4000,1169900,9.7550
2019-02-08,14.4200,14.6900,14.3900,14.4300,1194800,9.7753
2019-02-11,14.5000,14.6900,14.2300,14.6400,1772000,9.9176
2019-02-12,14.7000,14.8000,14.5700,14.6800,584200,9.9447
2019-02-13,14.1800,14.3600,13.2600,13.4000,4053300,9.0776
2019-02-14,12.2000,14.3600,12.1200,14.1500,7129700,9.5856
2019-02-15,13.7500,14.8600,13.7100,14.5100,1784100,9.8295
2019-02-19,14.4200,14.5000,14.0200,14.2900,1402500,9.6805
2019-02-20,14.1800,14.6500,14.1300,14.2300,1507500,9.6398
2019-02-21,14.2400,14.4600,14.2000,14.4400,876500,9.7821
2019-02-22,14.4900,14.6500,14.3700,14.6000,759900,9.8905
2019-02-25,14.5700,14.7200,14.4000,14.5400,922800,9.8498
2019-02-26,14.5400,14.6100,14.4100,14.5000,717300,9.8227
2019-02-27,14.4500,15.0000,14.4100,14.8300,1329800,10.0463
2019-02-28,14.4500,15.0800,14.2100,14.9900,1567300,10.2935
2019-03-01,15.0600,15.1900,14.5100,14.5100,1312200,9.9639
2019-03-04,14.5500,14.8400,14.4200,14.8100,739000,10.1699
2019-03-05,14.7700,14.8700,14.6100,14.7900,796000,10.1562
2019-03-06,14.9300,15.3900,14.8000,15.1100,1921300,10.3759
2019-03-07,15.1000,15.2000,14.8300,14.8500,497500,10.1974
2019-03-08,14.8100,14.9000,14.6400,14.7600,461200,10.1356
2019-03-11,14.9500,15.2600,14.9500,15.2000,790000,10.4377
2019-03-12,15.2300,15.2800,14.9900,15.1600,495400,10.4102
2019-03-13,15.1800,15.2900,14.9400,14.9500,604400,10.2660
2019-03-14,14.9100,14.9300,14.6200,14.6900,645900,10.0875
2019-03-15,14.6500,14.8300,14.5400,14.7200,859200,10.1081
2019-03-18,14.6900,14.8500,14.6100,14.7300,304400,10.1150
2019-03-19,14.7000,14.7300,14.4200,14.5000,603200,9.9570
2019-03-20,14.4800,14.6600,14.1900,14.4900,696400,9.9502
2019-03-21,14.5000,14.8600,14.5000,14.7800,444100,10.1493
2019-03-22,14.7800,14.8200,14.6500,14.7000,599200,10.0944
2019-03-25,14.6400,14.7700,14.4200,14.7300,467300,10.1150
2019-03-26,14.7500,14.9500,14.7500,14.9400,361000,10.2592
2019-03-27,14.9600,15.0400,14.8900,14.9500,474900,10.2660
2019-03-28,14.9500,15.0200,14.9000,14.9600,385300,10.2729
2019-03-29,14.9700,15.1700,14.9300,15.1100,652500,10.3759
2019-04-01,15.1600,15.1900,14.9200,14.9600,593200,10.2729
2019-04-02,14.9900,15.1400,14.9000,15.1300,416600,10.3896
2019-04-03,15.1800,15.3200,15.0200,15.1100,377600,10.3759
2019-04-04,15.1500,15.2300,15.0000,15.1600,374100,10.4102
2019-04-05,15.1500,15.2900,15.0700,15.1500,606200,10.4034
2019-04-08,15.1600,15.2200,14.9000,15.0700,888800,10.3484
2019-04-09,15.0100,15.0900,14.9600,15.0000,443600,10.3004
2019-04-10,15.0000,15.2600,14.9400,15.2100,500100,10.4446
2019-04-11,15.2000,15.4400,15.2000,15.3900,402100,10.5682
2019-04-12,15.3800,15.8500,15.2300,15.8500,1096300,10.8841
2019-04-15,15.8800,16.0300,15.8000,16.0100,743100,10.9939
2019-04-16,16.0100,16.1900,15.9000,15.9400,1489800,10.9459
2019-04-17,16.0200,16.0500,15.8400,16.0100,633500,10.9939
2019-04-18,16.0400,16.1000,15.9100,16.0200,434400,11.0008
2019-04-22,16.0900,16.1400,15.7300,15.8100,529000,10.8566
2019-04-23,15.8500,15.9700,15.6500,15.7600,563200,10.8223
2019-04-24,15.7800,16.0400,15.6700,15.9300,474600,10.9390
2019-04-25,15.8100,16.0600,15.6700,15.9200,420500,10.9321
2019-04-26,15.9900,16.1400,15.9100,16.1200,380300,11.0695
2019-04-29,16.0900,16.1500,15.6900,15.8000,921900,10.8497
2019-04-30,15.8500,15.8900,15.6500,15.8700,865600,10.8978
2019-05-01,15.8800,15.9300,15.6300,15.6700,771500,10.7604
2019-05-02,15.7200,15.7200,15.4500,15.5400,806300,10.6712
2019-05-03,15.6100,15.8900,15.5200,15.7900,559600,10.8429
2019-05-06,15.7100,15.8400,15.5500,15.6300,520500,10.7330
2019-05-07,15.5100,15.6800,15.2000,15.5700,1218000,10.6918
2019-05-08,15.6000,15.6600,15.5200,15.5900,1086600,10.7055
2019-05-09,15.5600,15.6500,15.5100,15.6300,1305800,10.7330
2019-05-10,15.6400,15.7600,15.4900,15.6600,609000,10.7536
2019-05-13,15.5400,15.6900,15.2600,15.3400,1077600,10.5338
2019-05-14,15.3600,15.4200,15.1500,15.2900,704600,10.4995
2019-05-15,15.2300,15.5300,15.1700,15.5000,418300,10.6437
2019-05-16,15.5000,15.5900,15.4100,15.5300,731100,10.6643
2019-05-17,15.4600,15.6000,15.4300,15.5600,470500,10.6849
2019-05-20,15.5000,15.5900,15.4600,15.5500,706600,10.6780
2019-05-21,15.5300,15.6300,15.5000,15.5700,417100,10.6918
2019-05-22,15.5700,15.6800,15.5000,15.5200,476900,10.6574
2019-05-23,15.4800,15.5800,15.4600,15.5200,326200,10.6574
2019-05-24,15.5500,15.6800,15.5300,15.6000,273200,10.7124
2019-05-28,15.5900,15.6200,15.5000,15.5800,674200,10.6986
2019-05-29,15.5000,15.5100,15.1600,15.1900,651200,10.4308
2019-05-30,15.1800,15.2600,14.9400,15.1500,732100,10.4034
2019-05-31,14.8700,15.0500,14.7700,15.0000,1122200,10.4382
2019-06-03,15.0400,15.4400,15.0400,15.4300,806200,10.7374
2019-06-04,15.5000,15.9500,15.4100,15.8800,672100,11.0505
2019-06-05,15.8800,15.9500,15.6400,15.8100,438300,11.0018
2019-06-06,15.8500,16.1600,15.7200,16.1300,603400,11.2245
2019-06-07,16.2500,16.5300,16.0900,16.1000,606800,11.2036
2019-06-10,16.0000,16.0100,15.7500,15.9100,755500,11.0714
2019-06-11,15.9500,16.0900,15.8700,16.0600,512000,11.1758
2019-06-12,16.0800,16.1400,15.8000,16.0200,551100,11.1480
2019-06-13,16.0900,16.2800,15.8500,15.9800,697200,11.1201
2019-06-14,16.0400,16.1500,15.9000,16.1100,349200,11.2106
2019-06-17,16.1000,16.3400,16.0200,16.3000,480200,11.3428
2019-06-18,16.2500,16.5300,16.2000,16.3400,717900,11.3706
2019-06-19,16.3200,16.6400,16.3200,16.6000,518800,11.5516
2019-06-20,16.7500,17.0500,16.6300,17.0000,498100,11.8299
2019-06-21,16.9600,16.9700,16.7800,16.9200,548800,11.7743
2019-06-24,16.9800,17.0500,16.9000,16.9700,521000,11.8090
2019-06-25,16.9900,17.1600,16.8300,16.8900,681800,11.7534
2019-06-26,16.8800,17.0200,16.2700,16.2800,503900,11.3289
2019-06-27,16.3400,16.9200,16.2600,16.9000,978800,11.7603
2019-06-28,16.9000,17.1300,16.7500,16.8600,720300,11.7325
2019-07-01,16.9100,17.1200,16.7500,16.9400,474500,11.7882
2019-07-02,16.9800,17.1300,16.8400,17.0500,496300,11.8647
2019-07-03,17.0500,17.2700,17.0500,17.2300,487900,11.9900
2019-07-05,17.1400,17.2100,16.8500,17.1800,331200,11.9552
2019-07-08,17.1300,17.2700,17.1000,17.2400,540600,11.9969
2019-07-09,17.2000,17.4800,17.0300,17.4400,1412000,12.1361
2019-07-10,17.4300,17.4700,17.1300,17.2600,610100,12.0108
2019-07-11,17.3100,17.4700,17.2300,17.3300,449000,12.0596
2019-07-12,17.2900,17.3500,16.8900,17.0900,542800,11.8925
2019-07-15,17.1400,17.1800,17.0000,17.1700,454400,11.9482
2019-07-16,17.2000,17.3100,17.2000,17.2700,377600,12.0178
2019-07-17,17.3300,17.4900,17.2500,17.3900,420500,12.1013
2019-07-18,17.3600,17.5000,17.2900,17.4900,345800,12.1709
2019-07-19,17.5900,18.0600,17.5600,17.8600,710500,12.4284
2019-07-22,17.8600,18.1300,17.8100,18.0500,550900,12.5606
2019-07-23,18.0300,18.3200,17.9200,18.0800,1545200,12.5815
2019-07-24,18.1000,18.2400,17.9500,18.2300,500000,12.6859
2019-07-25,18.2000,18.2300,17.9400,18.0000,288000,12.5258
2019-07-26,18.0900,18.1700,18.0000,18.0500,263600,12.5606
2019-07-29,18.0400,18.1100,17.9200,18.0800,267900,12.5815
2019-07-30,18.0500,18.2900,18.0100,18.2500,383900,12.6998
2019-07-31,18.2500,18.4100,17.9600,18.0200,635300,12.5397
2019-08-01,18.0700,18.3200,17.9500,18.0600,432400,12.5675
2019-08-02,18.0300,18.2400,17.8700,18.1800,452700,12.6511
2019-08-05,18.0000,18.1100,17.5500,17.6400,871600,12.2753
2019-08-06,17.1800,17.4700,16.9600,17.0600,1367100,11.8717
2019-08-07,16.8800,16.9700,16.4700,16.8600,1086700,11.7325
2019-08-08,16.8800,17.2700,16.7000,17.2000,480300,11.9691
2019-08-09,17.1700,17.6000,17.1400,17.4000,397600,12.1083
2019-08-12,17.3700,17.4700,17.0300,17.3400,616200,12.0665
2019-08-13,17.2600,17.9500,17.2600,17.9100,508100,12.4632
2019-08-14,17.7600,17.8300,17.5000,17.5600,1061000,12.2196
2019-08-15,17.6100,17.6800,17.3600,17.5700,439700,12.2266
2019-08-16,17.6100,17.9600,17.6100,17.9000,568200,12.4562
2019-08-19,18.0000,18.1200,17.4100,17.5200,804500,12.1918
2019-08-20,17.5000,17.6200,17.3500,17.6200,315300,12.2614
2019-08-21,17.7100,17.7300,17.5500,17.6600,291000,12.2892
2019-08-22,17.6300,17.8400,17.5800,17.7900,287900,12.3797
2019-08-23,17.7500,17.9700,17.3200,17.3900,706100,12.1013
2019-08-26,17.5100,17.6100,17.4300,17.4800,627200,12.1639
2019-08-27,17.5800,17.7800,17.3200,17.3300,520800,12.0596
2019-08-28,17.3500,17.6000,17.3400,17.5600,281700,12.2196
2019-08-29,17.6500,17.9300,17.6500,17.7500,288400,12.3518
2019-08-30,17.6300,17.7300,17.4800,17.7000,235200,12.4574
2019-09-03,17.6300,17.8000,17.5200,17.7300,329400,12.4785
2019-09-04,17.8200,17.8900,17.7000,17.7900,255400,12.5207
2019-09-05,17.8100,18.0000,17.7200,17.8200,236100,12.5419
2019-09-06,17.8800,17.9400,17.5900,17.5900,181400,12.3800
2019-09-09,17.5700,17.7600,17.4900,17.5700,429500,12.3659
2019-09-10,17.5700,17.9800,17.5000,17.9500,297200,12.6333
2019-09-11,18.0500,18.5300,17.8600,18.4300,811900,12.9712
2019-09-12,18.4400,18.5800,18.1600,18.2500,519900,12.8445
2019-09-13,18.2900,18.3600,18.0300,18.1900,363700,12.8023
2019-09-16,18.2700,18.4100,17.9300,17.9500,499100,12.6333
2019-09-17,17.9000,18.2300,17.8000,18.2000,379600,12.8093
2019-09-18,18.3000,18.4100,18.0800,18.1700,397500,12.7882
2019-09-19,18.2000,18.2700,18.0500,18.1100,313600,12.7460
2019-09-20,18.1500,18.1600,17.9400,18.0500,599700,12.7037
2019-09-23,18.0000,18.0300,17.8100,17.8700,335700,12.5770
2019-09-24,17.9400,17.9600,17.6100,17.6800,993300,12.4433
2019-09-25,17.6900,18.0300,17.6300,18.0100,364300,12.6756
2019-09-26,17.9900,18.3200,17.9100,18.2400,319800,12.8375
2019-09-27,18.2800,18.3500,18.0300,18.2000,296500,12.8093
2019-09-30,18.1500,18.3200,18.0100,18.2500,453300,12.8445
2019-10-01,18.2500,18.3700,18.0400,18.1000,370100,12.7389
2019-10-02,18.0200,18.1500,17.9600,18.0600,399200,12.7108
2019-10-03,18.0200,18.5000,17.9900,18.5000,397000,13.0204
2019-10-04,18.5000,19.3200,18.5000,19.3000,1024000,13.5835
2019-10-07,19.3400,19.4800,19.1400,19.4000,813700,13.6539
2019-10-08,19.3600,19.4100,19.1000,19.2200,580000,13.5272
2019-10-09,19.3300,19.3500,19.1000,19.2400,317200,13.5413
2019-10-10,19.2500,19.2900,19.1000,19.2500,623200,13.5483
2019-10-11,19.3600,19.5100,19.2700,19.4000,576400,13.6539
2019-10-14,19.3200,19.4700,19.1800,19.3100,756500,13.5905
2019-10-15,19.2700,19.4700,19.1900,19.4000,844400,13.6539
2019-10-16,19.4100,19.5000,19.2300,19.4000,878600,13.6539
2019-10-17,19.4200,19.6500,19.3900,19.6000,435500,13.7946
2019-10-18,19.5600,19.9200,19.5200,19.9100,379600,14.0128
2019-10-21,20.0000,20.1000,19.9000,20.0600,272700,14.1184
2019-10-22,20.1000,20.2900,19.9900,20.0900,579500,14.1395
2019-10-23,20.0700,20.4000,20.0000,20.3400,1535500,14.3155
2019-10-24,20.4000,20.4300,20.0400,20.1500,315000,14.1817
2019-10-25,20.1500,20.2400,19.0600,19.3300,1198100,13.6046
2019-10-28,18.4700,18.5500,16.9800,17.0400,1835900,11.9929
2019-10-29,16.9900,17.8300,16.9500,17.5500,664000,12.3518
2019-10-30,17.5900,18.4000,17.5800,18.1500,1021700,12.7741
2019-10-31,18.1600,18.2100,17.8400,18.1300,611500,12.7600
2019-11-01,18.1400,18.5600,18.0800,18.5500,692900,13.0556
2019-11-04,18.6400,18.8800,18.6000,18.8000,567200,13.2316
2019-11-05,18.9700,19.1300,18.7300,18.9400,432900,13.3301
2019-11-06,19.0900,19.1800,18.6500,19.0700,621100,13.4216
2019-11-07,19.2800,19.8900,18.9800,19.4500,869500,13.6891
2019-11-08,19.4400,19.6200,19.1500,19.5000,493700,13.7243
2019-11-11,19.4700,19.7200,19.4700,19.6000,406300,13.7946
2019-11-12,19.5800,19.7700,19.5000,19.6700,373600,13.8439
2019-11-13,19.6300,19.7400,19.3000,19.3400,487400,13.6116
2019-11-14,19.3600,19.8700,19.3600,19.8700,390800,13.9847
2019-11-15,19.9400,20.0400,19.6800,19.7500,442700,13.9002
2019-11-18,19.7400,19.8000,19.4400,19.5500,574800,13.7594
2019-11-19,19.6300,19.6800,19.4700,19.4700,478000,13.7031
2019-11-20,19.4000,19.6200,19.2800,19.4000,704400,13.6539
2019-11-21,19.4600,19.6000,19.2300,19.2500,339800,13.5483
2019-11-22,19.3000,19.5400,19.2400,19.3000,452000,13.5835
2019-11-25,19.4000,19.5200,19.2100,19.3500,730400,13.6187
2019-11-26,19.4000,19.8800,19.4000,19.7700,690100,13.9143
2019-11-27,19.8600,20.0200,19.7600,19.9500,462700,14.0410
2019-11-29,19.7300,19.9900,19.6600,19.8300,188100,14.0978
2019-12-02,19.7600,19.8400,19.2600,19.3000,599200,13.7210
2019-12-03,18.6400,19.2000,18.5500,19.1100,2849100,13.5860
2019-12-04,19.3500,19.9800,19.1900,19.2000,1087000,13.6500
2019-12-05,19.2300,19.4000,19.1500,19.3800,683600,13.7779
2019-12-06,19.4100,19.6400,19.2200,19.2500,601800,13.6855
2019-12-09,19.3800,19.7900,19.2600,19.5700,823800,13.9130
2019-12-10,19.5400,19.8300,19.4300,19.7400,458900,14.0339
2019-12-11,19.7700,19.8200,19.4800,19.6300,424100,13.9557
2019-12-12,19.5900,19.7400,19.4100,19.4600,395500,13.8348
2019-12-13,19.4600,19.5500,19.1700,19.3300,547100,13.7424
2019-12-16,19.4200,19.6900,19.2400,19.6700,707000,13.9841
2019-12-17,19.6900,19.7300,19.3200,19.3600,498100,13.7637
2019-12-18,19.3500,19.4900,19.1300,19.4500,527600,13.8277
2019-12-19,19.4600,19.7800,19.4600,19.6400,375900,13.9628
2019-12-20,19.6100,20.2400,19.6100,19.9900,1557500,14.2116
2019-12-23,20.0000,20.0000,19.7600,19.8500,252800,14.1121
2019-12-24,19.8900,19.9000,19.6100,19.6800,142700,13.9912
2019-12-26,19.7000,19.9300,19.6300,19.8500,233800,14.1121
2019-12-27,19.8800,20.0500,19.7400,20.0200,249000,14.2329
2019-12-30,20.0100,20.2300,19.9500,20.1000,561300,14.2898
2019-12-31,20.0800,20.2700,19.9500,19.9500,388200,14.1832
2020-01-02,20.0300,20.1300,19.9300,20.0500,317900,14.2542
2020-01-03,19.9000,20.1100,19.9000,20.0100,773100,14.2258
2020-01-06,20.0200,20.2900,20.0100,20.0700,289000,14.2685
2020-01-07,20.0100,20.1300,19.9300,19.9800,810800,14.2045
2020-01-08,20.0100,20.3900,19.8400,20.2000,1150300,14.3609
2020-01-09,20.2800,20.3900,20.0500,20.2800,848400,14.4178
2020-01-10,20.2800,20.3300,20.0900,20.1100,352600,14.2969
2020-01-13,20.0400,20.3400,19.9900,20.1500,1126300,14.3253
2020-01-14,20.2300,20.7300,20.1500,20.7200,563300,14.7306
2020-01-15,20.8100,21.4800,20.7300,21.4700,790100,15.2638
2020-01-16,21.4400,21.6900,21.3600,21.6100,472000,15.3633
2020-01-17,21.6500,21.8300,21.4200,21.6100,532900,15.3633
2020-01-21,21.6300,21.8900,21.4200,21.6800,802700,15.4131
2020-01-22,21.7300,21.7800,21.0200,21.2200,849300,15.0860
2020-01-23,21.3000,21.3300,21.0000,21.1900,1042900,15.0647
2020-01-24,21.2400,21.5100,21.1500,21.3000,505400,15.1429
2020-01-27,21.2000,21.4400,21.0700,21.2300,395000,15.0931
2020-01-28,21.2900,21.4000,21.1700,21.3400,508300,15.1714
2020-01-29,21.3200,21.5300,21.2400,21.4500,405200,15.2496
2020-01-30,21.3100,21.5400,21.2100,21.5400,331000,15.3135
2020-01-31,21.6700,21.6700,21.1600,21.1700,590700,15.0505
2020-02-03,21.2000,21.5900,21.1800,21.5200,415200,15.2993
2020-02-04,21.5500,21.6100,21.3000,21.3100,418800,15.1500
2020-02-05,21.3600,21.8600,21.3000,21.7900,568000,15.4913
2020-02-06,21.9600,21.9700,21.6000,21.6200,311600,15.3704
2020-02-07,21.5900,21.7500,21.5100,21.5700,332500,15.3349
2020-02-10,21.5600,21.5900,21.3200,21.3800,535200,15.1998
2020-02-11,21.4900,21.9000,21.4700,21.7700,1084700,15.4771
2020-02-12,21.8500,22.2200,21.6300,22.0000,733300,15.6406
2020-02-13,22.0000,22.1600,21.8900,21.9900,670900,15.6335
2020-02-14,22.0000,22.1200,21.8500,22.0000,423100,15.6406
2020-02-18,22.0400,22.3500,21.9000,22.2600,612200,15.8254
2020-02-19,22.4700,23.2100,22.2700,23.1100,814700,16.4297
2020-02-20,23.0700,23.2400,22.6500,23.0000,450900,16.3515
2020-02-21,23.0100,23.0800,22.6600,22.8700,475800,16.2591
2020-02-24,22.5600,22.5900,22.0900,22.4300,510100,15.9463
2020-02-25,22.4600,22.5300,21.4200,21.5300,839800,15.3064
2020-02-26,21.5100,21.8500,21.2600,21.3500,537100,15.1785
2020-02-27,20.5000,22.1000,19.2600,21.2500,1735600,15.1074
2020-02-28,20.3600,21.0700,20.0500,21.0400,1552200,15.1074
2020-03-02,21.0000,21.6400,20.5800,21.5900,809300,15.5023
2020-03-03,21.6000,21.9000,20.8000,21.0900,650100,15.1433
2020-03-04,21.3400,21.9000,21.2000,21.8100,496600,15.6603
2020-03-05,21.4100,22.0400,21.3300,21.5900,858000,15.5023
2020-03-06,21.2900,22.0800,20.8300,22.0500,1452800,15.8326
2020-03-09,21.1100,21.8700,20.6700,21.4800,1787400,15.4233
2020-03-10,21.9200,22.7800,20.8300,21.9800,1926300,15.7823
2020-03-11,21.4300,22.0100,21.0900,21.3400,1393400,15.3228
2020-03-12,20.3300,20.3300,17.5400,18.9100,1865000,13.5780
2020-03-13,19.6900,20.0400,18.2400,20.0400,1353500,14.3893
2020-03-16,17.8400,18.0000,16.1200,16.6100,1221600,11.9265
2020-03-17,17.0300,19.5500,16.6900,19.2800,1446900,13.8436
2020-03-18,18.3100,18.7800,16.5500,17.3800,1098800,12.4794
2020-03-19,17.5300,19.1200,16.5600,18.4100,990500,13.2189
2020-03-20,18.5300,20.9800,18.1300,19.6300,1931400,14.0949
2020-03-23,19.4200,19.6300,17.2200,18.4100,1088800,13.2189
2020-03-24,19.1800,19.8600,18.3900,18.8900,956500,13.5636
2020-03-25,18.8700,19.2800,18.0400,18.4900,869600,13.2764
2020-03-26,18.7600,20.3400,18.5300,20.2300,942300,14.5258
2020-03-27,19.4700,19.9900,18.2900,18.8200,679500,13.5133
2020-03-30,18.7700,19.5500,18.5000,19.0300,618500,13.6641
2020-03-31,18.7600,19.2400,18.4800,18.8000,899500,13.4990
2020-04-01,18.0000,18.2200,17.4800,17.9000,790600,12.8528
2020-04-02,17.9500,18.5800,17.1100,17.7900,1474500,12.7738
2020-04-03,17.5600,18.5000,17.5600,18.3700,919600,13.1902
2020-04-06,18.9700,19.5300,18.8500,19.3500,740500,13.8939
2020-04-07,19.8000,19.8900,18.9100,19.0400,941300,13.6713
2020-04-08,19.1600,19.5000,18.8900,19.2400,645600,13.8149
2020-04-09,19.5800,20.5000,19.4100,20.0300,1060200,14.3822
2020-04-13,19.7200,19.9900,19.1400,19.6200,480500,14.0878
2020-04-14,20.0300,20.3300,19.6900,19.9600,410900,14.3319
2020-04-15,19.3900,19.4700,18.6400,19.0000,1418300,13.6426
2020-04-16,19.0500,19.2400,18.6000,19.1000,597900,13.7144
2020-04-17,19.5300,19.7700,19.0700,19.6800,476300,14.1308
2020-04-20,19.3900,19.5300,19.0400,19.1600,452400,13.7575
2020-04-21,18.8300,19.4000,18.7300,19.1500,784100,13.7503
2020-04-22,19.6500,20.1000,19.1000,19.7500,682900,14.1811
2020-04-23,19.5600,20.3600,19.5600,20.1000,837600,14.4324
2020-04-24,20.1900,20.4000,19.8000,20.1700,513400,14.4827
2020-04-27,20.3900,20.5500,20.2300,20.3000,635300,14.5760
2020-04-28,20.5000,21.2200,20.5000,20.7800,526500,14.9207
2020-04-29,21.0000,21.2100,20.0000,20.3800,876300,14.6335
2020-04-30,20.3100,20.3100,19.6500,20.0300,791000,14.3822
2020-05-01,19.7300,19.8400,19.2600,19.5000,679600,14.0016
2020-05-04,19.3000,19.7200,19.1100,19.7000,391100,14.1452
2020-05-05,20.0900,20.4300,19.9300,20.3100,446600,14.5832
2020-05-06,20.4000,20.4000,19.7300,19.8400,691700,14.2457
2020-05-07,20.1100,20.5600,19.7400,20.4400,507100,14.6766
2020-05-08,20.7700,21.1400,20.6400,21.0200,529400,15.0930
2020-05-11,20.7900,21.8100,20.6700,21.4900,960900,15.4305
2020-05-12,21.4700,21.6700,20.8800,21.0000,971600,15.0787
2020-05-13,20.8400,21.0300,20.3500,20.6300,689600,14.8130
2020-05-14,20.3200,20.5300,19.8600,20.5000,682400,14.7196
2020-05-15,20.5200,20.5900,20.2200,20.3600,605700,14.6191
2020-05-18,21.0000,21.2000,20.7900,20.9300,652100,15.0284
2020-05-19,20.9300,21.1900,20.6500,20.6800,1315200,14.8489
2020-05-20,20.9900,21.0700,20.7700,20.9700,755400,15.0571
2020-05-21,20.8800,21.1300,20.6800,21.0300,585500,15.1002
2020-05-22,21.0700,21.1700,20.7600,21.1600,524900,15.1935
2020-05-26,21.6300,21.6300,21.0300,21.2000,1028900,15.2223
2020-05-27,21.5100,21.6300,20.6200,21.5100,873300,15.4448
2020-05-28,21.6700,22.1700,21.3300,21.7400,806800,15.6100
2020-05-29,21.4300,22.0800,21.4300,21.9100,977300,15.8855
2020-06-01,21.8400,22.3600,21.7100,22.0600,892000,15.9943
2020-06-02,22.2400,22.4600,21.9100,22.2600,529900,16.1393
2020-06-03,22.4300,22.7000,22.4000,22.5000,595000,16.3133
2020-06-04,22.2800,22.8800,22.1200,22.8600,1022900,16.5743
2020-06-05,23.2000,23.5800,22.8400,22.9200,483200,16.6178
2020-06-08,22.9700,23.5500,22.8400,23.4000,433500,16.9658
2020-06-09,23.1200,23.1800,22.6800,23.0500,634500,16.7120
2020-06-10,23.0800,23.3300,22.6300,23.0100,818900,16.6830
2020-06-11,22.5000,22.7700,22.0500,22.1500,649900,16.0595
2020-06-12,22.6900,22.8800,21.8400,22.1600,1022500,16.0668
2020-06-15,21.7400,22.8300,21.6900,22.7200,649200,16.4728
2020-06-16,23.2500,24.3300,22.6000,23.8500,1395400,17.2921
2020-06-17,24.0300,24.0300,23.4300,23.6800,825500,17.1688
2020-06-18,23.4600,24.1700,23.4400,23.8100,449700,17.2631
2020-06-19,24.1900,24.3300,23.5800,23.7100,847600,17.1906
2020-06-22,23.6800,25.0900,23.5800,24.7500,1508400,17.9446
2020-06-23,24.9900,24.9900,23.4700,23.6000,829700,17.1108
2020-06-24,23.2600,23.4100,22.8300,23.1900,595100,16.8135
2020-06-25,23.1200,23.1700,22.7500,23.1600,419900,16.7918
2020-06-26,22.9900,23.1400,22.5800,22.7100,1059400,16.4655
2020-06-29,22.7700,23.0300,22.5300,23.0000,327100,16.6758
2020-06-30,22.9400,23.1900,22.8600,23.0600,347800,16.7193
2020-07-01,22.6000,23.0700,22.6000,22.9700,532200,16.6540
2020-07-02,23.3500,23.3700,23.0400,23.2100,528900,16.8280
2020-07-06,23.5400,23.7000,22.9000,23.0600,403200,16.7193
2020-07-07,22.8700,23.1600,22.6600,23.0100,529800,16.6830
2020-07-08,22.9500,23.1300,22.7000,22.9600,483100,16.6468
2020-07-09,22.9500,23.0200,22.1200,22.2100,716200,16.1030
2020-07-10,22.1900,22.7900,22.0600,22.5800,397400,16.3713
2020-07-13,22.6900,23.2000,22.5300,22.7300,443800,16.4800
2020-07-14,22.7600,23.2800,22.5600,23.2700,322600,16.8715
2020-07-15,23.5700,23.8800,23.3200,23.4900,481900,17.0311
2020-07-16,23.5600,23.6400,23.2000,23.3400,472600,16.9223
2020-07-17,23.4000,23.6800,23.3600,23.6100,373200,17.1181
2020-07-20,23.4800,23.5900,23.0900,23.3300,243400,16.9151
2020-07-21,23.6300,24.0400,23.5300,23.9300,483000,17.3501
2020-07-22,23.8300,24.5200,23.7600,24.4100,364600,17.6981
2020-07-23,24.5000,25.0500,24.4300,24.6200,404500,17.8503
2020-07-24,24.5700,24.6400,24.0000,24.1600,370700,17.5168
2020-07-27,24.1800,24.3900,23.6200,23.9300,307100,17.3501
2020-07-28,23.7700,24.2500,23.7600,24.0000,341500,17.4008
2020-07-29,24.0500,24.5400,23.9400,24.5000,425100,17.7633
2020-07-30,24.3100,24.4900,24.0900,24.3600,444500,17.6618
2020-07-31,24.3200,24.5700,24.0800,24.5400,478700,17.7923
2020-08-03,24.5400,24.7800,24.2900,24.6500,311300,17.8721
2020-08-04,24.6400,25.0100,24.5200,24.9500,345000,18.0896
2020-08-05,25.1600,25.8300,25.0400,25.7700,802100,18.6841
2020-08-06,26.2800,26.3200,25.2000,25.7700,438300,18.6841
2020-08-07,25.7700,27.0500,25.7600,26.8800,529700,19.4889
2020-08-10,26.9400,27.0700,26.5300,26.7300,840500,19.3802
2020-08-11,26.8300,27.1200,26.3500,26.5000,745700,19.2134
2020-08-12,26.6200,27.0600,26.5400,26.6100,496000,19.2932
2020-08-13,26.5700,26.8100,26.3900,26.4800,506000,19.1989
2020-08-14,26.5500,26.6800,26.1400,26.2400,447400,19.0249
2020-08-17,26.2100,26.4200,25.9600,26.1200,622500,18.9379
2020-08-18,26.1700,26.3000,25.6200,26.0900,565800,18.9161
2020-08-19,26.0500,26.3800,25.9200,25.9900,546100,18.8436
2020-08-20,25.8500,26.0400,25.5500,25.7400,476300,18.6624
2020-08-21,25.6400,25.8600,25.4300,25.7700,971400,18.6841
2020-08-24,25.9700,25.9700,25.5600,25.7500,543500,18.6696
2020-08-25,25.9100,25.9400,25.4700,25.5800,847200,18.5464
2020-08-26,25.5700,25.5700,25.1600,25.3200,342400,18.3579
2020-08-27,25.4500,26.1000,25.4500,26.0200,383200,18.8654
2020-08-28,26.0400,26.1500,25.4700,25.6100,556500,18.5681
2020-08-31,25.4300,25.8300,25.4300,25.5100,555000,18.7245
2020-09-01,25.3600,25.4300,24.6900,24.9700,482200,18.3281
2020-09-02,24.9300,25.2600,24.8700,25.1900,466200,18.4896
2020-09-03,25.1100,25.2000,24.2100,24.3800,394100,17.8951
2020-09-04,24.3800,24.4000,23.3300,23.9000,389700,17.5427
2020-09-08,24.0400,24.1000,23.3300,23.3300,343400,17.1243
2020-09-09,23.4100,23.7700,23.2600,23.5600,277300,17.2932
2020-09-10,23.5500,23.5700,23.0500,23.0700,290400,16.9335
2020-09-11,23.1300,23.2100,22.6900,23.1600,640400,16.9996
2020-09-14,23.4100,24.4900,23.3000,24.4700,732900,17.9611
2020-09-15,24.5700,25.2100,24.5700,24.7500,644400,18.1666
2020-09-16,24.7600,26.1100,24.7400,25.7000,1089200,18.8639
2020-09-17,25.5700,26.0300,25.2500,25.6600,886900,18.8346
2020-09-18,25.9000,25.9200,25.2300,25.7800,2822600,18.9227
2020-09-21,25.5600,25.5900,24.2800,24.6500,918800,18.0932
2020-09-22,24.6300,24.9800,24.5400,24.8600,521200,18.2474
2020-09-23,24.7700,25.0600,24.3400,24.3700,416100,17.8877
2020-09-24,24.3900,24.4400,23.9400,24.2700,499900,17.8143
2020-09-25,24.0600,24.8900,24.0600,24.8500,372700,18.2400
2020-09-28,25.0000,25.1300,24.7400,24.8800,356000,18.2621
2020-09-29,24.9900,25.7900,24.8600,25.7700,497500,18.9153
2020-09-30,25.9500,27.1200,25.9000,26.9600,1069400,19.7888
2020-10-01,27.1700,27.2700,26.6800,27.1700,717300,19.9429
2020-10-02,26.7300,27.7300,26.6900,27.5700,670500,20.2365
2020-10-05,27.7900,28.8000,27.7700,28.7800,794800,21.1247
2020-10-06,28.9400,30.6200,28.9100,29.6900,1421000,21.7926
2020-10-07,29.8200,30.3800,29.5000,29.9300,1257200,21.9688
2020-10-08,30.2900,30.7900,29.9600,30.7600,544300,22.5780
2020-10-09,30.9300,31.0000,30.3200,30.7400,553900,22.5633
2020-10-12,30.7900,30.9500,29.7200,29.9800,744000,22.0055
2020-10-13,29.7900,29.8700,29.3900,29.5400,586600,21.6825
2020-10-14,29.6600,29.9700,29.3100,29.5400,470900,21.6825
2020-10-15,29.1300,29.9200,29.0600,29.7100,541300,21.8073
2020-10-16,29.8700,30.1300,29.5600,29.6700,878700,21.7779
2020-10-19,29.8200,29.8500,29.2400,29.2500,989800,21.4697
2020-10-20,29.5300,30.1000,29.4000,30.0400,1178600,22.0495
2020-10-21,30.1000,30.5400,29.2900,29.3600,549000,21.5504
2020-10-22,29.2700,29.6600,29.1000,29.4400,993400,21.6091
2020-10-23,29.5000,29.9800,29.2200,29.9300,497300,21.9688
2020-10-26,29.5400,29.6900,29.0100,29.0500,430500,21.3229
2020-10-27,28.9500,29.1300,28.5300,28.9000,691200,21.2128
2020-10-28,28.5000,28.9500,28.0600,28.4800,474600,20.9045
2020-10-29,28.3500,28.9900,27.7700,28.8100,474200,21.1467
2020-10-30,28.7100,29.0900,27.8100,28.1600,579000,20.6696
2020-11-02,28.2400,29.4200,28.1700,29.2900,525000,21.4990
2020-11-03,29.7400,30.2100,29.3700,29.6700,667600,21.7779
2020-11-04,29.3100,29.9800,28.3400,28.4700,656500,20.8971
2020-11-05,28.7500,29.9500,28.1700,29.9200,556700,21.9614
2020-11-06,30.0700,30.3000,29.4300,29.5200,479300,21.6678
2020-11-09,31.5400,32.7900,29.2700,29.3000,877200,21.5064
2020-11-10,29.6400,30.8600,29.5500,30.3600,545500,22.2844
2020-11-11,30.4500,30.9100,30.3200,30.6400,722200,22.4899
2020-11-12,30.7000,31.0000,29.5700,29.8700,589200,21.9247
2020-11-13,30.1300,30.3900,29.8100,29.8500,556300,21.9101
2020-11-16,30.5900,30.5900,29.3500,29.7000,439300,21.8000
2020-11-17,29.4000,29.8800,29.2500,29.3400,357700,21.5357
2020-11-18,29.5000,29.6600,29.0100,29.0400,360900,21.3155
2020-11-19,29.0000,29.3700,28.8300,29.0600,340200,21.3302
2020-11-20,29.1500,29.6300,29.0400,29.2300,478100,21.4550
2020-11-23,29.4900,29.5800,29.1500,29.2500,419600,21.4697
2020-11-24,29.6600,30.0100,29.5200,29.6900,554100,21.7926
2020-11-25,29.6900,29.7700,28.9500,29.3200,499700,21.5210
2020-11-27,29.3200,29.6500,29.2700,29.5100,258600,21.6605
2020-11-30,29.5400,29.5400,28.9500,29.2700,469000,21.7184
2020-12-01,29.5000,29.7700,29.1100,29.5800,784700,21.9484
2020-12-02,29.5000,29.7500,29.1500,29.5300,616500,21.9113
2020-12-03,29.6100,29.8100,29.2400,29.3900,1052700,21.8074
2020-12-04,29.3900,29.9700,29.2500,29.9500,375100,22.2229
2020-12-07,30.0000,30.8900,30.0000,30.8400,654200,22.8833
2020-12-08,31.0000,31.4500,30.7200,31.1200,1840600,23.0911
2020-12-09,31.3000,31.4000,30.0600,30.3900,565400,22.5494
2020-12-10,30.2100,30.4100,29.6900,30.3800,387000,22.5420
2020-12-11,30.2500,30.9200,30.1600,30.8700,459200,22.9056
2020-12-14,31.3300,31.5800,30.4300,30.5100,530400,22.6385
2020-12-15,30.3000,31.2300,30.1500,31.2100,585500,23.1579
2020-12-16,31.4000,31.4200,31.0500,31.1600,520800,23.1208
2020-12-17,31.2000,31.8400,31.0700,31.6400,1151800,23.4769
2020-12-18,31.9100,32.2700,31.4800,32.1800,3386600,23.8776
2020-12-21,31.6100,31.8300,31.1200,31.7800,1399200,23.5808
2020-12-22,32.0000,32.9300,31.9400,32.5300,1020600,24.1373
2020-12-23,32.9900,33.2300,32.7900,32.9100,1022600,24.4193
2020-12-24,33.0500,33.3800,32.6400,32.6700,346200,24.2412
2020-12-28,33.0500,33.3200,32.1800,32.3900,572400,24.0334
2020-12-29,32.4400,32.6000,31.5600,31.7700,736100,23.5734
2020-12-30,31.9100,32.3500,31.5900,32.1300,729400,23.8405
2020-12-31,32.0700,32.1700,31.6100,31.9300,972900,23.6921
2021-01-04,32.2400,33.5000,32.0000,33.4700,1146800,24.8348
2021-01-05,33.5200,33.8100,32.9400,33.5900,732000,24.9238
2021-01-06,34.0400,36.5100,34.0000,35.8100,2054500,26.5711
2021-01-07,36.2600,37.2300,35.7700,36.5200,1057400,27.0979
2021-01-08,36.6200,36.9200,35.2400,35.7700,812300,26.5414
2021-01-11,35.4200,35.6200,34.3800,34.8000,1313200,25.8216
2021-01-12,35.0300,35.3300,34.1600,34.7200,1649300,25.7623
2021-01-13,34.8600,35.6900,34.5000,34.7900,571700,25.8142
2021-01-14,34.8600,34.9200,33.8600,34.3300,783200,25.4729
2021-01-15,33.9400,34.3800,33.2300,33.7800,1209200,25.0648
2021-01-19,34.1000,34.4800,33.6400,33.7900,614400,25.0722
2021-01-20,33.9400,34.8500,33.6600,34.5000,616500,25.5990
2021-01-21,34.7300,35.6300,34.3500,35.2500,853600,26.1555
2021-01-22,35.0000,35.2400,34.3500,35.1100,675000,26.0517
2021-01-25,35.0100,35.3800,34.1100,35.0500,913400,26.0071
2021-01-26,35.0000,35.1300,32.9700,32.9800,679200,24.4712
2021-01-27,32.3500,32.4100,30.8000,30.8900,1293900,22.9204
2021-01-28,31.3900,32.2000,31.0600,31.6100,1187400,23.4547
2021-01-29,31.6100,31.9100,30.8800,30.9800,766200,22.9872
2021-02-01,31.1500,31.3600,30.5400,31.2500,492100,23.1875
2021-02-02,31.5000,32.0500,31.1000,31.7200,641600,23.5363
2021-02-03,31.7600,32.4200,31.2500,31.7500,806500,23.5585
2021-02-04,31.8100,32.0000,31.2800,31.9000,558100,23.6698
2021-02-05,32.2200,32.6900,32.0400,32.4300,670200,24.0631
2021-02-08,32.6300,32.8300,32.1200,32.2500,732800,23.9295
2021-02-09,32.2500,32.6100,31.7000,32.2100,517300,23.8999
2021-02-10,32.5400,32.6900,31.7900,32.3800,462900,24.0260
2021-02-11,32.4600,32.5500,31.5700,32.1200,379300,23.8331
2021-02-12,31.9200,32.6100,31.8700,32.5600,518600,24.1596
2021-02-16,32.6500,32.7200,31.5900,31.8600,639700,23.6402
2021-02-17,31.8600,31.9800,31.3600,31.6500,762300,23.4843
2021-02-18,31.4400,31.7300,31.1300,31.2900,460600,23.2172
2021-02-19,31.3600,31.8600,31.0800,31.6900,597400,23.5140
2021-02-22,31.4500,31.6400,29.5200,29.6300,951100,21.9855
2021-02-23,29.2600,29.6200,28.6700,29.0800,1011200,21.5774
2021-02-24,29.1200,29.4700,28.8600,29.2000,1454900,21.6664
2021-02-25,29.0100,29.2900,28.0700,28.1300,1011300,20.8725
2021-02-26,27.8400,28.1700,27.2500,27.4600,1042600,20.6128
2021-03-01,28.1500,29.0900,27.7800,28.8100,850800,21.6261
2021-03-02,29.0300,29.0600,28.4000,28.4500,988900,21.3559
2021-03-03,28.3400,28.5600,27.6700,28.0000,858500,21.0181
2021-03-04,27.8200,28.5800,26.6800,27.3800,1498700,20.5527
2021-03-05,27.7700,27.7700,26.2000,27.1900,1363600,20.4101
2021-03-08,27.2700,28.3700,26.9500,27.4900,1089900,20.6353
2021-03-09,28.3000,29.0100,27.9600,28.5900,868800,21.4610
2021-03-10,28.6500,29.3800,28.2700,28.3200,575000,21.2583
2021-03-11,28.5500,28.8300,28.0000,28.6400,720900,21.4985
2021-03-12,28.5000,28.7400,28.0000,28.5600,1281100,21.4385
2021-03-15,28.4300,28.8300,28.3200,28.8300,1056500,21.6412
2021-03-16,28.7500,28.8900,28.1100,28.3200,950400,21.2583
2021-03-17,28.0000,28.0000,26.6100,26.9400,1578500,20.2224
2021-03-18,26.9400,27.0200,26.0000,26.1000,1313400,19.5919
2021-03-19,26.1600,26.8000,25.8000,26.5300,4394600,19.9147
2021-03-22,26.7600,26.9400,26.1000,26.5500,1025700,19.9297
2021-03-23,26.4600,26.6200,26.2300,26.3300,916500,19.7645
2021-03-24,26.2700,26.5200,25.8800,25.8800,872700,19.4267
2021-03-25,26.1600,27.1200,25.9000,26.9800,968500,20.2525
2021-03-26,26.9100,27.5300,26.7300,27.4500,892600,20.6053
2021-03-29,27.4400,27.7900,27.3000,27.4600,923000,20.6128
2021-03-30,27.4800,27.9600,27.3300,27.8100,645400,20.8755
2021-03-31,28.1600,28.4500,27.9600,28.1400,1155700,21.1232
2021-04-01,28.4000,28.8700,28.1300,28.8600,766800,21.6637
2021-04-05,29.1800,29.1800,27.9200,28.1900,1092200,21.1607
2021-04-06,28.0800,28.8700,27.9300,28.7000,688400,21.5436
2021-04-07,28.5800,28.6500,28.1300,28.4200,709000,21.3334
2021-04-08,28.5000,28.9400,28.3200,28.7900,811200,21.6111
2021-04-09,28.6900,28.8700,28.6000,28.6900,560700,21.5361
2021-04-12,28.6900,28.6900,28.0600,28.1400,604800,21.1232
2021-04-13,28.0900,28.5600,27.8000,28.5300,694200,21.4160
2021-04-14,28.5700,29.0500,28.3900,28.4900,438900,21.3859
2021-04-15,28.6100,28.8300,28.4500,28.7200,417700,21.5586
2021-04-16,28.9900,28.9900,28.3300,28.7500,742600,21.5811
2021-04-19,28.5600,28.8800,28.2000,28.6000,1201700,21.4685
2021-04-20,28.5300,29.0400,27.9200,28.3900,1060600,21.3109
2021-04-21,28.4300,28.6700,28.2100,28.5300,633200,21.4160
2021-04-22,28.7100,29.1000,28.4500,28.6800,831200,21.5286
2021-04-23,28.9900,29.2100,28.7000,29.0800,559500,21.8288
2021-04-26,29.2200,29.4000,28.9100,29.1500,400800,21.8814
2021-04-27,29.2400,29.3000,28.9800,29.0400,498200,21.7988
2021-04-28,28.9500,29.1800,28.6600,29.0600,560600,21.8138
2021-04-29,29.2900,29.4400,28.8900,29.1900,437800,21.9114
2021-04-30,28.9500,29.3000,28.6700,28.6900,669600,21.5361
2021-05-03,28.8300,28.9000,28.2300,28.5500,619700,21.4310
2021-05-04,28.3700,28.4600,28.1500,28.4500,674500,21.3559
2021-05-05,28.4500,28.4500,27.5200,27.6600,695100,20.7629
2021-05-06,27.3400,27.4400,26.4000,27.3400,902100,20.5227
2021-05-07,27.5100,27.6600,26.6300,26.6700,1166000,20.0198
2021-05-10,26.5700,26.7700,25.8400,25.8500,1115600,19.4042
2021-05-11,25.4800,25.8900,24.9300,25.3400,1124900,19.0214
2021-05-12,25.1500,25.7100,24.9800,25.0400,1012100,18.7962
2021-05-13,25.3900,25.9000,25.1500,25.4700,624000,19.1190
2021-05-14,25.5900,26.5100,25.5900,26.3700,1226400,19.7946
2021-05-17,26.1200,26.3900,25.5500,25.7600,585800,19.3367
2021-05-18,25.6700,26.1500,25.5800,25.6000,477100,19.2166
2021-05-19,25.5000,26.0500,25.2000,25.9400,712400,19.4718
2021-05-20,25.9900,26.4700,25.9600,26.3500,526200,19.7795
2021-05-21,26.6100,26.7600,26.3800,26.6900,451900,20.0348
2021-05-24,26.9100,26.9700,26.5400,26.7000,370000,20.0423
2021-05-25,26.8700,26.9200,26.4500,26.6500,629400,20.0047
2021-05-26,26.7000,26.9800,26.4700,26.9500,594500,20.2299
2021-05-27,27.0500,27.4000,26.9500,27.2200,1157100,20.4326
2021-05-28,26.8800,27.0500,26.4200,26.8300,585200,20.3863
2021-06-01,27.0600,27.1900,26.5500,26.7200,546800,20.3027
2021-06-02,26.7200,26.8900,26.3700,26.3800,508800,20.0443
2021-06-03,26.1600,26.6100,26.0200,26.4700,519000,20.1127
2021-06-04,26.5700,26.7300,26.4100,26.5000,465500,20.1355
2021-06-07,26.5400,27.1100,26.4700,27.0800,441900,20.5762
2021-06-08,27.2200,27.3500,26.6200,26.9000,700400,20.4395
2021-06-09,27.0500,27.6000,26.8000,27.5600,829000,20.9409
2021-06-10,27.5900,27.9700,27.2900,27.9300,446100,21.2221
2021-06-11,28.1200,28.3800,27.9800,28.3500,406500,21.5412
2021-06-14,28.4000,28.4000,27.1200,27.5800,1240800,20.9561
2021-06-15,27.4500,27.8500,27.4000,27.5600,486300,20.9409
2021-06-16,27.6800,27.9600,27.1700,27.3000,567200,20.7434
2021-06-17,27.3000,27.8800,27.2300,27.6600,632400,21.0169
2021-06-18,27.2800,27.5000,26.3000,26.6500,3437300,20.2495
2021-06-21,26.9000,26.9300,26.5500,26.6500,716300,20.2495
2021-06-22,26.5000,26.8000,26.4100,26.6300,579900,20.2343
2021-06-23,26.6100,27.1000,26.5200,26.8500,548000,20.4015
2021-06-24,27.0300,27.0500,26.5100,26.7400,366400,20.3179
2021-06-25,26.8200,26.9800,26.5500,26.5500,3342500,20.1735
2021-06-28,26.7500,27.2700,26.5700,27.1300,1584300,20.6142
2021-06-29,27.1400,27.2000,26.7700,26.8300,887400,20.3863
2021-06-30,26.8200,27.0100,26.3700,26.4800,608200,20.1203
2021-07-01,26.6800,26.7800,26.3900,26.4700,1338600,20.1127
2021-07-02,26.5700,26.6200,26.2800,26.4300,447200,20.0823
2021-07-06,26.4500,26.5200,26.0800,26.4100,406300,20.0671
2021-07-07,26.3400,27.2300,26.1300,26.8000,2183700,20.3635
2021-07-08,26.5000,26.8400,26.2700,26.4600,760100,20.1051
2021-07-09,26.5500,26.9600,26.4500,26.9000,471000,20.4395
2021-07-12,26.8100,26.8600,26.5500,26.6300,480100,20.2343
2021-07-13,26.5100,26.9600,26.4300,26.4500,478300,20.0975
2021-07-14,26.5500,26.7300,26.1100,26.2500,487800,19.9456
2021-07-15,26.1400,26.4000,25.8200,26.2200,719600,19.9228
2021-07-16,26.3200,26.7000,26.1200,26.1900,1246500,19.9000
2021-07-19,25.8100,25.9400,25.3900,25.7200,1026300,19.5429
2021-07-20,25.8000,26.5700,25.7500,26.3000,1094000,19.9835
2021-07-21,26.5200,27.3200,26.4500,27.3000,1169900,20.7434
2021-07-22,27.3600,28.1300,27.3600,27.9500,1394700,21.2373
2021-07-23,28.0300,28.1300,27.4700,28.0400,655300,21.3057
2021-07-26,28.0900,28.4400,27.8100,28.0000,705800,21.2753
2021-07-27,27.7900,28.1100,27.4100,28.0700,465900,21.3284
2021-07-28,28.2100,28.5200,27.9600,28.5000,669800,21.6552
2021-07-29,28.6500,29.1500,28.6000,28.9600,646000,22.0047
2021-07-30,28.8300,29.1300,28.5600,28.6800,466900,21.7919
2021-08-02,28.7400,29.0500,28.6500,29.0000,536400,22.0351
2021-08-03,29.1300,29.8600,28.6800,29.8400,710400,22.6734
2021-08-04,29.7400,30.1600,29.6100,30.0900,569900,22.8633
2021-08-05,30.1800,30.4500,29.8600,30.3700,512700,23.0761
2021-08-06,30.4400,30.7500,30.3800,30.5100,651400,23.1824
2021-08-09,30.5900,30.5900,30.1400,30.2600,499300,22.9925
2021-08-10,30.2200,30.6800,30.0800,30.5500,600400,23.2128
2021-08-11,30.7700,30.9200,30.3100,30.8800,446100,23.4636
2021-08-12,30.9000,30.9000,30.2800,30.8000,392200,23.4028
2021-08-13,30.9700,31.2500,30.6700,31.1700,391500,23.6839
2021-08-16,31.0900,31.2100,30.7600,30.7900,523500,23.3952
2021-08-17,30.5400,30.7600,30.3400,30.7600,638100,23.3724
2021-08-18,30.9000,30.9000,30.0400,30.1700,899400,22.9241
2021-08-19,30.0600,30.8000,29.9200,30.7200,504500,23.3420
2021-08-20,30.7600,31.1700,30.6000,31.1400,730800,23.6611
2021-08-23,31.1700,31.2500,30.8200,31.1200,460000,23.6459
2021-08-24,31.3300,31.5600,31.1400,31.2700,654900,23.7599
2021-08-25,31.3100,31.8700,31.1400,31.6500,650500,24.0486
2021-08-26,31.8800,32.0300,31.6000,31.7100,623800,24.0942
2021-08-27,31.7000,32.1000,31.6700,31.9800,513100,24.2994
2021-08-30,32.0000,32.1200,31.7800,31.8300,313400,24.1854
2021-08-31,31.6200,31.6800,31.3300,31.3900,500500,24.1048
2021-09-01,31.5400,31.8900,31.4000,31.7200,399800,24.3582
2021-09-02,31.7300,32.0800,31.7100,31.9300,446200,24.5195
2021-09-03,32.2000,32.3400,31.6800,31.7000,357800,24.3428
2021-09-07,31.5600,31.6900,31.2600,31.3200,442300,24.0510
2021-09-08,31.2500,31.8400,31.1600,31.7600,659300,24.3889
2021-09-09,31.7900,31.9700,31.6600,31.6900,407200,24.3352
2021-09-10,31.8100,31.8100,31.0900,31.1200,494400,23.8975
2021-09-13,31.2700,31.3200,30.7000,30.8400,580200,23.6824
2021-09-14,30.8500,31.2700,30.7500,31.1400,476000,23.9128
2021-09-15,31.0600,31.6300,30.8700,31.5300,480500,24.2123
2021-09-16,31.4800,31.6600,31.1600,31.4700,858700,24.1662
2021-09-17,31.5500,31.7300,31.1600,31.7000,1441500,24.3428
2021-09-20,31.4000,31.5500,30.7200,31.3600,845800,24.0817
2021-09-21,31.6000,31.7000,31.1700,31.2200,371200,23.9742
2021-09-22,31.2400,32.2400,31.2400,31.8700,530500,24.4734
2021-09-23,32.0500,32.4700,31.7400,32.0100,621500,24.5809
2021-09-24,32.0600,32.3300,31.7900,31.8300,489700,24.4427
2021-09-27,31.8300,31.8300,30.7800,30.8500,472200,23.6901
2021-09-28,30.8000,30.9200,30.3200,30.4300,505300,23.3676
2021-09-29,30.5100,31.0600,30.3300,30.8400,398300,23.6824
2021-09-30,30.8500,30.8500,30.2600,30.2700,441600,23.2447
2021-10-01,30.5700,30.6200,30.1100,30.2100,319500,23.1986
2021-10-04,30.0600,30.5400,30.0300,30.4000,559000,23.3446
2021-10-05,31.1300,31.4400,30.8700,31.2000,578300,23.9589
2021-10-06,30.9400,31.7700,30.9200,31.7100,570000,24.3505
2021-10-07,31.7600,32.5300,31.6500,32.1600,744100,24.6961
2021-10-08,32.1100,32.5700,32.0300,32.3100,702900,24.8113
2021-10-11,32.9800,34.6400,32.8500,33.4600,1690800,25.6944
2021-10-12,33.5300,33.8200,33.2400,33.6000,1032200,25.8019
2021-10-13,33.7300,34.4500,33.7300,33.8600,920000,26.0015
2021-10-14,33.8700,34.1500,33.1100,33.2100,789500,25.5024
2021-10-15,33.4000,33.4000,31.2000,31.2200,5150800,23.9742
2021-10-18,31.1300,31.5900,30.8000,31.2300,732400,23.9819
2021-10-19,31.2300,31.9300,31.2300,31.8200,517700,24.4350
2021-10-20,31.8200,32.1600,31.4700,31.5700,577900,24.2430
2021-10-21,31.5700,31.9600,31.5600,31.7200,440400,24.3582
2021-10-22,31.7400,32.1500,31.5600,32.1400,773900,24.6807
2021-10-25,32.1100,33.8600,32.1100,33.5900,1403500,25.7942
2021-10-26,33.5700,34.1400,33.3500,34.1000,692700,26.1858
2021-10-27,34.3000,34.5300,33.7500,33.7900,428700,25.9478
2021-10-28,34.0200,34.9400,34.0200,34.8900,555300,26.7925
2021-10-29,34.7000,35.5300,34.7000,35.4800,594400,27.2455
2021-11-01,35.5100,36.4700,35.5000,36.3100,725600,27.8829
2021-11-02,36.3800,36.3800,35.1200,35.4700,738200,27.2379
2021-11-03,35.2700,35.5600,34.9400,35.5300,745200,27.2839
2021-11-04,35.0000,37.0300,34.6200,36.8000,715600,28.2592
2021-11-05,37.1200,37.8900,37.0200,37.5300,739000,28.8198
2021-11-08,37.6200,37.6200,36.6200,36.7400,617500,28.2131
2021-11-09,36.8500,37.0800,36.6300,36.7500,632800,28.2208
2021-11-10,36.5200,37.0600,36.4100,37.0000,590800,28.4128
2021-11-11,37.1800,37.7800,36.9400,37.5000,848300,28.7967
2021-11-12,37.4900,38.0400,37.2300,37.4000,938400,28.7199
2021-11-15,37.5900,37.9200,37.4500,37.9000,398900,29.1039
2021-11-16,38.0000,38.3400,37.4400,37.7600,379400,28.9964
2021-11-17,37.5300,38.4900,37.5300,38.4600,376100,29.5339
2021-11-18,38.5300,38.8200,37.9900,38.1700,816700,29.3112
2021-11-19,38.1800,38.7000,38.0800,38.6600,624800,29.6875
2021-11-22,38.6600,39.7500,38.6000,38.9700,856100,29.9256
2021-11-23,39.0900,39.2700,38.4300,39.1800,1281500,30.0868
2021-11-24,39.1100,39.4500,38.6400,39.0700,1147400,30.0024
2021-11-26,38.4100,38.8100,37.8500,37.8600,452500,29.0732
2021-11-29,38.3800,38.7000,38.0000,38.1000,619600,29.2575
2021-11-30,37.4300,37.9200,37.2800,37.3200,524900,28.9166
2021-12-01,37.9900,38.5300,37.1000,37.1100,503800,28.7538
2021-12-02,37.1500,37.6400,36.7900,37.2000,453900,28.8236
2021-12-03,37.5200,37.6500,36.2400,36.9200,408200,28.6066
2021-12-06,37.1000,37.2900,36.1200,36.9800,472800,28.6531
2021-12-07,37.4100,37.8500,37.1800,37.4700,553800,29.0328
2021-12-08,37.5400,37.8800,36.9700,37.0100,661200,28.6764
2021-12-09,36.8700,36.9900,35.7400,35.7500,573300,27.7001
2021-12-10,35.8300,36.2000,35.1500,35.2400,516200,27.3049
2021-12-13,35.4400,35.8800,35.2400,35.6500,566100,27.6226
2021-12-14,35.5100,35.6400,34.6300,34.8900,1046800,27.0337
2021-12-15,35.0600,35.2800,34.6000,35.0800,919500,27.1809
2021-12-16,35.3400,36.0500,35.2500,35.4600,653700,27.4754
2021-12-17,35.1800,35.4500,34.6500,35.1900,1180600,27.2662
2021-12-20,34.9200,34.9200,33.6000,34.1500,670600,26.4604
2021-12-21,34.5300,35.3000,34.5300,35.2600,578900,27.3204
2021-12-22,35.2900,35.9800,35.2000,35.9100,435800,27.8240
2021-12-23,36.0800,36.0800,35.6200,35.7900,203800,27.7311
2021-12-27,36.0100,36.0100,35.5600,35.8100,195200,27.7466
2021-12-28,35.6600,35.9200,35.4200,35.5200,296900,27.5219
2021-12-29,35.2600,35.6200,34.6500,35.6100,315600,27.5916
2021-12-30,35.7600,36.1500,35.6700,35.7100,299900,27.6691
2021-12-31,35.5100,36.1900,35.4000,36.0300,283300,27.9170
2022-01-03,36.2700,36.5800,35.2800,35.9600,303100,27.8628
2022-01-04,35.8600,36.3200,35.3400,35.3900,361600,27.4211
2022-01-05,35.3100,35.6600,33.9300,33.9700,437800,26.3209
2022-01-06,33.7500,34.6900,33.7000,34.1600,576100,26.4681
2022-01-07,34.1300,34.4500,33.8500,33.8600,381700,26.2357
2022-01-10,33.6900,33.7500,32.6900,33.1500,542800,25.6855
2022-01-11,33.2100,33.7100,33.0000,33.6100,384800,26.0419
2022-01-12,33.7900,34.0100,33.1800,33.4200,294400,25.8947
2022-01-13,33.3300,33.5100,32.9400,33.0000,490500,25.5693
2022-01-14,32.9700,33.1500,32.5700,32.9600,607200,25.5383
2022-01-18,32.5000,33.0800,32.3800,32.6700,528000,25.3136
2022-01-19,32.9300,33.8500,32.8500,33.6000,727600,26.0342
2022-01-20,33.7100,34.4600,33.2600,33.3800,755900,25.8637
2022-01-21,33.3100,34.0300,32.8500,32.8900,814900,25.4841
2022-01-24,32.3200,33.3300,31.8600,33.2000,958400,25.7243
2022-01-25,32.6700,33.6000,32.6700,33.0600,614600,25.6158
2022-01-26,33.5900,33.8900,32.9200,33.1800,605100,25.7088
2022-01-27,33.5300,33.7200,32.4900,32.5800,354000,25.2439
2022-01-28,32.5900,32.9000,32.0200,32.9000,397800,25.4918
2022-01-31,32.9200,33.6800,32.9200,33.6800,515000,26.0962
2022-02-01,33.7500,33.7500,32.8300,33.0500,554200,25.6080
2022-02-02,33.3100,33.3600,32.8600,33.1400,336200,25.6778
2022-02-03,32.6900,33.0600,32.0500,32.1900,430600,24.9417
2022-02-04,32.0700,32.4800,31.5200,32.2000,310000,24.9494
2022-02-07,32.2400,32.6700,32.0100,32.4600,302000,25.1509
2022-02-08,32.4500,32.9300,32.2700,32.6100,306800,25.2671
2022-02-09,32.9200,33.3600,32.6500,33.3600,426400,25.8482
2022-02-10,32.8000,33.4200,32.5100,32.7000,387000,25.3369
2022-02-11,32.7700,33.0700,32.0900,32.3500,353900,25.0657
2022-02-14,32.4200,32.7700,32.0500,32.5600,420700,25.2284
2022-02-15,32.8800,33.2000,32.6300,32.7300,384900,25.3601
2022-02-16,32.6100,33.0600,32.4400,32.8700,260800,25.4686
2022-02-17,32.6100,32.6500,32.0400,32.1700,525300,24.9262
2022-02-18,32.0900,33.1100,31.8300,32.9800,398300,25.5538
2022-02-22,32.9800,32.9800,31.5000,31.8600,761400,24.6860
2022-02-23,32.0000,32.4500,31.6500,31.7200,517700,24.5775
2022-02-24,31.0400,32.0100,31.0400,31.8800,908900,24.7015
2022-02-25,31.9800,33.1400,31.9200,32.9200,743700,25.5073
2022-02-28,34.0600,34.3300,31.6500,33.4000,1155500,26.1549
2022-03-01,33.0800,33.3000,32.1700,32.6100,636900,25.5363
2022-03-02,32.6000,34.1400,32.5500,34.0300,933000,26.6483
2022-03-03,34.2700,34.3200,33.2000,33.7700,674900,26.4447
2022-03-04,33.6800,33.9000,33.2300,33.5600,588600,26.2802
2022-03-07,33.8200,34.0400,33.3800,33.9900,786700,26.6169
2022-03-08,34.3300,36.1900,34.2200,35.3400,790700,27.6741
2022-03-09,35.9200,36.4800,35.7900,36.1100,723300,28.2771
2022-03-10,35.7700,36.2900,35.5300,36.0400,505100,28.2223
2022-03-11,36.0800,36.4400,35.7100,35.8000,457800,28.0343
2022-03-14,35.9900,36.3300,35.4800,36.0900,635700,28.2614
2022-03-15,36.4700,37.2300,36.3500,37.1000,547100,29.0523
2022-03-16,37.1600,37.4200,35.7200,36.4600,730800,28.5512
2022-03-17,36.3700,37.0000,36.3700,36.7100,633100,28.7469
2022-03-18,36.8700,37.1000,36.1200,36.3900,1463900,28.4963
2022-03-21,36.5000,37.0000,36.1000,36.5000,639000,28.5825
2022-03-22,36.7000,37.0300,36.2600,36.7800,606300,28.8017
2022-03-23,36.4900,36.5000,35.5800,35.7500,414800,27.9952
2022-03-24,35.7200,36.0800,35.7000,36.0700,328300,28.2458
2022-03-25,35.9800,36.3000,35.9200,36.0100,328800,28.1988
2022-03-28,35.9600,36.7900,35.9600,36.4700,413700,28.5590
2022-03-29,36.7800,37.6000,36.7800,37.0400,529400,29.0053
2022-03-30,36.9900,36.9900,36.2600,36.4200,408400,28.5198
2022-03-31,36.4100,36.6700,36.2400,36.5100,640300,28.5903
2022-04-01,36.7100,36.8100,35.6900,36.4600,581700,28.5512
2022-04-04,36.4400,36.8800,35.8000,36.6900,561600,28.7313
2022-04-05,36.7800,37.5200,36.2100,36.4000,511300,28.5042
2022-04-06,36.0900,36.4700,35.8500,36.0800,623300,28.2536
2022-04-07,36.1100,36.3400,35.6900,36.1400,853900,28.3006
2022-04-08,36.2500,36.4600,35.0300,35.0900,728900,27.4783
2022-04-11,35.2700,35.8400,35.1100,35.3700,978000,27.6976
2022-04-12,35.5100,35.7100,34.3000,34.3000,724500,26.8597
2022-04-13,34.3000,34.4400,33.3600,33.6000,1054300,26.3115
2022-04-14,33.6200,34.5900,33.6200,34.2400,2203500,26.8127
2022-04-18,34.2300,34.6200,33.5900,33.7900,891100,26.4603
2022-04-19,33.8000,34.1400,33.7200,34.0800,667500,26.6874
2022-04-20,34.4900,35.4100,34.4600,35.0000,944700,27.4079
2022-04-21,35.0200,35.2500,33.3900,33.4000,1117800,26.1549
2022-04-22,33.1800,33.3500,31.6400,31.6400,2396300,24.7767
2022-04-25,31.4800,31.7900,30.9600,31.6200,798900,24.7610
2022-04-26,31.4300,32.3600,31.4000,32.0600,952600,25.1056
2022-04-27,32.0700,32.5100,31.5800,31.7300,912100,24.8472
2022-04-28,31.9400,31.9700,31.1900,31.4900,667900,24.6592
2022-04-29,31.2100,31.5700,30.4900,30.5300,621500,23.9075
2022-05-02,30.6100,30.8000,29.6100,30.1000,797100,23.5708
2022-05-03,30.0000,31.5100,29.8100,31.3800,697500,24.5731
2022-05-04,31.6000,32.9200,31.6000,32.9000,887200,25.7634
2022-05-05,32.2200,32.9100,31.5100,32.1500,1043400,25.1761
2022-05-06,32.0200,32.2900,31.4400,31.6500,891100,24.7845
2022-05-09,31.5000,32.0300,31.0800,31.5500,994700,24.7062
2022-05-10,31.9200,32.2400,30.7700,31.9900,986800,25.0508
2022-05-11,31.6800,31.9200,31.0600,31.1600,718600,24.4008
2022-05-12,31.7500,32.2000,30.3700,31.0000,1061700,24.2755
2022-05-13,31.4300,31.7400,31.0600,31.3300,513900,24.5339
2022-05-16,31.3300,32.1000,31.3300,31.9600,652700,25.0273
2022-05-17,32.4600,33.1200,31.9400,33.0800,902300,25.9043
2022-05-18,32.9300,33.9200,32.7400,33.1600,1192100,25.9670
2022-05-19,32.9700,33.6600,32.4600,32.7700,589200,25.6616
2022-05-20,32.9400,33.2000,32.0300,32.7100,433600,25.6146
2022-05-23,32.9000,33.0700,32.5200,32.7800,448500,25.6694
2022-05-24,32.6300,32.8800,32.0600,32.7600,418000,25.6537
2022-05-25,33.8100,34.8100,33.6500,34.4900,1321400,27.0085
2022-05-26,34.5700,35.5000,34.4800,35.1400,1041400,27.5175
2022-05-27,35.1200,36.2200,35.1200,36.1500,622000,28.3084
2022-05-31,35.5700,35.5700,34.7300,35.0500,776200,27.7184
2022-06-01,35.0800,35.2600,34.4400,34.6600,651000,27.4100
2022-06-02,34.7800,35.2300,34.4200,35.2000,406500,27.8371
2022-06-03,35.1600,35.1600,34.8300,35.0600,342000,27.7264
2022-06-06,35.5200,36.2100,35.4900,36.0900,706300,28.5409
2022-06-07,36.0800,37.0900,36.0600,36.9400,594800,29.2131
2022-06-08,36.6300,37.4800,36.6300,37.1300,821400,29.3634
2022-06-09,36.9000,37.3000,36.0900,36.1300,936800,28.5725
2022-06-10,35.5000,35.7500,34.7900,35.1100,745900,27.7659
2022-06-13,34.3300,34.5300,32.9500,33.1700,535500,26.2317
2022-06-14,33.0300,33.2000,31.8600,32.3600,663900,25.5911
2022-06-15,32.8300,33.6000,32.4000,33.2000,605600,26.2554
2022-06-16,32.4700,32.7600,30.7500,31.3000,597900,24.7528
2022-06-17,32.1900,32.1900,31.1100,32.1000,956900,25.3855
2022-06-21,32.6000,32.7800,32.0000,32.6200,760700,25.7967
2022-06-22,32.1900,33.0600,32.1900,32.6600,416100,25.8284
2022-06-23,32.7400,34.0200,32.3600,33.9700,562600,26.8644
2022-06-24,34.0700,35.1800,33.8800,35.1600,2258700,27.8054
2022-06-27,35.3800,35.7900,34.8100,35.6800,459900,28.2167
2022-06-28,35.9800,36.1100,35.0200,35.1000,448100,27.7580
2022-06-29,33.9300,34.8300,33.2000,34.5300,542800,27.3072
2022-06-30,34.2000,34.9700,34.0100,34.8400,440500,27.5524
2022-07-01,34.5200,35.6600,34.4700,35.6300,459900,28.1771
2022-07-05,35.4300,35.4700,33.8400,35.0900,547600,27.7501
2022-07-06,34.9000,35.7300,34.8000,35.3500,342000,27.9557
2022-07-07,35.6600,36.1100,35.4000,35.5300,348000,28.0980
2022-07-08,35.5200,35.6500,35.2600,35.6500,317400,28.1929
2022-07-11,35.2800,35.6700,34.7500,35.1700,419200,27.8133
2022-07-12,35.0500,35.2900,34.1300,34.3300,595500,27.1491
2022-07-13,33.8700,34.7000,33.7800,34.3800,381400,27.1886
2022-07-14,33.8800,34.7100,33.7800,34.7100,594400,27.4496
2022-07-15,34.9800,35.0600,33.4000,35.0000,916900,27.6789
2022-07-18,35.2800,35.2800,33.8400,33.8400,580800,26.7615
2022-07-19,34.0000,34.4000,33.9400,34.0000,444700,26.8881
2022-07-20,34.2500,34.3600,33.6600,34.1200,689300,26.9830
2022-07-21,33.7300,34.0600,32.9000,33.5000,477300,26.4927
2022-07-22,33.8000,34.0600,33.5400,34.0000,537800,26.8881
2022-07-25,34.0800,34.4100,33.7900,34.3600,548500,27.1728
2022-07-26,34.1100,34.9900,34.1100,34.9800,569200,27.6631
2022-07-27,35.0100,35.8900,34.9500,35.8000,384800,28.3116
2022-07-28,37.1200,38.9500,36.8500,37.4700,1166400,29.6322
2022-07-29,37.5400,37.8900,37.4600,37.5400,639400,29.6876
2022-08-01,37.5200,37.8200,37.1500,37.4400,501100,29.6085
2022-08-02,37.1600,37.3000,36.4200,36.8500,637500,29.1419
2022-08-03,37.1200,37.8800,36.6000,37.7600,906600,29.8616
2022-08-04,37.7000,38.1600,37.0000,37.8800,956800,29.9565
2022-08-05,38.0600,38.2600,36.9500,37.2500,645600,29.4583
2022-08-08,37.5900,38.0900,36.9900,38.0700,858400,30.1067
2022-08-09,38.0800,38.2200,37.0500,37.3700,853200,29.5532
2022-08-10,37.8600,38.0600,37.3200,38.0400,837400,30.0830
2022-08-11,38.3600,38.9800,37.9400,38.7200,952800,30.6208
2022-08-12,39.0000,39.3000,38.5600,39.3000,1008500,31.0794
2022-08-15,39.3600,40.4000,38.8600,40.0500,1135200,31.6726
2022-08-16,39.9000,40.6000,39.7300,40.1700,645500,31.7675
2022-08-17,39.9100,40.8800,39.8000,40.8800,583100,32.3289
2022-08-18,40.8700,41.7900,40.7700,41.6100,759200,32.9063
2022-08-19,41.3600,41.5500,39.5900,39.6700,1001100,31.3721
2022-08-22,39.3300,39.6400,38.8400,39.0000,744200,30.8422
2022-08-23,39.0500,39.2100,38.5600,38.7200,573400,30.6208
2022-08-24,38.8200,39.0400,38.6600,38.7500,661800,30.6445
2022-08-25,38.9000,39.2500,38.7200,39.0100,627700,30.8501
2022-08-26,39.1500,39.5900,38.1800,38.2100,810900,30.2174
2022-08-29,37.8900,37.9400,37.3100,37.7700,597800,29.8695
2022-08-30,37.7900,37.8900,37.2200,37.4500,682300,29.6164
2022-08-31,37.0100,37.4800,36.9000,37.1000,608200,29.6244
2022-09-01,36.9800,37.1800,36.6600,37.1300,687200,29.6484
2022-09-02,37.3700,38.1700,37.0400,37.5200,610200,29.9598
2022-09-06,37.6500,37.9700,37.3600,37.8700,751900,30.2393
2022-09-07,37.9100,39.5100,37.9100,39.4300,501200,31.4849
2022-09-08,39.0900,39.2100,38.5400,38.9000,445900,31.0617
2022-09-09,39.1800,39.2900,38.6000,39.1900,478900,31.2933
2022-09-12,39.3700,39.7500,38.8600,39.2900,547500,31.3731
2022-09-13,38.6100,38.9700,38.2500,38.8000,561700,30.9819
2022-09-14,38.7800,39.1000,38.4200,38.9100,425200,31.0697
2022-09-15,38.6000,38.6700,37.7500,37.8400,438300,30.2153
2022-09-16,37.5900,38.7200,37.5700,38.4700,790200,30.7184
2022-09-19,38.2300,38.7200,37.3200,37.9300,710700,30.2872
2022-09-20,37.5000,37.5000,36.3400,36.9000,684300,29.4647
2022-09-21,37.1100,37.3000,36.2100,36.2200,549400,28.9217
2022-09-22,35.9700,36.1700,35.4800,35.7400,647800,28.5385
2022-09-23,35.1800,35.3400,34.0500,34.6200,980200,27.6441
2022-09-26,34.4600,34.6300,33.4000,33.6700,578800,26.8855
2022-09-27,34.0400,34.1100,32.9000,33.0000,478700,26.3506
2022-09-28,33.2800,33.7100,32.8100,33.4000,551100,26.6700
2022-09-29,33.0400,33.1900,31.9900,32.1900,492000,25.7038
2022-09-30,32.2000,32.5600,31.8300,31.8500,666200,25.4323
2022-10-03,32.3400,33.9600,31.9800,33.6400,766800,26.8616
2022-10-04,34.0300,34.7700,34.0300,34.7200,660100,27.7240
2022-10-05,34.1500,34.2200,32.9900,33.3500,425400,26.6300
2022-10-06,33.2400,33.4100,32.2300,32.5100,492500,25.9593
2022-10-07,32.4100,32.4600,31.1400,31.4700,596900,25.1288
2022-10-10,31.4200,31.9900,31.3000,31.4300,522800,25.0969
2022-10-11,31.2500,32.2900,31.2500,31.9100,583600,25.4802
2022-10-12,31.9800,31.9800,30.8800,30.9800,586500,24.7376
2022-10-13,30.4000,31.9000,30.1800,31.7900,857300,25.3844
2022-10-14,31.8400,32.2700,31.1100,31.2600,443300,24.9612
2022-10-17,31.9100,32.6700,31.8600,32.4000,683800,25.8715
2022-10-18,32.9000,33.5100,32.4800,32.9900,737000,26.3426
2022-10-19,32.4500,32.5300,31.9700,32.4200,572700,25.8874
2022-10-20,32.3600,32.5100,31.5600,31.6900,575600,25.3045
2022-10-21,31.9200,32.3500,31.5800,31.9400,1481500,25.5041
2022-10-24,32.3500,32.9700,31.9900,32.4000,472500,25.8715
2022-10-25,32.4100,33.5200,32.2200,33.3200,500600,26.6061
2022-10-26,33.6500,33.8700,33.1500,33.5900,372200,26.8217
2022-10-27,33.9300,34.6000,33.8700,34.2600,774300,27.3567
2022-10-28,34.4900,35.0700,34.3000,34.9700,618800,27.9236
2022-10-31,34.7000,35.0500,34.3800,34.7400,524800,27.7399
2022-11-01,35.0200,35.1100,34.6500,35.0400,386900,27.9795
2022-11-02,34.6100,35.9800,34.3300,34.9100,618600,27.8757
2022-11-03,34.4800,35.4800,34.2400,35.3100,596700,28.1951
2022-11-04,35.7200,36.3900,35.3500,35.7400,547100,28.5385
2022-11-07,35.8000,36.0000,34.3700,35.0400,460500,27.9795
2022-11-08,35.1700,35.6700,34.8700,35.2400,445800,28.1392
2022-11-09,34.9100,35.3900,34.7100,35.0700,360200,28.0034
2022-11-10,36.1500,36.5700,35.5800,36.0400,582200,28.7780
2022-11-11,35.8400,36.2500,34.8400,34.9600,515800,27.9156
2022-11-14,35.0500,35.6200,34.5900,35.1000,655500,28.0274
2022-11-15,35.5300,35.7200,34.8300,35.1900,476700,28.0993
2022-11-16,35.1900,35.8000,34.9100,35.6600,543800,28.4746
2022-11-17,35.2100,35.2100,34.5500,35.0300,583100,27.9715
2022-11-18,35.4000,35.6100,34.3500,35.1600,594400,28.0753
2022-11-21,35.4500,35.5900,34.9600,35.2800,423000,28.1711
2022-11-22,35.5400,36.0700,35.4300,36.0600,588900,28.7940
2022-11-23,36.0900,36.0900,35.5000,35.8700,333300,28.6423
2022-11-25,35.8200,36.2500,35.8200,36.0200,177700,28.7620
2022-11-28,35.7300,35.9300,35.3000,35.5500,388000,28.3867
2022-11-29,35.5000,35.9200,35.2300,35.3700,380600,28.2430
2022-11-30,34.8900,35.5600,34.2700,35.4400,866000,28.5956
2022-12-01,35.9400,36.1400,34.9200,35.0000,408100,28.2406
2022-12-02,34.6200,35.1900,34.3700,34.8800,530900,28.1438
2022-12-05,34.6300,34.6500,33.9300,34.1600,572200,27.5628
2022-12-06,34.0300,34.1500,33.3000,33.6900,477900,27.1836
2022-12-07,33.6500,34.2500,33.4900,33.7200,486500,27.2078
2022-12-08,33.8200,33.8800,32.7200,33.1000,713600,26.7075
2022-12-09,33.0100,33.2200,32.6800,32.9800,692300,26.6107
2022-12-12,33.1200,34.3000,32.9800,33.2900,588400,26.8608
2022-12-13,33.9500,34.5500,33.5700,33.8800,640000,27.3369
2022-12-14,33.9300,34.3500,33.6300,33.8100,484200,27.2804
2022-12-15,33.6500,33.7800,32.7900,32.8700,526400,26.5219
2022-12-16,32.4500,32.8000,32.0800,32.5100,1076500,26.2315
2022-12-19,32.6000,32.7100,31.7000,32.0100,415200,25.8280
2022-12-20,31.9600,32.5000,31.5500,32.3400,435800,26.0943
2022-12-21,32.5800,32.6800,32.3500,32.5900,454000,26.2960
2022-12-22,32.2600,32.2700,31.4900,31.9800,644300,25.8038
2022-12-23,31.9400,32.1200,31.8200,31.9800,404600,25.8038
2022-12-27,31.9800,32.1200,31.7300,32.0400,478400,25.8522
2022-12-28,32.1000,32.1900,31.4900,31.5800,475100,25.4811
2022-12-29,31.8500,32.0200,31.6300,31.9400,686600,25.7716
2022-12-30,31.8100,31.9600,31.6000,31.8700,469500,25.7151
2023-01-03,32.1600,32.3900,31.6500,32.0300,582400,25.8442
2023-01-04,32.3100,32.5800,31.7200,32.0300,742600,25.8442
2023-01-05,31.9000,32.0100,31.5500,31.7600,685800,25.6263
2023-01-06,32.1200,32.8100,32.0300,32.4200,602600,26.1588
2023-01-09,32.5900,32.7500,32.3800,32.6500,537700,26.3444
2023-01-10,32.8600,33.8700,32.7400,33.6400,606000,27.1432
2023-01-11,33.7400,34.2500,33.5800,34.1300,943100,27.5386
2023-01-12,34.3300,34.6800,33.9500,34.5300,583700,27.8613
2023-01-13,34.2800,34.5400,34.0600,34.3200,348100,27.6919
2023-01-17,34.4600,35.1400,34.2800,34.4200,651200,27.7726
2023-01-18,34.5600,35.0000,34.1000,34.2000,539600,27.5951
2023-01-19,34.0000,34.0900,33.4600,33.6300,428700,27.1352
2023-01-20,33.5700,33.6400,32.3500,33.2600,1724800,26.8366
2023-01-23,33.1700,33.4800,33.0300,33.1300,485800,26.7317
2023-01-24,33.2400,33.5700,32.9200,33.4900,440400,27.0222
2023-01-25,33.1000,33.3500,32.9800,33.1500,315500,26.7479
2023-01-26,33.1600,33.5800,33.0100,33.5100,287200,27.0383
2023-01-27,33.4700,33.8400,33.2600,33.6600,259200,27.1594
2023-01-30,33.5500,33.7800,33.1200,33.1500,362900,26.7479
2023-01-31,33.3000,33.8700,33.1400,33.7900,599000,27.2643
2023-02-01,33.7000,34.1200,33.1000,33.8100,602600,27.2804
2023-02-02,34.0100,34.5800,33.9000,34.4400,447700,27.7887
2023-02-03,34.1000,34.1100,33.4300,33.6300,612300,27.1352
2023-02-06,33.5000,33.5400,32.8300,32.9100,493700,26.5542
2023-02-07,32.7500,33.1800,32.3700,33.1700,640400,26.7640
2023-02-08,33.0500,33.1300,32.7500,32.7800,492900,26.4493
2023-02-09,32.9200,33.0900,32.1100,32.1300,392400,25.9249
2023-02-10,32.1100,32.7600,32.0700,32.5400,556100,26.2557
2023-02-13,32.5900,33.2300,32.5400,33.2100,507900,26.7963
2023-02-14,33.2000,33.6200,33.0000,33.0800,447700,26.6914
2023-02-15,32.7600,33.4700,32.6800,33.4100,523400,26.9577
2023-02-16,33.0000,33.2600,32.8100,32.9000,703200,26.5461
2023-02-17,33.0200,33.1000,32.3400,32.7700,1143900,26.4413
2023-02-21,32.6100,32.9200,32.1200,32.2700,563400,26.0378
2023-02-22,32.4600,32.5400,31.6800,32.0400,805000,25.8522
2023-02-23,32.4400,32.6000,30.5200,31.1500,1055100,25.1341
2023-02-24,30.8600,31.4000,30.6300,30.9700,659100,24.9889
2023-02-27,31.2600,32.1000,31.0500,31.5600,826700,25.4649
2023-02-28,31.0300,31.7200,31.0300,31.4100,1060400,25.6487
2023-03-01,31.3500,31.6300,30.5800,30.8000,964700,25.1506
2023-03-02,30.6900,31.1400,30.3900,30.9900,766500,25.3057
2023-03-03,31.1400,31.7400,30.7600,31.7000,819700,25.8855
2023-03-06,31.6100,31.7700,31.2000,31.4200,659400,25.6568
2023-03-07,31.6900,31.8400,31.2400,31.2700,872000,25.5343
2023-03-08,31.2700,31.4600,30.8900,31.1900,461500,25.4690
2023-03-09,31.1700,31.4500,30.4600,30.5300,464600,24.9301
2023-03-10,30.5300,30.5900,29.6400,29.7300,621700,24.2768
2023-03-13,29.6200,30.7600,29.3600,30.0500,763900,24.5381
2023-03-14,30.7200,31.4500,30.6300,30.9500,1352500,25.2730
2023-03-15,30.7000,31.4200,30.4700,30.9700,1414600,25.2894
2023-03-16,30.6800,30.8500,30.1100,30.5200,895800,24.9219
2023-03-17,30.2200,30.2600,29.6800,30.2000,1503300,24.6606
2023-03-20,30.3200,30.7100,30.0800,30.3100,1015900,24.7504
2023-03-21,30.7300,30.7700,29.9600,30.2300,1144900,24.6851
2023-03-22,30.0600,30.2100,29.5600,29.5900,988900,24.1625
2023-03-23,29.7200,30.1300,29.0300,29.1700,783300,23.8195
2023-03-24,29.1000,30.1800,28.9400,30.1700,686800,24.6361
2023-03-27,30.4600,30.8100,30.2200,30.7100,786000,25.0771
2023-03-28,30.6300,31.0500,30.5300,30.7900,683100,25.1424
2023-03-29,31.0100,31.3500,30.9500,31.2000,2139500,25.4772
2023-03-30,31.4500,31.6300,30.7500,30.9300,923700,25.2567
2023-03-31,31.0800,31.4000,30.8700,31.3300,1415400,25.5833
2023-04-03,31.3700,31.4100,30.4800,30.7200,869500,25.0852
2023-04-04,30.8100,31.2700,30.5400,31.1300,982900,25.4200
2023-04-05,31.2500,32.0200,31.1900,31.9200,1113500,26.0651
2023-04-06,32.1400,32.2400,31.4300,31.7000,610200,25.8855
2023-04-10,31.4800,31.7700,31.1800,31.3800,450900,25.6242
2023-04-11,31.4100,31.7300,31.1400,31.4800,627400,25.7058
2023-04-12,31.7000,31.7900,31.4900,31.5700,526400,25.7793
2023-04-13,31.4600,31.9400,31.2600,31.8200,482800,25.9835
2023-04-14,31.6600,31.8400,31.3500,31.5300,424900,25.7467
2023-04-17,31.7400,32.2300,31.6500,32.1900,608300,26.2856
2023-04-18,32.1400,32.1700,31.5300,31.7200,692900,25.9018
2023-04-19,31.6400,31.8500,31.1200,31.2200,747700,25.4935
2023-04-20,31.0100,31.2300,30.5500,31.1600,841400,25.4445
2023-04-21,31.3700,31.6600,31.1300,31.5100,1065900,25.7303
2023-04-24,31.4200,31.5700,31.1500,31.2700,1307500,25.5343
2023-04-25,31.1000,31.2600,30.0300,30.0400,1086200,24.5300
2023-04-26,29.8800,29.9300,29.1000,29.4200,1143300,24.0237
2023-04-27,29.5700,30.2000,29.5700,29.8500,653800,24.3748
2023-04-28,29.7400,30.4200,29.7300,30.3700,747200,24.7994
2023-05-01,30.2500,30.5700,30.1800,30.3400,578800,24.7749
2023-05-02,30.1100,30.2900,29.5900,30.0100,810200,24.5055
2023-05-03,30.2000,30.4300,29.7000,29.8300,834400,24.3585
2023-05-04,29.9000,29.9800,28.7600,29.3400,763100,23.9584
2023-05-05,29.6000,30.7500,29.5800,30.3300,1215200,24.7668
2023-05-08,30.5100,30.8300,30.0900,30.1000,840400,24.5789
2023-05-09,29.9200,30.5900,29.8800,30.4900,843700,24.8974
2023-05-10,30.8400,30.9300,30.5000,30.6700,851000,25.0444
2023-05-11,30.4900,30.7900,30.3500,30.7100,525700,25.0771
2023-05-12,30.9200,31.1600,30.8000,31.0900,639700,25.3874
2023-05-15,31.1800,31.6700,30.7400,31.6100,716700,25.8120
2023-05-16,31.5600,31.7200,31.0900,31.1800,927800,25.4608
2023-05-17,31.4300,31.4300,30.6600,30.7800,682500,25.1342
2023-05-18,30.6000,30.7400,30.1800,30.6200,634000,25.0036
2023-05-19,30.8700,30.9900,29.8000,29.9500,763900,24.4565
2023-05-22,30.0300,30.2200,29.8000,30.0000,680900,24.4973
2023-05-23,29.9200,30.5800,29.9200,30.0700,651800,24.5545
2023-05-24,29.8900,30.0700,29.6000,29.6100,610500,24.1788
2023-05-25,29.5000,29.5800,28.9700,29.2900,618200,23.9175
2023-05-26,29.3600,29.3600,28.9000,29.2200,469300,23.8604
2023-05-30,29.3700,29.5900,29.1100,29.2700,596900,23.9012
2023-05-31,28.7300,28.8600,28.3800,28.7300,954600,23.7705
2023-06-01,28.8000,29.2300,28.5200,29.0600,482100,24.0435
2023-06-02,29.2300,29.9300,29.1000,29.8700,835300,24.7137
2023-06-05,29.8000,30.3200,29.8000,30.0800,951900,24.8874
2023-06-06,30.1000,30.5600,29.8500,30.3800,927700,25.1356
2023-06-07,30.6200,30.8300,30.4400,30.7100,946500,25.4087
2023-06-08,30.5300,30.6200,30.0600,30.1600,625300,24.9536
2023-06-09,30.2400,30.2600,29.2800,29.5500,697800,24.4489
2023-06-12,29.5500,30.3200,29.3800,29.9200,1099600,24.7550
2023-06-13,29.9000,30.1600,29.7000,29.9300,569000,24.7633
2023-06-14,29.8800,30.2100,29.6800,29.7500,619800,24.6144
2023-06-15,29.7900,30.0200,29.6900,29.9900,578200,24.8130
2023-06-16,30.1400,30.3500,29.8500,30.1400,2421900,24.9371
2023-06-20,30.0600,30.0900,29.2500,29.5400,1021300,24.4406
2023-06-21,29.3700,29.8800,29.0900,29.7600,615200,24.6227
2023-06-22,29.6000,29.7500,28.9900,29.0200,1456100,24.0104
2023-06-23,29.0000,29.2000,28.4800,28.5600,10555000,23.6298
2023-06-26,28.7400,29.2500,28.6200,28.6500,1579200,23.7043
2023-06-27,28.7100,28.8900,28.6100,28.6700,797900,23.7208
2023-06-28,28.5700,28.7000,28.2000,28.2300,728800,23.3568
2023-06-29,28.1600,28.2000,27.9000,28.0600,689600,23.2161
2023-06-30,28.1600,28.6000,28.0100,28.5600,851700,23.6298
2023-07-03,28.4300,28.7600,28.3100,28.5500,301800,23.6215
2023-07-05,28.4900,28.7400,28.1400,28.6000,810300,23.6629
2023-07-06,28.2500,28.5500,27.5200,27.6000,1487600,22.8355
2023-07-07,27.6000,27.9600,27.5600,27.6300,899500,22.8604
2023-07-10,27.5600,27.8200,27.3800,27.5900,645400,22.8273
2023-07-11,27.5900,27.9400,27.4200,27.9000,899800,23.0837
2023-07-12,28.1100,28.2200,27.8100,28.0100,571700,23.1748
2023-07-13,27.9500,28.1600,27.6200,27.7200,960300,22.9348
2023-07-14,27.7600,27.7600,26.9500,27.2400,1190500,22.5377
2023-07-17,27.1100,27.4200,26.8200,27.1900,727300,22.4963
2023-07-18,27.1800,27.2200,26.7400,27.1400,1220000,22.4549
2023-07-19,27.3300,27.7100,27.1700,27.6200,1213200,22.8521
2023-07-20,27.5700,27.8300,27.3400,27.6900,1051300,22.9100
2023-07-21,27.7800,28.0300,27.6200,27.9400,843700,23.1168
2023-07-24,28.0100,28.0900,27.6500,27.7500,634800,22.9596
2023-07-25,27.7300,27.7800,27.4500,27.5300,645300,22.7776
2023-07-26,27.4500,27.6700,27.3000,27.3200,606700,22.6039
2023-07-27,27.2900,27.3900,26.3900,26.4300,948600,21.8675
2023-07-28,26.5900,26.8000,26.0300,26.2800,897700,21.7434
2023-07-31,26.5400,26.7700,26.1900,26.4100,970000,21.8510
2023-08-01,26.3900,26.5400,25.7600,25.8100,732200,21.3545
2023-08-02,25.6700,25.8300,25.1400,25.2700,885400,20.9077
2023-08-03,25.2700,25.2700,24.6300,24.6700,727400,20.4113
2023-08-04,24.6700,25.0700,24.5800,24.9300,898500,20.6264
2023-08-07,24.8700,25.0600,24.6100,24.8800,732200,20.5851
2023-08-08,24.5500,24.5600,23.6000,24.4500,1541200,20.2293
2023-08-09,24.5200,25.4700,24.3500,25.2500,1333200,20.8912
2023-08-10,25.2900,25.7000,25.2300,25.3800,908100,20.9988
2023-08-11,25.4000,25.7600,25.1900,25.5700,781500,21.1560
2023-08-14,25.4900,25.5000,24.9600,25.3300,1008300,20.9574
2023-08-15,25.0900,25.1600,24.7900,24.9500,918400,20.6430
2023-08-16,24.9200,25.0400,24.6000,24.7800,893000,20.5023
2023-08-17,24.9800,25.0800,24.3100,24.3900,766600,20.1797
2023-08-18,24.2600,24.5400,24.1900,24.2600,1151800,20.0721
2023-08-21,24.1500,24.2600,23.8100,23.9500,848400,19.8156
2023-08-22,23.9700,24.2700,23.7100,24.0000,1184600,19.8570
2023-08-23,24.1500,24.7800,24.0000,24.7700,1378100,20.4941
2023-08-24,24.7500,24.9900,24.6600,24.7100,1007600,20.4444
2023-08-25,24.7800,25.1000,24.7300,24.9600,483800,20.6513
2023-08-28,25.0300,25.3500,25.0200,25.1700,763300,20.8250
2023-08-29,25.2600,25.6600,25.2500,25.4400,875800,21.0484
2023-08-30,25.3400,25.4700,25.0700,25.1300,837200,20.7919
2023-08-31,24.8800,25.0200,24.7000,24.7700,1047700,20.8163
2023-09-01,25.0100,25.0900,24.4000,24.5600,610900,20.6398
2023-09-05,24.4700,24.7600,24.0700,24.2400,802300,20.3709
2023-09-06,24.2000,24.2400,23.6900,23.9000,640300,20.0852
2023-09-07,23.9000,24.0500,23.7000,23.8500,1371300,20.0431
2023-09-08,23.8200,24.1700,23.7900,24.1500,701800,20.2953
2023-09-11,24.1200,24.5600,24.1200,24.2600,587500,20.3877
2023-09-12,24.2700,24.5300,24.2000,24.4700,746100,20.5642
2023-09-13,24.4800,25.0200,24.4300,24.8500,891800,20.8835
2023-09-14,25.0200,25.2700,24.8800,25.1700,1120700,21.1524
2023-09-15,25.1800,25.5400,25.1000,25.3600,1762200,21.3121
2023-09-18,25.2300,25.2500,24.7900,24.9700,892000,20.9844
2023-09-19,24.9800,25.4000,24.9800,24.9900,868100,21.0012
2023-09-20,24.8400,25.0100,24.4500,24.8600,1030500,20.8919
2023-09-21,24.7100,24.7100,23.9100,23.9500,853600,20.1272
2023-09-22,23.9000,24.0100,23.5600,23.7300,808500,19.9423
2023-09-25,23.5500,23.9500,23.4900,23.8900,753300,20.0768
2023-09-26,23.7300,23.7400,23.2400,23.2600,843400,19.5473
2023-09-27,22.8900,22.9700,21.3700,21.4900,2807600,18.0598
2023-09-28,21.5600,21.5600,19.7900,20.7900,3832300,17.4716
2023-09-29,21.0800,21.5500,20.9100,21.1600,2477300,17.7825
2023-10-02,21.1200,21.1600,19.6100,19.7500,2376600,16.5976
2023-10-03,19.5200,19.5300,18.9200,19.2600,1724700,16.1858
2023-10-04,19.3300,19.6100,18.8300,19.2700,1384800,16.1942
2023-10-05,19.1900,19.2500,18.5900,18.7600,1285800,15.7656
2023-10-06,19.0000,21.0000,18.8100,20.7900,2874400,17.4716
2023-10-09,20.8500,21.0900,20.6100,20.9200,1903700,17.5808
2023-10-10,21.0200,22.1700,21.0200,21.9600,2247400,18.4548
2023-10-11,22.1200,22.2000,21.7800,22.0500,1323500,18.5304
2023-10-12,21.8400,22.0500,21.4000,21.6200,1233600,18.1691
2023-10-13,21.9800,22.1100,21.5000,21.5800,1194400,18.1355
2023-10-16,21.8200,22.4100,21.4700,22.1500,1996500,18.6145
2023-10-17,21.7400,22.2300,21.7000,22.0100,1521500,18.4968
2023-10-18,21.8200,21.9200,21.3800,21.5900,905300,18.1439
2023-10-19,21.5000,21.7600,21.2700,21.3400,1220200,17.9338
2023-10-20,21.2400,21.7000,21.1400,21.2200,2832600,17.8329
2023-10-23,20.9500,21.3300,20.7600,20.8800,829400,17.5472
2023-10-24,21.3300,22.2200,21.1200,21.9400,1580600,18.4380
2023-10-25,21.7500,22.0800,21.5600,22.0200,1124500,18.5052
2023-10-26,22.1500,22.8700,22.1500,22.4800,1573700,18.8918
2023-10-27,22.3400,22.4800,21.4600,21.5500,988700,18.1103
2023-10-30,21.7800,22.0200,21.5200,21.7300,913700,18.2615
2023-10-31,21.7600,21.9400,21.5200,21.7100,1075800,18.2447
2023-11-01,21.6800,22.2400,21.4300,22.1200,1000200,18.5893
2023-11-02,22.4400,23.0600,22.0000,22.7700,1374300,19.1355
2023-11-03,23.2800,23.6800,22.8700,22.8700,1196400,19.2196
2023-11-06,22.9100,22.9100,22.3300,22.4500,704700,18.8666
2023-11-07,22.3800,23.0600,22.3800,22.6800,817700,19.0599
2023-11-08,22.4800,22.4900,22.0400,22.0900,600000,18.5641
2023-11-09,22.0300,22.1400,21.6100,21.6700,649500,18.2111
2023-11-10,21.7300,21.7300,21.2700,21.4700,645500,18.0430
2023-11-13,21.4300,21.6300,21.2500,21.3500,632400,17.9422
2023-11-14,22.1200,23.2100,22.1200,23.0700,794800,19.3876
2023-11-15,23.0700,23.5000,22.8700,22.9200,762600,19.2616
2023-11-16,22.9600,23.2100,22.4000,22.6300,767500,19.0179
2023-11-17,22.7700,22.7700,22.2500,22.6700,720200,19.0515
2023-11-20,22.5800,22.7700,22.3400,22.6900,686000,19.0683
2023-11-21,22.6000,22.7900,22.2800,22.7200,604100,19.0935
2023-11-22,22.9800,23.0600,22.6400,23.0000,631600,19.3288
2023-11-24,23.0000,23.0900,22.6900,22.7300,279100,19.1019
2023-11-27,22.7100,22.9900,22.6900,22.8700,892000,19.2196
2023-11-28,24.6800,25.7600,24.4500,25.2200,6951100,21.1945
2023-11-29,25.2300,25.5900,24.9700,25.2500,19954500,21.2197
2023-11-30,24.7700,25.1600,24.6500,24.9700,2161900,21.3187
2023-12-01,24.9400,25.4300,24.6200,25.2300,1748300,21.5407
2023-12-04,24.9300,25.6800,24.8100,25.2200,1257300,21.5322
2023-12-05,25.2500,25.5000,25.0600,25.0900,843400,21.4212
2023-12-06,25.2600,25.4600,24.7900,25.0000,1062500,21.3443
2023-12-07,25.1200,25.3600,24.8900,24.9600,815100,21.3102
2023-12-08,24.8700,25.0800,24.6700,24.8800,1059400,21.2419
2023-12-11,24.7300,25.1700,24.6200,24.9000,685600,21.2589
2023-12-12,24.7900,24.7900,24.2800,24.5600,925000,20.9687
2023-12-13,24.6000,26.2900,24.4000,26.1000,1418200,22.2835
2023-12-14,26.7300,27.3100,26.3700,26.6600,1599900,22.7616
2023-12-15,26.8200,26.8500,26.2400,26.6300,2904200,22.7360
2023-12-18,26.6800,26.6800,25.9900,26.0800,814800,22.2664
2023-12-19,26.3000,26.9300,26.0400,26.8800,1142400,22.9494
2023-12-20,26.8900,27.1900,26.4500,26.5000,905600,22.6250
2023-12-21,26.7800,27.2200,26.7100,27.1600,628900,23.1885
2023-12-22,27.3000,27.6400,27.2600,27.3700,428300,23.3678
2023-12-26,27.4200,27.7700,27.3500,27.7000,376700,23.6495
2023-12-27,27.7300,27.8200,27.4800,27.6400,377200,23.5983
2023-12-28,27.4300,27.8200,27.4300,27.7100,465300,23.6581
2023-12-29,27.4700,27.6000,27.3300,27.4300,655000,23.4190
2024-01-02,27.3500,27.6800,27.1000,27.1900,1240300,23.2141
2024-01-03,27.0000,27.0000,26.5200,26.8400,829800,22.9153
2024-01-04,26.7700,27.0500,26.6500,26.8300,1014700,22.9067
2024-01-05,26.6500,27.4200,26.5300,26.8500,1217000,22.9238
2024-01-08,26.8400,27.6000,26.7600,27.2500,1147000,23.2653
2024-01-09,26.9600,27.1400,26.7600,27.0000,558100,23.0519
2024-01-10,26.9400,26.9500,26.6000,26.6900,474000,22.7872
2024-01-11,26.5100,26.5300,25.6000,26.0100,1532100,22.2066
2024-01-12,26.3000,26.4300,25.7500,25.8400,815900,22.0615
2024-01-16,25.6800,25.8100,25.2900,25.3700,807800,21.6602
2024-01-17,25.0000,25.1200,24.5200,24.7000,820200,21.0882
2024-01-18,24.7600,24.8000,24.4900,24.6100,849500,21.0114
2024-01-19,24.7100,24.7100,24.2200,24.6100,1030400,21.0114
2024-01-22,24.7200,25.6300,24.7100,24.9800,1202600,21.3272
2024-01-23,25.2900,25.5000,24.4800,24.6200,1187900,21.0199
2024-01-24,24.9300,24.9600,24.0800,24.2100,769200,20.6698
2024-01-25,24.5700,25.1200,24.5700,24.9600,1004700,21.3102
2024-01-26,25.0800,25.1700,24.5600,24.6300,774000,21.0284
2024-01-29,24.6300,24.9900,24.4700,24.9300,611900,21.2846
2024-01-30,24.8200,24.8500,24.4500,24.6200,929700,21.0199
2024-01-31,24.7100,24.9000,24.2100,24.2400,1018300,20.6955
2024-02-01,24.4700,24.8300,24.2100,24.8100,825600,21.1821
2024-02-02,24.2900,24.3000,23.8100,23.9800,791300,20.4735
2024-02-05,23.6100,23.6200,23.0400,23.1500,996000,19.7648
2024-02-06,23.0600,23.5200,22.9700,23.4800,789100,20.0466
2024-02-07,23.5000,23.6600,23.2100,23.4300,924000,20.0039
2024-02-08,23.3300,23.3900,22.9300,22.9400,957100,19.5856
2024-02-09,22.9400,23.2100,22.8200,22.9700,987800,19.6112
2024-02-12,23.0800,23.6300,23.0000,23.6200,705700,20.1661
2024-02-13,22.9700,23.2100,22.7200,22.9000,645400,19.5514
2024-02-14,23.0200,23.2000,22.9000,23.0200,483200,19.6539
2024-02-15,23.3400,24.2800,23.2700,24.2800,807000,20.7296
2024-02-16,24.0200,24.3500,23.8600,24.0100,772700,20.4991
2024-02-20,23.7900,24.1200,23.7400,23.9300,619900,20.4308
2024-02-21,23.6800,23.9000,23.5100,23.6700,738300,20.2088
2024-02-22,23.2500,23.5000,21.7900,22.5900,1476600,19.2867
2024-02-23,22.5400,22.6300,22.1100,22.1800,1051100,18.9367
2024-02-26,22.1800,22.2300,21.6300,21.6700,880900,18.5013
2024-02-27,21.8900,22.3600,21.7700,22.3500,967100,19.0818
2024-02-28,22.1700,22.2700,21.9600,22.1000,868600,18.8684
2024-02-29,21.9100,22.2800,21.6200,21.8000,1084900,18.9580
2024-03-01,21.9700,22.1300,21.5800,22.0100,1044500,19.1406
2024-03-04,21.9000,22.0900,21.4800,21.9000,1040900,19.0449
2024-03-05,21.8200,22.0500,21.6700,21.7900,831500,18.9493
2024-03-06,22.0700,22.1200,21.8600,22.0200,753800,19.1493
2024-03-07,22.2000,22.3000,21.9400,22.1200,628500,19.2362
2024-03-08,22.3500,22.6200,22.1600,22.5600,640200,19.6189
2024-03-11,22.5100,22.9300,22.1100,22.2900,697700,19.3841
2024-03-12,22.1000,22.2400,21.5800,21.7700,729100,18.9319
2024-03-13,21.8000,22.0100,21.3900,21.4300,1092200,18.6362
2024-03-14,21.3800,21.4400,20.6300,20.8900,1110500,18.1666
2024-03-15,20.8600,21.1500,20.8100,21.0500,1696200,18.3057
2024-03-18,21.0000,21.2300,20.7900,21.0100,889700,18.2709
2024-03-19,20.9300,21.3200,20.9300,21.1300,831500,18.3753
2024-03-20,21.1400,21.3900,20.8700,21.2000,1007500,18.4362
2024-03-21,21.2800,21.8500,21.2300,21.2500,889100,18.4797
2024-03-22,21.4200,21.4800,21.0600,21.3400,893000,18.5579
2024-03-25,21.4500,21.7000,21.4000,21.4400,756500,18.6449
2024-03-26,21.5800,21.6400,21.3400,21.5300,846000,18.7232
2024-03-27,21.7300,22.5100,21.7100,22.3900,904300,19.4710
2024-03-28,22.4000,23.0800,22.4000,23.0500,1248300,20.0450
2024-04-01,23.0900,23.2100,22.8300,23.0700,1000100,20.0624
2024-04-02,23.5100,23.7200,23.3200,23.5300,1341500,20.4624
2024-04-03,23.2600,23.7600,23.1800,23.6900,1276900,20.6016
2024-04-04,23.9300,24.0100,23.3500,23.4600,769200,20.4015
2024-04-05,23.2200,23.5900,23.0800,23.4700,830900,20.4102
2024-04-08,23.6200,24.0900,23.5100,23.9000,976000,20.7842
2024-04-09,23.9600,24.3900,23.9600,24.2100,1038100,21.0538
2024-04-10,23.5500,23.5500,23.0500,23.2100,978300,20.1841
2024-04-11,23.4500,23.7000,23.1900,23.5100,743400,20.4450
2024-04-12,23.5900,23.8300,22.7600,22.8200,680600,19.8450
2024-04-15,22.7200,22.9500,22.2900,22.4900,1036400,19.5580
2024-04-16,22.3900,22.4400,21.7200,21.7700,1002200,18.9319
2024-04-17,22.0100,22.4100,21.8100,22.2500,743400,19.3493
2024-04-18,22.3400,22.6000,22.2700,22.5000,730400,19.5667
2024-04-19,22.4200,22.8100,22.4200,22.7900,1610900,19.8189
2024-04-22,22.7900,23.1400,22.6100,23.0600,608800,20.0537
2024-04-23,22.9500,23.7500,22.9500,23.5900,904000,20.5146
2024-04-24,23.4800,23.6200,23.2500,23.3600,736200,20.3146
2024-04-25,23.2300,23.3000,22.6900,23.0800,789700,20.0711
2024-04-26,23.1800,23.4900,23.0000,23.1400,575400,20.1233
2024-04-29,23.2600,23.5700,23.2600,23.4600,540000,20.4015
2024-04-30,23.2300,23.4100,23.0700,23.3800,1021700,20.3320
2024-05-01,23.2200,23.6500,22.7500,23.3300,1298300,20.2885
2024-05-02,23.5900,23.7900,23.2900,23.7000,666400,20.6103
2024-05-03,24.0100,24.6800,24.0100,24.4300,964500,21.2451
2024-05-06,24.5000,24.8900,24.4700,24.7400,597300,21.5147
2024-05-07,24.9300,25.2500,24.7200,24.7900,774300,21.5581
2024-05-08,24.5900,25.2300,24.4600,24.9000,1046000,21.6538
2024-05-09,25.4400,26.5500,25.1000,26.4900,1374900,23.0365
2024-05-10,26.7000,27.1900,26.6000,27.0600,1347000,23.5322
2024-05-13,27.1400,27.2300,26.8800,26.8900,1110700,23.3844
2024-05-14,27.2100,27.7500,27.2100,27.4700,1011000,23.8888
2024-05-15,28.0000,28.0000,27.3200,27.4800,792600,23.8975
2024-05-16,27.3500,27.4900,27.0100,27.0900,882300,23.5583
2024-05-17,27.0100,27.1300,26.6700,26.7900,708500,23.2974
2024-05-20,26.6800,26.8200,26.3700,26.7500,626400,23.2626
2024-05-21,26.7200,26.9500,26.6100,26.9300,595400,23.4192
2024-05-22,26.7200,27.1900,26.6300,27.0200,493600,23.4974
2024-05-23,26.9000,26.9000,26.0100,26.2700,651900,22.8452
2024-05-24,26.4800,26.8600,26.3000,26.8500,499900,23.3496
2024-05-28,26.9700,27.6500,26.8700,27.1600,1462000,23.6192
2024-05-29,26.7800,26.9700,26.2600,26.3700,737100,22.9322
2024-05-30,26.5800,27.3800,26.5000,27.2500,573900,23.6974
2024-05-31,27.4500,28.0700,27.3800,28.0000,1255200,24.3497
2024-06-03,27.7300,28.0600,27.5700,27.5800,1634100,24.3408
2024-06-04,27.4000,27.8800,27.1600,27.7700,745800,24.5085
2024-06-05,27.9300,28.7100,27.7000,28.6500,1494500,25.2852
2024-06-06,28.4200,28.5600,27.5500,27.7300,710200,24.4732
2024-06-07,27.1200,27.5300,26.8500,26.9400,664600,23.7760
2024-06-10,26.6200,27.4500,26.3800,27.3300,686300,24.1202
2024-06-11,27.1700,27.4600,27.1000,27.3300,990800,24.1202
2024-06-12,28.0000,28.0000,26.9700,27.0100,675900,23.8378
2024-06-13,26.9300,27.1700,26.4300,26.7000,526000,23.5642
2024-06-14,26.5600,26.8900,26.4200,26.6000,646500,23.4759
2024-06-17,26.3800,26.5200,25.9100,25.9900,505900,22.9376
2024-06-18,25.8500,26.2600,25.6700,25.9400,606900,22.8935
2024-06-20,25.9100,26.1700,25.8200,25.9800,581400,22.9288
2024-06-21,26.0500,26.0800,25.7000,25.8700,1649400,22.8317
2024-06-24,25.9500,26.1700,25.8300,26.0600,624500,22.9994
2024-06-25,26.1000,26.1000,25.6800,25.7600,553800,22.7346
2024-06-26,25.6200,25.7400,25.4800,25.5700,360900,22.5669
2024-06-27,25.5000,26.0200,25.4100,26.0100,723500,22.9552
2024-06-28,26.0700,26.2000,24.5300,24.6900,1686600,21.7903
2024-07-01,24.9500,24.9500,24.1500,24.3000,1068200,21.4461
2024-07-02,24.3100,24.5400,24.0200,24.1100,1327100,21.2784
2024-07-03,24.2900,24.8100,24.1800,24.3700,732900,21.5078
2024-07-05,24.3700,24.7100,24.3200,24.5900,1112700,21.7020
2024-07-08,24.8800,24.8800,24.4500,24.4800,503000,21.6049
2024-07-09,24.4000,24.6000,24.2200,24.3400,602600,21.4814
2024-07-10,24.3400,24.6500,24.3300,24.6100,500100,21.7197
2024-07-11,25.1000,25.7300,24.9800,25.5300,528700,22.5316
2024-07-12,25.6100,26.2400,25.6100,26.1700,625200,23.0964
2024-07-15,25.6300,25.7100,24.6700,24.7700,956200,21.8609
2024-07-16,24.9200,25.8300,24.8700,25.7600,934500,22.7346
2024-07-17,25.6600,26.3300,25.3400,25.3400,1084500,22.3639
2024-07-18,25.3600,25.6900,25.1600,25.1800,905500,22.2227
2024-07-19,25.1500,25.3400,24.9100,25.2300,1149000,22.2668
2024-07-22,25.5000,26.0400,25.3900,25.9000,588100,22.8582
2024-07-23,25.7600,25.8400,25.5100,25.5800,382800,22.5757
2024-07-24,25.8100,26.3300,25.6600,26.1500,581200,23.0788
2024-07-25,26.1500,26.3600,25.4600,25.7200,679400,22.6993
2024-07-26,26.1600,26.4400,26.0600,26.4000,592600,23.2994
2024-07-29,26.5300,26.5300,25.9200,26.3200,491500,23.2288
2024-07-30,26.3900,26.4900,25.9500,26.3300,520500,23.2376
2024-07-31,27.2200,27.3700,26.6300,26.6800,1300700,23.5465
2024-08-01,27.0000,28.1200,26.7700,27.9600,1201200,24.6762
2024-08-02,27.6600,27.9000,26.9300,27.6800,916400,24.4291
2024-08-05,26.7300,27.7500,26.2600,27.4300,882300,24.2085
2024-08-06,27.6300,28.7900,27.5400,28.5600,1015000,25.2057
2024-08-07,28.9600,29.1500,28.4100,28.4400,828300,25.0998
2024-08-08,28.3900,28.7500,28.1700,28.4700,1023600,25.1263
2024-08-09,28.4700,28.5500,28.0100,28.4800,699100,25.1351
2024-08-12,28.3700,28.4300,27.6900,28.1500,770600,24.8439
2024-08-13,28.4100,28.8900,28.2000,28.7000,944500,25.3293
2024-08-14,28.7200,29.1300,28.3900,28.9900,815000,25.5852
2024-08-15,28.9600,29.2000,28.5900,28.9400,952100,25.5411
2024-08-16,28.9400,29.0800,28.7300,28.9900,537200,25.5852
2024-08-19,29.0000,29.2000,28.8000,29.1800,747100,25.7529
2024-08-20,29.0300,29.2000,28.7300,28.7400,440000,25.3646
2024-08-21,28.8300,29.1000,28.7100,28.9700,485300,25.5676
2024-08-22,29.0200,29.0800,28.6400,28.6800,429000,25.3117
2024-08-23,28.7600,29.3400,28.7500,29.1600,555200,25.7353
2024-08-26,29.4100,29.4800,29.1900,29.2300,357400,25.7971
2024-08-27,29.1600,29.3000,28.6900,28.7600,925200,25.3823
2024-08-28,28.7400,28.9300,28.6400,28.7100,480900,25.3381
2024-08-29,28.6700,28.7800,28.1700,28.5400,709500,25.1881
2024-08-30,28.7200,29.0300,28.5100,28.9600,853800,25.5588
2024-09-03,28.5800,28.5800,27.9600,28.0800,721200,25.1442
2024-09-04,28.0300,28.1600,27.7700,27.7700,635300,24.8666
2024-09-05,28.0500,28.1700,27.7900,28.0200,604400,25.0904
2024-09-06,28.0300,28.0900,27.4100,27.4900,516700,24.6159
2024-09-09,27.5500,27.6600,27.0000,27.5400,741100,24.6606
2024-09-10,27.5400,27.8700,27.3000,27.5800,815200,24.6964
2024-09-11,27.6500,28.3900,27.5700,28.3300,636200,25.3680
2024-09-12,28.3400,28.6100,28.2600,28.4100,733100,25.4397
2024-09-13,28.7500,29.1800,28.4600,29.1600,843400,26.1113
2024-09-16,29.2000,29.3900,28.9600,29.3300,596400,26.2635
2024-09-17,29.4400,29.8700,29.2800,29.3600,753800,26.2903
2024-09-18,29.4000,29.9400,29.2400,29.3000,907100,26.2366
2024-09-19,29.4200,29.6000,28.9000,29.0700,812900,26.0307
2024-09-20,29.2100,29.6300,29.0900,29.6000,1921600,26.5053
2024-09-23,29.7100,29.9900,29.5400,29.9200,512600,26.7918
2024-09-24,30.0000,30.3500,29.8700,29.9600,561200,26.8276
2024-09-25,30.0500,30.5800,29.9400,30.4700,732600,27.2843
2024-09-26,30.5500,30.6400,30.0100,30.0200,540700,26.8813
2024-09-27,30.2800,30.5300,30.1800,30.5000,513600,27.3112
2024-09-30,30.5200,30.6900,30.2700,30.6800,613100,27.4723
2024-10-01,30.7900,30.9200,30.5800,30.7400,587300,27.5261
2024-10-02,30.4800,30.6400,29.7400,29.7900,925400,26.6754
2024-10-03,29.7500,29.9000,29.1400,29.2000,1109200,26.1471
2024-10-04,29.1700,29.6700,29.1700,29.5600,1083000,26.4694
2024-10-07,29.5300,29.6100,28.7600,28.8500,456900,25.8337
2024-10-08,28.7800,28.8000,28.0600,28.1300,809800,25.1889
2024-10-09,28.0600,28.2300,27.8000,27.8500,691800,24.9382
2024-10-10,27.7100,27.8200,27.4000,27.5700,733600,24.6875
2024-10-11,27.4400,27.8500,27.3300,27.6800,756600,24.7860
2024-10-14,27.6000,27.8800,27.2500,27.8100,867000,24.9024
2024-10-15,28.0800,28.1700,27.7300,27.8100,863500,24.9024
2024-10-16,28.0900,28.1700,27.7500,28.1500,747600,25.2069
2024-10-17,28.1500,28.1500,27.5400,27.5400,853400,24.6606
2024-10-18,27.5000,27.5000,26.9500,27.2700,1199500,24.4189
2024-10-21,27.3200,27.4900,26.6700,26.7100,997200,23.9174
2024-10-22,26.6800,26.9400,26.3200,26.8400,916500,24.0338
2024-10-23,26.7000,27.1000,26.7000,26.9800,899300,24.1592
2024-10-24,26.9100,27.1400,26.1300,26.2000,862400,23.4607
2024-10-25,26.0600,26.2900,25.8700,25.9900,1048500,23.2727
2024-10-28,26.2500,26.4400,26.0000,26.1700,1143700,23.4339
2024-10-29,25.9800,26.1000,25.6600,25.7100,1051700,23.0220
2024-10-30,26.1300,27.9300,26.1300,27.7700,1615900,24.8666
2024-10-31,27.7200,28.8900,27.5400,28.3800,1428100,25.4128
2024-11-01,28.5100,28.6700,27.5500,27.6100,927700,24.7233
2024-11-04,27.6600,28.4700,27.6600,28.2000,1062500,25.2516
2024-11-05,28.0800,28.8500,27.8100,28.7800,939700,25.7710
2024-11-06,26.8400,27.2300,25.2500,26.8300,2357600,24.0249
2024-11-07,26.8300,27.9300,26.8000,27.6700,1579700,24.7770
2024-11-08,27.6700,28.0300,27.4000,27.7900,977800,24.8845
2024-11-11,27.8100,28.1800,27.6000,27.9600,1378800,25.0367
2024-11-12,27.7500,27.9400,26.4900,26.6900,1095900,23.8995
2024-11-13,26.9300,27.1000,26.6600,26.9500,679600,24.1323
2024-11-14,27.0000,27.8000,26.9300,27.3600,708400,24.4994
2024-11-15,27.3000,27.6600,27.1400,27.5600,629900,24.6785
2024-11-18,27.4400,27.8900,27.2700,27.5700,600900,24.6875
2024-11-19,27.4700,27.8100,27.3200,27.7800,738700,24.8755
2024-11-20,27.8500,28.0400,27.6900,27.9200,452600,25.0009
2024-11-21,27.8100,28.4700,27.6800,28.3500,914600,25.3859
2024-11-22,28.3500,28.7900,28.3500,28.3500,510600,25.3859
2024-11-25,28.7900,29.3400,28.6400,28.7000,1381000,25.6994
2024-11-26,28.8000,29.8000,28.6500,29.6200,802400,26.5232
2024-11-27,29.7500,29.8300,29.1800,29.5000,662600,26.4157
2024-11-29,29.7200,29.8300,29.3800,29.4900,547700,26.4068
2024-12-02,29.1600,29.6000,28.8000,29.0800,1010600,26.4195
2024-12-03,29.1600,29.2900,28.2700,28.3300,870100,25.7381
2024-12-04,28.3100,28.7000,28.1300,28.3700,776600,25.7744
2024-12-05,28.3100,28.7200,28.1800,28.6200,586900,26.0016
2024-12-06,28.6300,28.6900,28.0600,28.2400,572000,25.6563
2024-12-09,28.3900,29.0000,28.3900,28.6000,933600,25.9834
2024-12-10,28.3400,28.4200,27.7000,28.1600,560900,25.5836
2024-12-11,28.2900,28.3800,27.5000,27.8200,759900,25.2747
2024-12-12,27.7800,27.8200,27.2300,27.3400,545400,24.8387
2024-12-13,27.3200,27.4300,27.0700,27.2800,793300,24.7842
2024-12-16,27.0600,27.2800,26.5000,26.7700,810200,24.3208
2024-12-17,26.4800,26.7600,26.0400,26.1000,821600,23.7121
2024-12-18,26.0600,26.4600,25.9000,25.9300,1031200,23.5577
2024-12-19,26.0300,26.5500,25.9100,25.9200,841100,23.5486
2024-12-20,25.8000,26.1000,25.5700,26.0400,1814500,23.6576
2024-12-23,26.0500,26.4100,25.8100,26.4000,557300,23.9847
2024-12-24,26.3400,26.7900,26.1500,26.6700,432400,24.2300
2024-12-26,26.5200,26.8200,26.2500,26.3100,414000,23.9029
2024-12-27,26.0900,26.4400,25.9700,26.1400,405700,23.7485
2024-12-30,25.9600,26.2400,25.6900,26.1500,504300,23.7575
2024-12-31,26.1900,26.5200,25.9100,26.0000,1080300,23.6213
2025-01-02,26.2000,26.3200,26.0200,26.3100,608000,23.9029
2025-01-03,26.4800,26.7500,26.3000,26.5800,526300,24.1482
2025-01-06,26.5800,26.6700,26.1600,26.2000,798500,23.8030
2025-01-07,26.3900,26.5900,25.9700,26.5100,706900,24.0846
2025-01-08,26.2200,26.3900,25.5700,25.7300,550800,23.3760
2025-01-10,25.6500,25.6500,24.5500,24.9200,783600,22.6401
2025-01-13,24.7900,24.8700,24.4000,24.8200,654000,22.5492
2025-01-14,24.8700,25.4000,24.8500,25.0800,574500,22.7854
2025-01-15,25.7800,25.8200,25.2100,25.2500,560800,22.9399
2025-01-16,25.6100,26.5300,25.4500,26.4600,927900,24.0392
2025-01-17,26.4600,26.6300,26.1900,26.3500,711700,23.9392
2025-01-21,26.4600,26.5300,25.7100,25.7400,710500,23.3850
2025-01-22,25.6800,25.7200,24.6100,24.6300,833400,22.3766
2025-01-23,24.7100,25.4300,24.5000,25.2800,1639400,22.9671
2025-01-24,25.3100,26.0500,25.3100,25.8500,720200,23.4850
2025-01-27,25.7000,26.4400,25.2700,25.6400,713100,23.2942
2025-01-28,25.8500,26.0600,25.2600,25.6200,800800,23.2760
2025-01-29,25.6900,25.9700,25.5100,25.5200,815600,23.1852
2025-01-30,25.7800,26.0800,25.6200,25.9700,676200,23.5940
2025-01-31,25.9900,26.1800,25.6000,25.9300,669500,23.5577
2025-02-03,25.1800,25.9800,25.0800,25.8300,644800,23.4668
2025-02-04,25.7800,26.1700,25.3000,25.9600,860500,23.5849
2025-02-05,26.3200,26.4500,25.9200,26.0700,516700,23.6849
2025-02-06,26.3100,26.3400,26.0200,26.2600,637400,23.8575
2025-02-07,26.1600,26.2900,25.9200,26.1200,656300,23.7303
2025-02-10,26.1500,26.3600,25.8500,26.1800,813600,23.7848
2025-02-11,26.1000,26.2400,25.7900,26.0800,550600,23.6939
2025-02-12,25.5900,26.2500,25.5500,26.0900,604500,23.7030
2025-02-13,26.1500,26.4000,25.9200,26.2800,550600,23.8756
2025-02-14,26.3000,26.6400,25.8900,26.1300,874500,23.7394
2025-02-18,26.2700,26.5700,26.1400,26.4500,885300,24.0301
2025-02-19,26.3400,27.0700,26.3100,26.7200,885500,24.2754
2025-02-20,26.7900,27.2100,26.5900,27.0500,1052500,24.5752
2025-02-21,27.1800,27.5500,27.0100,27.4300,1228800,24.9204
2025-02-24,27.7400,27.7400,26.2600,26.7000,1910500,24.2572
2025-02-25,26.4700,27.4900,26.2500,27.3600,1238700,24.8568
2025-02-26,27.2500,28.0100,27.0000,27.7500,1141900,25.2112
2025-02-27,27.5700,27.7900,27.1300,27.2800,882900,24.7842
2025-02-28,27.5300,28.1700,27.4000,28.0200,1901200,25.4565
2025-03-03,27.5100,27.9700,27.1900,27.2300,861700,25.1252
2025-03-04,27.1400,27.1700,26.5100,26.7800,1127400,24.7100
2025-03-05,26.7600,27.5000,26.6500,27.2200,1515300,25.1160
2025-03-06,26.9900,27.3400,26.7700,27.3300,1390300,25.2175
2025-03-07,27.3300,27.8600,27.0800,27.6200,1176800,25.4851
2025-03-10,27.7900,28.6700,27.7900,28.6300,1514800,26.4170
2025-03-11,28.8500,29.0200,28.3500,28.7900,1612600,26.5646
2025-03-12,28.5800,29.6600,28.5200,29.3900,1313700,27.1182
2025-03-13,29.5200,30.1700,28.9800,29.1800,1130600,26.9245
2025-03-14,29.1500,29.5500,29.0200,29.1400,1176600,26.8876
2025-03-17,29.0900,29.7700,28.7900,29.6700,869700,27.3766
2025-03-18,29.6100,29.9500,29.5500,29.8000,733700,27.4966
2025-03-19,29.7100,29.7900,29.4200,29.6700,805700,27.3766
2025-03-20,29.7500,30.0900,29.6300,30.0400,691700,27.7180
2025-03-21,29.9400,30.1400,29.7300,29.9000,1494000,27.5888
2025-03-24,29.7600,30.1900,29.6300,29.8500,799200,27.5427
2025-03-25,30.1500,30.5000,29.8100,30.4200,890100,28.0686
2025-03-26,30.2200,30.5600,30.0600,30.2600,763700,27.9210
2025-03-27,30.1700,30.5200,29.8900,30.0700,917300,27.7457
2025-03-28,30.3500,30.5100,29.9600,30.1700,1870400,27.8379
2025-03-31,30.1600,30.3500,29.6300,30.2700,1092000,27.9302
2025-04-01,30.2900,30.5000,30.0100,30.4700,860700,28.1148
2025-04-02,30.3400,30.7500,30.1600,30.6000,545300,28.2347
2025-04-03,30.6200,31.0900,30.6200,30.7900,1380100,28.4100
2025-04-04,30.2600,30.3000,27.7500,28.0700,1821200,25.9003
2025-04-07,27.4900,27.9200,26.3800,27.3400,1579700,25.2267
2025-04-08,28.0000,28.0100,26.5200,26.7400,1496800,24.6731
2025-04-09,26.4200,28.3000,25.6300,28.0500,1720000,25.8818
2025-04-10,27.7100,28.1400,27.1300,27.5500,917400,25.4205
2025-04-11,27.7300,28.3700,27.2200,28.0300,1499100,25.8634
2025-04-14,28.3400,29.0400,28.0700,28.9200,1325600,26.6846
2025-04-15,28.9800,29.2500,28.7500,29.0700,819600,26.8230
2025-04-16,29.0400,29.4600,28.6900,28.9100,623300,26.6753
2025-04-17,29.0700,29.5700,29.0600,29.2300,592000,26.9706
2025-04-21,29.0500,29.1500,26.9700,27.3500,1060700,25.2359
2025-04-22,27.7400,28.3700,27.6500,28.2200,1470700,26.0387
2025-04-23,28.5600,28.7900,27.9000,28.1500,1081100,25.9741
2025-04-24,28.3700,29.0800,28.2000,28.7200,696900,26.5000
2025-04-25,28.6600,29.0100,28.5000,28.9500,589700,26.7123
2025-04-28,28.9700,29.5000,28.7200,29.4500,989300,27.1736
2025-04-29,29.5500,29.8300,29.2800,29.7000,679000,27.4043
2025-04-30,29.5800,29.8100,28.8500,29.3400,918700,27.0721
2025-05-01,29.8600,30.1500,28.7100,28.9500,983400,26.7123
2025-05-02,29.0700,29.2100,28.6800,28.7800,685100,26.5554
2025-05-05,28.8000,28.8000,28.1700,28.6400,681700,26.4262
2025-05-06,28.6000,29.0600,28.5300,28.6700,901400,26.4539
2025-05-07,28.4100,28.9200,28.3400,28.6100,690900,26.3985
2025-05-08,28.8200,28.8800,28.1200,28.7400,869200,26.5185
2025-05-09,28.7700,29.0700,28.6700,28.8800,743200,26.6477
2025-05-12,29.0300,29.1300,28.2600,28.5400,667300,26.3339
2025-05-13,28.5100,29.1800,28.4100,29.0800,908400,26.8322
2025-05-14,28.9900,29.2000,28.7200,29.1700,813000,26.9152
2025-05-15,29.2800,29.9700,29.2800,29.9500,666100,27.6350
2025-05-16,30.0800,30.4200,30.0000,30.3600,686500,28.0133
2025-05-19,29.9900,30.6200,29.8900,30.6200,635100,28.2532
2025-05-20,30.4800,30.8600,30.4800,30.6100,692400,28.2439
2025-05-21,30.2800,30.5700,29.7700,30.0000,1061300,27.6811
2025-05-22,29.3800,29.4000,28.3900,29.3000,1635700,27.0352
2025-05-23,29.5100,30.5400,29.3300,30.4700,978000,28.1148
2025-05-27,30.4400,30.9600,30.0500,30.8100,1137600,28.4285
2025-05-28,30.8600,30.9900,30.5400,30.7100,794100,28.3362
2025-05-29,30.8000,30.8000,30.1300,30.3500,684000,28.0040
2025-05-30,30.4300,31.0200,30.2900,30.7700,1633100,28.3916
2025-06-02,30.3300,30.4600,30.1100,30.3600,809900,28.4178
2025-06-03,30.5300,30.8800,30.2000,30.8400,727200,28.8671
2025-06-04,30.9900,30.9900,29.8100,29.8900,852000,27.9778
2025-06-05,30.0500,30.4300,29.8000,30.2800,782300,28.3429
2025-06-06,30.5000,30.7100,30.1000,30.5100,674000,28.5582
2025-06-09,30.5800,30.7500,30.2200,30.4800,714500,28.5301
2025-06-10,30.6200,30.7500,30.3300,30.5900,599000,28.6331
2025-06-11,30.7700,31.1800,30.6500,30.9900,522200,29.0075
2025-06-12,30.9900,31.7500,30.9900,31.7000,847500,29.6721
2025-06-13,31.5500,31.7600,31.3700,31.6100,620800,29.5878
2025-06-16,31.7500,32.3300,31.6800,32.2200,871000,30.1588
2025-06-17,31.8400,31.9300,31.1500,31.6400,1176600,29.6159
2025-06-18,31.6400,32.2400,31.4800,32.0900,690200,30.0371
2025-06-20,32.1700,32.6400,31.6800,31.6900,1416700,29.6627
2025-06-23,31.6000,32.0300,31.4000,31.5700,888200,29.5504
2025-06-24,31.7000,32.2600,31.4800,32.0400,800200,29.9903
2025-06-25,31.9400,31.9400,31.3300,31.6400,748800,29.6159
2025-06-26,31.8600,32.1400,31.7200,32.1100,992300,30.0558
2025-06-27,32.1600,32.3100,31.5900,32.1400,1361100,30.0839
2025-06-30,31.8400,32.0600,31.1100,32.0000,1208700,29.9529
2025-07-01,32.1900,32.3100,31.4600,31.5600,973200,29.5410
2025-07-02,31.3700,32.2600,31.3700,31.9700,1047200,29.9248
2025-07-03,32.1000,32.7100,31.9400,32.6400,1148800,30.5519
2025-07-07,32.5000,32.7600,32.2700,32.5500,845000,30.4677
2025-07-08,32.2900,32.4400,31.3600,31.5800,941700,29.5597
2025-07-09,31.9200,32.4800,31.7800,32.3900,832500,30.3179
2025-07-10,32.1300,32.4200,31.9600,32.2500,639100,30.1869
2025-07-11,32.0000,32.1200,31.7300,31.8700,585200,29.8312
2025-07-14,31.9200,32.4500,31.8300,32.2100,590400,30.1494
2025-07-15,32.3100,32.5300,32.1700,32.2500,904300,30.1869
2025-07-16,32.2200,32.4600,31.9200,32.0800,745800,30.0278
2025-07-17,31.9600,32.6200,31.9600,32.3500,794800,30.2805
2025-07-18,32.5500,33.2200,32.5300,32.9800,867600,30.8702
2025-07-21,32.8900,33.1700,32.6200,32.7100,656800,30.6174
2025-07-22,32.8900,33.0000,32.4000,32.5600,695100,30.4770
2025-07-23,32.7800,32.8800,32.2800,32.3700,815600,30.2992
2025-07-24,32.2700,32.3200,31.7800,31.7800,1168000,29.7469
2025-07-25,31.8200,31.8500,31.3300,31.4600,683600,29.4474
2025-07-28,31.5100,31.5300,31.2000,31.3400,721400,29.3351
2025-07-29,31.2900,31.7900,31.2400,31.7700,685200,29.7376
2025-07-30,31.9900,32.2800,31.8000,32.0800,684700,30.0278
2025-07-31,31.9900,32.7200,31.9700,32.6300,841200,30.5426
2025-08-01,32.9200,32.9500,32.0600,32.4000,626700,30.3273
2025-08-04,32.6700,32.9900,32.5900,32.7000,983600,30.6081
2025-08-05,32.7000,32.8400,31.5600,31.6100,1044100,29.5878
2025-08-06,31.3300,31.3300,29.8600,30.2200,1908100,28.2867
2025-08-07,30.3700,30.6400,30.1100,30.3700,1107600,28.4271
2025-08-08,30.6300,30.6300,30.0400,30.1500,777500,28.2212
2025-08-11,30.1900,30.2700,29.2900,29.3300,1091100,27.4537
2025-08-12,29.3900,29.5600,29.0500,29.3500,1217600,27.4724
2025-08-13,29.5900,29.5900,29.2200,29.5400,803000,27.6502
2025-08-14,29.4500,29.5300,29.1300,29.2500,796200,27.3788
2025-08-15,29.2500,30.0500,29.1400,29.7700,1181300,27.8655
2025-08-18,29.7900,30.2100,29.7900,29.9000,1649100,27.9872
2025-08-19,29.9600,30.3400,29.8400,30.3400,1092500,28.3991
2025-08-20,30.4400,30.6500,30.0700,30.3100,999900,28.3710
2025-08-21,30.3000,30.5200,29.7000,29.7300,713000,27.8281
2025-08-22,29.9300,30.2300,29.7800,30.0900,775400,28.1651
2025-08-25,29.9200,30.2500,29.6900,29.7700,978000,27.8655
2025-08-26,29.8000,29.9100,29.5200,29.6900,1137500,27.7906
2025-08-27,29.7000,29.9200,29.6400,29.7200,612500,27.8187
2025-08-28,29.8700,30.0600,29.7300,29.8400,601600,27.9310
2025-08-29,29.8900,29.9900,29.6400,29.8100,950400,27.9030
2025-09-02,29.0000,29.1200,28.3900,28.6600,1470900,27.2340
2025-09-03,28.6500,28.9100,28.5600,28.6600,671000,27.2340
2025-09-04,28.8000,28.8400,28.3200,28.6900,930400,27.2625
2025-09-05,28.8400,28.9700,28.3400,28.6800,798200,27.2530
2025-09-08,28.5900,28.8600,28.3700,28.3700,996800,26.9584
2025-09-09,28.3700,28.8000,28.2500,28.7200,851000,27.2910
2025-09-10,28.7700,28.8800,28.3500,28.4300,996200,27.0154
2025-09-11,28.4900,28.9600,28.4700,28.6200,953400,27.1960
2025-09-12,28.4600,28.8500,28.4000,28.7200,944400,27.2910
2025-09-15,28.7400,28.9900,28.6200,28.6200,779900,27.1960
2025-09-16,28.5600,28.8000,28.0600,28.0700,945100,26.6734
2025-09-17,28.2400,28.4700,27.7800,27.8900,1350100,26.5023
2025-09-18,27.8900,28.3000,27.6700,28.1100,1645600,26.7114
2025-09-19,28.3200,28.4800,28.0000,28.0800,2076500,26.6828
2025-09-22,28.1200,28.5100,27.9000,28.5100,989700,27.0915
2025-09-23,28.4900,28.5800,28.1800,28.3000,889900,26.8919
2025-09-24,28.2900,28.6500,28.2900,28.5500,819200,27.1295
2025-09-25,28.5700,28.5700,28.1700,28.3500,827000,26.9394
2025-09-26,28.3800,28.7800,28.3600,28.5400,788500,27.1200
2025-09-29,28.5400,28.6500,28.1100,28.3700,881400,26.9584
2025-09-30,28.3200,28.5700,27.9700,28.2500,738000,26.8444
2025-10-01,28.3000,29.9500,28.2800,29.8400,1859100,28.3553
2025-10-02,29.7500,30.1800,29.6500,30.0500,1479600,28.5548
2025-10-03,30.0600,30.5700,29.8200,30.3400,2353200,28.8304
2025-10-06,30.5900,32.4800,30.5600,32.3600,1799100,30.7499
2025-10-07,32.3500,32.3500,30.8800,30.9800,1469700,29.4386
2025-10-08,31.5300,31.9900,31.1000,31.9500,1243500,30.3603
2025-10-09,32.0700,32.1200,31.6500,31.6600,1098200,30.0847
2025-10-10,31.8100,32.1200,31.0800,31.1500,1017100,29.6001
2025-10-13,31.4300,32.0400,31.3400,31.8100,770500,30.2273
2025-10-14,31.6700,31.7600,31.3300,31.5300,927400,29.9612
2025-10-15,31.7400,32.6400,31.7400,32.3300,1150300,30.7214
2025-10-16,32.4800,32.9500,32.0800,32.2300,759400,30.6264
2025-10-17,31.9300,32.3200,31.5000,31.6800,1006700,30.1037
2025-10-20,31.9900,32.0600,31.4900,31.5900,615600,30.0182
2025-10-21,31.5800,31.5800,30.2600,30.4100,991400,28.8969
2025-10-22,30.4100,31.1400,30.4000,30.9900,1169200,29.4481
2025-10-23,31.1800,31.6400,31.0800,31.5200,1333600,29.9517
2025-10-24,31.9500,32.2200,31.7800,31.9000,696500,30.3128
2025-10-27,31.9800,32.0700,31.4800,31.9700,783700,30.3793
2025-10-28,32.1000,32.4100,31.7200,32.0600,1065800,30.4648
2025-10-29,32.3100,32.5100,31.6700,31.8400,1037100,30.2558
2025-10-30,31.7200,32.2100,31.4000,31.7400,1543400,30.1607
2025-10-31,31.8500,32.1600,31.4700,31.9300,1293700,30.3413
2025-11-03,32.0700,32.8300,31.6400,32.5000,1118000,30.8829
2025-11-04,32.2000,32.8300,32.1500,32.4900,1032200,30.8734
2025-11-05,33.6900,35.2000,32.0800,34.6600,4856100,32.9355
2025-11-06,34.6200,35.1500,34.3800,34.8800,1445500,33.1445
2025-11-07,34.6300,35.1000,34.4200,35.0300,863500,33.2870
2025-11-10,35.3600,35.7500,35.1200,35.2700,909600,33.5151
2025-11-11,35.2300,35.6500,34.8800,35.5200,915800,33.7527
2025-11-12,35.3800,35.9500,35.3400,35.7100,928500,33.9332
2025-11-13,35.5700,35.7800,35.2400,35.5800,987900,33.8097
2025-11-14,35.1200,36.0600,35.0100,35.9900,671200,34.1993
2025-11-17,36.1900,36.6800,36.0500,36.3200,822300,34.5129
2025-11-18,36.2100,36.6400,35.8100,36.2100,736900,34.4083
2025-11-19,36.2900,36.8900,35.9700,36.0000,903400,34.2088
2025-11-20,36.3200,36.5700,35.5100,35.7400,3315500,33.9617
2025-11-21,35.8400,35.9900,35.3300,35.6500,625800,33.8762
2025-11-24,35.9100,36.4800,35.9100,36.2700,1177400,34.4654
2025-11-25,36.4500,36.5300,36.0500,36.1600,866400,34.3608
2025-11-26,36.4500,36.7000,36.0100,36.1400,1151600,34.3418
2025-11-28,36.4200,36.6800,36.3300,36.6200,467000,34.7979
2025-12-01,35.8300,36.0500,34.6900,35.2000,941800,33.8675
2025-12-02,35.5300,35.6600,34.8900,35.0500,760300,33.7232
2025-12-03,35.2500,35.2500,34.3900,34.4600,756500,33.1556
2025-12-04,34.4400,34.7100,34.1100,34.1500,852500,32.8573
2025-12-05,34.0700,34.2200,33.7100,34.0100,767300,32.7226
2025-12-08,34.1500,34.1500,32.9000,33.0100,825400,31.7604
2025-12-09,32.8900,33.5000,32.7700,32.9700,803300,31.7220
2025-12-10,33.0200,33.2000,32.7700,32.7700,1052700,31.5295
2025-12-11,32.9800,33.0000,32.6100,32.6600,736000,31.4237
2025-12-12,32.8000,32.9600,32.4000,32.4100,1058600,31.1832
2025-12-15,32.5500,32.8500,32.3000,32.7100,844000,31.4718
2025-12-16,32.6500,32.9800,32.2200,32.3800,839400,31.1543
2025-12-17,32.8800,32.8800,31.9300,32.5900,1008400,31.3563
2025-12-18,32.8000,32.9500,32.3400,32.4200,766100,31.1928
2025-12-19,32.4500,32.7400,32.4100,32.6400,3342200,31.4044
2025-12-22,32.7900,33.7800,32.6500,33.4600,938800,32.1934
2025-12-23,33.6100,33.8300,33.2700,33.4000,824200,32.1357
2025-12-24,33.6000,33.6000,32.9300,33.3800,354900,32.1164
2025-12-26,33.3100,33.3400,33.0700,33.1800,672800,31.9240
2025-12-29,33.1600,33.6900,33.0300,33.5900,868600,32.3185
2025-12-30,33.6000,33.6500,33.3400,33.3900,667800,32.1261
2025-12-31,33.3800,33.5300,33.2000,33.2600,558600,32.0010
