Date,Open,High,Low,Close,Volume,Adj Close
2016-01-04,66.9700,67.5100,66.3300,67.4700,3896700,42.4848
2016-01-05,67.2900,68.1200,66.2500,68.0500,2476000,42.8501
2016-01-06,67.5700,68.8700,67.3300,68.4700,2670700,43.1145
2016-01-07,67.6700,68.7100,67.6000,68.5100,4011800,43.1397
2016-01-08,68.4800,69.9000,68.3800,69.5200,5391500,43.7757
2016-01-11,69.5900,69.9300,69.3100,69.4100,3989700,43.7065
2016-01-12,69.6400,69.8800,68.5100,68.9000,4318300,43.3853
2016-01-13,69.0400,69.4900,68.8600,69.0200,3646500,43.4609
2016-01-14,68.9700,69.9700,68.8500,69.6700,3265900,43.8702
2016-01-15,69.0000,69.4400,68.1800,68.8800,3964200,43.3727
2016-01-19,69.2300,70.0600,68.6900,69.9000,3037000,44.0150
2016-01-20,69.4500,69.7500,67.9400,68.7300,3773800,43.2783
2016-01-21,69.0500,69.0500,67.9700,68.4900,2268700,43.1271
2016-01-22,69.1400,69.8300,68.5200,69.7600,2118000,43.9268
2016-01-25,69.7900,70.1400,69.2700,69.5600,2287300,43.8009
2016-01-26,69.5800,70.5600,69.4400,69.7200,2075500,43.9016
2016-01-27,69.6100,70.1200,69.1700,69.7100,2320200,43.8953
2016-01-28,69.7000,71.5100,69.4300,70.9400,3579600,44.6698
2016-01-29,71.4800,72.2000,71.0300,72.1700,3498500,45.4444
2016-02-01,70.2700,71.4200,69.9400,70.1800,10798600,44.1913
2016-02-02,69.2400,70.1100,68.6200,69.8900,6008700,44.0087
2016-02-03,70.0500,70.4200,69.2800,69.9300,5527100,44.0339
2016-02-04,70.0700,71.1600,69.6200,70.4300,4016100,44.3487
2016-02-05,70.3400,71.4300,69.6900,71.0600,3758900,44.7454
2016-02-08,70.1300,70.8900,69.0800,69.4900,5684700,43.7568
2016-02-09,69.4900,70.8700,69.1600,70.4300,4020500,44.3487
2016-02-10,70.1800,70.7400,69.0500,70.2900,3266600,44.2606
2016-02-11,69.9500,70.4900,69.1100,69.2100,2868700,43.5805
2016-02-12,69.3400,69.6400,68.4500,68.9400,2942500,43.4105
2016-02-16,69.4900,69.5600,68.5600,69.1500,2385500,43.5427
2016-02-17,69.4600,69.8300,68.8000,69.7700,2584000,43.9331
2016-02-18,69.3100,70.2100,69.1900,69.7500,6190800,43.9205
2016-02-19,69.5500,69.7700,69.0000,69.4600,4156600,43.7379
2016-02-22,69.7800,70.7800,69.6200,70.7400,2529900,44.5439
2016-02-23,70.3900,71.1900,70.2700,70.8800,2559200,44.6321
2016-02-24,70.9200,71.3000,70.3300,71.2200,3482700,44.8462
2016-02-25,71.3400,71.8700,71.1600,71.8300,2114900,45.2303
2016-02-26,71.6000,71.7500,69.9100,70.0200,2800500,44.0905
2016-02-29,70.0100,70.7300,69.8500,69.9200,3622000,44.0276
2016-03-01,70.3300,70.4200,69.5600,69.9500,2510000,44.0465
2016-03-02,69.0600,69.2500,67.5800,68.7700,4450600,43.7412
2016-03-03,68.8900,70.0200,68.2900,69.9900,3726400,44.5171
2016-03-04,69.5400,70.7800,69.3200,70.6200,2772700,44.9179
2016-03-07,70.2500,71.3800,70.1300,71.2200,2382500,45.2995
2016-03-08,71.0900,71.7800,70.7100,71.7200,3067600,45.6175
2016-03-09,71.7000,72.3300,71.6000,72.1000,2312400,45.8592
2016-03-10,72.1200,72.2400,71.0700,71.5900,2179900,45.5348
2016-03-11,71.8000,72.3400,71.6100,72.2200,1880100,45.9355
2016-03-14,72.3400,72.4700,71.9100,72.3400,1862600,46.0119
2016-03-15,72.1600,73.0700,72.1200,72.9900,2094800,46.4253
2016-03-16,72.7500,73.8000,72.0900,73.5600,2903000,46.7878
2016-03-17,73.7600,74.9000,73.3600,74.5500,3286500,47.4175
2016-03-18,74.6100,74.8900,73.4500,73.4600,4697600,46.7242
2016-03-21,73.6500,73.8100,72.6000,73.6300,2450600,46.8324
2016-03-22,73.7100,73.7400,72.9200,72.9600,3009400,46.4062
2016-03-23,73.1800,73.7500,72.6300,73.5100,1828700,46.7561
2016-03-24,73.5100,73.5900,73.0300,73.4200,1594600,46.6988
2016-03-28,73.6400,74.0400,73.0000,73.1500,1977000,46.5271
2016-03-29,73.4700,74.7000,73.0900,74.6400,2752800,47.4748
2016-03-30,74.7900,74.9000,74.1000,74.7500,1958600,47.5447
2016-03-31,74.5400,75.1800,74.3100,75.1200,2717800,47.7801
2016-04-01,74.7800,75.5000,74.3600,75.3900,2347700,47.9518
2016-04-04,75.2200,75.2200,74.2900,74.5800,2013700,47.4366
2016-04-05,73.6000,73.7400,72.1400,73.0500,7976200,46.4634
2016-04-06,72.8900,73.2300,72.3400,72.7500,4226800,46.2726
2016-04-07,72.6200,73.2300,72.5400,72.9700,2336400,46.4126
2016-04-08,73.2400,73.5000,72.8300,73.0400,2416600,46.4571
2016-04-11,73.1000,73.5900,72.8300,72.8700,2627600,46.3490
2016-04-12,72.9100,73.3300,72.7800,73.2200,2776300,46.5716
2016-04-13,73.4400,73.4400,72.4100,72.8000,1790700,46.3045
2016-04-14,72.8000,73.1000,72.4100,72.7000,1620000,46.2408
2016-04-15,72.8700,73.2600,72.5800,73.0500,2405200,46.4634
2016-04-18,73.0500,73.1600,72.1600,72.8700,2656800,46.3490
2016-04-19,72.7800,73.1500,72.4800,72.8200,2431100,46.3172
2016-04-20,72.9800,73.0900,71.0200,71.0800,2552000,45.2104
2016-04-21,71.0800,71.0800,69.2800,69.5100,3555300,44.2118
2016-04-22,69.6000,70.2500,69.6000,70.0600,2552400,44.5617
2016-04-25,70.0700,70.3400,69.7800,70.2000,2588500,44.6507
2016-04-26,70.2500,70.5700,69.6900,69.9000,2322600,44.4599
2016-04-27,70.1400,71.2200,69.9400,70.7500,3244300,45.0005
2016-04-28,70.2200,71.0900,70.0500,71.0300,2678200,45.1786
2016-04-29,70.6000,71.4700,70.1000,71.4700,4506100,45.4585
2016-05-02,71.7000,72.4700,71.5000,72.1000,3025200,45.8592
2016-05-03,71.8700,72.3000,71.4200,71.9400,3919300,45.7574
2016-05-04,70.4100,73.0200,70.4100,72.7800,3191100,46.2917
2016-05-05,72.6900,73.3400,71.6400,71.9900,2697800,45.7892
2016-05-06,72.1100,72.2200,70.5700,71.2700,2379900,45.3313
2016-05-09,71.4100,71.6400,71.0200,71.4800,2059600,45.4649
2016-05-10,71.7300,71.8700,71.3800,71.5200,1702100,45.4903
2016-05-11,71.6300,71.8600,70.8700,71.7200,1837300,45.6175
2016-05-12,71.6400,72.3900,71.4200,72.2800,2509700,45.9737
2016-05-13,72.2600,72.4400,71.6200,72.0900,1723500,45.8529
2016-05-16,72.0100,72.3500,71.5200,72.2200,1513700,45.9355
2016-05-17,72.0400,72.2700,70.7500,71.0800,2309800,45.2104
2016-05-18,70.6000,71.2400,69.3100,69.6100,3446900,44.2755
2016-05-19,69.2700,70.9000,68.7100,70.8800,2902100,45.0832
2016-05-20,71.1500,71.2000,70.6600,70.9800,2155800,45.1468
2016-05-23,71.1200,71.2000,70.0900,70.1400,2014900,44.6126
2016-05-24,70.3000,70.9300,70.0800,70.7800,1974200,45.0196
2016-05-25,70.6200,71.0400,70.2200,70.9400,2055000,45.1214
2016-05-26,70.7900,71.7200,70.7500,71.5700,1846600,45.5221
2016-05-27,71.6800,71.7800,71.2000,71.6100,1373100,45.5476
2016-05-31,71.6200,72.3300,71.3500,72.2500,3876800,45.9546
2016-06-01,71.2000,71.8300,71.1000,71.6800,1929100,46.0381
2016-06-02,71.4500,71.6800,70.7500,71.4900,2248900,45.9161
2016-06-03,72.1700,73.3100,72.0100,72.9700,3157600,46.8666
2016-06-06,72.8900,73.2200,72.3700,72.7700,2032600,46.7382
2016-06-07,72.7400,73.3100,72.3800,72.5000,1911600,46.5648
2016-06-08,72.5600,73.2300,72.4100,72.9500,1620300,46.8538
2016-06-09,72.8500,73.8500,72.5400,73.7400,1709000,47.3612
2016-06-10,73.7300,73.9900,73.0700,73.3500,2357200,47.1107
2016-06-13,73.5000,73.9600,73.3000,73.3900,3182900,47.1364
2016-06-14,73.3900,73.8900,73.1900,73.6700,5939400,47.3162
2016-06-15,73.6900,74.1300,73.2400,73.6800,3277300,47.3227
2016-06-16,73.1700,74.1400,73.0100,73.8900,3174000,47.4575
2016-06-17,73.8400,74.4000,73.5800,74.1200,7978000,47.6053
2016-06-20,74.4700,74.6700,73.6500,74.3600,4934300,47.7594
2016-06-21,74.2600,74.5800,73.8000,74.3500,2809700,47.7530
2016-06-22,74.3100,74.4400,73.7500,73.7900,1795600,47.3933
2016-06-23,73.8000,73.9500,73.4700,73.9500,1412600,47.4961
2016-06-24,73.5300,74.8300,73.3800,74.1700,4332900,47.6374
2016-06-27,73.9000,75.1000,73.8000,74.9500,3362700,48.1383
2016-06-28,74.7700,76.4400,74.3200,76.4400,5903800,49.0953
2016-06-29,76.6400,76.8000,76.0200,76.4100,2847700,49.0761
2016-06-30,76.6500,77.9300,76.4700,77.9300,3348200,50.0523
2016-07-01,78.0600,78.1800,77.0700,77.8600,2212300,50.0074
2016-07-05,78.0000,78.5200,77.8700,78.4500,2470200,50.3863
2016-07-06,78.4500,78.9700,78.0400,78.9200,2949100,50.6882
2016-07-07,78.7200,78.9200,77.2500,77.4700,2572000,49.7569
2016-07-08,77.4100,78.2000,76.5400,78.1900,2259200,50.2193
2016-07-11,77.6900,78.2700,77.2200,78.1500,1831500,50.1936
2016-07-12,77.6700,78.0100,77.2300,77.4100,2060400,49.7183
2016-07-13,77.9000,77.9800,77.4700,77.7700,2352000,49.9495
2016-07-14,77.3000,77.4900,76.9600,77.1400,2250900,49.5449
2016-07-15,77.3000,77.7400,77.1400,77.5300,1926000,49.7954
2016-07-18,77.6600,78.0600,77.5200,77.8200,1521400,49.9817
2016-07-19,77.7800,78.0900,77.3600,77.8300,1495200,49.9881
2016-07-20,77.7200,77.9900,77.2300,77.3000,1408500,49.6477
2016-07-21,76.9500,77.6600,76.7200,77.6000,1618600,49.8404
2016-07-22,77.6100,78.6000,77.4900,78.5100,1580500,50.4249
2016-07-25,78.2600,78.6200,77.9900,78.6100,1694100,50.4890
2016-07-26,78.5400,78.6200,77.3000,77.5300,2102000,49.7954
2016-07-27,77.4800,77.4800,76.1000,76.5200,2878000,49.1467
2016-07-28,76.5200,77.1700,76.2500,76.9400,2360800,49.4165
2016-07-29,76.7900,78.2200,76.7800,78.0200,3357600,50.1101
2016-08-01,77.7300,78.0800,77.4500,77.5800,1771400,49.8275
2016-08-02,77.3200,77.5800,76.6300,77.3700,2628300,49.6926
2016-08-03,77.5700,77.9300,76.3900,76.7500,2761900,49.2944
2016-08-04,76.7500,77.3300,76.3100,76.4200,2221600,49.0825
2016-08-05,76.3000,76.3000,75.2400,75.3700,2437400,48.4081
2016-08-08,75.0700,75.6500,74.6200,74.9900,2588700,48.1640
2016-08-09,74.6900,75.0100,74.1000,74.7300,7438500,47.9970
2016-08-10,75.0100,75.3600,74.7200,75.0100,5318400,48.1769
2016-08-11,75.0900,75.5600,74.8800,75.4000,3495100,48.4274
2016-08-12,75.7800,76.6400,75.5100,75.9600,3452700,48.7870
2016-08-15,75.8100,76.3300,74.9800,75.0000,1978700,48.1705
2016-08-16,74.8900,75.0800,74.5400,74.6800,4912900,47.9649
2016-08-17,74.6800,76.6800,74.3200,76.6500,4822000,49.2302
2016-08-18,76.4100,76.8600,76.1400,76.8600,4116000,49.3651
2016-08-19,76.4900,76.6300,75.3100,75.8000,3134500,48.6843
2016-08-22,75.9500,76.5800,75.7100,76.2800,2308200,48.9926
2016-08-23,76.3800,76.7800,75.8300,75.8300,2095600,48.7035
2016-08-24,75.6000,76.2200,75.4300,76.1200,2155400,48.8898
2016-08-25,76.0200,76.5600,75.9000,76.2400,2193300,48.9669
2016-08-26,76.2700,76.8900,74.6600,74.7400,3243700,48.0035
2016-08-29,75.0900,75.6900,75.0400,75.6900,3758900,48.6136
2016-08-30,75.6500,76.0200,74.8400,74.9500,2415500,48.1383
2016-08-31,73.9900,74.3400,73.6800,74.1600,3448800,48.0800
2016-09-01,74.1800,74.3400,73.7800,74.0600,2144200,48.0152
2016-09-02,74.0500,75.0900,74.0000,74.7500,1794900,48.4625
2016-09-06,75.2100,75.8200,74.9700,75.5000,2477400,48.9488
2016-09-07,75.3200,75.6600,75.0500,75.3900,1662500,48.8774
2016-09-08,75.1800,75.5900,74.8900,75.5100,2603900,48.9552
2016-09-09,74.9000,74.9600,72.4900,72.5000,2994900,47.0038
2016-09-12,72.5700,74.2200,72.5500,74.0500,3193800,48.0087
2016-09-13,73.8600,74.0300,73.1600,73.5200,3079100,47.6651
2016-09-14,73.6600,74.4100,73.4200,73.7900,1812000,47.8401
2016-09-15,73.8600,74.6200,73.5600,74.4500,2145100,48.2680
2016-09-16,74.2500,75.3000,73.9500,75.0600,4744400,48.6635
2016-09-19,75.1200,75.9300,75.0300,75.9000,2133300,49.2081
2016-09-20,76.2500,76.3600,75.6100,75.6300,2431600,49.0330
2016-09-21,75.7500,76.7800,75.3800,76.7500,2784400,49.7592
2016-09-22,77.0000,77.3200,76.5200,77.0400,2083100,49.9472
2016-09-23,76.8400,77.2400,76.2200,77.0100,2050600,49.9277
2016-09-26,77.0300,77.2200,76.4000,76.6000,2521700,49.6619
2016-09-27,76.9000,77.2500,75.6400,75.7800,2936900,49.1303
2016-09-28,75.9800,76.1100,75.0800,75.8400,2036800,49.1692
2016-09-29,75.8400,75.9500,74.4900,74.7500,2446500,48.4625
2016-09-30,75.1000,75.3200,73.8300,74.2700,3153600,48.1513
2016-10-03,74.2100,74.2100,72.8800,73.2800,2487600,47.5095
2016-10-04,73.0800,73.1000,71.7000,72.1500,3177500,46.7769
2016-10-05,72.2000,72.6400,71.3200,71.8800,3053100,46.6018
2016-10-06,71.6300,72.2800,71.3500,71.9100,2105900,46.6213
2016-10-07,72.4000,73.1000,71.4100,71.5000,1882800,46.3554
2016-10-10,71.6000,72.3100,71.3900,72.2200,1827600,46.8222
2016-10-11,72.2000,72.2800,71.4400,71.6900,2573300,46.4786
2016-10-12,71.7200,72.3400,71.6900,72.1600,1541200,46.7833
2016-10-13,72.1600,73.8800,72.0900,73.3100,3113600,47.5289
2016-10-14,73.1600,73.4700,72.7000,72.7800,1694100,47.1853
2016-10-17,73.0300,73.3000,72.5300,72.8300,1613700,47.2177
2016-10-18,73.3200,73.7200,72.6500,73.3700,1641800,47.5678
2016-10-19,73.4000,73.5100,72.8300,73.2100,1763300,47.4641
2016-10-20,73.2800,73.4700,73.0100,73.1100,1313800,47.3993
2016-10-21,72.6600,73.0600,72.4300,72.8400,1510800,47.2242
2016-10-24,73.1300,73.3500,72.5300,73.1200,2433000,47.4058
2016-10-25,73.1200,73.4600,72.8000,73.4000,2079400,47.5873
2016-10-26,73.2900,73.9300,72.8900,73.8300,1685600,47.8660
2016-10-27,73.4300,73.8000,72.8100,73.3000,1772500,47.5224
2016-10-28,73.3800,73.7800,72.9900,73.4900,1767700,47.6456
2016-10-31,73.9800,75.9100,73.6100,75.2000,4056600,48.7542
2016-11-01,75.0300,75.1500,74.2000,74.4600,2576000,48.2745
2016-11-02,74.4800,74.5300,72.8700,74.1000,2944400,48.0411
2016-11-03,73.9100,74.5600,73.4800,74.3500,1837900,48.2032
2016-11-04,74.6400,75.1700,73.7900,73.7900,2638100,47.8401
2016-11-07,74.2200,74.7400,73.0200,74.7200,2417600,48.4431
2016-11-08,74.8600,75.8100,74.6900,75.5000,1820800,48.9488
2016-11-09,74.0500,74.2500,73.0700,73.2200,3046700,47.4706
2016-11-10,72.8600,72.8800,70.5600,71.1300,4171800,46.1156
2016-11-11,71.1900,71.7500,70.5600,70.7600,2577300,45.8757
2016-11-14,70.5100,70.6400,69.5100,69.9900,4551700,45.3765
2016-11-15,70.3400,71.4400,70.3400,71.2400,3861400,46.1869
2016-11-16,71.4400,71.6800,70.7800,71.0500,2914000,46.0637
2016-11-17,70.7700,71.5300,70.6800,71.0300,2766400,46.0507
2016-11-18,71.0600,71.4300,70.5400,71.1500,2696500,46.1285
2016-11-21,71.3900,72.2500,71.3000,72.2500,2118500,46.8417
2016-11-22,72.1000,73.3400,72.0700,73.1900,3421400,47.4511
2016-11-23,72.4700,73.2900,72.4700,72.8700,3358900,47.2437
2016-11-25,73.0100,74.3900,73.0100,73.9500,1392700,47.9439
2016-11-28,74.1400,75.3300,74.1300,75.1700,2580200,48.7348
2016-11-29,74.8400,76.3000,74.7500,76.1100,3376600,49.3442
2016-11-30,74.6400,74.7600,73.2700,73.2900,4407000,47.9570
2016-12-01,72.9300,73.0600,72.2000,72.7500,3177500,47.6037
2016-12-02,73.3700,74.0300,73.3500,73.7800,2952500,48.2777
2016-12-05,73.4600,73.5600,72.5500,73.4800,2851300,48.0813
2016-12-06,73.5500,73.5700,72.5600,72.7100,2897900,47.5775
2016-12-07,73.0000,73.5800,72.7900,73.5000,3935400,48.0944
2016-12-08,73.1600,73.6000,72.6300,73.5000,1868600,48.0944
2016-12-09,73.5100,74.6100,73.4100,74.5300,2224500,48.7684
2016-12-12,74.3500,75.8400,74.3500,75.4600,2479600,49.3770
2016-12-13,75.6800,76.0700,75.3400,75.9500,2326600,49.6976
2016-12-14,76.1900,76.5600,74.0700,74.1200,3767000,48.5001
2016-12-15,74.2400,74.9300,73.9300,74.5700,2729000,48.7946
2016-12-16,74.6400,76.1900,74.6400,75.8700,5570700,49.6452
2016-12-19,76.3700,76.6500,75.7500,76.5100,2359000,50.0640
2016-12-20,76.4400,76.6500,76.0400,76.5100,2136400,50.0640
2016-12-21,76.6400,77.1600,76.2200,76.2400,1837300,49.8873
2016-12-22,76.3600,76.7000,76.0000,76.6300,1664800,50.1425
2016-12-23,76.6800,76.7600,76.1200,76.7500,1074100,50.2211
2016-12-27,76.6100,76.9600,76.2500,76.6700,1163500,50.1687
2016-12-28,76.7300,76.9700,76.2500,76.3300,1734500,49.9462
2016-12-29,76.5300,77.3300,76.2900,76.9900,2342400,50.3781
2016-12-30,77.0400,77.1300,76.3900,76.5900,2459600,50.1164
2017-01-03,76.5700,76.6900,75.9600,76.2500,3017500,49.8939
2017-01-04,76.3900,76.6900,75.9200,76.1800,3426200,49.8481
2017-01-05,75.7900,76.3400,75.1200,76.2800,2688000,49.9135
2017-01-06,76.0400,77.0500,75.8900,76.9000,1848000,50.3192
2017-01-09,76.9300,76.9800,75.6800,75.7200,1947400,49.5471
2017-01-10,75.5900,75.6800,75.1200,75.4300,1534200,49.3573
2017-01-11,75.4400,75.9100,75.2400,75.6300,1902400,49.4882
2017-01-12,75.6500,75.8400,75.0400,75.2800,2468300,49.2592
2017-01-13,75.0700,75.4300,74.7000,75.2100,1992700,49.2134
2017-01-17,75.5700,76.3600,75.3300,76.2000,2111500,49.8612
2017-01-18,75.9900,76.6400,75.9400,76.1700,1913900,49.8415
2017-01-19,75.7800,76.1600,75.3600,75.6200,1397400,49.4816
2017-01-20,75.7300,76.0400,75.2900,75.7900,1739300,49.5929
2017-01-23,75.9100,76.1000,75.4500,75.5800,1530700,49.4555
2017-01-24,75.5300,75.7700,75.3200,75.4700,1898200,49.3835
2017-01-25,75.4600,75.9300,75.2100,75.8100,2161100,49.6060
2017-01-26,75.7200,76.2400,75.5000,75.6900,1537700,49.5275
2017-01-27,75.6900,75.8400,75.2200,75.5200,1393800,49.4162
2017-01-30,75.7800,75.7900,75.0100,75.2600,2287000,49.2461
2017-01-31,75.3100,76.3100,75.2800,76.2800,3056200,49.9135
2017-02-01,74.3600,75.4400,71.8200,71.8500,7279600,47.0148
2017-02-02,71.8700,72.1500,70.8700,71.6800,4336600,46.9035
2017-02-03,71.7200,71.9900,71.2500,71.7000,3695400,46.9166
2017-02-06,72.0500,72.4200,71.5100,72.2100,3223800,47.2503
2017-02-07,72.2600,72.4500,71.7100,72.3500,2436200,47.3419
2017-02-08,72.5600,73.5200,72.4900,73.3400,2711600,47.9897
2017-02-09,73.2600,73.4800,71.5900,72.1500,3752800,47.2111
2017-02-10,72.1500,73.4500,71.8300,73.3700,3563800,48.0094
2017-02-13,73.4100,73.8800,73.1800,73.7300,2829000,48.2450
2017-02-14,73.5900,73.6800,72.8300,73.1200,2824300,47.8458
2017-02-15,72.5500,72.8000,71.9600,72.3800,3184400,47.3616
2017-02-16,72.5300,73.3800,72.4000,73.2800,3026300,47.9505
2017-02-17,73.2700,73.8400,72.8400,73.7700,3426400,48.2711
2017-02-21,73.6500,75.0900,73.4200,74.7600,3541200,48.9189
2017-02-22,74.7500,75.4400,74.3000,75.3500,3105700,49.3050
2017-02-23,75.6200,76.2900,75.3600,76.1600,2513300,49.8350
2017-02-24,76.4500,77.1900,76.4400,77.0000,2384800,50.3847
2017-02-27,76.8900,77.0500,76.5400,76.8700,3344000,50.2996
2017-02-28,76.6700,78.0400,76.6700,77.6400,2920400,50.8034
2017-03-01,75.8800,76.6500,75.5800,76.2500,2663200,50.3839
2017-03-02,75.9900,77.8100,75.9100,77.2200,2604400,51.0248
2017-03-03,77.1900,77.2100,75.9800,76.5600,2956000,50.5887
2017-03-06,76.3000,76.5400,76.0200,76.2400,1948100,50.3772
2017-03-07,75.9800,76.3800,75.9600,76.1200,2479700,50.2979
2017-03-08,75.5200,75.6500,74.5900,75.1300,1878500,49.6438
2017-03-09,75.2100,75.7000,74.8500,74.9000,1381800,49.4918
2017-03-10,75.2500,75.7500,75.1100,75.6700,1623600,50.0006
2017-03-13,75.6200,76.1900,75.4600,76.0900,2728600,50.2781
2017-03-14,75.9300,76.7200,75.8200,76.3300,2089000,50.4367
2017-03-15,76.6000,78.2100,76.4400,77.8500,2779700,51.4411
2017-03-16,78.0400,78.0400,76.4800,76.8000,2652300,50.7473
2017-03-17,77.0900,77.4800,76.6200,77.1200,3797800,50.9587
2017-03-20,77.5700,77.7600,76.5100,76.8300,2149300,50.7671
2017-03-21,76.8300,78.6100,76.8300,78.2100,3246700,51.6789
2017-03-22,78.5300,79.3600,78.3700,78.6500,3122700,51.9697
2017-03-23,78.5400,78.9000,78.0000,78.2600,2617700,51.7120
2017-03-24,78.2900,78.6200,78.0600,78.2600,2367300,51.7120
2017-03-27,78.6300,78.7300,77.5600,77.9200,2548700,51.4873
2017-03-28,77.9800,78.1800,77.6000,78.0600,2869000,51.5798
2017-03-29,77.8400,77.9300,77.4400,77.6700,1791500,51.3221
2017-03-30,77.4800,77.4900,76.9900,77.4100,1520200,51.1503
2017-03-31,77.5300,77.9700,77.4000,77.5700,2050500,51.2560
2017-04-03,77.1400,77.7700,76.2500,77.7400,1991000,51.3684
2017-04-04,77.7700,78.0100,77.3000,77.6200,1985600,51.2891
2017-04-05,77.7300,78.0800,77.3800,77.9600,1840000,51.5138
2017-04-06,78.0000,78.3600,77.7500,78.2100,2781700,51.6789
2017-04-07,78.3600,78.4600,77.5400,77.5900,2160500,51.2693
2017-04-10,77.6400,77.9800,77.1600,77.9100,1809500,51.4807
2017-04-11,77.6300,77.9200,77.3200,77.4800,1814200,51.1966
2017-04-12,77.3800,77.9800,77.0100,77.9300,2246700,51.4939
2017-04-13,78.0000,78.0000,77.1900,77.5300,2637200,51.2296
2017-04-17,77.6600,78.0500,77.5600,77.9400,2751500,51.5005
2017-04-18,77.9000,78.2300,77.6300,77.9900,2540600,51.5336
2017-04-19,77.8400,77.9600,77.0300,77.3400,1883900,51.1041
2017-04-20,77.3400,77.4100,76.6400,77.3600,2603600,51.1173
2017-04-21,77.4700,78.1200,77.4300,77.5400,3471900,51.2362
2017-04-24,77.6400,78.2200,77.0600,78.0700,2543300,51.5865
2017-04-25,77.6700,77.9000,77.3500,77.7000,1787700,51.3420
2017-04-26,77.6200,78.0100,77.4500,77.4900,1505800,51.2032
2017-04-27,77.5100,77.9400,77.4300,77.6900,1593300,51.3353
2017-04-28,77.6600,77.8400,77.3000,77.4300,2001600,51.1636
2017-05-01,77.4500,77.5500,76.9000,76.9400,1641400,50.8398
2017-05-02,77.1000,77.3300,76.9300,77.2200,1251800,51.0248
2017-05-03,77.0700,77.2300,76.4400,76.5700,2251200,50.5953
2017-05-04,76.6500,77.3900,76.3900,77.3000,2445400,51.0776
2017-05-05,77.5300,78.5300,77.5300,78.2300,2291200,51.6922
2017-05-08,78.2500,78.6000,77.8000,78.5300,2064900,51.8904
2017-05-09,78.3200,78.4700,77.3200,77.4800,1554000,51.1966
2017-05-10,77.5300,77.9000,77.2900,77.7300,1921400,51.3618
2017-05-11,77.5800,77.7100,77.0700,77.6100,1423300,51.2825
2017-05-12,77.7900,78.2800,77.5800,77.9300,1469700,51.4939
2017-05-15,77.8000,78.1600,77.5500,77.9700,1826900,51.5204
2017-05-16,78.0200,78.1600,77.1500,77.2100,2254800,51.0182
2017-05-17,77.2100,77.9300,76.9500,77.4800,2542400,51.1966
2017-05-18,77.6200,78.5900,77.1900,78.3200,3371600,51.7516
2017-05-19,78.4800,78.6000,77.5800,78.5900,2718600,51.9300
2017-05-22,78.1500,79.8300,78.1500,79.7000,2354200,52.6635
2017-05-23,79.6900,80.3600,79.5600,79.7100,2119300,52.6701
2017-05-24,79.8200,80.3400,79.7000,80.2900,1520400,53.0534
2017-05-25,80.1900,81.0700,80.0900,80.9700,1875600,53.5027
2017-05-26,80.8500,81.1900,80.7600,81.0300,2080700,53.5423
2017-05-30,80.9400,81.3000,80.6900,81.0200,1877900,53.5357
2017-05-31,80.2700,81.1300,80.2700,80.7700,2416800,53.8725
2017-06-01,80.7700,81.4100,80.3300,81.4100,2271500,54.2994
2017-06-02,81.4900,81.6500,81.0100,81.2000,2530100,54.1594
2017-06-05,81.2100,81.2100,80.5600,80.6800,2377400,53.8125
2017-06-06,80.8100,80.8800,80.1900,80.3000,2305000,53.5591
2017-06-07,80.5000,80.6000,80.2400,80.4600,3376100,53.6658
2017-06-08,80.4600,80.4600,79.0500,79.6700,2955300,53.1389
2017-06-09,79.4700,79.5800,78.7200,79.2800,3854600,52.8787
2017-06-12,79.4400,79.7300,78.8900,79.4600,1990500,52.9988
2017-06-13,79.3100,79.4700,78.9200,79.3700,2483500,52.9388
2017-06-14,80.0000,80.4300,79.6500,79.9900,3192300,53.3523
2017-06-15,79.7700,80.2300,79.6100,80.1800,2610700,53.4790
2017-06-16,80.2800,81.0000,80.2500,80.7100,4581800,53.8326
2017-06-19,80.7100,80.7100,80.0900,80.3700,2931600,53.6058
2017-06-20,80.5100,80.5500,80.0900,80.2000,2382000,53.4924
2017-06-21,80.2000,80.2100,78.7300,79.1600,2542400,52.7987
2017-06-22,78.9100,79.3300,78.7500,78.9300,2518300,52.6453
2017-06-23,78.9200,79.1600,78.1000,78.3900,3807100,52.2851
2017-06-26,78.4900,79.4600,78.1800,78.6500,4213700,52.4585
2017-06-27,78.4300,78.5900,77.7700,77.9000,3296800,51.9583
2017-06-28,78.1400,78.1500,76.9700,77.0500,3125000,51.3914
2017-06-29,76.6400,77.4300,76.1700,77.0600,3798200,51.3980
2017-06-30,77.1300,77.6100,76.6200,76.6300,2944900,51.1112
2017-07-03,76.9400,77.1700,76.0300,76.1000,1375200,50.7577
2017-07-05,76.1400,76.2500,75.7200,75.8000,3349600,50.5576
2017-07-06,75.7100,75.9600,75.4300,75.7200,2033500,50.5043
2017-07-07,75.8000,76.0300,75.5700,75.7900,1687000,50.5509
2017-07-10,75.8500,75.9800,75.5000,75.6000,3585400,50.4242
2017-07-11,75.6000,76.0700,75.4000,76.0300,2651000,50.7110
2017-07-12,76.7400,77.0000,76.5000,76.5800,2345700,51.0779
2017-07-13,76.4700,76.5100,76.0700,76.1100,1561600,50.7644
2017-07-14,76.5900,76.9000,76.5000,76.5500,1729900,51.0579
2017-07-17,76.5500,76.6900,76.3500,76.6200,1314700,51.1046
2017-07-18,76.7500,77.0800,76.5000,76.8600,1568700,51.2646
2017-07-19,76.9200,77.0200,76.7400,76.9800,1407300,51.3447
2017-07-20,77.2500,77.2500,76.6700,76.9500,2211900,51.3247
2017-07-21,76.8600,77.5700,76.7500,77.5700,2312200,51.7382
2017-07-24,77.5600,77.5600,76.6300,76.7700,1827800,51.2046
2017-07-25,76.8500,77.0300,76.4000,76.7900,1783100,51.2179
2017-07-26,76.7000,77.1000,76.6000,77.0500,1395400,51.3914
2017-07-27,76.8600,77.2300,76.7800,77.1200,1553300,51.4380
2017-07-28,77.1300,77.3100,76.7700,76.9900,1232800,51.3513
2017-07-31,77.0000,77.3400,76.7200,77.1800,1936600,51.4781
2017-08-01,77.2700,77.5000,77.0600,77.3000,1967700,51.5581
2017-08-02,77.1500,77.8700,76.5600,77.8600,1674600,51.9316
2017-08-03,77.6900,78.4700,77.6200,78.4000,2583700,52.2918
2017-08-04,78.0800,78.3300,77.4100,78.0800,2025900,52.0784
2017-08-07,78.0100,78.2200,77.7800,77.9200,1629400,51.9716
2017-08-08,77.7500,78.0200,77.6100,77.9600,1266800,51.9983
2017-08-09,78.3200,78.3200,77.7000,77.8400,1596500,51.9183
2017-08-10,77.7400,78.0200,77.4700,77.8200,1581500,51.9049
2017-08-11,77.9500,77.9500,77.0500,77.3900,1462500,51.6181
2017-08-14,77.4900,77.8600,77.4200,77.6800,1534100,51.8116
2017-08-15,77.4400,78.0600,77.4000,77.9000,3282800,51.9583
2017-08-16,77.9200,78.3400,77.7600,78.2400,3045700,52.1851
2017-08-17,78.1200,78.6500,78.0200,78.1200,1740600,52.1050
2017-08-18,78.0100,78.8700,77.8700,78.6900,2303000,52.4852
2017-08-21,78.8100,78.9100,78.4400,78.7400,1325300,52.5186
2017-08-22,78.7400,78.9800,78.5300,78.9700,1420900,52.6720
2017-08-23,78.9600,79.2700,78.5500,79.2200,1588800,52.8387
2017-08-24,79.2200,79.6300,79.0600,79.4500,2056000,52.9921
2017-08-25,79.6800,80.5000,79.4600,80.0800,2475900,53.4123
2017-08-28,80.2200,80.3400,79.8100,80.1400,1700900,53.4524
2017-08-29,80.2000,80.6700,80.1700,80.2400,2065000,53.5191
2017-08-30,79.4500,79.5800,78.7300,78.8200,1726900,53.0713
2017-08-31,78.8900,79.1200,78.6300,78.7700,2010300,53.0376
2017-09-01,78.9000,79.0600,78.2000,78.3300,1547500,52.7414
2017-09-05,78.5000,78.5500,77.9700,78.1900,2603100,52.6471
2017-09-06,78.3900,78.4700,77.8700,77.9900,2120300,52.5124
2017-09-07,77.9900,78.5700,77.7200,78.2500,3107800,52.6875
2017-09-08,78.4500,79.3600,78.2600,79.2400,2208500,53.3541
2017-09-11,79.2000,79.9500,78.6200,79.9200,2393100,53.8119
2017-09-12,79.7900,79.8200,77.8700,78.1800,2746800,52.6404
2017-09-13,78.1500,78.5600,78.0100,78.0700,2061400,52.5663
2017-09-14,78.0000,79.2600,77.8500,79.1700,3021000,53.3069
2017-09-15,79.3700,79.7400,79.1800,79.5000,6853100,53.5292
2017-09-18,79.5000,79.6300,77.8200,78.5500,2470900,52.8895
2017-09-19,78.6900,78.7400,78.0600,78.3300,2463700,52.7414
2017-09-20,78.4700,78.7200,77.3100,77.6200,2095400,52.2633
2017-09-21,77.7200,77.9300,77.2900,77.3000,1256300,52.0478
2017-09-22,77.5400,77.6000,76.9100,77.0400,1839000,51.8728
2017-09-25,77.3000,78.0400,77.1500,78.0200,2325700,52.5326
2017-09-26,77.9300,78.4900,77.7500,78.2100,2131100,52.6606
2017-09-27,77.7800,77.9700,76.5100,76.7800,3640600,51.6977
2017-09-28,76.6000,77.1800,76.2300,77.0300,1933300,51.8660
2017-09-29,76.8400,77.1000,76.5700,76.9300,2434500,51.7987
2017-10-02,77.2000,77.2600,76.6100,76.7400,2131400,51.6708
2017-10-03,76.7200,76.7200,75.8300,75.9500,2254600,51.1389
2017-10-04,76.0300,76.9100,75.7500,76.8700,2275800,51.7583
2017-10-05,76.8400,77.0200,76.4800,76.8100,1913100,51.7179
2017-10-06,76.6000,76.8900,76.2300,76.8100,1497300,51.7179
2017-10-09,77.1700,77.1700,76.5600,76.6400,1304100,51.6034
2017-10-10,76.8700,77.7600,76.5900,77.7400,2005100,52.3441
2017-10-11,77.5000,78.4700,77.5000,78.0100,2255900,52.5259
2017-10-12,77.9100,78.7100,77.7600,78.6300,1841400,52.9434
2017-10-13,78.8400,79.2500,78.4400,78.6200,1725300,52.9366
2017-10-16,79.1500,79.3000,78.3400,79.0300,2365500,53.2127
2017-10-17,79.0300,79.2000,78.2400,78.9600,1955500,53.1656
2017-10-18,78.8200,78.9700,78.3900,78.8800,2065400,53.1117
2017-10-19,78.9800,80.0100,78.9700,79.9500,2609100,53.8321
2017-10-20,79.8700,80.2300,79.3700,80.0000,2198200,53.8658
2017-10-23,79.9900,80.5100,79.7300,80.3800,2016200,54.1217
2017-10-24,80.4300,80.4400,79.8000,80.3500,1858500,54.1015
2017-10-25,80.0800,80.0800,78.7200,79.6800,2416100,53.6503
2017-10-26,79.9900,80.9400,79.6100,80.4100,3390500,54.1419
2017-10-27,80.1800,80.7400,79.8100,80.5100,2161400,54.2092
2017-10-30,81.0000,82.0500,80.3500,81.4800,2577900,54.8623
2017-10-31,81.5500,82.1300,81.0500,81.1400,2827700,54.6334
2017-11-01,81.4100,81.4100,80.4300,80.4900,2118300,54.1957
2017-11-02,80.6700,80.9100,80.0100,80.8400,2239400,54.4314
2017-11-03,80.6800,81.3000,80.4700,80.6700,2183200,54.3169
2017-11-06,80.6700,80.7800,80.1300,80.5600,1701000,54.2429
2017-11-07,80.7400,81.6200,80.3500,81.3900,1698100,54.8017
2017-11-08,81.3900,81.6100,80.3300,80.8800,1974000,54.4583
2017-11-09,80.7200,81.3600,80.4700,81.2400,1430700,54.7007
2017-11-10,80.8000,81.0800,80.6300,80.8100,1735500,54.4112
2017-11-13,81.0000,81.8900,80.9300,81.8500,1631300,55.1115
2017-11-14,81.6700,83.0400,81.5500,82.8400,2454100,55.7780
2017-11-15,83.0900,83.6400,82.0300,82.2300,1828000,55.3673
2017-11-16,82.1400,82.2800,81.7000,81.9600,1288300,55.1855
2017-11-17,81.6600,82.0000,81.2500,81.3200,1705400,54.7546
2017-11-20,81.4000,81.5200,81.1000,81.1500,1485600,54.6401
2017-11-21,81.1900,81.5400,81.0100,81.3700,2315000,54.7883
2017-11-22,81.9400,82.2000,81.5500,82.1600,1744900,55.3202
2017-11-24,82.4300,82.7200,82.0900,82.2100,797400,55.3538
2017-11-27,82.3000,83.1300,82.1100,82.9600,2305400,55.8588
2017-11-28,83.0700,83.9500,83.0600,83.9400,2255600,56.5187
2017-11-29,83.6200,84.3400,83.3100,84.0000,2603200,56.5591
2017-11-30,83.3900,84.3000,83.1500,84.1300,3120900,57.1707
2017-12-01,84.3800,84.4700,83.2400,83.5700,2566100,56.7901
2017-12-04,83.4800,83.9800,83.1600,83.5500,2036000,56.7766
2017-12-05,83.6500,83.7100,82.4700,83.1200,1986300,56.4844
2017-12-06,83.3300,83.7000,82.9800,83.5300,1709800,56.7630
2017-12-07,83.6400,83.7600,82.9200,83.6800,1979600,56.8649
2017-12-08,83.4700,83.8800,83.2000,83.8800,1477700,57.0008
2017-12-11,83.6900,84.2100,83.2700,84.1400,1988900,57.1775
2017-12-12,83.6200,84.8400,83.3900,83.4300,2409700,56.6950
2017-12-13,83.7400,84.7300,83.4300,84.1100,2460900,57.1571
2017-12-14,84.3400,84.7300,83.7300,84.3800,2202700,57.3406
2017-12-15,84.5300,85.2600,83.9000,84.9100,5872700,57.7008
2017-12-18,85.1100,85.3000,82.7000,82.7500,3343900,56.2329
2017-12-19,82.9600,83.2200,81.2700,81.3400,2445600,55.2747
2017-12-20,81.6800,81.6900,80.5700,80.5900,2241400,54.7651
2017-12-21,80.5000,81.2500,80.1100,80.6500,2516300,54.8058
2017-12-22,80.8000,81.0100,80.4400,80.4400,1755300,54.6632
2017-12-26,80.6500,81.1500,80.2600,80.3300,1581600,54.5884
2017-12-27,80.4000,80.8400,80.3000,80.6600,1742800,54.8127
2017-12-28,80.9200,81.1100,80.6500,81.0700,1338300,55.0913
2017-12-29,81.2600,81.6100,80.8900,81.0600,3347400,55.0845
2018-01-02,81.2000,81.6700,80.0100,80.2800,2163600,54.5544
2018-01-03,77.0000,78.4500,76.2500,77.1900,14587400,52.4546
2018-01-04,77.3000,78.1400,76.4400,76.8300,7146600,52.2100
2018-01-05,77.4000,77.7000,76.4300,76.8400,5758300,52.2168
2018-01-08,77.1100,78.5600,76.7600,78.0200,5570000,53.0186
2018-01-09,78.0500,78.1500,77.0800,77.2100,3484800,52.4682
2018-01-10,76.9800,77.0500,75.7500,76.2100,3978200,51.7886
2018-01-11,76.5900,76.9000,75.9500,76.2100,3545900,51.7886
2018-01-12,76.1600,76.4400,75.6300,75.9400,4350900,51.6052
2018-01-16,76.1100,76.3400,75.0000,75.2700,9056800,51.1499
2018-01-17,75.5000,75.7500,75.0100,75.5000,4976800,51.3061
2018-01-18,75.5200,75.6100,74.3200,74.8900,6801100,50.8916
2018-01-19,75.0400,75.1600,74.4300,74.9900,6529900,50.9596
2018-01-22,75.0100,75.5800,74.7700,74.8900,4394000,50.8916
2018-01-23,75.0000,76.0300,74.9200,75.7100,5204200,51.4489
2018-01-24,75.6700,76.0000,75.3100,75.5600,5278100,51.3469
2018-01-25,75.6000,76.7800,75.5500,76.6900,3915500,52.1148
2018-01-26,76.5400,76.7600,75.1100,75.5000,5245200,51.3061
2018-01-29,75.6100,75.9700,74.6200,75.0900,4829500,51.0275
2018-01-30,74.7200,75.9200,74.7000,75.3200,4798300,51.1839
2018-01-31,75.6300,76.6000,75.1400,76.4400,7018400,51.9449
2018-02-01,76.4600,76.5900,75.1900,75.9000,4069500,51.5780
2018-02-02,75.5900,76.7200,75.2400,75.6800,3528900,51.4285
2018-02-05,75.6500,76.6500,74.6000,74.6900,4693400,50.7557
2018-02-06,74.2000,74.4400,72.8000,74.1100,6910200,50.3616
2018-02-07,73.9800,74.8500,73.4000,73.7600,4913900,50.1237
2018-02-08,73.4000,74.4500,73.0800,73.3100,4101300,49.8179
2018-02-09,73.4200,75.0500,73.0500,74.3800,4629100,50.5451
2018-02-12,74.4000,75.5800,73.6100,75.2600,4418600,51.1431
2018-02-13,75.0100,75.5000,74.1700,75.0700,3395200,51.0140
2018-02-14,74.7300,74.9200,74.0400,74.3400,2885800,50.5179
2018-02-15,74.4800,75.4200,74.1900,75.4200,3122400,51.2518
2018-02-16,75.3100,76.0000,75.0100,75.8000,3529500,51.5100
2018-02-20,75.5100,75.8100,74.3900,74.7500,4264800,50.7965
2018-02-21,74.6700,75.2900,73.5100,73.5400,3822600,49.9743
2018-02-22,73.8000,74.3400,73.3600,73.5800,2449100,50.0014
2018-02-23,73.6500,75.5800,73.5100,75.5200,2055800,51.3198
2018-02-26,75.6500,76.1600,75.4000,75.9900,2970600,51.6391
2018-02-27,75.9400,76.2400,74.2500,74.2600,4134600,50.4635
2018-02-28,74.6000,75.2700,74.0300,74.0700,4717800,50.3344
2018-03-01,73.2700,74.0200,72.0800,72.3500,4832600,49.7261
2018-03-02,72.3700,73.1500,71.9100,72.5000,3535800,49.8292
2018-03-05,72.6200,73.9000,72.2200,73.7000,3391900,50.6540
2018-03-06,73.5800,73.7100,72.7400,72.9200,2554000,50.1179
2018-03-07,72.7300,73.1200,72.3200,72.8900,2368300,50.0973
2018-03-08,72.5000,73.0500,72.3800,72.8300,4543900,50.0560
2018-03-09,72.9000,73.0200,72.4200,72.8700,4149900,50.0835
2018-03-12,72.8800,73.3100,72.7400,72.9700,4782900,50.1523
2018-03-13,73.2000,73.2700,72.7800,73.0000,4093200,50.1729
2018-03-14,73.1500,73.6400,72.7700,73.5200,3367500,50.5303
2018-03-15,73.5800,74.3500,70.9100,71.2400,8084700,48.9632
2018-03-16,70.7600,70.9600,69.9400,70.6100,12427600,48.5303
2018-03-19,70.1300,70.4600,68.6500,69.1500,8224400,47.5268
2018-03-20,68.8400,69.3600,68.2200,68.4500,5464800,47.0457
2018-03-21,68.4500,68.9000,67.6100,67.6400,6006100,46.4890
2018-03-22,67.5700,68.6700,67.3200,67.8700,6912500,46.6470
2018-03-23,67.8300,69.0100,67.1700,67.3000,4956600,46.2553
2018-03-26,67.5200,68.1900,67.3900,68.1000,3149400,46.8051
2018-03-27,68.1300,70.0500,67.9400,69.2200,4286400,47.5749
2018-03-28,67.0000,68.4300,66.9900,67.7900,12337300,46.5921
2018-03-29,67.9900,68.1200,67.1700,67.4300,9174500,46.3446
2018-04-02,67.6300,68.0600,66.6800,67.0900,6679600,46.1110
2018-04-03,67.1800,67.6200,66.9000,67.3300,6092700,46.2759
2018-04-04,67.2300,67.5400,66.4500,66.9500,4291300,46.0147
2018-04-05,66.9500,67.6900,66.3700,67.3400,4751200,46.2828
2018-04-06,67.3200,67.5500,66.1000,66.2200,5215800,45.5130
2018-04-09,66.2000,67.0600,66.0500,66.3700,4602000,45.6161
2018-04-10,66.3800,66.5200,65.3500,65.5000,5273800,45.0181
2018-04-11,65.4000,65.6200,64.7600,64.8800,4882800,44.5920
2018-04-12,65.0500,65.1300,63.9100,64.0700,4657900,44.0353
2018-04-13,64.0700,64.5000,63.8800,63.9400,5483400,43.9460
2018-04-16,64.0800,64.9000,63.9200,64.7300,5019300,44.4889
2018-04-17,64.9300,66.1100,64.7000,65.6900,4728300,45.1487
2018-04-18,65.8800,66.7900,65.8300,66.0700,4606200,45.4099
2018-04-19,65.7800,66.8100,65.6200,66.0600,5002400,45.4030
2018-04-20,66.1800,66.1800,65.1000,65.3300,4399300,44.9013
2018-04-23,65.2500,65.5100,64.7500,64.8900,3636300,44.5989
2018-04-24,64.9900,65.1200,64.2100,64.7800,4819300,44.5233
2018-04-25,64.6500,65.1300,64.3000,64.8000,3424400,44.5370
2018-04-26,64.7600,65.1900,64.1400,65.0000,4622500,44.6745
2018-04-27,65.0300,66.6500,64.9900,66.3500,5518900,45.6023
2018-04-30,66.5300,66.8000,66.3300,66.5600,3664300,45.7467
2018-05-01,66.5600,66.6900,66.0800,66.2700,3849800,45.5474
2018-05-02,66.3600,66.6000,65.8900,66.1900,2597000,45.4924
2018-05-03,66.1000,66.1000,65.0000,65.5300,2957500,45.0388
2018-05-04,65.7800,66.4300,65.4700,65.5700,2396500,45.0662
2018-05-07,65.5900,65.8700,64.9900,65.0800,2707700,44.7295
2018-05-08,65.0100,65.0100,63.0000,63.1400,3440600,43.3961
2018-05-09,63.3000,63.3400,62.3100,62.6700,3636600,43.0731
2018-05-10,62.9700,64.1400,62.8900,64.0600,3682600,44.0284
2018-05-11,64.0700,64.7900,64.0100,64.7000,2935700,44.4683
2018-05-14,64.8100,64.8900,63.9600,64.2300,4293700,44.1453
2018-05-15,64.1100,64.5600,63.8000,64.5200,4600700,44.3446
2018-05-16,64.3700,64.5800,63.3500,63.7700,4408000,43.8291
2018-05-17,63.8900,63.9700,63.4800,63.6800,2781100,43.7673
2018-05-18,63.8300,63.9700,62.9100,63.2900,4195300,43.4992
2018-05-21,63.4000,63.8400,63.2300,63.7200,3566000,43.7948
2018-05-22,63.7200,64.4000,63.5700,63.8200,3357100,43.8635
2018-05-23,63.8300,64.2300,63.6300,63.9100,5109400,43.9253
2018-05-24,63.9000,64.1100,63.6300,64.0000,4346900,43.9872
2018-05-25,64.1600,64.4900,64.0600,64.1700,2991200,44.1040
2018-05-29,64.1000,64.6600,63.8600,64.3400,4846400,44.2209
2018-05-30,64.4900,64.6900,63.9400,64.5200,4618200,44.3446
2018-05-31,63.4100,64.4300,63.1600,64.1900,4432700,44.6962
2018-06-01,64.1200,64.3600,63.0600,63.3600,3405200,44.1183
2018-06-04,63.5000,63.8600,62.5700,62.6400,2799400,43.6169
2018-06-05,62.6000,62.9600,62.3800,62.7700,3495900,43.7075
2018-06-06,62.8500,62.8700,61.5300,61.7500,4396500,42.9972
2018-06-07,61.7900,63.1900,61.7600,62.3900,4229800,43.4429
2018-06-08,62.5100,62.8400,62.3300,62.6000,3168500,43.5891
2018-06-11,62.8000,63.4700,62.6700,63.2100,5354800,44.0138
2018-06-12,63.1300,65.0500,63.0500,64.8900,7543100,45.1836
2018-06-13,64.8100,65.1500,64.0700,64.3100,5017300,44.7798
2018-06-14,64.4400,65.6700,64.2000,65.5200,5608500,45.6223
2018-06-15,65.4100,66.3700,65.0100,66.3100,9724700,46.1724
2018-06-18,66.4900,66.5300,65.8900,66.0000,5133300,45.9565
2018-06-19,66.0400,66.9800,66.0000,66.9400,6769100,46.6111
2018-06-20,67.0000,67.1000,66.2200,66.4300,5238600,46.2560
2018-06-21,66.4200,67.0100,66.3300,66.6000,3989900,46.3743
2018-06-22,66.7900,67.0700,66.5700,66.9400,3356200,46.6111
2018-06-25,67.0800,67.9800,67.0600,67.8800,3538700,47.2656
2018-06-26,67.7000,68.0400,67.3100,67.5400,3700600,47.0289
2018-06-27,67.4400,68.2200,67.2300,68.0300,2873700,47.3701
2018-06-28,68.1600,68.7500,68.0000,68.4700,3679500,47.6764
2018-06-29,68.3900,68.5100,67.7200,68.1800,3106700,47.4745
2018-07-02,68.2300,68.6100,67.5500,68.4500,2628700,47.6625
2018-07-03,68.4000,69.4800,68.1900,69.3100,2246600,48.2613
2018-07-05,69.4900,69.7500,68.9900,69.7400,3496700,48.5607
2018-07-06,69.7200,70.0900,69.5800,70.0200,2583600,48.7557
2018-07-09,70.0300,70.1000,67.8500,68.0800,3252300,47.4049
2018-07-10,67.8900,69.3500,67.3000,69.0800,3590200,48.1012
2018-07-11,69.1100,69.7200,69.0300,69.5600,3603000,48.4354
2018-07-12,69.7100,70.1700,69.5400,70.0600,4705000,48.7836
2018-07-13,70.1800,70.6600,69.5600,69.9900,2574800,48.7348
2018-07-16,69.9900,70.0500,69.5000,69.8800,2744900,48.6582
2018-07-17,70.0000,70.5600,69.7600,70.3800,3020100,49.0064
2018-07-18,70.1500,70.3500,69.5800,69.9500,1979100,48.7070
2018-07-19,71.9400,72.4000,71.5100,72.0000,6345200,50.1344
2018-07-20,71.7100,72.0900,71.1000,71.2700,4128300,49.6261
2018-07-23,71.4000,71.5000,70.5200,70.9900,2911300,49.4311
2018-07-24,70.5800,71.1100,69.8800,70.9100,3273400,49.3754
2018-07-25,70.9300,71.5000,70.4800,71.0300,2272600,49.4590
2018-07-26,71.4600,71.5900,70.9800,71.5000,3292900,49.7863
2018-07-27,71.5500,71.7200,70.8300,71.2600,2588000,49.6191
2018-07-30,71.1800,71.4300,70.6200,71.1900,2908400,49.5704
2018-07-31,71.3600,71.7600,70.7700,71.7100,4510800,49.9325
2018-08-01,70.9600,71.2000,69.6900,70.3200,4736100,48.9646
2018-08-02,70.2200,71.2100,70.0800,71.1400,2893700,49.5356
2018-08-03,71.1100,72.3800,70.8700,72.1200,2555100,50.2180
2018-08-06,72.0600,72.4900,71.5000,71.7500,2425700,49.9603
2018-08-07,71.4800,71.4800,70.5600,71.0700,2988100,49.4868
2018-08-08,71.0100,71.1700,70.3800,70.7200,2774000,49.2431
2018-08-09,70.7200,71.1300,70.4700,71.0300,1484300,49.4590
2018-08-10,71.3700,71.7700,70.5900,70.6900,2573900,49.2222
2018-08-13,70.6000,70.6000,69.7300,69.8200,5385500,48.6165
2018-08-14,69.8900,69.9800,69.5000,69.6600,4524300,48.5050
2018-08-15,69.8500,70.8800,69.8000,70.2500,4535900,48.9159
2018-08-16,70.2600,71.1900,69.9400,71.1300,2838300,49.5286
2018-08-17,71.2700,72.0400,71.1900,71.7500,2850600,49.9603
2018-08-20,71.9200,72.1000,71.5800,71.7800,2071900,49.9812
2018-08-21,71.8000,71.9900,71.3600,71.6200,1956800,49.8698
2018-08-22,71.6100,71.6500,70.9700,71.2900,2088600,49.6400
2018-08-23,71.1400,71.4500,70.9100,71.0700,1602900,49.4868
2018-08-24,71.2700,71.6700,70.9300,71.6400,1423300,49.8837
2018-08-27,71.6800,71.7400,70.8500,71.2500,1517500,49.6122
2018-08-28,71.2500,71.2900,70.7300,70.8500,1820900,49.3336
2018-08-29,71.1200,71.2800,70.7200,71.1600,2693900,49.5495
2018-08-30,71.2500,71.6400,70.7100,70.9800,2994500,49.4242
2018-08-31,70.8500,71.4500,70.4300,70.7700,2687800,49.2780
2018-09-04,70.7700,71.3500,70.7500,71.2300,1995300,49.5983
2018-09-05,71.2200,72.5200,71.1700,72.4500,3156000,50.4477
2018-09-06,71.3400,72.5500,71.2100,72.2500,2972800,50.8951
2018-09-07,71.7200,71.9400,71.0300,71.4600,2142500,50.3386
2018-09-10,71.7500,72.3700,71.6800,72.2800,2017900,50.9162
2018-09-11,72.2400,72.5200,71.5900,71.6000,3059700,50.4372
2018-09-12,71.5400,72.2500,71.3700,71.5700,2033100,50.4161
2018-09-13,71.6500,72.2600,71.3600,72.1800,2694800,50.8458
2018-09-14,71.9600,72.1200,71.1800,71.8600,2280800,50.6203
2018-09-17,71.8100,72.1600,71.3800,71.9900,2393700,50.7119
2018-09-18,72.1200,72.2900,71.5400,71.9200,2379200,50.6626
2018-09-19,72.4500,72.4500,70.3800,70.6200,2964000,49.7469
2018-09-20,70.4500,70.4700,69.2300,70.3200,5144200,49.5355
2018-09-21,70.4500,71.0700,70.0500,70.8500,5587200,49.9089
2018-09-24,70.7100,70.9600,70.0300,70.0800,3196700,49.3664
2018-09-25,70.2000,70.3100,69.4300,69.5500,3672000,48.9931
2018-09-26,69.7600,70.0100,68.7200,68.8200,2960500,48.4789
2018-09-27,68.8400,69.4900,68.5600,69.1400,4478400,48.7043
2018-09-28,69.1900,70.2900,69.1400,70.2800,3095800,49.5073
2018-10-01,70.1200,70.4000,69.8000,70.1000,1725100,49.3806
2018-10-02,70.3500,70.9900,70.2300,70.8800,1905100,49.9300
2018-10-03,70.8500,71.1400,69.6900,70.2900,3053900,49.5144
2018-10-04,70.1700,70.9100,69.5900,70.6900,2421300,49.7962
2018-10-05,70.7100,72.1500,70.5900,71.8500,3557700,50.6133
2018-10-08,72.0500,73.7000,71.9200,72.9900,3755300,51.4163
2018-10-09,73.4200,73.8800,73.0100,73.3600,3694300,51.6770
2018-10-10,73.4200,74.0500,72.9600,73.2100,3663000,51.5713
2018-10-11,73.4900,73.5000,71.5900,71.7800,3424000,50.5640
2018-10-12,71.6500,72.0000,70.7900,71.3700,3111700,50.2752
2018-10-15,71.3100,71.9000,71.0200,71.6100,3378200,50.4442
2018-10-16,71.5200,72.6300,71.5000,72.3000,2163500,50.9303
2018-10-17,72.1400,72.5600,71.6900,72.3000,2153400,50.9303
2018-10-18,72.3200,72.7900,71.9600,72.2300,2239100,50.8810
2018-10-19,72.1700,73.9900,72.1700,73.5000,4303900,51.7756
2018-10-22,73.7800,73.9000,72.8700,73.2700,3175400,51.6136
2018-10-23,73.4600,73.9900,72.7900,72.9100,3225500,51.3600
2018-10-24,73.2100,74.6500,72.8800,74.1900,3834500,52.2617
2018-10-25,74.0600,74.1100,72.4900,72.7300,2758100,51.2332
2018-10-26,73.0900,73.5800,71.0100,71.6700,3841200,50.4865
2018-10-29,71.8500,72.7900,71.6800,72.2000,3443000,50.8598
2018-10-30,72.5200,72.9400,71.7200,72.8400,3824400,51.3107
2018-10-31,72.3900,72.6100,71.3100,71.4200,3774800,50.3104
2018-11-01,71.8100,72.4400,69.9800,70.3300,5079500,49.5426
2018-11-02,70.4000,70.6500,68.7000,69.8900,4719200,49.2326
2018-11-05,70.0000,70.7300,69.7000,70.2300,3363200,49.4721
2018-11-06,70.3500,70.7900,70.0100,70.6700,2464300,49.7821
2018-11-07,70.8900,71.2600,70.4300,71.1800,2829600,50.1413
2018-11-08,71.2800,71.6200,70.3200,71.2200,2045600,50.1695
2018-11-09,71.2600,72.4400,71.1100,72.2500,2682900,50.8951
2018-11-12,72.3400,74.2700,72.3400,73.4300,4031700,51.7263
2018-11-13,73.4200,74.1700,72.9500,74.0200,2821900,52.1419
2018-11-14,73.7200,74.6500,73.2600,73.6500,4401100,51.8813
2018-11-15,73.1900,73.5900,72.4300,73.4500,4769600,51.7404
2018-11-16,74.1100,74.3300,73.2500,73.6100,3683300,51.8531
2018-11-19,73.5100,74.4400,73.3500,74.4200,3159500,52.4237
2018-11-20,74.7200,75.2400,73.9100,74.6600,4930500,52.5928
2018-11-21,74.5000,74.5200,73.2300,73.3500,2795200,51.6699
2018-11-23,73.3600,73.4600,72.7700,73.1000,1316500,51.4938
2018-11-26,73.0600,74.0300,73.0100,73.9900,3143000,52.1208
2018-11-27,73.8300,74.3100,73.4100,74.1100,4646700,52.2053
2018-11-28,73.9000,74.0800,72.8100,73.3200,3555700,51.6488
2018-11-29,73.9500,74.0000,73.1300,73.7500,3841200,51.9517
2018-11-30,73.7900,74.5300,73.5700,74.5000,5397600,52.4800
2018-12-03,74.1200,75.2100,73.6400,75.1300,4425400,52.9238
2018-12-04,75.3700,76.4500,75.0300,75.3200,5453000,53.0577
2018-12-06,74.7500,74.9000,73.3600,74.7800,5493500,53.2678
2018-12-07,74.9700,76.3600,74.4800,75.6100,5232800,53.8590
2018-12-10,75.7500,76.3400,73.8500,76.2700,5784400,54.3292
2018-12-11,76.1900,76.6200,75.9600,76.2500,3991700,54.3149
2018-12-12,76.3900,76.6700,75.1900,75.2600,5076300,53.6097
2018-12-13,75.4300,76.4300,75.4300,76.0500,4938400,54.1725
2018-12-14,76.1400,77.1900,75.5500,76.9200,9081600,54.7922
2018-12-17,76.9900,77.1400,73.6500,74.0000,8619700,52.7122
2018-12-18,74.6000,75.3600,73.4400,73.5900,5676100,52.4201
2018-12-19,74.2400,74.5400,73.5000,74.1100,7216000,52.7906
2018-12-20,74.4600,75.6600,73.7700,74.8200,8028100,53.2963
2018-12-21,75.5500,76.9000,74.5400,74.8900,9307300,53.3462
2018-12-24,74.9000,75.4800,70.8100,71.1200,3515200,50.6607
2018-12-26,71.3000,72.3000,70.1600,72.3000,4576100,51.5012
2018-12-27,72.3000,73.2500,71.3800,73.2500,9444000,52.1779
2018-12-28,73.4000,74.0300,72.9400,73.2600,4643500,52.1851
2018-12-31,73.3200,73.6000,71.0900,71.4600,11807900,50.9029
2019-01-02,71.4000,71.4800,70.2300,71.1800,6378000,50.7034
2019-01-03,71.1400,71.5700,70.2800,70.8400,6264700,50.4612
2019-01-04,70.6700,72.4400,70.6400,72.2100,4567300,51.4371
2019-01-07,71.8900,72.3900,71.0500,71.5100,5009200,50.9385
2019-01-08,71.5100,72.3900,71.1800,72.3400,5453500,51.5297
2019-01-09,72.2600,72.7500,71.7100,72.2200,3986300,51.4442
2019-01-10,72.3400,72.9000,70.6600,71.9000,7266500,51.2163
2019-01-11,71.1800,71.4500,69.4200,69.8500,5615400,49.7560
2019-01-14,69.3600,69.3700,67.7200,67.9700,7249500,48.4169
2019-01-15,67.5200,68.9500,67.4100,68.8800,5780900,49.0651
2019-01-16,68.6900,69.0300,68.1200,68.9700,5575000,49.1292
2019-01-17,68.7600,69.2500,68.5400,68.9400,4184300,49.1078
2019-01-18,69.1400,69.2000,68.3000,68.7700,4149700,48.9867
2019-01-22,68.6900,68.9800,68.0300,68.5900,5481900,48.8585
2019-01-23,68.6000,69.4800,68.5800,69.4300,5005600,49.4569
2019-01-24,69.5700,69.7100,68.4900,69.1300,4967200,49.2432
2019-01-25,68.8200,69.5300,68.8200,69.1600,5621600,49.2645
2019-01-28,68.9800,69.2300,68.2800,68.3700,7980300,48.7018
2019-01-29,68.8000,68.9500,67.4700,68.6900,6100500,48.9297
2019-01-30,68.5000,69.7100,68.5000,69.4400,5566000,49.4640
2019-01-31,69.4400,70.6000,69.0400,70.2400,8457000,50.0339
2019-02-01,70.4200,71.3600,70.0200,70.9700,5090100,50.5538
2019-02-04,70.8600,71.7100,70.5100,71.4500,6226500,50.8958
2019-02-05,71.3100,72.0000,71.0400,71.9300,4041200,51.2377
2019-02-06,71.7800,71.9700,71.2700,71.7900,2893800,51.1380
2019-02-07,71.8100,72.6700,71.3900,72.6700,3397700,51.7648
2019-02-08,72.6100,73.0700,72.3500,73.0500,4160900,52.0355
2019-02-11,72.8700,73.3600,72.5000,72.8100,3481000,51.8645
2019-02-12,72.9500,73.5900,72.4000,73.2000,3938600,52.1423
2019-02-13,72.9900,73.4100,72.7000,73.2500,7234100,52.1779
2019-02-14,73.2600,73.6900,72.8100,72.9000,3642100,51.9286
2019-02-15,73.2400,73.5700,73.0100,73.2600,4662400,52.1851
2019-02-19,73.2700,73.6800,73.0100,73.5400,6081000,52.3845
2019-02-20,73.5000,73.7800,73.2300,73.5400,5685700,52.3845
2019-02-21,73.3500,74.4400,73.3100,74.3400,3966400,52.9544
2019-02-22,74.5400,75.0500,74.0700,75.0500,3219100,53.4601
2019-02-25,75.1100,75.2400,74.3400,75.1200,3751100,53.5100
2019-02-26,75.0000,75.1100,73.3200,73.8900,4357300,52.6338
2019-02-27,73.7400,74.4000,73.7100,74.3300,3596900,52.9473
2019-02-28,73.5300,74.3200,73.3000,74.0900,6208800,53.4362
2019-03-01,74.1300,74.8800,73.7700,74.7900,3917700,53.9411
2019-03-04,74.9200,75.2700,74.1300,75.2700,4604200,54.2873
2019-03-05,75.2700,75.9600,75.1200,75.4500,6087400,54.4171
2019-03-06,75.5600,76.1000,75.2500,75.8300,4963000,54.6912
2019-03-07,76.1100,76.4700,75.8500,76.1200,4242900,54.9004
2019-03-08,76.2300,76.3500,75.1400,75.7300,3754500,54.6191
2019-03-11,75.6200,76.4900,75.6200,76.3200,3727000,55.0446
2019-03-12,76.5000,76.6700,76.0400,76.3300,4095200,55.0518
2019-03-13,76.3500,76.5300,76.1400,76.3000,4801400,55.0302
2019-03-14,76.6000,76.7400,76.0700,76.6400,5120600,55.2754
2019-03-15,76.4400,77.2200,76.2400,77.0400,13410800,55.5639
2019-03-18,77.1000,77.1600,76.2700,76.6100,3797600,55.2538
2019-03-19,76.6700,76.7200,75.0000,75.1900,5730500,54.2296
2019-03-20,75.4500,75.4500,74.7700,74.9400,4656000,54.0493
2019-03-21,75.1100,75.4900,74.9100,75.1100,4049400,54.1719
2019-03-22,75.1900,75.8900,75.0500,75.5200,5324200,54.4676
2019-03-25,75.7200,76.0400,75.2000,75.9400,3770600,54.7705
2019-03-26,76.0500,76.9300,75.7900,76.8800,2658300,55.4485
2019-03-27,76.7200,76.9200,76.3000,76.8400,4460700,55.4196
2019-03-28,76.8100,77.0500,75.5900,75.6700,4236300,54.5758
2019-03-29,75.5100,76.7700,75.2200,76.6600,5008300,55.2898
2019-04-01,76.5700,76.8400,75.7700,76.6900,3488800,55.3115
2019-04-02,76.8000,77.0000,76.0300,76.9700,3934700,55.5134
2019-04-03,76.8500,77.2700,76.2400,76.9600,3358700,55.5062
2019-04-04,77.1000,77.1200,76.2900,76.9000,2701600,55.4629
2019-04-05,76.9100,77.5000,76.4400,77.4700,4478300,55.8740
2019-04-08,77.2700,77.3000,76.4000,76.6700,3525700,55.2970
2019-04-09,76.6000,76.8300,76.0100,76.3900,3272300,55.0951
2019-04-10,76.5000,76.8800,75.5400,75.8300,4466000,54.6912
2019-04-11,75.8800,76.3100,75.6900,76.3000,2169900,55.0302
2019-04-12,76.1500,76.5000,75.6200,76.4400,2063000,55.1312
2019-04-15,76.5500,76.9200,76.1800,76.6700,3362600,55.2970
2019-04-16,76.4800,76.9900,75.0300,75.1200,3079300,54.1791
2019-04-17,75.2200,75.6900,74.6700,75.2700,3023000,54.2873
2019-04-18,75.2700,75.6700,74.8900,74.9200,3307700,54.0349
2019-04-22,74.8200,75.0600,74.4100,74.7000,2351400,53.8762
2019-04-23,74.7500,75.5900,74.6000,75.4500,2922900,54.4171
2019-04-24,75.5400,76.3800,75.3800,76.2900,2836500,55.0230
2019-04-25,75.9500,76.8300,75.7500,76.5500,2215800,55.2105
2019-04-26,76.8100,77.3000,76.6600,76.7900,1702300,55.3836
2019-04-29,76.5100,76.6100,75.7900,76.1700,2598700,54.9364
2019-04-30,76.2900,77.9100,76.2000,77.8700,3359900,56.1625
2019-05-01,77.5000,77.8500,76.9200,77.1400,2878300,55.6360
2019-05-02,77.2800,77.3900,76.4600,76.9800,2450300,55.5206
2019-05-03,75.7600,77.0300,75.5900,76.7900,3126300,55.3836
2019-05-06,76.7900,76.7900,75.4000,75.4900,3725900,54.4460
2019-05-07,75.3900,75.4800,74.6400,75.0400,3684500,54.1214
2019-05-08,75.0000,75.2000,73.7500,73.8100,3180300,53.2343
2019-05-09,73.7500,73.9900,72.6100,73.3100,3652200,52.8737
2019-05-10,73.2600,74.5900,73.0700,74.5600,2336000,53.7752
2019-05-13,74.3100,75.7700,74.3100,75.6000,3522200,54.5253
2019-05-14,75.4800,75.6200,74.4700,74.5900,2907600,53.7969
2019-05-15,74.7900,74.9200,74.2900,74.2900,2870900,53.5805
2019-05-16,74.2300,75.4000,74.0700,75.3200,2659500,54.3234
2019-05-17,74.7200,75.7900,74.6700,75.6000,2474300,54.5253
2019-05-20,75.7900,76.4000,75.5500,76.0500,2702500,54.8499
2019-05-21,76.1300,77.0800,75.7500,76.7300,3505100,55.3403
2019-05-22,76.7300,77.5500,76.5800,77.3300,2832300,55.7731
2019-05-23,77.4300,78.1400,77.2200,78.0500,3302000,56.2923
2019-05-24,78.1500,78.3100,77.6800,77.7200,2101800,56.0543
2019-05-28,77.9100,77.9100,76.2200,76.2500,5757300,54.9941
2019-05-29,76.5200,76.6500,75.1200,75.2200,3159000,54.2513
2019-05-30,75.1700,75.6000,74.0400,74.3100,3663600,53.5949
2019-05-31,74.4600,75.3000,74.2100,75.1800,3256300,54.2224
2019-06-03,75.3200,76.0700,74.9100,75.9600,2833800,54.7850
2019-06-04,75.8800,76.1600,74.4800,75.9700,2951400,54.7922
2019-06-05,76.2300,78.1100,75.8000,77.6100,3738000,55.9750
2019-06-06,76.6100,76.7900,76.0300,76.3500,5094200,55.7254
2019-06-07,76.9400,77.6400,75.7800,75.7900,5142900,55.3166
2019-06-10,75.6700,75.7500,75.0500,75.4200,3520100,55.0466
2019-06-11,75.3400,75.4000,73.5400,73.9100,9242000,53.9445
2019-06-12,74.2000,75.3500,74.1500,75.0800,11598100,54.7985
2019-06-13,75.3900,76.0800,75.1900,76.0700,7525100,55.5210
2019-06-14,76.1500,76.8300,75.8800,76.6600,3964100,55.9516
2019-06-17,76.8500,77.3300,75.6400,76.4200,3638800,55.7765
2019-06-18,76.9200,76.9200,75.7600,76.4300,3410100,55.7838
2019-06-19,76.2000,77.4800,76.1600,77.1700,4075200,56.3239
2019-06-20,77.5000,78.0800,76.7600,77.4100,3340500,56.4990
2019-06-21,77.6600,78.4400,76.7100,78.3500,8070500,57.1851
2019-06-24,78.4500,79.4700,78.1400,79.2200,5455600,57.8201
2019-06-25,79.1600,79.3600,78.5100,78.7000,3563300,57.4406
2019-06-26,78.5400,78.6100,76.4300,76.4600,4253500,55.8057
2019-06-27,76.5200,76.8800,76.2000,76.7200,3452700,55.9954
2019-06-28,76.7300,77.5400,76.6600,77.3200,6014400,56.4334
2019-07-01,77.1800,77.5500,76.3200,77.0500,4652300,56.2363
2019-07-02,77.3800,77.8600,77.1000,77.3800,3407500,56.4771
2019-07-03,77.7100,78.7200,77.5000,78.1100,2323500,57.0100
2019-07-05,77.6800,78.0800,76.8700,77.9000,2535300,56.8567
2019-07-08,78.1100,78.5100,77.6700,78.1600,3181700,57.0464
2019-07-09,78.2600,78.2700,77.5100,78.2200,2554500,57.0902
2019-07-10,78.2600,78.5600,77.8500,78.1300,3665300,57.0246
2019-07-11,78.0400,78.2700,77.0700,77.9100,2750200,56.8640
2019-07-12,78.0300,78.0900,77.1700,77.5000,3009700,56.5647
2019-07-15,77.5000,78.2200,77.2500,78.0900,2695700,56.9954
2019-07-16,77.9400,78.1600,77.0600,77.4800,2599000,56.5501
2019-07-17,77.8000,78.1400,77.3200,77.3700,3254700,56.4699
2019-07-18,77.2900,77.4800,76.4700,77.4200,3089500,56.5063
2019-07-19,77.1900,77.6200,76.6700,76.8500,3115000,56.0903
2019-07-22,76.8800,76.9300,75.7800,76.2600,2956500,55.6597
2019-07-23,76.1000,76.2000,75.2700,75.4300,3175600,55.0539
2019-07-24,75.6600,75.7200,74.8900,75.1800,3101900,54.8714
2019-07-25,75.1500,75.4300,74.6100,74.8600,3417200,54.6379
2019-07-26,74.7300,75.3500,74.6100,75.1500,3076500,54.8496
2019-07-29,75.4700,75.5300,74.6000,75.0500,2818300,54.7766
2019-07-30,74.9000,75.5700,74.4400,75.0300,4195300,54.7620
2019-07-31,74.5500,75.5200,73.4600,74.2900,6681100,54.2219
2019-08-01,74.6100,76.5600,74.4000,75.9100,5513800,55.4043
2019-08-02,76.3500,77.1000,75.8600,76.0200,4318900,55.4845
2019-08-05,76.2400,76.3600,74.3200,74.6700,4972400,54.4992
2019-08-06,74.9600,75.5400,73.7600,75.2200,7842100,54.9007
2019-08-07,75.0100,75.1200,73.8900,74.4300,4843300,54.3240
2019-08-08,74.3900,75.5200,73.8100,75.3300,4467900,54.9809
2019-08-09,75.3700,75.7500,74.6200,74.8400,4607100,54.6233
2019-08-12,74.9400,75.1000,73.8500,74.3700,3925900,54.2803
2019-08-13,74.3000,75.4700,74.2200,75.3800,3436400,55.0174
2019-08-14,75.5700,76.4800,75.1600,75.3300,7296300,54.9809
2019-08-15,75.2500,77.3500,75.1200,77.0500,4899000,56.2363
2019-08-16,77.3200,77.4600,76.7900,76.8600,3594300,56.0976
2019-08-19,76.8000,78.0800,76.6100,77.7900,3665600,56.7764
2019-08-20,77.6500,77.7400,76.8100,76.9100,3206700,56.1341
2019-08-21,77.0300,77.3700,76.7900,76.9900,3300300,56.1925
2019-08-22,77.1300,77.2100,76.1600,76.5200,3569300,55.8495
2019-08-23,76.8400,77.2500,75.5200,75.9400,3525200,55.4261
2019-08-26,76.2600,76.8600,75.7700,76.8200,1731700,56.0684
2019-08-27,77.1900,77.5300,76.8100,77.1500,3499700,56.3093
2019-08-28,77.2900,77.3500,76.5000,76.8900,2133900,56.1195
2019-08-29,77.4200,77.8000,76.9300,77.7600,3071700,56.7545
2019-08-30,77.6800,78.0000,77.1300,77.6300,3623600,56.6596
2019-09-03,77.6200,78.8600,77.5100,78.8000,3118400,57.5136
2019-09-04,79.0900,79.2900,78.6200,79.1500,2718000,57.7690
2019-09-05,77.9100,78.1000,77.1500,77.4300,3943100,57.1768
2019-09-06,77.6500,77.8400,76.2700,76.3700,3740300,56.3940
2019-09-09,76.3700,76.8900,76.0500,76.6700,3848800,56.6156
2019-09-10,76.4200,77.0800,76.3600,77.0100,3233300,56.8666
2019-09-11,77.0000,78.4300,76.6900,78.4300,4484300,57.9152
2019-09-12,78.7800,79.0800,77.9200,78.5400,3063900,57.9964
2019-09-13,78.1700,79.0000,77.9400,78.5200,3669200,57.9817
2019-09-16,78.5400,78.7200,77.9200,78.4900,2517600,57.9595
2019-09-17,78.8900,79.4300,78.5300,79.0300,3281200,58.3583
2019-09-18,79.3900,80.5100,79.3500,80.0600,4502700,59.1189
2019-09-19,80.3500,81.0400,79.9300,80.9200,3032700,59.7539
2019-09-20,81.2400,81.2400,80.3300,80.8400,8128700,59.6948
2019-09-23,80.7300,81.1700,80.5300,80.8500,3247600,59.7022
2019-09-24,80.8800,81.4300,80.6100,80.8400,4284000,59.6948
2019-09-25,80.8400,80.8900,79.8300,80.3900,3663700,59.3625
2019-09-26,80.7000,81.0500,80.1800,80.7600,2497400,59.6358
2019-09-27,80.9700,81.0200,80.4500,80.9900,2793900,59.8056
2019-09-30,81.0300,81.3900,80.7200,81.0400,2711100,59.8425
2019-10-01,80.8600,81.2600,80.5500,81.2200,3095100,59.9754
2019-10-02,80.9900,81.1800,79.8100,79.9700,3561500,59.0524
2019-10-03,80.0100,80.0400,78.9500,79.6200,4008200,58.7940
2019-10-04,79.7900,81.7600,79.7300,81.7000,4538100,60.3299
2019-10-07,81.5100,81.6200,80.8800,81.1800,2731700,59.9459
2019-10-08,81.0600,81.2200,80.4500,80.7200,2742700,59.6062
2019-10-09,80.9400,81.6400,80.8000,81.3400,2764000,60.0641
2019-10-10,81.1300,81.8400,80.4500,81.7800,3258100,60.3889
2019-10-11,81.9800,82.5900,81.3500,81.9000,3088600,60.4776
2019-10-14,82.0900,82.1900,81.0700,81.2400,3246500,59.9902
2019-10-15,81.3000,81.5500,80.9500,81.3800,2383600,60.0936
2019-10-16,81.2900,81.8900,81.0200,81.8000,2585200,60.4037
2019-10-17,81.8600,82.6800,81.6600,82.3800,2369600,60.8320
2019-10-18,82.0600,82.4400,81.7200,82.1600,3210300,60.6696
2019-10-21,82.2700,82.4700,81.8600,82.4200,2087900,60.8616
2019-10-22,82.5800,83.2300,82.3300,82.8200,2570700,61.1570
2019-10-23,82.8200,83.1900,82.1400,82.7200,2685100,61.0831
2019-10-24,82.7100,83.1300,82.5500,82.7200,2265700,61.0831
2019-10-25,82.9400,83.0000,81.4100,81.8900,2697800,60.4702
2019-10-28,81.5200,81.9700,81.0900,81.3300,2224900,60.0567
2019-10-29,81.1100,81.8300,81.0700,81.7400,2544600,60.3594
2019-10-30,81.8000,82.2800,81.4100,81.8100,2382500,60.4111
2019-10-31,82.0300,82.5900,81.7000,82.5500,2424100,60.9576
2019-11-01,83.2500,83.7300,82.5700,83.2700,3169600,61.4892
2019-11-04,83.0400,83.4600,82.5500,83.0500,2936900,61.3268
2019-11-05,82.7600,82.8700,81.3300,81.3500,3525800,60.0714
2019-11-06,81.3600,81.4400,80.8100,80.9400,3984200,59.7687
2019-11-07,80.6200,81.0000,79.9400,80.3100,3592400,59.3035
2019-11-08,80.3000,80.9700,79.9500,80.2800,3361100,59.2813
2019-11-11,80.0800,80.2300,79.5200,79.6200,2311600,58.7940
2019-11-12,79.9800,80.0800,79.5300,79.7200,2170100,58.8678
2019-11-13,80.0200,81.0300,79.9100,80.8400,1950400,59.6948
2019-11-14,80.8800,81.8100,80.8400,81.5600,3297000,60.2265
2019-11-15,81.5100,82.1600,81.3900,82.1100,2859500,60.6327
2019-11-18,82.2600,83.1600,82.2200,82.5800,3707900,60.9797
2019-11-19,82.3300,82.6800,81.7400,82.4200,2383300,60.8616
2019-11-20,82.5500,83.0600,82.2900,82.9000,2722500,61.2160
2019-11-21,82.9900,83.1600,82.6100,83.0200,2555400,61.3046
2019-11-22,83.2000,83.3500,82.3600,83.2400,2383900,61.4671
2019-11-25,83.5500,83.9300,82.9700,83.2300,2687700,61.4597
2019-11-26,83.3500,83.8500,83.0300,83.4600,4119600,61.6296
2019-11-27,83.4800,83.7000,83.0100,83.0800,2145800,61.3489
2019-11-29,83.3900,83.6500,82.7900,83.1100,1872600,61.3711
2019-12-02,82.8700,82.9500,81.9900,82.0000,3602900,60.5514
2019-12-03,82.2200,82.5800,81.5100,81.9400,4842700,60.5071
2019-12-04,81.7100,82.4900,81.6100,82.2500,4844400,60.7360
2019-12-05,81.1700,81.3400,80.6000,81.1900,3606700,60.6300
2019-12-06,80.9400,81.4900,80.8800,81.0000,3275600,60.4881
2019-12-09,80.9800,81.1200,79.7700,79.9200,4341700,59.6816
2019-12-10,79.9200,80.4300,79.7900,80.0900,3081500,59.8086
2019-12-11,80.4800,80.9900,80.3100,80.9000,3455200,60.4134
2019-12-12,80.7900,81.1800,80.3600,80.6900,3370800,60.2566
2019-12-13,80.5000,81.2100,80.2800,80.8800,3413400,60.3985
2019-12-16,81.0500,81.6400,80.6700,81.6400,3767000,60.9660
2019-12-17,81.7100,82.2300,81.5100,81.5600,3863500,60.9063
2019-12-18,81.8400,82.1500,80.5600,81.4500,4609800,60.8241
2019-12-19,81.5500,81.9700,81.0100,81.8000,3947500,61.0855
2019-12-20,82.2900,82.3900,81.3400,82.3200,7757300,61.4738
2019-12-23,82.3000,82.4000,81.0300,81.4300,3486000,60.8092
2019-12-24,81.4900,81.4900,80.7300,81.3600,1027700,60.7569
2019-12-26,81.3700,81.4700,81.0800,81.4600,1481200,60.8316
2019-12-27,81.4500,82.0200,81.2500,82.0000,1989300,61.2349
2019-12-30,81.7600,82.0800,81.6100,82.0800,1845300,61.2946
2019-12-31,82.2700,82.8600,82.0600,82.8200,2856600,61.8472
2020-01-02,82.8800,82.9400,81.5100,81.9600,3004200,61.2050
2020-01-03,81.8100,82.5500,81.7300,81.7600,2840700,61.0557
2020-01-06,81.8500,82.6500,81.8500,82.3900,2164400,61.5261
2020-01-07,82.1800,82.4800,81.9600,82.2100,2555100,61.3917
2020-01-08,82.4200,82.4800,81.5600,81.6900,2591100,61.0034
2020-01-09,81.5300,82.0600,81.5100,81.9200,2206500,61.1751
2020-01-10,82.0600,82.6300,81.9700,82.0700,2420200,61.2871
2020-01-13,82.0800,82.4100,81.9400,82.0500,1726600,61.2722
2020-01-14,81.9800,82.1900,81.2600,81.9500,2872000,61.1975
2020-01-15,82.1600,82.9900,82.1300,82.9900,2749400,61.9742
2020-01-16,83.0000,83.7400,82.8100,83.5100,2657700,62.3625
2020-01-17,83.7400,84.0900,82.8400,84.0500,3610800,62.7657
2020-01-21,84.0000,84.3000,83.0400,84.0300,4520000,62.7508
2020-01-22,84.2600,84.4200,83.6700,83.6900,2279400,62.4969
2020-01-23,83.6900,84.1400,83.4000,84.0700,2270900,62.7807
2020-01-24,84.0400,84.3400,83.4700,84.0000,2640800,62.7284
2020-01-27,83.9500,84.2000,83.1900,83.3200,2226000,62.2206
2020-01-28,83.4500,84.6200,83.4300,84.5200,2718800,63.1167
2020-01-29,84.5900,85.4600,84.4400,85.3900,2973100,63.7664
2020-01-30,85.3400,86.6900,84.9300,86.4800,3380500,64.5804
2020-01-31,86.3600,86.6100,85.2300,85.7500,3968300,64.0352
2020-02-03,85.9500,86.1400,85.6300,85.8400,2030300,64.1025
2020-02-04,85.9900,86.0500,84.5300,84.5600,3025800,63.1466
2020-02-05,84.4400,85.2200,84.1200,84.9200,2604600,63.4154
2020-02-06,85.1000,85.6900,84.7700,85.2700,1594300,63.6768
2020-02-07,85.4400,85.6300,84.7600,84.8100,2276700,63.3333
2020-02-10,84.8100,85.0000,84.2100,84.5900,2329800,63.1690
2020-02-11,85.2500,86.2200,84.8600,85.2200,3759800,63.6395
2020-02-12,85.0000,86.1800,84.8500,85.7800,3463800,64.0576
2020-02-13,85.7500,86.9100,85.7500,86.2400,3571400,64.4012
2020-02-14,86.3900,87.6100,86.2000,87.4600,2881300,65.3122
2020-02-18,87.8900,89.0100,87.3100,88.9800,3419500,66.4473
2020-02-19,88.9800,89.2000,87.6600,87.8400,2665800,65.5960
2020-02-20,87.8000,89.3200,87.7200,89.2500,3034800,66.6489
2020-02-21,89.0500,89.7500,88.9100,89.3800,3126400,66.7460
2020-02-24,89.0400,90.8900,88.8500,89.8000,4665600,67.0597
2020-02-25,89.8000,90.1400,87.5500,87.7900,3879900,65.5587
2020-02-26,88.2000,88.8000,86.7200,86.7700,3902100,64.7969
2020-02-27,85.4200,85.7200,81.1900,81.2800,4549200,61.3619
2020-02-28,79.8000,79.8000,76.3900,78.1800,8245700,59.0216
2020-03-02,78.6700,84.3200,78.4500,84.1800,5612300,63.5513
2020-03-03,83.7600,85.9400,82.9300,83.3800,5624500,62.9473
2020-03-04,84.2300,89.0600,84.2300,89.0300,4571600,67.2128
2020-03-05,87.3700,88.7900,86.1700,87.1700,3880800,65.8086
2020-03-06,84.9000,87.0900,83.5300,86.7000,4520400,65.4537
2020-03-09,82.3600,84.4200,79.5500,81.3300,6171300,61.3997
2020-03-10,83.0700,84.1200,79.0600,83.2200,4869600,62.8266
2020-03-11,81.2500,81.4500,77.9200,78.9500,4258300,59.6029
2020-03-12,74.5000,76.9900,69.8000,71.3100,6777600,53.8351
2020-03-13,76.0000,78.3600,71.3200,78.2900,7362700,59.1047
2020-03-16,71.2800,77.0000,67.8800,68.6500,6506700,51.8270
2020-03-17,70.2600,82.7000,70.1900,80.4800,8190800,60.7580
2020-03-18,75.1800,80.6500,73.4800,80.2600,6562700,60.5919
2020-03-19,79.9300,80.0200,71.0700,71.8500,7855600,54.2428
2020-03-20,72.0200,72.0400,66.3500,67.2200,9964200,50.7474
2020-03-23,67.1100,67.1100,57.7900,59.3900,8042700,44.8362
2020-03-24,62.8200,67.4100,62.0200,65.6700,6514400,49.5773
2020-03-25,64.8300,70.8100,64.0300,67.3400,4987600,50.8380
2020-03-26,67.3100,73.5000,67.0100,72.4400,4741300,54.6882
2020-03-27,70.1000,75.9200,69.4000,73.0700,4217000,55.1638
2020-03-30,74.2900,78.0200,74.2500,76.8100,5701400,57.9874
2020-03-31,75.6600,76.2200,71.9000,72.1900,4531400,54.4995
2020-04-01,69.0500,70.8200,67.8400,69.9300,4381200,52.7933
2020-04-02,68.8500,72.5800,68.5500,71.0600,3533000,53.6464
2020-04-03,70.4600,71.4400,68.6200,69.5500,3388500,52.5065
2020-04-06,71.5600,75.1100,71.5600,74.1100,5060900,55.9490
2020-04-07,75.6300,76.2400,73.1500,73.4400,4259300,55.4432
2020-04-08,74.0800,78.9000,73.5800,78.2200,3891800,59.0518
2020-04-09,78.6300,82.6400,78.6300,81.5900,5479200,61.5960
2020-04-13,80.6000,81.1600,78.4200,79.5300,2740600,60.0408
2020-04-14,81.6000,82.1700,80.3400,82.0200,3390800,61.9206
2020-04-15,80.7900,80.9800,79.4000,79.7900,2972700,60.2371
2020-04-16,80.4700,80.8800,78.0300,78.0700,3623700,58.9386
2020-04-17,79.7600,81.9500,78.8900,81.5100,2828400,61.5356
2020-04-20,80.8900,81.3100,78.9100,79.1100,3369200,59.7237
2020-04-21,77.9000,78.3200,76.1000,76.6100,2962100,57.8363
2020-04-22,78.0800,79.5000,77.6200,78.7400,2892700,59.4444
2020-04-23,78.5100,78.8200,76.5400,76.9100,2532000,58.0629
2020-04-24,77.6900,78.3200,76.5700,77.9200,2410900,58.8253
2020-04-27,78.2300,79.0800,78.0000,78.5200,2412300,59.2783
2020-04-28,79.6600,80.7800,78.8700,79.2700,2567700,59.8445
2020-04-29,80.5700,80.5700,77.9900,78.6700,2737000,59.3915
2020-04-30,78.0000,78.1600,76.4500,77.1300,3145000,58.2289
2020-05-01,76.2900,76.6200,75.1700,75.6100,2679700,57.0814
2020-05-04,75.5700,76.1700,74.5500,75.8000,2234400,57.2249
2020-05-05,76.4900,78.9800,76.4000,77.9400,3862600,58.8404
2020-05-06,77.9400,78.7400,77.4500,77.7300,5276300,58.6819
2020-05-07,78.5500,78.9600,77.6600,78.1000,4363700,58.9612
2020-05-08,78.7200,78.9000,77.5700,78.4000,3236100,59.1877
2020-05-11,77.7000,79.6900,77.3300,79.2400,2791000,59.8219
2020-05-12,79.2900,80.1200,78.8600,78.9500,4554600,59.6029
2020-05-13,78.4900,79.1400,77.4100,79.0100,4172800,59.6482
2020-05-14,78.5400,80.3800,76.7400,79.6300,4005900,60.1163
2020-05-15,79.2500,79.4800,77.4100,78.2200,8694600,59.0518
2020-05-18,79.9900,80.4500,79.2900,79.8500,3394200,60.2824
2020-05-19,79.4400,79.9400,78.8100,78.8300,2743100,59.5123
2020-05-20,79.1500,79.9100,78.3100,78.7500,2115200,59.4519
2020-05-21,78.4600,79.1400,78.2100,78.6000,2387200,59.3387
2020-05-22,78.5200,80.5200,78.2600,80.5100,2977600,60.7806
2020-05-26,81.9100,82.7400,80.4900,80.8200,4157600,61.0147
2020-05-27,82.0500,82.6600,80.9500,81.5600,3575500,61.5733
2020-05-28,82.6600,84.3900,82.4200,83.7000,3402500,63.1889
2020-05-29,82.9200,85.1200,82.5900,85.0100,5577800,64.1779
2020-06-01,84.8100,86.6600,84.1000,85.8900,3799900,64.8422
2020-06-02,86.3500,86.3500,85.1500,86.2300,3407600,65.0989
2020-06-03,86.9400,87.3400,85.8800,86.4800,3229300,65.2877
2020-06-04,85.0300,85.3700,83.6400,84.9600,3960700,64.8450
2020-06-05,85.4900,85.9300,84.1300,84.2900,4573900,64.3336
2020-06-08,83.8600,86.6900,83.2100,86.4000,3138600,65.9441
2020-06-09,85.8000,85.9900,84.5800,85.8500,2526300,65.5243
2020-06-10,85.9200,87.2900,85.9200,87.0000,4694000,66.4020
2020-06-11,85.7600,86.1900,83.7700,84.0100,6670500,64.1199
2020-06-12,85.7000,85.8700,82.3800,83.1500,5337100,63.4635
2020-06-15,82.0600,84.5600,80.9700,84.0500,5261100,64.1504
2020-06-16,85.8200,86.3900,84.4600,84.9200,4685200,64.8145
2020-06-17,85.1200,85.1300,83.6600,84.1500,2527000,64.2268
2020-06-18,83.5900,84.7100,83.5000,84.5300,3255700,64.5168
2020-06-19,85.6600,85.7900,81.7200,81.7200,10713700,62.3721
2020-06-22,82.1300,84.2200,81.6400,83.2500,3036300,63.5398
2020-06-23,84.0600,84.1200,82.4000,82.8000,4537700,63.1964
2020-06-24,82.1300,82.9200,81.8000,82.5800,5071200,63.0285
2020-06-25,82.5400,82.5400,80.5300,81.1400,3180600,61.9294
2020-06-26,81.1000,81.7000,79.2900,79.6800,4495800,60.8151
2020-06-29,80.2200,80.6300,79.2900,80.6100,2346300,61.5249
2020-06-30,80.5400,81.4600,80.4600,81.1800,3627600,61.9599
2020-07-01,81.1400,82.8200,81.0500,82.3500,2989200,62.8529
2020-07-02,82.8500,83.5000,82.5100,82.6900,1552500,63.1124
2020-07-06,79.3900,80.8800,73.3100,73.5900,26851600,56.1669
2020-07-07,71.7600,74.6500,71.5000,74.2200,12917200,56.6478
2020-07-08,74.0200,75.7100,73.8100,75.2200,6569000,57.4110
2020-07-09,74.6200,74.6700,73.0600,73.7700,6023500,56.3043
2020-07-10,73.3600,74.3900,72.9900,73.5800,4969200,56.1593
2020-07-13,73.6200,74.3400,73.2400,73.6800,5048300,56.2356
2020-07-14,74.0000,74.4800,73.3400,73.9200,4871600,56.4188
2020-07-15,74.6500,75.8300,73.9100,75.4500,5791900,57.5866
2020-07-16,75.4900,77.1700,75.3900,76.9500,4807300,58.7314
2020-07-17,77.1200,79.1000,77.0400,78.5800,4768700,59.9755
2020-07-20,78.1900,78.5000,77.1700,77.5500,3298600,59.1894
2020-07-21,77.7000,78.8900,77.4400,78.2100,3239700,59.6931
2020-07-22,77.9400,79.9300,77.3000,79.5500,4793700,60.7159
2020-07-23,79.6500,81.2300,79.4700,80.5900,4838400,61.5096
2020-07-24,80.7600,81.9300,80.1000,80.4100,4312000,61.3722
2020-07-27,80.5500,81.2100,79.5900,80.2200,2603800,61.2272
2020-07-28,80.2000,82.5200,80.0000,82.0600,4532000,62.6316
2020-07-29,82.1100,82.6800,81.6100,82.2600,2950000,62.7842
2020-07-30,81.9300,82.0700,80.9200,81.5200,3604700,62.2194
2020-07-31,81.6000,82.1900,79.8900,81.0300,4843100,61.8455
2020-08-03,80.7800,80.9800,79.4600,80.3300,2355500,61.3112
2020-08-04,80.1100,81.2400,80.0500,80.8800,3081600,61.7310
2020-08-05,81.0000,81.0000,78.9600,79.7100,2905200,60.8380
2020-08-06,79.3600,79.8800,78.9500,79.6300,2720300,60.7769
2020-08-07,79.2100,81.1000,79.1800,80.6200,3476800,61.5325
2020-08-10,80.7300,80.9200,79.8900,80.1200,3188900,61.1509
2020-08-11,80.3300,80.5200,78.4200,78.5600,3951800,59.9602
2020-08-12,78.8000,80.5100,78.6600,79.5800,3920300,60.7388
2020-08-13,79.0500,79.5800,78.7900,79.3100,2657600,60.5327
2020-08-14,79.2900,79.4700,78.6200,78.8500,2067200,60.1816
2020-08-17,78.4400,79.3000,78.1000,78.6800,2749000,60.0518
2020-08-18,78.6800,79.0100,77.7800,78.1800,3421000,59.6702
2020-08-19,78.3500,78.4800,77.7800,77.9400,2561300,59.4870
2020-08-20,77.6100,78.2900,77.5100,77.7000,2433500,59.3039
2020-08-21,77.7900,78.8200,77.3700,78.6400,3813700,60.0213
2020-08-24,78.7000,79.1500,78.1000,79.1000,2074000,60.3724
2020-08-25,79.2500,79.2500,78.1700,78.5000,2535200,59.9144
2020-08-26,78.0900,78.5100,77.5900,78.0800,2708500,59.5939
2020-08-27,78.4800,78.9100,77.8600,78.0000,3339500,59.5328
2020-08-28,78.0000,78.1700,77.3600,78.0200,2992400,59.5481
2020-08-31,78.0000,79.0000,77.8500,78.4400,4476800,59.8686
2020-09-01,77.6700,78.3400,77.4700,77.8200,3360600,59.3954
2020-09-02,78.0300,80.2000,77.9900,79.6000,3845800,60.7540
2020-09-03,78.8400,79.7500,78.3600,78.9900,4559300,61.0089
2020-09-04,79.1600,79.3900,77.6700,78.4400,3311900,60.5841
2020-09-08,78.2300,78.7200,77.2900,78.2000,3142700,60.3987
2020-09-09,78.8100,80.6300,78.7000,79.6400,5016400,61.5109
2020-09-10,79.2500,79.7000,78.2400,78.7300,3734500,60.8081
2020-09-11,78.9000,79.9900,78.6400,79.6400,3816200,61.5109
2020-09-14,80.0300,81.1400,79.8500,80.7300,3437400,62.3528
2020-09-15,80.9300,82.4100,80.5100,80.9000,3948000,62.4841
2020-09-16,81.0500,82.1500,80.8000,81.6000,3805300,63.0247
2020-09-17,81.2900,82.0200,79.4500,79.8200,5056400,61.6499
2020-09-18,79.1800,80.1500,77.6900,77.9600,6489000,60.2134
2020-09-21,77.7200,78.2900,76.8700,77.9700,6087500,60.2211
2020-09-22,78.0200,79.1500,77.3100,77.5000,4742500,59.8581
2020-09-23,77.4600,77.6700,76.1700,76.2700,5437400,58.9081
2020-09-24,76.1700,77.0400,75.3000,76.3100,3249600,58.9390
2020-09-25,75.8100,77.1100,75.7900,77.0500,2749200,59.5105
2020-09-28,77.1200,78.4200,77.0600,77.2300,3076800,59.6495
2020-09-29,78.3600,78.9000,77.4900,77.8800,3523900,60.1516
2020-09-30,78.4000,79.2300,78.1300,78.9300,3685200,60.9626
2020-10-01,79.0100,79.3800,77.9700,78.5900,4894700,60.6999
2020-10-02,78.3700,80.5500,77.8700,79.8000,3511800,61.6345
2020-10-05,79.6000,80.6900,79.2100,80.0900,2924500,61.8585
2020-10-06,80.3600,81.7600,79.8800,81.1100,3623800,62.6463
2020-10-07,81.2200,81.5000,80.4300,81.0200,2147000,62.5768
2020-10-08,81.1800,82.9700,80.8400,82.0600,3108300,63.3800
2020-10-09,82.3100,82.6300,81.3900,81.7800,2687500,63.1638
2020-10-12,81.7800,82.9900,81.7000,82.4200,2305400,63.6581
2020-10-13,81.8100,82.0500,80.5700,81.5700,3972800,63.0016
2020-10-14,81.8800,82.0000,80.8300,81.0500,1975500,62.6000
2020-10-15,80.0700,81.2800,79.8500,80.8100,2988900,62.4146
2020-10-16,81.0000,82.2300,81.0000,81.4100,3290700,62.8780
2020-10-19,81.6400,81.9900,80.6500,80.9000,2594000,62.4841
2020-10-20,81.4700,81.8500,80.7200,81.0800,3200900,62.6231
2020-10-21,81.2000,81.3000,80.1400,80.2300,3423900,61.9666
2020-10-22,80.2000,81.3100,80.0900,81.1800,2142300,62.7004
2020-10-23,81.6900,81.8900,80.5200,81.1400,2386500,62.6695
2020-10-26,80.4400,82.1200,80.4400,81.7200,4064300,63.1174
2020-10-27,81.5400,83.3000,81.4000,82.4700,4153500,63.6967
2020-10-28,81.2100,82.0000,79.6900,79.8000,3385700,61.6345
2020-10-29,79.8000,82.4400,79.1800,80.9500,5310300,62.5227
2020-10-30,80.4400,81.3600,79.5300,80.3400,3503500,62.0516
2020-11-02,80.9400,82.1400,79.9200,81.6600,3372700,63.0711
2020-11-03,82.7800,84.2500,82.2000,82.9100,4551300,64.0366
2020-11-04,82.9000,85.0900,82.6000,82.7000,3768300,63.8744
2020-11-05,82.2500,84.5500,81.9200,83.1400,4214800,64.2142
2020-11-06,83.3600,84.9900,82.9400,83.7000,4053300,64.6467
2020-11-09,85.1700,86.9500,83.9200,84.0200,4782800,64.8939
2020-11-10,84.5800,85.9900,84.1500,85.7600,4427400,66.2378
2020-11-11,86.0000,86.8300,85.2400,85.6800,2602300,66.1760
2020-11-12,85.2700,85.5900,83.8000,84.5800,3587200,65.3264
2020-11-13,85.1700,85.7100,84.7200,84.9300,2774700,65.5967
2020-11-16,86.0000,86.2300,85.1000,86.0700,3697000,66.4772
2020-11-17,85.3300,86.1400,84.0900,84.1700,3818100,65.0097
2020-11-18,84.4800,84.5000,81.0200,81.2100,5083700,62.7235
2020-11-19,80.9000,81.0000,79.4700,79.7600,6147900,61.6036
2020-11-20,79.6900,80.5500,78.5500,78.6500,4928100,60.7463
2020-11-23,78.8700,79.5700,78.3400,79.0500,5783300,61.0552
2020-11-24,79.6900,79.9800,79.0900,79.3800,5260000,61.3101
2020-11-25,79.8300,80.1200,78.3500,79.4100,3886600,61.3333
2020-11-27,79.4200,79.5700,78.3800,79.0400,2053400,61.0475
2020-11-30,78.8800,79.8100,78.4000,78.4900,8418300,60.6227
2020-12-01,79.2500,81.1100,79.0900,80.1600,6360500,61.9126
2020-12-02,80.0400,80.6600,79.4200,80.2800,3670000,62.0052
2020-12-03,79.4200,79.6500,78.2400,78.4000,3452700,61.0321
2020-12-04,78.4500,78.7700,75.7700,75.8800,6237400,59.0704
2020-12-07,75.6800,76.3600,75.3500,76.1400,6291000,59.2728
2020-12-08,75.6200,75.8000,74.5900,74.7500,8752100,58.1907
2020-12-09,74.6100,74.8400,73.1600,74.3000,8010900,57.8404
2020-12-10,75.0100,75.3000,73.9600,74.3200,6424300,57.8560
2020-12-11,73.9100,75.0400,73.9100,74.9100,3893100,58.3153
2020-12-14,75.3800,75.5200,74.3800,74.4700,4153900,57.9728
2020-12-15,75.0900,75.6900,74.5200,75.4800,3917300,58.7590
2020-12-16,76.2700,76.7700,75.1500,75.1700,4752300,58.5177
2020-12-17,76.1400,76.6900,75.7300,75.9300,4450400,59.1093
2020-12-18,75.6300,76.1600,75.0700,75.3700,15175400,58.6734
2020-12-21,74.5700,74.8000,73.8200,74.5200,6991200,58.0117
2020-12-22,74.5100,74.5600,73.3900,73.5000,6252500,57.2176
2020-12-23,74.0000,74.8700,73.8700,74.0400,2757400,57.6380
2020-12-24,74.0400,74.3100,73.5400,74.2300,1065000,57.7859
2020-12-28,74.5000,74.7200,73.5300,73.7000,3165700,57.3733
2020-12-29,73.9600,74.4600,73.4800,73.8800,3718700,57.5135
2020-12-30,73.6400,74.3400,73.5100,74.0600,1929200,57.6536
2020-12-31,73.9900,75.2800,73.8600,75.2000,2392500,58.5410
2021-01-04,75.0600,75.0600,73.4700,73.8900,2975500,57.5212
2021-01-05,74.1000,74.2000,72.6600,73.0000,3466900,56.8284
2021-01-06,73.5300,75.4800,72.9000,74.5600,4112100,58.0428
2021-01-07,74.5900,74.8000,72.9600,72.9600,4126600,56.7973
2021-01-08,73.2900,73.3400,72.6400,73.2000,3476800,56.9841
2021-01-11,72.9900,73.4300,72.0300,72.6700,2949800,56.5715
2021-01-12,72.9000,73.0000,70.8200,71.5300,3801200,55.6841
2021-01-13,71.7500,72.5900,71.2700,72.2400,4364100,56.2368
2021-01-14,72.2900,72.3100,71.0000,71.0200,3461300,55.2870
2021-01-15,71.0000,72.2800,70.7000,72.0800,3407400,56.1122
2021-01-19,72.2000,72.2000,70.9400,70.9600,3670800,55.2403
2021-01-20,70.7000,71.7400,70.4600,71.5800,3552000,55.7230
2021-01-21,71.3600,72.0200,70.9600,71.8000,3185400,55.8942
2021-01-22,71.3500,72.4800,71.2100,72.2900,4152900,56.2757
2021-01-25,72.0600,73.6800,71.9300,73.5600,4057600,57.2643
2021-01-26,73.9200,73.9800,73.0400,73.6400,3393600,57.3266
2021-01-27,73.2500,74.4400,72.7800,73.0800,4657200,56.8907
2021-01-28,73.1400,74.3000,72.6500,72.6700,3124000,56.5715
2021-01-29,72.3900,73.5800,71.8000,72.8900,4330700,56.7428
2021-02-01,73.1500,73.5900,72.4500,72.6800,3480100,56.5793
2021-02-02,72.6700,73.6900,72.1300,72.7700,3922300,56.6493
2021-02-03,72.5000,72.9700,72.3400,72.5700,3054700,56.4937
2021-02-04,72.5500,72.9600,72.1300,72.6900,2171600,56.5871
2021-02-05,72.9400,74.1200,72.5700,73.7400,3011500,57.4045
2021-02-08,73.6400,73.8600,73.2200,73.8300,3008200,57.4745
2021-02-09,73.9900,74.1600,73.0200,73.1100,2308100,56.9140
2021-02-10,73.5700,73.6200,72.6300,73.0900,3749200,56.8985
2021-02-11,73.0100,73.5000,72.7900,73.0600,2751100,56.8751
2021-02-12,72.7200,73.9800,71.6200,71.8700,4866100,55.9487
2021-02-16,71.7900,71.9200,70.8500,71.1300,4528400,55.3727
2021-02-17,71.0400,72.4500,70.9300,72.3900,3557800,56.3535
2021-02-18,72.1600,73.4600,72.0700,72.7100,3668300,56.6026
2021-02-19,72.7600,72.7800,71.0700,71.1500,3310000,55.3882
2021-02-22,71.1400,71.3700,70.4000,71.1700,4908100,55.4038
2021-02-23,71.8300,72.7900,71.3200,72.0400,4621200,56.0811
2021-02-24,71.8700,72.0400,70.9300,71.1700,3799800,55.4038
2021-02-25,71.1700,71.7300,70.5500,70.6300,3678500,54.9834
2021-02-26,70.6900,71.0700,68.1900,68.3200,7575800,53.1852
2021-03-01,69.4100,70.5700,69.2000,69.9300,3971900,54.4385
2021-03-02,70.0000,70.2600,69.0200,69.8000,3995100,54.3373
2021-03-03,69.4000,70.0900,68.7800,69.5800,5016300,54.1660
2021-03-04,68.9500,69.8200,67.8500,68.0000,5721500,53.4197
2021-03-05,68.5500,70.1000,67.8900,69.8600,8083300,54.8809
2021-03-08,70.0000,73.0000,69.7100,72.0000,11148200,56.5621
2021-03-09,72.2000,73.3800,71.9100,72.9400,6027000,57.3005
2021-03-10,72.9500,73.9100,72.7100,73.2100,4858900,57.5126
2021-03-11,72.9000,73.5900,72.3300,72.4300,3147400,56.8999
2021-03-12,72.9100,73.8800,72.6600,73.5400,3476900,57.7719
2021-03-15,73.5100,74.6400,73.5100,74.5400,3213800,58.5575
2021-03-16,74.0800,74.7700,73.8400,74.2900,4107700,58.3611
2021-03-17,74.4000,74.4000,73.1000,73.1700,3756200,57.4812
2021-03-18,73.3500,73.8800,72.7800,73.5000,3115900,57.7404
2021-03-19,73.4700,74.1400,72.7600,73.3500,9090700,57.6226
2021-03-22,73.4000,73.9300,72.9400,73.5000,3366300,57.7404
2021-03-23,73.6100,74.5400,73.3500,74.1800,3245600,58.2746
2021-03-24,73.6400,74.7200,73.5400,74.1600,2379500,58.2589
2021-03-25,74.5300,76.1700,74.2900,75.2200,4310100,59.0917
2021-03-26,75.2200,75.8800,74.5900,75.7800,3613200,59.5316
2021-03-29,75.5400,77.2900,75.5200,76.7000,4223600,60.2543
2021-03-30,76.1800,76.2700,75.1100,75.5300,2661900,59.3352
2021-03-31,75.2200,76.1200,75.1300,75.9600,3447800,59.6730
2021-04-01,75.8400,75.8400,74.8800,75.7200,2630700,59.4844
2021-04-05,75.7100,76.7800,75.6100,76.4100,2915200,60.0265
2021-04-06,76.0500,76.4800,75.6300,76.3800,2448500,60.0029
2021-04-07,76.4100,76.7700,75.8500,76.2200,3060300,59.8772
2021-04-08,76.6300,77.0400,76.1200,76.2100,2624500,59.8694
2021-04-09,76.4500,76.7500,76.0400,76.3000,2075100,59.9401
2021-04-12,76.4500,77.0500,76.1300,76.2600,2396500,59.9087
2021-04-13,76.0000,77.7400,75.8200,77.4700,3527000,60.8592
2021-04-14,77.1700,77.6200,76.8400,77.4200,2946800,60.8199
2021-04-15,77.4100,78.4400,77.2900,78.3100,3683100,61.5191
2021-04-16,78.6800,79.2000,78.5100,78.8900,3645400,61.9748
2021-04-19,79.0200,79.2200,78.2900,78.7400,2956800,61.8569
2021-04-20,78.9300,80.5400,78.6800,80.1100,3981300,62.9332
2021-04-21,80.7500,80.8500,80.0100,80.2000,4597000,63.0038
2021-04-22,79.9800,80.5800,79.3000,79.4200,3076800,62.3911
2021-04-23,79.4000,79.6400,78.9200,79.3800,3283700,62.3597
2021-04-26,79.5300,79.5400,78.5000,78.6800,2671000,61.8098
2021-04-27,78.5000,78.6700,78.0800,78.2900,2290300,61.5034
2021-04-28,78.4800,78.5900,77.6300,77.6400,3464100,60.9928
2021-04-29,77.7900,79.0500,77.7200,79.0200,2992400,62.0769
2021-04-30,79.3300,79.9400,78.8000,79.9000,3238000,62.7682
2021-05-03,79.9000,81.0800,79.7800,80.3700,3100500,63.1374
2021-05-04,80.3100,80.5600,79.0000,79.4100,3691700,62.3832
2021-05-05,79.2500,79.4200,77.4400,77.9500,4167300,61.2363
2021-05-06,78.2200,78.6400,77.5800,78.4800,3356900,61.6527
2021-05-07,78.4900,79.2200,78.0400,78.4500,2670800,61.6291
2021-05-10,78.7100,79.9600,78.3100,79.4600,4243600,62.4225
2021-05-11,79.8400,80.1600,78.3000,78.6300,4544000,61.7705
2021-05-12,78.6100,78.6400,77.0900,77.1400,3249100,60.6000
2021-05-13,77.1500,79.0000,76.8200,78.3800,2797100,61.5741
2021-05-14,78.6500,79.1400,78.0500,78.0700,3334300,61.3306
2021-05-17,78.1800,78.8400,77.6100,77.6700,3120500,61.0163
2021-05-18,77.3100,77.6300,76.8100,77.1600,3807200,60.6157
2021-05-19,77.0200,77.2100,76.2500,76.9800,3388200,60.4743
2021-05-20,77.0700,77.9700,76.7900,77.2400,3390700,60.6785
2021-05-21,77.5000,78.2700,77.3500,78.2300,5472300,61.4562
2021-05-24,78.4700,78.5800,77.0700,77.0900,3695100,60.5607
2021-05-25,76.9800,77.1000,75.4700,76.0100,5383300,59.7123
2021-05-26,75.9500,76.2400,75.4500,75.9500,3428700,59.6651
2021-05-27,75.9400,76.1500,75.3600,75.4900,5900200,59.3038
2021-05-28,75.9400,76.3300,75.7900,76.1400,4708000,59.8144
2021-06-01,76.2600,76.3900,75.0900,75.5500,3410800,59.3509
2021-06-02,75.8300,76.8400,75.5200,76.3900,3554800,60.0108
2021-06-03,75.5500,77.0300,75.3100,76.7100,3859500,60.7633
2021-06-04,76.8900,77.2400,76.3300,76.5200,3357100,60.6128
2021-06-07,76.5000,76.5600,76.0800,76.4100,3111900,60.5257
2021-06-08,76.5900,76.6600,75.2800,75.8100,3616800,60.0504
2021-06-09,76.1000,76.6200,75.8200,76.5000,2882200,60.5969
2021-06-10,76.7100,77.5700,76.4400,77.4500,2936200,61.3495
2021-06-11,77.2600,77.3700,76.7400,77.3200,2205600,61.2465
2021-06-14,77.4100,78.3000,77.2500,78.2700,3320600,61.9990
2021-06-15,78.3000,78.4900,77.9400,78.1200,3630900,61.8802
2021-06-16,78.4000,78.5000,76.4500,76.5000,3916400,60.5969
2021-06-17,76.2700,77.2500,76.0400,76.7800,4510400,60.8187
2021-06-18,76.2500,76.4200,74.7400,74.8200,7225600,59.2662
2021-06-21,75.0100,76.1300,74.5900,75.9000,3640100,60.1217
2021-06-22,75.7300,76.3500,75.5600,75.6500,2734300,59.9237
2021-06-23,75.4300,75.4600,74.2800,74.5500,2482200,59.0523
2021-06-24,74.5400,74.9300,74.1100,74.6100,2854400,59.0998
2021-06-25,74.3500,75.1200,74.2300,75.1100,2468700,59.4959
2021-06-28,75.2900,75.6800,75.0000,75.2400,2047700,59.5989
2021-06-29,74.8000,75.2400,73.3100,73.5100,3312500,58.2285
2021-06-30,73.5700,73.8400,73.2800,73.5700,2818400,58.2761
2021-07-01,73.6900,74.4200,73.1100,74.1100,2501000,58.7038
2021-07-02,74.2900,74.4900,73.6500,74.2100,1831400,58.7830
2021-07-06,74.4600,75.4100,74.0500,75.3900,3562100,59.7177
2021-07-07,75.0400,75.9400,74.8900,75.6400,2281000,59.9157
2021-07-08,75.4600,76.2500,75.3000,75.9500,2527600,60.1613
2021-07-09,76.0500,76.0700,74.9900,75.5500,2163300,59.8444
2021-07-12,75.2500,75.6400,74.8600,75.5500,2327600,59.8444
2021-07-13,75.2700,75.4800,74.3000,74.5000,2066000,59.0127
2021-07-14,74.4200,75.5400,74.1200,75.2400,2661800,59.5989
2021-07-15,75.1100,76.1700,75.0200,76.1400,3210700,60.3118
2021-07-16,76.3600,77.5200,76.0000,77.1600,3401900,61.1198
2021-07-19,77.0000,78.1300,75.1300,75.8600,5314800,60.0900
2021-07-20,76.0000,76.7900,75.4900,75.6700,3701200,59.9395
2021-07-21,75.7600,75.8100,74.6900,74.7200,3022100,59.1870
2021-07-22,74.9700,75.1500,74.2200,74.3900,3317100,58.9256
2021-07-23,74.6000,75.3800,74.2900,75.3200,3353900,59.6622
2021-07-26,75.3100,75.3800,74.6400,75.0900,3190100,59.4801
2021-07-27,75.3300,77.2800,74.7400,76.8300,3188500,60.8584
2021-07-28,76.7900,76.8800,75.2700,75.7400,2358700,59.9949
2021-07-29,75.7000,75.9900,75.0500,75.5100,2053500,59.8128
2021-07-30,75.5000,76.1900,74.6800,74.8700,3339000,59.3058
2021-08-02,75.0000,75.7300,74.8300,75.3500,2779700,59.6860
2021-08-03,75.5300,76.3700,75.1300,75.5000,2697300,59.8048
2021-08-04,75.0000,75.5200,74.4400,75.4700,2835300,59.7811
2021-08-05,75.6500,76.1400,75.1300,76.0800,2519800,60.2643
2021-08-06,76.0000,76.3800,75.6100,76.0000,2974700,60.2009
2021-08-09,75.9900,76.2000,75.3300,76.0000,3031400,60.2009
2021-08-10,76.0500,76.8800,75.7100,76.4400,3931900,60.5494
2021-08-11,76.2400,77.1100,76.1400,76.9300,3919100,60.9376
2021-08-12,76.8200,77.5100,76.7600,77.3600,2914700,61.2782
2021-08-13,77.4700,77.9500,77.1000,77.7100,2552900,61.5554
2021-08-16,77.9300,78.8400,77.7000,78.4600,3083100,62.1495
2021-08-17,78.4600,78.8100,77.8400,78.6200,2245100,62.2762
2021-08-18,78.6200,78.7300,77.5600,77.9800,2903900,61.7693
2021-08-19,78.2500,79.3100,77.8800,79.0600,4125700,62.6248
2021-08-20,79.2400,80.1000,78.6900,80.0500,3742900,63.4090
2021-08-23,79.8900,79.9200,78.9000,78.9800,4145300,62.5614
2021-08-24,78.9900,79.0500,78.3600,78.5400,2860800,62.2129
2021-08-25,78.3500,78.7100,78.0100,78.5600,2622100,62.2287
2021-08-26,78.3600,78.5900,77.8000,78.4500,2170100,62.1416
2021-08-27,78.5600,78.7200,78.0200,78.1900,3143600,61.9356
2021-08-30,78.1900,78.6100,77.8900,78.3000,2147100,62.0228
2021-08-31,77.8800,78.4800,77.4400,77.8400,4361300,61.6584
2021-09-01,77.9100,79.1000,77.8200,78.9800,3128800,62.5614
2021-09-02,78.4800,79.0100,78.4800,78.8900,2073300,62.9926
2021-09-03,78.9000,79.6500,78.1700,78.3800,2134300,62.5853
2021-09-07,78.1000,78.1300,76.4600,76.5200,3647500,61.1002
2021-09-08,76.4000,78.1200,76.1200,77.8400,3233300,62.1542
2021-09-09,77.5800,78.9100,77.3900,78.4600,4458400,62.6492
2021-09-10,78.4100,78.4100,77.0300,77.3000,3323100,61.7230
2021-09-13,77.8100,77.8100,76.3500,76.5400,3133300,61.1161
2021-09-14,76.7100,77.0200,75.9000,76.1500,3191800,60.8047
2021-09-15,75.9600,76.4500,75.5100,75.5500,3028600,60.3256
2021-09-16,75.5000,75.8900,74.6000,74.9300,3522200,59.8306
2021-09-17,74.7500,75.2200,74.0800,74.1200,7592800,59.1838
2021-09-20,74.1100,75.4300,73.8100,74.6000,4545900,59.5671
2021-09-21,74.6100,75.3400,74.1700,74.5100,3216700,59.4952
2021-09-22,74.5500,75.1000,74.0100,74.8400,3363200,59.7587
2021-09-23,75.0000,75.3700,74.1100,74.2600,4030700,59.2956
2021-09-24,74.4000,75.0100,74.1700,74.5800,3087500,59.5511
2021-09-27,74.7300,75.4100,73.7100,73.8100,2901900,58.9363
2021-09-28,73.7100,73.8700,72.8200,73.1400,3233500,58.4013
2021-09-29,73.2000,74.8200,73.0500,74.3500,2614800,59.3675
2021-09-30,74.5900,74.6500,72.9400,73.0200,4305000,58.3055
2021-10-01,73.5700,73.5800,72.1700,72.2900,3803300,57.7226
2021-10-04,72.6600,73.5600,72.2100,73.3500,4042400,58.5690
2021-10-05,73.2800,74.2100,72.7500,72.7800,4861300,58.1138
2021-10-06,72.7300,74.1900,72.3200,74.1700,3602900,59.2237
2021-10-07,74.1100,75.0500,73.8000,73.8500,3015500,58.9682
2021-10-08,73.6600,74.0100,72.6500,72.7000,2960000,58.0499
2021-10-11,72.5200,72.7700,71.8500,72.1200,2782000,57.5868
2021-10-12,72.0900,72.8700,72.0100,72.5200,2200100,57.9062
2021-10-13,72.5200,73.4300,72.1800,73.3700,3123000,58.5849
2021-10-14,73.5000,74.3500,73.2100,73.6500,3112800,58.8085
2021-10-15,73.8300,73.8500,72.9000,73.1000,2719200,58.3693
2021-10-18,72.4400,72.6500,71.6900,71.9600,2981600,57.4591
2021-10-19,73.5600,75.4400,73.2300,75.2200,5127800,60.0621
2021-10-20,75.4600,76.8600,75.3800,76.5900,3394500,61.1561
2021-10-21,76.7700,77.8100,76.6600,77.2900,3777500,61.7150
2021-10-22,77.5400,77.7500,77.0000,77.2900,2150600,61.7150
2021-10-25,77.0000,77.2600,76.4500,76.5000,2253300,61.0842
2021-10-26,76.4600,77.3200,76.2400,76.5900,2477600,61.1561
2021-10-27,76.7700,77.0300,75.9600,75.9900,2406900,60.6770
2021-10-28,76.0400,76.5400,75.8800,76.3400,2453100,60.9564
2021-10-29,76.2300,76.7400,75.6700,75.9300,3050400,60.6291
2021-11-01,75.9300,75.9300,75.2200,75.4100,2390100,60.2138
2021-11-02,75.6100,77.0000,74.8100,75.4900,2722700,60.2777
2021-11-03,75.3300,75.9200,74.7800,75.4800,2326100,60.2697
2021-11-04,75.3700,75.8300,74.5800,75.4400,3459300,60.2378
2021-11-05,75.8900,76.6700,75.5000,76.5300,2588500,61.1082
2021-11-08,76.3900,76.4300,73.3800,74.5800,4094100,59.5511
2021-11-09,74.3900,75.2700,74.1400,74.5800,3425500,59.5511
2021-11-10,74.9300,75.7200,74.8500,75.6800,2825400,60.4294
2021-11-11,75.4500,75.6400,74.7900,75.0700,2780300,59.9424
2021-11-12,75.2400,75.3800,74.7100,74.7400,3213700,59.6789
2021-11-15,74.9500,75.9000,74.5500,75.8800,3156100,60.5891
2021-11-16,75.9500,76.3200,75.3000,75.4100,3825000,60.2138
2021-11-17,75.1200,75.5100,74.5400,75.3500,3046300,60.1659
2021-11-18,75.3900,75.6900,74.9100,75.1900,3325500,60.0382
2021-11-19,75.4100,75.4100,74.1400,74.1900,5532000,59.2397
2021-11-22,73.9800,74.4200,73.4500,74.0400,4119100,59.1199
2021-11-23,74.1900,75.3000,73.8600,74.8200,2482100,59.7427
2021-11-24,74.8600,75.0700,74.3000,74.9000,2374700,59.8066
2021-11-26,74.5900,74.9300,73.5500,73.6700,2021100,58.8245
2021-11-29,74.2700,74.7100,73.5500,74.4200,4182700,59.4233
2021-11-30,74.0000,74.0000,71.1500,71.2000,6593600,56.8522
2021-12-01,71.5700,72.8300,70.8200,70.8500,4009800,56.5728
2021-12-02,70.3700,72.5000,70.3700,71.8400,4081000,57.8779
2021-12-03,72.1800,73.1000,71.2600,73.0400,3673200,58.8447
2021-12-06,73.3900,75.1500,73.2000,74.2900,4774900,59.8517
2021-12-07,74.4000,75.5700,74.1800,75.4600,5676400,60.7943
2021-12-08,75.4600,75.9400,74.8100,75.1300,3491100,60.5285
2021-12-09,75.2800,76.7400,74.8500,76.1900,5358500,61.3825
2021-12-10,76.3200,76.6300,75.7400,75.9600,3111600,61.1972
2021-12-13,75.8600,77.2200,75.5400,76.7500,2629500,61.8336
2021-12-14,76.7400,77.0800,76.1600,76.6000,3261900,61.7128
2021-12-15,76.9200,78.2700,76.5400,78.2000,3235400,63.0018
2021-12-16,78.0000,79.2900,77.9700,78.5700,3252600,63.2999
2021-12-17,78.5100,79.1600,76.5300,76.6300,6600600,61.7370
2021-12-20,75.9900,78.0400,75.8500,77.9600,4520300,62.8085
2021-12-21,78.2900,78.5800,76.8000,77.1400,2395300,62.1479
2021-12-22,76.8200,77.4400,76.5000,77.1500,1717300,62.1559
2021-12-23,77.2500,77.7600,77.0100,77.3400,1851000,62.3090
2021-12-27,77.4600,77.5900,77.0200,77.4300,1430700,62.3815
2021-12-28,77.4300,78.0200,77.4300,77.9100,1236100,62.7682
2021-12-29,78.0000,78.5400,77.8500,78.4200,1517900,63.1791
2021-12-30,78.5700,78.6800,77.9800,78.4700,1752300,63.2194
2021-12-31,78.3500,78.8200,77.9800,78.5600,1975500,63.2919
2022-01-03,78.6600,78.6600,77.3500,78.3500,2348700,63.1227
2022-01-04,78.3800,79.0500,78.0400,78.1000,2872800,62.9213
2022-01-05,78.9900,80.1700,78.4200,79.2100,3971500,63.8155
2022-01-06,79.1700,80.4600,78.9300,79.0600,3460700,63.6947
2022-01-07,78.7600,80.5900,78.3000,80.2100,2762500,64.6212
2022-01-10,80.5500,80.7200,79.5000,79.8300,3073300,64.3150
2022-01-11,80.0000,80.1800,78.5500,79.1300,2921200,63.7511
2022-01-12,78.8600,79.6600,78.5400,79.3200,2344000,63.9042
2022-01-13,78.5400,79.7700,78.4300,79.7500,3052900,64.2506
2022-01-14,79.7500,79.9100,78.8300,79.1700,2580600,63.7833
2022-01-18,78.6900,78.8000,77.6500,78.4600,2722700,63.2113
2022-01-19,78.3600,79.6900,78.1600,79.0300,3681700,63.6705
2022-01-20,78.9200,80.3500,78.9100,79.0900,2982200,63.7188
2022-01-21,79.8400,80.4400,78.9800,79.3100,3831300,63.8961
2022-01-24,79.1000,79.6000,76.8400,78.4800,4992600,63.2274
2022-01-25,77.5100,78.5900,77.2100,77.9800,3195100,62.8246
2022-01-26,77.7500,78.7200,76.8800,77.4600,3538100,62.4057
2022-01-27,78.2300,79.2700,77.7300,78.2100,3137600,63.0099
2022-01-28,78.0800,79.5000,77.4000,79.4600,2686000,64.0169
2022-01-31,78.6500,81.0600,77.9000,80.6600,5568100,64.9837
2022-02-01,80.4700,80.8700,79.3800,80.0300,3626300,64.4762
2022-02-02,79.9700,81.4800,79.5300,81.3200,3496200,65.5155
2022-02-03,81.2500,81.6700,80.6900,81.0100,2371100,65.2657
2022-02-04,80.3200,80.9500,79.4100,80.1800,2404700,64.5970
2022-02-07,80.1200,80.6000,79.5200,80.1700,2227700,64.5890
2022-02-08,80.6100,80.8200,80.1400,80.3300,1971900,64.7179
2022-02-09,80.7800,80.9400,79.9500,80.3200,2219300,64.7098
2022-02-10,79.4100,79.8000,78.0000,78.2500,3727700,63.0421
2022-02-11,78.5900,79.5200,78.2000,79.0800,3108900,63.7108
2022-02-14,79.3800,79.4500,77.8400,78.7500,3595100,63.4450
2022-02-15,79.2400,79.5800,77.8100,78.1700,2428800,62.9777
2022-02-16,78.1300,78.9900,77.7300,78.6700,2518900,63.3805
2022-02-17,78.6900,79.3900,77.8300,79.1400,2843300,63.7591
2022-02-18,78.8100,79.7800,78.4400,79.1500,3557500,63.7672
2022-02-22,79.6400,80.2500,78.6700,79.3700,3478400,63.9444
2022-02-23,79.4600,79.7900,77.5400,77.6400,2623500,62.5507
2022-02-24,77.5200,77.8300,75.7900,77.1600,4151300,62.1640
2022-02-25,78.2100,79.8400,77.9800,79.6900,4573500,64.2023
2022-02-28,79.1300,79.8600,78.7400,79.5300,4773200,64.0733
2022-03-01,79.2400,80.3100,78.4100,79.2900,2857000,63.8800
2022-03-02,79.4000,80.6400,79.3000,80.1600,2605600,64.5809
2022-03-03,79.6300,81.2100,79.6300,80.7200,3608100,65.5786
2022-03-04,80.4100,82.7400,80.0100,82.7000,3630200,67.1871
2022-03-07,82.7500,83.6800,81.9800,83.3500,4188000,67.7152
2022-03-08,83.5000,84.1300,81.5500,81.5600,2993200,66.2610
2022-03-09,82.2300,82.3400,80.7800,81.0000,2768700,65.8060
2022-03-10,80.8600,82.3400,80.3100,82.2100,2518800,66.7891
2022-03-11,82.0500,82.8700,81.8000,82.2600,2462400,66.8297
2022-03-14,82.6600,83.2300,80.7200,81.3200,3121100,66.0660
2022-03-15,82.0000,82.1100,80.5300,81.0200,5470200,65.8223
2022-03-16,80.9200,81.2500,78.5800,80.7600,4869000,65.6111
2022-03-17,81.0500,83.2800,80.8400,82.6900,5911800,67.1790
2022-03-18,82.6800,83.2000,80.9900,81.2700,7643200,66.0254
2022-03-21,81.5900,82.6300,81.4100,81.8300,2681400,66.4803
2022-03-22,82.1400,82.5000,81.0300,81.6600,2196900,66.3422
2022-03-23,81.7600,82.3100,80.9200,81.6300,2449600,66.3179
2022-03-24,81.7100,82.7700,81.4200,82.3000,2215100,66.8622
2022-03-25,83.0000,84.0900,82.3400,83.9700,2730800,68.2189
2022-03-28,83.9800,84.3600,83.2800,84.2400,1633900,68.4383
2022-03-29,84.3000,84.9000,83.6200,84.8900,2673100,68.9663
2022-03-30,84.9900,85.4300,84.5100,85.4300,1942000,69.4051
2022-03-31,85.1900,85.6900,84.7000,84.9700,3618600,69.0313
2022-04-01,84.9000,86.4000,83.9300,86.3300,2736500,70.1362
2022-04-04,85.7800,85.8400,84.4800,85.3500,1819000,69.3401
2022-04-05,85.4700,86.9400,85.1300,86.0900,3303100,69.9413
2022-04-06,86.4600,88.0600,85.6400,87.8400,4223600,71.3630
2022-04-07,87.7600,87.8400,86.8200,87.6600,2472500,71.2168
2022-04-08,88.1300,88.4900,87.3200,88.3800,2368800,71.8017
2022-04-11,88.2800,88.7800,87.2700,87.5200,2921400,71.1030
2022-04-12,87.0500,88.1400,86.6100,87.3900,2843000,70.9974
2022-04-13,87.6300,87.8700,86.5500,87.1900,2562900,70.8349
2022-04-14,87.7400,88.1300,87.3400,87.4000,3310100,71.0055
2022-04-18,88.0100,88.0500,86.2800,86.8300,2758500,70.5425
2022-04-19,87.2200,87.3700,86.3000,86.9700,2644900,70.6562
2022-04-20,87.6200,87.9400,86.7600,86.9900,2893400,70.6724
2022-04-21,86.9600,87.6500,86.4500,86.5500,3583700,70.3150
2022-04-22,86.5500,86.6100,84.8000,84.8900,2641100,68.9663
2022-04-25,85.2200,85.4200,83.1000,84.5600,3843100,68.6983
2022-04-26,84.2000,85.1000,83.5300,83.5700,2854800,67.8940
2022-04-27,83.5600,84.3600,82.7600,83.3800,2763100,67.7396
2022-04-28,83.6400,84.2400,83.0800,83.8700,2944500,68.1377
2022-04-29,83.6800,83.6800,81.5700,81.6400,4137200,66.3260
2022-05-02,81.9800,82.5700,80.2400,81.0500,3109000,65.8466
2022-05-03,81.5500,82.5000,80.7300,81.2300,3123900,65.9929
2022-05-04,81.1500,82.7500,80.8100,82.5100,3719100,67.0328
2022-05-05,82.2600,83.6800,81.5700,83.0400,4926400,67.4634
2022-05-06,82.4800,84.2400,82.0000,84.0200,4843700,68.2595
2022-05-09,83.5500,84.6900,82.3500,83.7700,4319600,68.0564
2022-05-10,83.9300,85.0600,81.0600,81.9600,5273200,66.5860
2022-05-11,81.8300,84.2700,81.5100,83.0200,4543400,67.4471
2022-05-12,83.0000,83.7200,81.6800,82.9000,4057500,67.3496
2022-05-13,83.4500,83.7400,82.1000,83.6100,2626500,67.9265
2022-05-16,83.6000,84.1300,82.9700,83.6900,2810400,67.9914
2022-05-17,83.7600,84.2800,82.1800,84.2500,3492100,68.4464
2022-05-18,84.2500,84.3800,82.4000,82.6600,3928000,67.1547
2022-05-19,82.2900,82.4300,80.8500,82.2100,4932300,66.7891
2022-05-20,82.2000,82.7000,81.2300,82.5400,3471200,67.0572
2022-05-23,83.5000,83.7900,82.2300,83.0700,2821500,67.4878
2022-05-24,83.2300,85.0400,82.4400,84.9200,4772300,68.9907
2022-05-25,84.9200,85.1100,83.9400,84.6600,4603600,68.7795
2022-05-26,85.0400,85.1200,84.4100,84.5800,3501900,68.7145
2022-05-27,84.3300,85.1900,83.6000,85.1600,4116800,69.1857
2022-05-31,84.8300,85.0700,83.6000,84.2200,7050700,68.4220
2022-06-01,84.5000,84.6100,83.2800,83.7100,3969800,68.0077
2022-06-02,83.5100,83.7000,81.5200,83.4800,2696600,68.3664
2022-06-03,83.3200,83.6500,82.6700,82.7100,2108800,67.7358
2022-06-06,82.9900,83.4400,82.6200,82.7300,3090000,67.7522
2022-06-07,82.3900,83.1700,81.9300,83.1000,2860300,68.0552
2022-06-08,82.5600,82.5600,81.0800,81.1900,2240300,66.4910
2022-06-09,81.0200,81.9900,79.3100,79.3400,3075600,64.9759
2022-06-10,78.6600,79.9700,78.2900,79.3100,2974100,64.9514
2022-06-13,78.3200,78.7000,75.9600,76.3200,3461900,62.5027
2022-06-14,76.9000,76.9000,73.2500,74.6000,4899300,61.0941
2022-06-15,75.1400,76.0000,73.8400,74.8800,3870900,61.3234
2022-06-16,73.9000,74.8700,73.3800,74.3800,5482500,60.9139
2022-06-17,74.3300,74.5800,72.6400,73.4100,7815900,60.1195
2022-06-21,73.7100,74.8300,73.3400,74.5800,3381300,61.0777
2022-06-22,74.5000,75.9500,74.5000,75.4200,3872200,61.7656
2022-06-23,75.7500,77.2400,75.7400,77.1500,3097800,63.1824
2022-06-24,77.3900,78.3500,77.1600,78.1400,3332500,63.9932
2022-06-27,77.7300,78.8800,77.4500,78.6200,2358000,64.3863
2022-06-28,78.8500,79.3800,78.4000,78.5300,3420400,64.3126
2022-06-29,78.7800,79.2200,78.6000,79.0200,3078800,64.7139
2022-06-30,78.5800,80.6000,78.3800,79.8100,3498000,65.3608
2022-07-01,80.0400,81.2900,79.4400,81.2400,3847400,66.5319
2022-07-05,81.1300,81.3800,78.0300,79.4300,4957600,65.0496
2022-07-06,79.7800,81.0000,79.2300,80.0300,3357400,65.5410
2022-07-07,80.1500,80.6100,79.7300,79.8200,2623900,65.3690
2022-07-08,79.7600,79.9200,79.1000,79.3800,3174800,65.0087
2022-07-11,79.1900,80.1600,78.9000,79.7800,1636200,65.3363
2022-07-12,79.3300,80.2600,78.5600,79.2500,2562500,64.9022
2022-07-13,78.6900,79.6400,78.4100,78.6600,2708900,64.4191
2022-07-14,77.3300,78.9000,77.1700,78.7700,2111800,64.5091
2022-07-15,79.4300,79.4800,78.0300,79.2000,2851400,64.8613
2022-07-18,78.8200,79.1400,77.9700,78.0100,3132300,63.8867
2022-07-19,78.3500,78.7000,77.7200,77.7800,2884300,63.6983
2022-07-20,77.8200,77.8400,75.7300,75.7700,4937700,62.0522
2022-07-21,75.7400,76.1500,75.2700,75.9600,3262000,62.2078
2022-07-22,76.3700,77.4000,76.1900,77.3500,2065500,63.3462
2022-07-25,77.2000,78.6100,77.0500,78.6000,2697100,64.3699
2022-07-26,78.3800,79.3300,78.0000,79.2500,1799100,64.9022
2022-07-27,78.8600,79.3400,78.5200,79.2000,2164200,64.8613
2022-07-28,79.9000,81.4600,79.4900,81.3200,2849100,66.5975
2022-07-29,81.1200,82.2800,80.8800,81.9800,3470000,67.1380
2022-08-01,81.8700,82.6300,81.1100,82.5400,3156500,67.5966
2022-08-02,82.7900,83.4100,82.1100,82.1600,2651700,67.2854
2022-08-03,82.0400,83.4300,81.0100,83.2000,2664500,68.1371
2022-08-04,83.4000,83.8500,82.7900,82.8900,2977000,67.8832
2022-08-05,82.7600,83.0700,81.5200,82.5700,2529700,67.6211
2022-08-08,82.9900,83.4700,81.2600,81.3900,3383400,66.6548
2022-08-09,81.7500,82.8600,81.6900,82.3800,2407200,67.4656
2022-08-10,82.7500,82.7800,81.2700,82.1400,2758900,67.2690
2022-08-11,82.0000,82.5900,81.4400,81.7600,2695800,66.9578
2022-08-12,82.1800,82.8600,82.1400,82.8300,1845300,67.8341
2022-08-15,83.0000,84.8300,82.6700,84.6500,4459900,69.3246
2022-08-16,84.7200,85.7900,84.4700,85.4500,3642400,69.9798
2022-08-17,85.3000,86.1100,85.0000,85.6200,2124200,70.1190
2022-08-18,85.7700,86.0700,85.2200,85.6500,1678400,70.1435
2022-08-19,85.8800,86.2800,85.2800,85.6200,1904900,70.1190
2022-08-22,85.3500,85.6300,84.2200,84.5700,2088700,69.2591
2022-08-23,84.6600,84.6600,83.4200,83.9300,2002200,68.7349
2022-08-24,84.0300,84.5300,83.6800,84.3100,2859000,69.0461
2022-08-25,84.4100,84.4500,83.6900,84.3000,2571400,69.0379
2022-08-26,84.3800,84.5500,83.0800,83.0800,2788000,68.0388
2022-08-29,82.7400,84.1600,82.2400,83.6100,1865600,68.4729
2022-08-30,83.3700,83.5600,82.0900,82.3400,2783700,67.4328
2022-08-31,82.3600,83.0200,81.7700,81.8000,3381800,66.9905
2022-09-01,81.1100,82.5200,80.9900,82.3600,2038400,68.0045
2022-09-02,82.4400,83.2200,81.6100,81.8300,2682700,67.5669
2022-09-06,82.2300,82.6600,81.2900,81.5000,4410200,67.2944
2022-09-07,82.0000,83.5600,81.9000,83.3900,3443700,68.8550
2022-09-08,83.2800,83.7000,82.6200,82.7700,2871500,68.3430
2022-09-09,83.0000,83.8800,82.5500,83.1600,2595600,68.6651
2022-09-12,83.4800,84.4500,83.3600,84.2000,3700500,69.5238
2022-09-13,83.4800,83.9800,81.9300,82.2400,3051800,67.9054
2022-09-14,82.2500,83.2500,82.1300,82.4400,5389300,68.0706
2022-09-15,82.4900,82.4900,80.7800,80.9200,4921000,66.8155
2022-09-16,80.8600,81.6100,80.6400,80.8200,14132100,66.7329
2022-09-19,80.5500,81.2800,80.0800,81.1800,2518500,67.0302
2022-09-20,80.6600,80.7300,79.4400,80.0300,2819400,66.0806
2022-09-21,80.4000,81.3100,78.9000,78.9300,3615600,65.1724
2022-09-22,78.6300,78.7100,78.0100,78.4400,2964800,64.7678
2022-09-23,77.7000,77.8400,76.7500,77.7500,3493500,64.1980
2022-09-26,77.2700,77.5200,75.1700,75.8400,3212500,62.6210
2022-09-27,76.2100,76.2300,73.9700,74.0300,3817700,61.1264
2022-09-28,74.8500,75.2600,73.9000,74.8600,2956600,61.8118
2022-09-29,74.5700,74.6600,70.9400,71.0600,5208300,58.6741
2022-09-30,71.4600,71.5900,69.0100,69.1100,5927600,57.0640
2022-10-03,70.6200,71.9200,69.8600,71.0900,6405300,58.6989
2022-10-04,71.1200,72.0100,70.7100,71.5000,6024400,59.0374
2022-10-05,70.6200,70.6400,68.4300,69.0100,4912500,56.9814
2022-10-06,68.5600,68.5600,65.8200,65.9600,7388200,54.4631
2022-10-07,65.8400,66.1700,64.0400,64.3900,4691600,53.1667
2022-10-10,64.4000,65.3700,64.1600,64.5000,3888300,53.2575
2022-10-11,64.1500,65.6000,63.8900,64.8300,4155900,53.5300
2022-10-12,64.7100,64.8300,62.5200,62.6600,6378000,51.7383
2022-10-13,61.9800,65.4100,61.7000,65.0400,6225700,53.7034
2022-10-14,65.5800,65.9300,63.9500,64.3100,4577700,53.1007
2022-10-17,65.1600,66.1100,64.7100,65.2800,4322000,53.9016
2022-10-18,66.5500,67.0600,66.2200,66.5400,2904600,54.9420
2022-10-19,65.7000,66.2400,65.0600,65.6900,2415900,54.2401
2022-10-20,65.0300,65.6100,64.1100,64.4100,3300000,53.1832
2022-10-21,64.3300,65.8800,63.9700,65.5300,3607000,54.1080
2022-10-24,66.0000,66.6800,65.3600,66.0100,5847200,54.5043
2022-10-25,66.1500,67.2300,65.8700,66.9200,4108700,55.2557
2022-10-26,67.4100,67.7400,66.5000,67.1200,4203600,55.4209
2022-10-27,67.5100,68.0600,67.0600,67.3700,2762100,55.6273
2022-10-28,67.6700,69.5400,67.2400,69.4100,3065500,57.3117
2022-10-31,70.6800,70.8000,69.3000,69.9700,7312800,57.7741
2022-11-01,70.0200,70.3300,69.4600,69.7200,3780400,57.5677
2022-11-02,69.4800,70.7600,69.0300,69.0400,3134100,57.0062
2022-11-03,68.4300,69.7900,68.2600,69.2300,3770400,57.1631
2022-11-04,67.3300,68.4200,66.3400,67.1300,7620900,55.4291
2022-11-07,65.0600,65.2400,59.6700,62.9400,20566200,51.9694
2022-11-08,63.2900,63.4200,62.2700,62.6200,8069700,51.7052
2022-11-09,60.8200,61.5000,59.9000,60.4200,11129900,49.8887
2022-11-10,61.6900,62.7200,60.6800,62.3700,8582900,51.4988
2022-11-11,62.3000,62.3000,60.9700,61.6600,5615100,50.9126
2022-11-14,61.7700,61.9200,57.9500,57.9600,15961400,47.8575
2022-11-15,58.7400,59.5900,58.3200,58.8800,5575900,48.6171
2022-11-16,58.8000,59.7500,58.8000,59.6100,4158900,49.2199
2022-11-17,58.7000,59.2800,58.1700,58.3700,3660600,48.1960
2022-11-18,58.8000,59.2300,58.4900,59.1600,7368300,48.8483
2022-11-21,59.0500,59.9800,59.0300,59.5400,5112200,49.1621
2022-11-22,59.7900,60.5000,59.6500,60.2500,3578800,49.7483
2022-11-23,60.0700,61.1400,60.0300,61.0300,3608800,50.3924
2022-11-25,61.3900,61.9700,61.2500,61.5300,1702100,50.8052
2022-11-28,61.1000,61.6900,60.4400,60.6200,6469000,50.0538
2022-11-29,60.2600,60.2600,59.4400,59.7700,3895500,49.3520
2022-11-30,59.5900,61.2600,59.1500,61.1100,9257300,50.4584
2022-12-01,60.8200,61.1900,59.9300,60.3700,6435300,50.3983
2022-12-02,59.9200,60.7400,59.7600,60.4700,4440700,50.4818
2022-12-05,60.0000,60.1600,58.8500,59.2700,5548200,49.4800
2022-12-06,59.2500,59.5700,57.4000,58.2500,9698900,48.6285
2022-12-07,57.7100,58.4800,57.6400,58.0000,6346400,48.4198
2022-12-08,58.0500,58.5100,57.4400,58.2900,5615000,48.6619
2022-12-09,58.1800,58.5900,57.8900,58.2800,7960300,48.6535
2022-12-12,58.4500,60.0200,57.2300,59.9800,7001200,50.0727
2022-12-13,60.7100,60.9800,59.0600,59.9800,6679100,50.0727
2022-12-14,60.1800,63.0600,58.7500,59.2700,7844400,49.4800
2022-12-15,59.1200,59.6100,58.4200,58.8400,6976800,49.1210
2022-12-16,58.7000,58.9200,57.1800,58.6200,16155700,48.9374
2022-12-19,58.6900,60.1800,58.5300,59.2500,7089700,49.4633
2022-12-20,59.0800,59.9200,58.9400,59.5800,5518300,49.7388
2022-12-21,59.8600,60.4000,59.6100,60.0500,3962500,50.1312
2022-12-22,59.9000,60.5100,59.2800,60.4900,4147400,50.4985
2022-12-23,60.3300,60.7900,60.0500,60.7900,2855200,50.7490
2022-12-27,60.7900,61.9200,60.5300,61.7800,2955900,51.5754
2022-12-28,61.9700,62.2300,61.3200,61.4600,2869800,51.3083
2022-12-29,61.7800,62.1200,61.4100,61.6400,3121000,51.4585
2022-12-30,61.7400,61.8800,60.4800,61.3200,3553600,51.1914
2023-01-03,61.3200,63.1000,61.1500,62.9700,6226200,52.5689
2023-01-04,63.0000,63.9400,62.8900,63.2100,7016700,52.7692
2023-01-05,62.7200,63.0000,61.3400,61.4600,5700700,51.3083
2023-01-06,62.0900,62.3500,61.2300,61.8700,7520000,51.6506
2023-01-09,61.5400,62.4900,61.4500,61.5900,6622000,51.4168
2023-01-10,61.4400,61.9600,61.2100,61.8300,6264500,51.6172
2023-01-11,61.9300,62.5300,61.7100,62.3800,5578900,52.0763
2023-01-12,62.5800,63.5800,62.2400,62.9100,3715100,52.5188
2023-01-13,62.5700,63.0700,62.1200,62.9200,3581600,52.5271
2023-01-17,62.8200,63.1900,62.2100,62.5200,5112800,52.1932
2023-01-18,62.5500,62.8300,61.6000,61.8100,4663700,51.6005
2023-01-19,61.8300,62.4100,61.3400,62.0100,3748000,51.7674
2023-01-20,61.9600,62.4400,61.5000,62.4200,4146700,52.1097
2023-01-23,62.2800,63.5400,62.1000,62.9700,4109600,52.5689
2023-01-24,63.1100,63.5900,62.2400,62.4800,4898200,52.1598
2023-01-25,62.2100,62.5000,61.7800,62.3200,3118100,52.0262
2023-01-26,62.1800,62.7700,62.0300,62.5800,2718000,52.2433
2023-01-27,62.4100,62.9700,62.3000,62.4500,2375500,52.1347
2023-01-30,62.2900,63.1900,62.2100,62.6900,3799700,52.3351
2023-01-31,63.0600,63.6800,62.3800,63.6400,8194000,53.1282
2023-02-01,63.1500,63.5300,62.2400,63.1000,5232900,52.6774
2023-02-02,63.3100,63.5400,61.9400,62.0000,6472600,51.7591
2023-02-03,61.7700,61.8000,59.0900,60.2500,7882500,50.2981
2023-02-06,60.1700,61.8400,60.0000,61.7400,4223500,51.5420
2023-02-07,61.3200,61.8200,60.8200,61.6000,4446200,51.4252
2023-02-08,59.8300,60.5800,58.3100,59.5700,9473600,49.7305
2023-02-09,59.8000,60.1100,57.7100,57.7300,7762300,48.1944
2023-02-10,58.0700,59.7700,57.8100,59.5400,5022800,49.7054
2023-02-13,59.1600,59.3200,58.4900,58.6400,5977800,48.9541
2023-02-14,58.3500,58.4700,57.5200,58.0600,5495200,48.4699
2023-02-15,57.8300,58.4300,57.7200,58.2500,4260900,48.6285
2023-02-16,57.8500,58.2400,56.9600,58.1000,5425200,48.5033
2023-02-17,58.1500,58.9300,57.6200,58.7000,3907200,49.0042
2023-02-21,58.4300,58.7000,57.8400,58.1000,3668300,48.5033
2023-02-22,58.0900,58.2500,57.4600,57.7100,3605600,48.1777
2023-02-23,57.6700,57.9000,57.0600,57.2900,4171400,47.8271
2023-02-24,57.0300,57.1900,56.2400,57.0000,4915800,47.5849
2023-02-27,57.0000,57.3500,56.1300,56.3300,6682500,47.0256
2023-02-28,56.0500,56.3800,55.3300,55.6200,6158100,46.4329
2023-03-01,55.3400,56.0000,54.3700,54.7400,7611300,45.6983
2023-03-02,53.9700,55.0100,53.7400,54.9900,5276400,46.4741
2023-03-03,55.1200,55.9600,54.7600,55.9400,5971100,47.2770
2023-03-06,55.8600,56.1900,55.7000,55.9700,4681200,47.3023
2023-03-07,55.9200,56.0800,54.3900,54.6600,4625900,46.1952
2023-03-08,54.5800,55.1600,54.3800,54.9600,3424100,46.4487
2023-03-09,54.9400,55.4700,54.1800,54.2700,4231100,45.8656
2023-03-10,54.4000,54.5500,53.0200,53.2100,4088800,44.9697
2023-03-13,53.0200,55.4800,52.9200,54.2000,5463400,45.8064
2023-03-14,54.7800,55.2200,53.9700,54.7100,3980000,46.2375
2023-03-15,54.7100,56.2000,54.2000,55.9100,5175400,47.2516
2023-03-16,55.8400,56.6200,55.4200,55.8800,4467700,47.2263
2023-03-17,55.8200,55.9400,54.9500,55.4000,9392100,46.8206
2023-03-20,55.2400,55.9000,55.0300,55.6200,4195200,47.0065
2023-03-21,55.5200,55.6400,53.3700,54.0900,5097800,45.7135
2023-03-22,53.8800,54.4600,53.2100,53.2100,3737500,44.9697
2023-03-23,53.0300,53.5800,52.0300,52.2200,4159000,44.1331
2023-03-24,52.3100,53.8400,52.1900,53.8300,3059300,45.4937
2023-03-27,54.1700,54.5700,53.9600,54.1300,3958500,45.7473
2023-03-28,53.9600,55.0700,53.7700,54.7200,2750900,46.2459
2023-03-29,55.0000,55.6400,55.0000,55.5800,3121800,46.9727
2023-03-30,55.9100,56.0900,55.4600,55.6900,2824400,47.0657
2023-03-31,55.7200,55.9400,55.3200,55.9100,3466600,47.2516
2023-04-03,56.0000,56.1000,55.0500,55.5700,2973300,46.9643
2023-04-04,55.7600,56.4200,55.3600,56.3100,2980700,47.5897
2023-04-05,56.6500,57.8000,56.4500,57.4100,3979000,48.5193
2023-04-06,57.8100,58.1400,57.2200,58.0600,3198000,49.0687
2023-04-10,57.5100,58.0700,57.1200,57.9600,2741400,48.9842
2023-04-11,58.0000,58.3400,57.7500,58.0800,2299600,49.0856
2023-04-12,58.2000,58.5600,57.6300,57.8900,2112100,48.9250
2023-04-13,57.6800,58.5600,57.0900,58.3600,2897000,49.3222
2023-04-14,58.1200,58.1500,57.6100,57.9300,2640700,48.9588
2023-04-17,58.1900,58.6900,57.8300,58.6800,3825200,49.5926
2023-04-18,58.6400,58.6400,57.2500,57.3600,4119300,48.4771
2023-04-19,57.3600,57.8000,57.0000,57.4300,4554400,48.5362
2023-04-20,57.4800,57.6200,56.2800,57.2100,6056300,48.3503
2023-04-21,57.6800,57.8900,56.9600,57.7100,3224000,48.7729
2023-04-24,57.8000,57.8800,56.9300,57.5200,4724700,48.6123
2023-04-25,57.7100,57.8700,57.1600,57.3100,3014500,48.4348
2023-04-26,56.9000,57.1800,56.0700,56.1200,3119200,47.4291
2023-04-27,56.0700,57.4100,56.0400,57.3500,2832400,48.4686
2023-04-28,57.3700,57.9000,56.8400,57.1400,3129000,48.2911
2023-05-01,56.9600,57.6500,56.8100,57.1200,3699300,48.2742
2023-05-02,57.1000,57.2200,55.1400,55.5300,4039900,46.9305
2023-05-03,55.9500,56.7500,55.6300,55.7600,3482900,47.1248
2023-05-04,56.0800,56.8200,55.5100,56.5700,3673700,47.8094
2023-05-05,56.4300,57.2000,55.3700,56.4900,4139700,47.7418
2023-05-08,56.5300,57.2700,56.1400,56.5000,3764600,47.7503
2023-05-09,56.4500,56.9600,55.8200,56.5000,3449100,47.7503
2023-05-10,56.9300,57.0200,55.8700,56.3500,3730100,47.6235
2023-05-11,56.3900,56.4300,55.1300,55.4600,3379600,46.8713
2023-05-12,55.8200,56.0600,54.9100,55.1900,2475200,46.6431
2023-05-15,55.4100,55.4100,54.3300,54.7700,2941500,46.2882
2023-05-16,54.7600,54.7600,52.8300,52.8400,3264900,44.6571
2023-05-17,52.9500,53.5500,52.8800,53.2200,4057900,44.9782
2023-05-18,52.8500,52.9000,52.0100,52.6800,4886800,44.5218
2023-05-19,53.0200,53.2600,52.1100,52.1200,4237000,44.0485
2023-05-22,52.2800,52.4600,51.6900,52.1600,3781500,44.0824
2023-05-23,52.0000,52.9300,51.9500,52.2900,3087400,44.1922
2023-05-24,52.2900,52.6400,51.3000,51.3100,3049700,43.3640
2023-05-25,51.1800,51.1800,49.7600,50.4300,4344500,42.6203
2023-05-26,50.2900,50.4000,49.5600,49.8600,3753500,42.1385
2023-05-30,49.9500,50.2000,49.4800,49.7400,4130700,42.0371
2023-05-31,49.7800,50.5300,49.3900,50.2800,4871900,42.4935
2023-06-01,49.5700,49.7600,48.4800,49.0200,4421800,41.9864
2023-06-02,48.8700,49.9600,48.6700,49.8600,4539400,42.7059
2023-06-05,50.4200,51.1900,50.1600,50.5000,4071500,43.2541
2023-06-06,50.8300,51.6800,50.5400,51.6200,5817300,44.2134
2023-06-07,51.9200,53.3700,51.1000,53.0500,7075900,45.4382
2023-06-08,52.9600,53.3700,52.1700,53.2900,5877300,45.6438
2023-06-09,53.3800,53.6600,53.0300,53.0900,3968700,45.4725
2023-06-12,53.1100,53.1400,52.2800,52.5000,3970300,44.9671
2023-06-13,52.1700,52.7400,51.9000,52.3800,3428000,44.8643
2023-06-14,52.6900,53.3600,52.3900,52.5600,3308600,45.0185
2023-06-15,52.8800,53.0700,52.4500,52.8700,3833200,45.2840
2023-06-16,53.1800,54.0500,53.0600,53.3300,9868200,45.6780
2023-06-20,53.3300,53.8900,52.7900,53.1700,4952600,45.5410
2023-06-21,53.0000,53.4600,52.1900,53.2900,3324500,45.6438
2023-06-22,53.5400,53.6100,52.8200,53.0000,3627700,45.3954
2023-06-23,53.2500,53.2500,51.6600,51.8200,6304600,44.3847
2023-06-26,51.9100,52.8100,51.6100,52.7900,3592600,45.2155
2023-06-27,52.8400,53.0000,52.4100,52.5100,3675600,44.9757
2023-06-28,52.5400,52.6300,51.4500,51.6600,3966100,44.2476
2023-06-29,51.2100,52.0700,50.9600,51.8200,2677300,44.3847
2023-06-30,51.1800,52.2100,51.0700,51.7900,6055700,44.3590
2023-07-03,51.5600,52.6200,51.4200,52.6100,1703800,45.0613
2023-07-05,52.2600,53.5500,52.0500,53.0900,4475600,45.4725
2023-07-06,52.5200,52.7900,51.8500,52.3500,3410100,44.8386
2023-07-07,51.8900,52.8000,51.7900,52.2400,3214400,44.7444
2023-07-10,52.0700,52.1400,51.2900,51.5800,3321900,44.1791
2023-07-11,51.6400,52.0200,50.8800,51.9900,3226700,44.5303
2023-07-12,52.3000,52.9900,52.0600,52.6900,2660600,45.1299
2023-07-13,52.7000,53.1600,52.5900,53.0400,3921500,45.4296
2023-07-14,52.8600,53.1500,52.4700,52.6400,3443000,45.0870
2023-07-17,52.6300,52.6400,51.2900,51.3100,2772700,43.9479
2023-07-18,51.3600,51.9500,50.4400,51.0500,3463900,43.7252
2023-07-19,51.2500,52.4200,51.0500,51.9700,3028800,44.5132
2023-07-20,52.1500,53.1700,51.6000,53.1100,2871800,45.4896
2023-07-21,53.2800,54.1100,53.0900,53.7800,2940400,46.0635
2023-07-24,53.9000,54.2500,53.6600,53.8900,2296500,46.1577
2023-07-25,54.1000,54.3300,53.8000,54.1200,2464000,46.3547
2023-07-26,54.0200,54.7400,53.7500,54.4500,2149900,46.6373
2023-07-27,54.0400,54.3000,53.1700,53.3600,2946500,45.7037
2023-07-28,53.9300,54.1300,53.2500,53.5000,2930400,45.8236
2023-07-31,54.0400,54.2300,53.3300,53.5500,3620300,45.8665
2023-08-01,53.4800,53.6700,52.2800,52.3000,3922800,44.7958
2023-08-02,52.2500,52.8600,52.0800,52.3400,3649700,44.8301
2023-08-03,52.1000,52.2400,50.6300,50.7400,4775400,43.4596
2023-08-04,50.8500,51.0700,48.6300,49.2100,6668700,42.1492
2023-08-07,49.2900,49.7000,48.9700,49.1400,4680400,42.0892
2023-08-08,49.1600,49.2800,48.3200,49.2700,6304100,42.2006
2023-08-09,49.1700,50.2000,49.0400,49.6900,4198300,42.5603
2023-08-10,49.9000,50.2800,49.5300,49.8800,3672400,42.7230
2023-08-11,50.0000,50.3100,49.4900,49.5900,5298300,42.4747
2023-08-14,49.5900,49.6500,48.4800,48.9900,3670600,41.9607
2023-08-15,48.5300,48.5400,47.7400,47.8000,4092300,40.9415
2023-08-16,47.9600,48.4100,47.8500,48.0800,3269400,41.1813
2023-08-17,47.9400,48.8400,47.8400,48.0900,2842200,41.1899
2023-08-18,48.0000,48.6100,47.9700,48.4300,6942700,41.4811
2023-08-21,48.1700,48.2600,47.5000,48.1200,3412200,41.2156
2023-08-22,48.0400,48.1200,47.6300,47.8000,2560800,40.9415
2023-08-23,47.9000,48.0900,47.4100,47.8000,2660700,40.9415
2023-08-24,47.6400,48.6300,47.6000,48.0700,3680400,41.1728
2023-08-25,48.1700,48.8500,48.0100,48.5200,3342500,41.5582
2023-08-28,48.7100,49.0100,48.3700,48.9300,4312700,41.9094
2023-08-29,49.1300,49.6000,48.8300,49.5600,3571700,42.4490
2023-08-30,49.5000,49.6900,49.0500,49.5000,3141600,42.3976
2023-08-31,49.1800,49.5700,48.5300,48.5400,5234500,42.1440
2023-09-01,48.8100,49.1400,47.5000,47.8800,4087500,41.5710
2023-09-05,47.8400,47.9200,46.4100,46.7900,5914500,40.6246
2023-09-06,46.6300,46.7600,45.8400,45.9500,10714900,39.8953
2023-09-07,46.2800,46.6400,45.7900,46.0300,7001600,39.9648
2023-09-08,46.0800,47.1500,45.7700,47.1200,6539800,40.9111
2023-09-11,46.8200,47.3800,46.7400,47.3000,6339400,41.0674
2023-09-12,47.4700,47.7100,46.9900,47.5700,3871800,41.3019
2023-09-13,47.4000,48.0400,47.1400,47.7500,4611600,41.4581
2023-09-14,48.2500,48.5300,47.9400,48.5100,5719800,42.1180
2023-09-15,48.3400,48.9500,48.2400,48.4700,7657500,42.0833
2023-09-18,48.5700,48.9000,48.1000,48.6300,4071900,42.2222
2023-09-19,48.6000,48.7000,47.8200,47.8500,4185300,41.5450
2023-09-20,48.1500,48.9400,47.7400,47.9700,4795300,41.6492
2023-09-21,47.7600,47.9200,47.0400,47.3900,4219500,41.1456
2023-09-22,47.2500,47.8100,47.2500,47.7500,5634800,41.4581
2023-09-25,47.4900,47.9400,46.8600,47.9100,5519700,41.5971
2023-09-26,47.8800,48.0000,46.0200,46.0600,6859200,39.9908
2023-09-27,46.0000,46.0400,44.8700,45.4600,7536700,39.4699
2023-09-28,45.7700,45.8700,44.0800,44.1400,5110500,38.3238
2023-09-29,44.5900,45.1900,44.2100,44.6700,5903900,38.7840
2023-10-02,44.5000,44.5500,41.8800,42.3100,8691900,36.7349
2023-10-03,41.7400,42.7500,41.2000,42.4700,10466400,36.8739
2023-10-04,42.5100,42.8900,41.7400,41.9700,6008400,36.4398
2023-10-05,41.8100,41.8500,40.2800,40.9800,8615900,35.5802
2023-10-06,40.5200,41.8800,39.2400,41.7000,7236600,36.2053
2023-10-09,41.5300,42.1900,41.2700,42.1800,5562800,36.6221
2023-10-10,42.3100,42.8500,41.9700,42.5900,6391700,36.9781
2023-10-11,42.8600,43.0700,42.2800,42.9600,3227500,37.2993
2023-10-12,42.6800,42.8200,41.3500,41.5500,4853700,36.0751
2023-10-13,41.7000,42.4300,41.6000,41.8800,5534900,36.3616
2023-10-16,41.9700,42.3600,40.9800,42.2200,6253400,36.6568
2023-10-17,41.8300,42.6300,41.5600,41.9100,4615200,36.3877
2023-10-18,41.7800,41.9800,40.6600,40.7600,7986600,35.3892
2023-10-19,40.5000,41.3100,40.1900,40.6400,6496900,35.2850
2023-10-20,40.6000,41.0300,40.0100,40.0200,5447500,34.7467
2023-10-23,39.4300,40.1900,39.1800,39.5300,6403900,34.3213
2023-10-24,40.0000,40.5000,39.7000,40.3500,7758800,35.0332
2023-10-25,40.1100,40.6300,39.6000,40.5400,6750500,35.1982
2023-10-26,40.4600,41.3600,40.4600,40.9700,6863800,35.5715
2023-10-27,40.7600,40.8400,40.0000,40.0800,4602900,34.7988
2023-10-30,40.2300,40.6700,39.7000,40.0000,5347000,34.7293
2023-10-31,40.1400,40.3600,39.5400,40.3200,8996000,35.0072
2023-11-01,40.3100,40.5300,39.4400,40.2200,5950400,34.9203
2023-11-02,40.5800,41.2500,40.4400,41.0800,8291700,35.6670
2023-11-03,42.5900,44.0400,41.1600,43.6100,14830600,37.8637
2023-11-06,44.0100,45.8000,43.9500,45.5900,13464500,39.5828
2023-11-07,45.5700,46.0000,45.2800,45.5800,9494700,39.5741
2023-11-08,45.3300,46.0100,45.0000,45.9400,12275500,39.8866
2023-11-09,45.9400,46.2800,44.6000,44.8700,6288900,38.9576
2023-11-10,45.2100,45.3900,44.5100,44.9600,3994600,39.0358
2023-11-13,44.9500,44.9900,44.2500,44.5300,4715000,38.6624
2023-11-14,45.6400,46.6600,45.5700,46.4900,6285500,40.3642
2023-11-15,46.4300,47.6900,46.1500,47.2300,7506600,41.0067
2023-11-16,47.4900,47.8300,46.6600,46.8700,6723000,40.6941
2023-11-17,47.3100,47.3500,46.4000,46.7600,5251100,40.5986
2023-11-20,46.5500,46.8300,45.8800,46.4100,4472700,40.2947
2023-11-21,46.5200,46.7000,46.1000,46.4200,4005400,40.3034
2023-11-22,46.6000,46.7200,45.8600,46.6500,2685200,40.5031
2023-11-24,46.6500,47.1300,46.3500,46.9600,1650300,40.7722
2023-11-27,46.8500,47.1100,46.4300,46.9100,4418600,40.7288
2023-11-28,46.8300,47.4100,46.6300,47.0000,3582200,40.8070
2023-11-29,46.9100,47.3200,46.6100,46.7300,4859800,40.5725
2023-11-30,46.0800,46.2500,45.2100,45.3400,8814200,39.9366
2023-12-01,45.4400,46.7300,45.3700,46.6700,5664600,41.1081
2023-12-04,46.0900,46.6600,45.7000,46.1300,6342800,40.6324
2023-12-05,46.2100,46.4800,45.3500,46.3200,7371400,40.7998
2023-12-06,46.6000,47.5900,46.5100,47.2600,7733600,41.6278
2023-12-07,47.4900,47.5800,46.9600,47.2400,5641000,41.6102
2023-12-08,47.3700,47.6000,47.1800,47.4900,6508800,41.8304
2023-12-11,47.3100,47.8200,47.1600,47.6500,6805200,41.9713
2023-12-12,47.6800,47.6800,47.0600,47.6500,6744700,41.9713
2023-12-13,47.5600,49.5500,47.1600,49.4700,5543000,43.5744
2023-12-14,50.0400,50.7000,48.9800,49.1600,6679600,43.3013
2023-12-15,48.7900,49.3800,48.0600,48.4800,8031000,42.7024
2023-12-18,48.7200,48.9700,48.0900,48.1800,7526300,42.4381
2023-12-19,48.2800,48.6300,47.9500,48.0100,5148200,42.2884
2023-12-20,48.1400,48.2700,47.1600,47.1800,7004900,41.5573
2023-12-21,47.3100,47.4000,46.3400,46.7500,4829100,41.1786
2023-12-22,47.0700,47.7700,46.7600,46.8000,4624300,41.2226
2023-12-26,46.7900,47.2600,46.6300,47.0500,3369200,41.4428
2023-12-27,46.9500,47.0300,46.3000,46.5100,4231300,40.9671
2023-12-28,46.3800,47.2200,46.1800,47.0600,3463900,41.4516
2023-12-29,46.7400,47.1000,46.6300,47.0000,3644300,41.3988
2024-01-02,46.8300,49.0700,46.7600,48.5100,4915900,42.7288
2024-01-03,48.3000,48.6200,47.6300,48.4300,4674300,42.6583
2024-01-04,48.5300,48.5400,48.0500,48.2000,3524800,42.4557
2024-01-05,48.0700,49.0800,47.7500,49.0400,3738600,43.1956
2024-01-08,48.9400,49.3700,48.6300,49.0100,4093200,43.1692
2024-01-09,48.5400,48.8200,48.1700,48.2800,4618700,42.5262
2024-01-10,48.2500,48.3100,47.8800,47.9300,3223800,42.2179
2024-01-11,47.8000,47.9100,46.7500,47.1100,4629300,41.4956
2024-01-12,47.5200,47.8700,47.0000,47.3300,4734200,41.6894
2024-01-16,47.1000,47.3200,46.5000,46.7600,6915300,41.1874
2024-01-17,46.3500,47.0400,45.5800,46.1700,4891400,40.6677
2024-01-18,45.9100,46.0500,44.9300,45.4800,5408300,40.0599
2024-01-19,45.5600,45.5700,44.9300,45.3200,4233300,39.9190
2024-01-22,45.4100,45.8500,45.0200,45.0700,4414000,39.6988
2024-01-23,45.1700,45.3100,44.5500,44.8000,5496700,39.4609
2024-01-24,45.1200,45.2700,44.0400,44.1500,5693400,38.8884
2024-01-25,44.7200,45.2200,44.4300,45.1900,3985700,39.8045
2024-01-26,45.3000,45.7500,45.2400,45.5600,4511800,40.1304
2024-01-29,45.4600,45.8300,45.0200,45.4300,3338700,40.0159
2024-01-30,45.4200,46.0500,45.1000,45.7400,4144700,40.2889
2024-01-31,46.0500,46.3500,45.4800,45.7200,6600700,40.2713
2024-02-01,45.5900,46.7200,45.4000,46.6800,4581900,41.1169
2024-02-02,46.2000,46.4700,45.1600,45.6400,3650000,40.2008
2024-02-05,45.0600,45.2700,44.6400,44.6900,3683700,39.3641
2024-02-06,44.5100,45.2700,44.3400,45.0900,4070700,39.7164
2024-02-07,45.4300,45.4300,44.3400,44.4900,4481000,39.1879
2024-02-08,44.3000,44.4600,43.6700,44.1800,4033900,38.9148
2024-02-09,44.0200,44.7200,43.9100,44.7000,3145000,39.3729
2024-02-12,44.7200,45.4100,44.5700,45.2200,3600900,39.8309
2024-02-13,44.9000,45.1500,43.5300,44.3600,4106700,39.0734
2024-02-14,44.4800,44.9600,44.1600,44.8600,3570300,39.5138
2024-02-15,45.0400,45.8600,44.9200,45.4900,4361900,40.0687
2024-02-16,45.2700,45.8800,44.9600,45.8600,6185200,40.3946
2024-02-20,45.8400,46.3700,45.3100,45.3500,4807900,39.9454
2024-02-21,45.6700,46.3200,45.3300,46.2900,4778100,40.7734
2024-02-22,45.6200,46.9600,44.8700,45.6000,7675500,40.1656
2024-02-23,45.7500,48.0400,45.7500,47.8600,11570900,42.1563
2024-02-26,47.4500,47.5000,46.1600,46.5600,7000100,41.0112
2024-02-27,46.9200,47.8100,46.6600,47.7900,6555300,42.0946
2024-02-28,47.7500,48.4000,47.6200,48.3500,7247500,42.5879
2024-02-29,48.0000,48.2200,47.4400,47.8300,9703600,42.7201
2024-03-01,46.8500,47.0000,44.1700,44.7900,13834300,40.0048
2024-03-04,44.5900,46.9700,44.4900,46.7000,9867900,41.7108
2024-03-05,46.9900,47.8100,45.9900,46.1000,7625000,41.1749
2024-03-06,46.8100,47.4600,46.4300,47.1000,8225400,42.0680
2024-03-07,47.8600,49.2100,47.8500,47.9900,9605600,42.8630
2024-03-08,47.9900,48.3800,47.6000,48.0000,4393400,42.8719
2024-03-11,47.7900,48.1700,47.4700,47.6400,4644000,42.5504
2024-03-12,47.5000,48.0200,46.9200,46.9800,4942700,41.9609
2024-03-13,47.2300,48.2000,47.2300,48.0700,7598800,42.9344
2024-03-14,47.9300,48.0800,47.2300,47.6100,7035300,42.5236
2024-03-15,47.5000,48.3400,47.4200,47.8400,11847800,42.7290
2024-03-18,47.9500,48.8000,47.7000,48.5100,8115600,43.3274
2024-03-19,48.6000,48.9100,48.3400,48.5100,8266800,43.3274
2024-03-20,48.4500,48.5800,47.7700,48.1600,4506500,43.0148
2024-03-21,48.2500,49.0700,48.0200,48.5000,5090600,43.3185
2024-03-22,48.7400,48.7600,48.1600,48.3200,3857300,43.1577
2024-03-25,48.2800,48.3800,47.8800,48.2500,3960700,43.0952
2024-03-26,48.1000,48.2700,46.5600,46.6800,8490500,41.6929
2024-03-27,46.8300,48.5500,46.6400,48.5200,6547100,43.3363
2024-03-28,48.6500,49.3500,48.4400,49.1900,5401400,43.9348
2024-04-01,49.1100,49.2400,48.3700,49.1600,4255000,43.9080
2024-04-02,49.0000,49.3500,48.4800,48.7200,3771400,43.5150
2024-04-03,48.8100,49.1700,48.4100,48.6300,3553900,43.4346
2024-04-04,49.1900,49.2500,48.1600,48.6500,6326800,43.4525
2024-04-05,48.4600,48.7900,47.9600,48.5700,3825900,43.3810
2024-04-08,48.6100,49.1200,48.4100,48.7800,2656900,43.5686
2024-04-09,48.9800,49.5900,48.7300,49.5500,4358700,44.2563
2024-04-10,48.3500,48.9700,47.6900,48.8000,4737100,43.5864
2024-04-11,49.1400,49.2000,48.3900,49.0200,3753100,43.7829
2024-04-12,49.2500,49.4500,48.3900,48.9100,5523700,43.6847
2024-04-15,49.1000,49.5400,47.9100,47.9200,4414100,42.8004
2024-04-16,47.8500,47.8500,46.6200,46.8600,3467500,41.8537
2024-04-17,47.3300,48.4300,47.1500,48.3200,3124800,43.1577
2024-04-18,48.6100,48.8100,48.1700,48.5700,2822700,43.3810
2024-04-19,48.8100,49.9800,48.6800,49.8400,4112400,44.5153
2024-04-22,49.6600,50.6700,49.4300,50.6300,4257200,45.2209
2024-04-23,50.3600,51.1100,50.2400,50.6700,4636500,45.2566
2024-04-24,50.0100,51.3600,49.6200,51.2300,3538300,45.7568
2024-04-25,51.0200,51.2200,50.3500,50.9700,4517600,45.5246
2024-04-26,51.0000,51.2200,50.2000,50.4500,3477100,45.0602
2024-04-29,50.7700,51.3900,50.6900,51.1400,2603800,45.6764
2024-04-30,50.6300,51.5000,50.2100,50.9800,4741100,45.5335
2024-05-01,50.9300,52.0900,49.9300,51.1500,7031600,45.6854
2024-05-02,52.1600,52.3900,50.6800,51.1600,4651600,45.6943
2024-05-03,51.6700,51.8500,50.6600,51.4000,3741800,45.9087
2024-05-06,51.5800,51.6500,51.0400,51.4100,3001000,45.9176
2024-05-07,51.8100,52.2400,51.5800,52.1200,3547600,46.5517
2024-05-08,51.9000,52.2300,51.5300,52.1500,3172600,46.5785
2024-05-09,52.2400,53.1000,51.9300,52.8400,3716000,47.1948
2024-05-10,53.5000,53.6700,52.7500,53.0700,5043400,47.4002
2024-05-13,53.0000,53.3600,52.4800,53.0400,5545600,47.3734
2024-05-14,53.3200,53.3600,52.6700,52.8400,3459600,47.1948
2024-05-15,53.3700,53.4700,53.0300,53.2200,4123200,47.5342
2024-05-16,53.3100,53.5600,53.1900,53.3000,2709600,47.6057
2024-05-17,53.3900,53.5900,53.0700,53.5000,2898100,47.7843
2024-05-20,53.6600,53.9200,53.2400,53.7800,3654100,48.0344
2024-05-21,53.8700,54.2300,53.5100,53.9400,3389600,48.1773
2024-05-22,53.7600,53.9100,53.4100,53.5000,4214200,47.7843
2024-05-23,53.1000,53.3500,52.4100,52.5400,3438200,46.9269
2024-05-24,52.7600,52.8300,52.5000,52.7900,2134100,47.1502
2024-05-28,52.7000,53.3100,52.5800,52.8900,4443100,47.2395
2024-05-29,52.3300,52.4400,52.1100,52.4400,5227200,46.8375
2024-05-30,52.6500,53.5600,52.4600,53.5000,5371700,47.7843
2024-05-31,52.9500,53.9800,52.7700,53.9200,8083400,48.7683
2024-06-03,53.8100,54.0700,53.3300,53.6700,5037000,48.5422
2024-06-04,53.4200,53.7200,53.0900,53.2800,4399100,48.1895
2024-06-05,52.9900,53.1400,52.4400,52.5200,3437300,47.5021
2024-06-06,52.3000,53.0500,52.1800,52.2700,3399800,47.2760
2024-06-07,51.7000,52.0100,51.3600,51.4400,4802600,46.5253
2024-06-10,51.2600,51.6600,50.7500,51.4600,4894400,46.5434
2024-06-11,51.1000,51.8500,50.9600,51.5300,4103000,46.6067
2024-06-12,52.1100,52.2200,50.6400,50.8000,3497700,45.9464
2024-06-13,50.8100,51.1300,50.4000,50.6900,2948200,45.8470
2024-06-14,50.4000,50.6500,50.0200,50.4300,2163900,45.6118
2024-06-17,50.0000,50.0400,49.2100,49.4500,6136000,44.7254
2024-06-18,49.4500,49.7600,49.1800,49.4200,3827900,44.6983
2024-06-20,49.7000,50.3800,49.5000,49.8100,3887700,45.0510
2024-06-21,49.9500,50.0400,49.1400,49.2100,6341700,44.5084
2024-06-24,49.2500,49.9500,49.1100,49.9000,4045800,45.1324
2024-06-25,49.7000,49.9500,49.0900,49.1900,2629400,44.4903
2024-06-26,49.0000,49.3900,48.6600,49.2500,2823500,44.5445
2024-06-27,49.2400,49.6400,49.0100,49.6100,2823700,44.8701
2024-06-28,49.5000,49.6100,48.4700,49.0000,6707000,44.3184
2024-07-01,49.0900,49.4000,47.9900,48.0100,3525900,43.4230
2024-07-02,48.1500,48.6300,48.0300,48.5400,3012100,43.9024
2024-07-03,48.7800,49.4500,48.5600,49.2100,2091900,44.5084
2024-07-05,49.2100,49.2700,48.7500,49.1100,2380900,44.4179
2024-07-08,49.1100,49.4300,48.8800,49.3300,3086100,44.6169
2024-07-09,49.2100,49.9300,49.0300,49.4800,2695700,44.7526
2024-07-10,49.6700,49.7900,49.1800,49.7500,2046600,44.9968
2024-07-11,50.1400,51.7300,49.9500,51.6300,3766900,46.6971
2024-07-12,51.7500,52.3400,51.5200,51.9700,3423600,47.0047
2024-07-15,51.8200,51.8200,50.7000,51.0300,2796500,46.1545
2024-07-16,51.2300,51.7400,51.1600,51.2900,2592900,46.3896
2024-07-17,51.5500,52.5600,51.2900,52.0400,4046300,47.0680
2024-07-18,51.6500,52.4600,51.5200,51.5700,2896100,46.6429
2024-07-19,51.8200,51.8200,50.9600,51.4100,2680000,46.4982
2024-07-22,51.5800,51.9200,51.3200,51.8000,2509100,46.8509
2024-07-23,51.6400,51.7400,50.6800,50.7200,4193500,45.8741
2024-07-24,51.2300,52.3000,50.6700,52.1300,4168800,47.1494
2024-07-25,52.4400,53.2400,51.9900,52.3000,3806300,47.3031
2024-07-26,52.5200,52.9700,52.3000,52.7000,2994100,47.6649
2024-07-29,52.7800,53.1100,52.2100,52.9100,2063100,47.8549
2024-07-30,52.8600,53.3200,52.6500,53.2100,2541100,48.1262
2024-07-31,53.3400,53.4700,52.7300,53.4600,6131100,48.3523
2024-08-01,53.5900,55.6600,52.8700,55.4400,5732900,50.1431
2024-08-02,56.0800,57.6000,55.0100,56.0800,5501200,50.7220
2024-08-05,56.2700,56.8400,53.7900,54.0400,5070700,48.8769
2024-08-06,54.1200,54.6300,53.9000,54.1700,5067300,48.9945
2024-08-07,54.3500,55.5700,53.9000,55.0900,4275500,49.8266
2024-08-08,54.5800,55.0800,54.0700,54.1900,3428500,49.0126
2024-08-09,54.2700,54.6400,53.3700,54.4700,2942200,49.2658
2024-08-12,54.5000,54.8000,54.2400,54.7200,2673800,49.4919
2024-08-13,54.8900,55.1900,54.5900,55.0800,3102100,49.8175
2024-08-14,54.9200,56.1400,54.7800,55.5100,4207200,50.2064
2024-08-15,55.1000,55.5000,54.8400,55.2900,3750600,50.0075
2024-08-16,55.5600,56.2200,55.2200,56.0100,3470900,50.6587
2024-08-19,56.0000,56.5700,55.8000,56.2900,2782600,50.9119
2024-08-20,56.2900,56.7800,56.0800,56.3000,2816400,50.9210
2024-08-21,56.3000,56.6200,56.1600,56.4100,1964600,51.0205
2024-08-22,56.5100,56.5600,56.1700,56.4400,1853700,51.0476
2024-08-23,56.6200,56.8300,56.3000,56.4700,2021600,51.0747
2024-08-26,56.6100,56.9600,56.3600,56.5200,2575000,51.1199
2024-08-27,56.4700,56.7100,55.9000,56.0300,2295700,50.6768
2024-08-28,56.1400,56.4200,55.8800,56.1500,4821900,50.7853
2024-08-29,56.1900,56.2100,55.4100,56.1200,3315500,50.7582
2024-08-30,55.5600,56.0100,55.3100,55.9000,5450400,51.1682
2024-09-03,55.6900,57.1500,55.6500,56.7300,4220500,51.9280
2024-09-04,57.1200,57.7300,56.8700,57.4900,3273100,52.6236
2024-09-05,57.9700,58.1300,57.0600,57.3400,2574300,52.4863
2024-09-06,57.4900,57.8600,57.0200,57.1100,2582500,52.2758
2024-09-09,57.1800,57.6400,56.8200,57.3700,4087500,52.5138
2024-09-10,57.6400,58.1100,57.4900,57.7100,2789100,52.8250
2024-09-11,57.4500,57.5800,56.5600,57.2300,4236200,52.3857
2024-09-12,57.2000,57.5500,56.8500,57.1800,3121800,52.3399
2024-09-13,57.4700,58.1800,56.9300,58.1600,2986600,53.2369
2024-09-16,58.4200,58.9400,58.0800,58.5300,3284000,53.5756
2024-09-17,58.4000,58.7200,57.9200,58.3500,3504500,53.4108
2024-09-18,58.2900,58.3500,57.0200,57.4100,2980600,52.5504
2024-09-19,57.2200,57.6700,56.8300,57.4800,4107400,52.6145
2024-09-20,57.7400,57.9900,57.1800,57.9300,9329900,53.0264
2024-09-23,58.0000,58.1800,57.5700,57.8600,4276700,52.9623
2024-09-24,57.4600,58.0600,56.9600,57.0200,5644400,52.1934
2024-09-25,57.3800,57.3800,56.7300,57.2200,5105900,52.3765
2024-09-26,57.1400,57.9000,56.9500,57.1300,4702800,52.2941
2024-09-27,57.3600,57.5600,57.0100,57.1600,3656200,52.3216
2024-09-30,57.4700,57.8000,57.0700,57.7900,3564600,52.8983
2024-10-01,57.6900,58.7300,57.4100,58.2400,4088300,53.3102
2024-10-02,58.0000,58.4500,57.9000,58.3600,2125100,53.4200
2024-10-03,58.4800,58.5900,57.9600,58.0800,2216300,53.1637
2024-10-04,57.4400,58.3100,57.2300,58.2300,2459600,53.3010
2024-10-07,58.0000,58.0200,56.8800,57.0900,2467200,52.2575
2024-10-08,57.4200,57.4400,56.8100,56.8100,3150500,52.0012
2024-10-09,56.7800,57.2300,56.0200,56.3800,2736200,51.6076
2024-10-10,56.5800,56.8600,55.4700,55.4900,5511200,50.7929
2024-10-11,55.4900,56.2900,55.4200,56.2200,3479200,51.4611
2024-10-14,56.1900,56.9900,56.0200,56.9300,3353800,52.1110
2024-10-15,57.2200,58.1600,57.2100,57.6100,3086700,52.7335
2024-10-16,58.7500,60.7200,57.7400,60.5500,8468400,55.4246
2024-10-17,60.5800,60.7300,59.6400,59.7400,4926400,54.6832
2024-10-18,59.7700,60.0000,59.1400,59.9200,4053100,54.8479
2024-10-21,60.1600,60.6700,59.8400,60.0300,3522000,54.9486
2024-10-22,59.4500,60.2000,58.7900,60.0000,4221600,54.9212
2024-10-23,59.9500,60.9300,59.7900,60.9300,2643100,55.7725
2024-10-24,60.9400,61.2600,60.5300,60.7700,2591500,55.6260
2024-10-25,61.0000,61.1600,59.5000,59.5800,3200400,54.5367
2024-10-28,59.9200,60.3900,59.7400,60.1200,2929300,55.0310
2024-10-29,59.8200,59.9100,58.6200,58.6200,4938700,53.6580
2024-10-30,58.8100,59.0600,58.0700,58.4500,4085900,53.5024
2024-10-31,58.7600,59.9600,58.5100,59.5300,5970400,54.4910
2024-11-01,59.9300,61.9700,58.9400,58.9900,8602600,53.9967
2024-11-04,58.4000,58.5500,57.2700,57.6200,6337700,52.7426
2024-11-05,57.4400,58.6600,57.1800,58.5900,3813100,53.6305
2024-11-06,58.2800,58.3500,57.0500,57.0700,5772200,52.2392
2024-11-07,57.4200,57.5800,56.6000,56.6300,5971900,51.8364
2024-11-08,56.6500,58.0800,56.5700,57.7900,5554300,52.8983
2024-11-11,57.8100,58.6700,57.6500,58.1500,2884000,53.2278
2024-11-12,57.9600,58.1000,56.8000,57.0300,4992700,52.2026
2024-11-13,57.5100,57.6500,55.8200,56.5800,6499800,51.7907
2024-11-14,56.7400,57.1100,55.9900,56.1900,4822300,51.4337
2024-11-15,56.2000,57.6600,56.0000,57.6300,5808200,52.7518
2024-11-18,57.2900,58.2400,57.0200,57.7100,4293400,52.8250
2024-11-19,57.4800,57.6800,56.9500,57.5900,4564400,52.7152
2024-11-20,57.6200,57.8900,57.3500,57.8000,2632900,52.9074
2024-11-21,58.0000,58.4300,57.5300,58.3700,3871700,53.4291
2024-11-22,58.6500,58.9200,57.9300,58.1400,4785100,53.2186
2024-11-25,58.5000,58.9700,58.2400,58.5300,5578700,53.5756
2024-11-26,58.5500,59.3400,58.2600,59.1200,4577000,54.1157
2024-11-27,59.5800,60.2700,59.4300,59.7000,5400800,54.6466
2024-11-29,59.1800,59.3900,58.5100,58.7500,2553300,54.3855
2024-12-02,58.7600,58.7600,57.2800,57.3400,5658700,53.0803
2024-12-03,57.7000,57.8800,56.6600,56.6700,8405700,52.4600
2024-12-04,56.4700,56.9200,55.9500,56.3600,4593500,52.1731
2024-12-05,56.4000,57.3800,56.2000,56.9100,5964000,52.6822
2024-12-06,57.0000,57.1100,55.8200,56.0500,3453500,51.8861
2024-12-09,56.0500,56.2600,55.4300,55.5900,6352200,51.4603
2024-12-10,55.3700,55.4100,54.2200,55.0100,5098900,50.9234
2024-12-11,55.0600,55.2100,54.0000,54.2700,4155100,50.2383
2024-12-12,54.4500,54.5100,53.5400,53.8300,6079800,49.8310
2024-12-13,53.8300,54.4400,53.7200,54.0400,2985200,50.0254
2024-12-16,54.0800,54.2900,53.5100,53.5300,3427100,49.5533
2024-12-17,53.1900,53.8200,53.1000,53.5900,3513200,49.6089
2024-12-18,53.5100,53.9000,52.6000,52.6300,5895900,48.7202
2024-12-19,52.6700,53.6000,52.4400,52.9900,4215600,49.0534
2024-12-20,53.0100,53.8200,52.9500,53.6600,8702800,49.6737
2024-12-23,53.5600,53.6800,53.0500,53.6800,4063300,49.6922
2024-12-24,53.3200,53.8200,53.2400,53.7700,1329400,49.7755
2024-12-26,53.5400,53.8700,53.5000,53.7100,1835200,49.7199
2024-12-27,53.3600,54.1000,53.3300,53.9300,2932200,49.9236
2024-12-30,53.7500,54.0300,53.3500,53.8700,3202200,49.8681
2024-12-31,54.0100,54.2600,53.3500,53.8600,2714900,49.8588
2025-01-02,54.2800,54.6100,53.9300,54.4000,3680700,50.3587
2025-01-03,54.7700,54.9500,54.5000,54.7300,3366500,50.6642
2025-01-06,55.1200,55.1200,53.2600,53.6600,3748700,49.6737
2025-01-07,53.8000,54.4600,53.7100,54.0300,3865300,50.0162
2025-01-08,53.9000,54.6500,53.4700,54.6000,4430400,50.5438
2025-01-10,54.4600,54.9400,53.2200,53.3900,4196300,49.4237
2025-01-13,53.4400,53.5500,52.9500,53.4600,3972500,49.4885
2025-01-14,53.5700,53.9300,53.3000,53.6900,4735600,49.7014
2025-01-15,54.4400,54.5600,53.4800,53.6500,4547400,49.6644
2025-01-16,53.5300,55.1300,53.5000,55.0600,4578100,50.9697
2025-01-17,54.9000,55.7100,54.6500,55.2800,4655500,51.1733
2025-01-21,55.6100,56.5800,55.2400,55.9100,5751600,51.7565
2025-01-22,55.7300,55.7300,52.8500,52.9300,5963400,48.9979
2025-01-23,53.2000,53.8700,52.8800,53.2100,5134700,49.2571
2025-01-24,53.0000,53.7200,52.9000,53.4800,4277100,49.5070
2025-01-27,53.9500,55.8200,53.6600,55.7300,6517600,51.5899
2025-01-28,55.5600,56.1300,54.9800,55.3100,4576000,51.2011
2025-01-29,55.3100,56.1300,55.0800,55.1000,3611500,51.0067
2025-01-30,55.6300,56.0000,55.3800,55.8100,3170900,51.6639
2025-01-31,55.6800,55.9100,55.2600,55.5900,4289200,51.4603
2025-02-03,55.1900,56.6900,54.9000,56.3200,3921600,52.1361
2025-02-04,55.7300,55.7300,52.9300,53.9600,9350800,49.9514
2025-02-05,54.6000,54.7600,53.8300,54.1000,6157400,50.0810
2025-02-06,54.2500,54.4500,53.9100,54.3800,3247800,50.3402
2025-02-07,54.1900,54.8800,53.9300,54.6300,3067800,50.5716
2025-02-10,54.5000,55.3400,54.4000,55.3100,4839200,51.2011
2025-02-11,55.1000,55.7600,54.5000,55.7100,5604100,51.5714
2025-02-12,55.2900,56.3700,54.5600,55.9300,5075900,51.7750
2025-02-13,56.1800,57.0000,55.6600,56.7100,4995700,52.4971
2025-02-14,56.9200,56.9900,55.4500,55.5900,3663700,51.4603
2025-02-18,55.5400,55.8500,54.9700,55.6100,3512300,51.4788
2025-02-19,55.7100,55.8600,55.3400,55.6700,4744600,51.5343
2025-02-20,55.5000,56.6400,55.2800,56.3200,4128600,52.1361
2025-02-21,56.2500,57.5400,56.0000,57.4300,5117600,53.1636
2025-02-24,57.6000,57.7000,56.7600,56.8700,4323600,52.6452
2025-02-25,57.4500,57.6400,56.9600,57.4300,3867400,53.1636
2025-02-26,57.2700,57.6500,56.8800,57.1100,4422300,52.8674
2025-02-27,56.9100,57.7900,56.4700,56.4800,5773100,52.2842
2025-02-28,56.4000,56.7900,55.8000,56.6200,7862300,53.0411
2025-03-03,56.5400,57.2100,56.3300,56.8700,6791700,53.2753
2025-03-04,56.9200,57.2500,53.7000,54.3300,8397800,50.8958
2025-03-05,54.0300,54.5300,53.7800,54.1000,4346700,50.6804
2025-03-06,54.0800,54.3500,53.2700,53.6900,3470900,50.2963
2025-03-07,53.7300,55.5400,53.5300,55.2200,6524600,51.7296
2025-03-10,55.4900,57.1300,55.0500,56.5400,6307000,52.9662
2025-03-11,56.6900,56.9700,55.0000,55.1400,4316600,51.6546
2025-03-12,54.5200,54.8000,53.5200,53.7200,5081200,50.3244
2025-03-13,53.9200,54.4000,53.6200,54.0900,3448700,50.6710
2025-03-14,53.9200,54.8000,53.6900,54.6800,5187700,51.2237
2025-03-17,54.7900,55.3300,54.3000,54.7100,4838700,51.2518
2025-03-18,54.4500,54.8000,53.8800,54.7700,4937100,51.3080
2025-03-19,54.7300,55.1700,54.5000,54.9100,4313500,51.4392
2025-03-20,55.0400,55.4500,54.7500,54.9800,3984600,51.5048
2025-03-21,54.8000,55.2800,54.2100,54.5500,7961400,51.1019
2025-03-24,54.3900,55.2300,54.2000,54.3300,4144600,50.8958
2025-03-25,54.1000,54.2400,52.6500,52.8500,5105000,49.5094
2025-03-26,53.1200,54.0100,52.9600,53.8600,3618100,50.4555
2025-03-27,53.9500,54.5800,53.7000,54.4700,5189900,51.0270
2025-03-28,54.8100,55.4000,54.5300,54.9900,3830200,51.5141
2025-03-31,55.4500,56.2900,55.0700,56.0700,7010900,52.5259
2025-04-01,56.1100,56.2800,55.5600,56.2600,4612200,52.7038
2025-04-02,56.5100,56.5600,55.8700,56.2300,3264000,52.6757
2025-04-03,57.0000,57.0500,55.6200,56.2500,7118800,52.6945
2025-04-04,56.9800,56.9900,52.7100,52.7300,8633400,49.3970
2025-04-07,51.5100,52.4000,49.8500,50.8300,7889000,47.6171
2025-04-08,51.1300,51.3300,49.0500,49.6600,9528800,46.5210
2025-04-09,49.2300,52.4200,48.0700,52.2500,9854400,48.9473
2025-04-10,52.2000,52.5800,50.7800,51.9300,5827600,48.6475
2025-04-11,51.9600,53.0200,51.0200,52.7400,5152800,49.4063
2025-04-14,53.0000,54.2600,52.5900,54.1000,4039800,50.6804
2025-04-15,54.2900,54.5000,53.6300,53.6700,4359300,50.2776
2025-04-16,54.1000,54.1000,52.8600,53.0600,6082300,49.7061
2025-04-17,52.6300,53.9800,52.5000,53.1700,8734000,49.8092
2025-04-21,52.9200,53.1600,51.4200,52.0600,3608600,48.7693
2025-04-22,52.6000,53.6600,52.4300,53.4000,4703800,50.0246
2025-04-23,53.2000,54.5000,52.7900,53.3300,5342000,49.9590
2025-04-24,53.0900,53.5900,52.7600,53.3500,3980400,49.9778
2025-04-25,53.2400,53.4500,52.9200,52.9500,5352200,49.6031
2025-04-28,52.9500,53.8400,52.7500,53.7400,3889100,50.3431
2025-04-29,53.4700,54.4800,53.3700,54.3100,5046600,50.8771
2025-04-30,54.3200,54.6200,53.2900,54.3800,6157800,50.9427
2025-05-01,56.6400,57.0200,54.7100,54.8300,7996200,51.3642
2025-05-02,54.9300,55.2900,54.4300,55.0000,7472100,51.5235
2025-05-05,54.8800,54.9300,53.9400,54.4200,4314900,50.9801
2025-05-06,54.5000,55.1100,54.0800,54.6800,4100300,51.2237
2025-05-07,54.5000,55.6900,54.3000,55.1500,4070100,51.6640
2025-05-08,54.8600,55.5500,54.5800,55.0000,4673600,51.5235
2025-05-09,55.0700,55.2900,54.6700,55.0900,3312200,51.6078
2025-05-12,54.6700,55.3900,54.4900,54.8500,5756700,51.3830
2025-05-13,54.8900,54.9800,53.7400,53.8100,5801700,50.4087
2025-05-14,53.5600,54.0200,52.5300,54.0000,7964700,50.5867
2025-05-15,54.0000,55.0800,53.9800,55.0400,5850900,51.5610
2025-05-16,54.9700,55.7900,54.7100,55.7700,4679000,52.2448
2025-05-19,55.4200,56.2100,55.0000,56.2000,6461000,52.6476
2025-05-20,57.3000,58.6400,57.0000,58.0000,11479600,54.3339
2025-05-21,57.6700,57.9300,56.4200,56.5300,7410200,52.9568
2025-05-22,56.1700,56.3200,55.1100,55.6600,5419300,52.1418
2025-05-23,56.0000,56.4700,55.0200,56.2900,5958200,52.7319
2025-05-27,56.6900,56.9400,56.2800,56.7300,5276500,53.1441
2025-05-28,56.7100,56.7700,55.4700,55.8800,6772800,52.3479
2025-05-29,55.2000,56.1100,55.0200,56.0200,4612200,53.1139
2025-05-30,55.8700,56.8800,55.8000,56.6700,9415800,53.7302
2025-06-02,56.3600,57.1800,56.0000,56.7700,4643800,53.8250
2025-06-03,57.0000,57.0700,56.3200,56.6900,4737200,53.7492
2025-06-04,56.7500,56.7900,56.0600,56.0800,5398000,53.1708
2025-06-05,56.1200,56.3300,55.6200,56.0000,4821500,53.0950
2025-06-06,56.3800,56.3800,55.4700,55.7700,4402700,52.8769
2025-06-09,55.7600,56.1700,55.5200,55.6700,5535100,52.7821
2025-06-10,55.6500,55.9300,55.2800,55.6100,5926500,52.7252
2025-06-11,55.4800,55.8600,55.3700,55.5700,5298100,52.6873
2025-06-12,55.5800,55.9800,55.3400,55.9100,4955000,53.0097
2025-06-13,55.9300,56.2700,55.2800,55.5100,4289000,52.6304
2025-06-16,55.7300,56.1700,54.5900,54.7300,4208200,51.8909
2025-06-17,54.6100,54.6700,53.3600,53.7700,11059300,50.9807
2025-06-18,54.0200,54.5100,53.5900,54.1800,10128600,51.3694
2025-06-20,54.2500,54.7800,54.0500,54.2200,14473100,51.4073
2025-06-23,54.4500,56.0000,54.2500,55.8800,9467300,52.9812
2025-06-24,55.7800,56.3900,55.6400,55.9800,7600600,53.0760
2025-06-25,55.8000,55.8400,54.8900,55.2000,4113100,52.3365
2025-06-26,55.0800,55.4100,54.8000,55.1800,5695100,52.3175
2025-06-27,55.6200,56.2300,55.1400,55.8700,6225500,52.9717
2025-06-30,55.5100,56.6100,55.2000,56.5200,6009800,53.5880
2025-07-01,56.6700,57.7100,56.1700,57.6500,5922600,54.6594
2025-07-02,57.5000,58.1700,57.0300,57.4200,7517700,54.4413
2025-07-03,57.2500,57.6100,56.6600,56.8600,3095600,53.9104
2025-07-07,56.7800,57.0000,56.0800,56.4400,4271900,53.5122
2025-07-08,56.0700,56.5000,55.3600,56.3200,4397600,53.3984
2025-07-09,56.4800,57.2300,56.2800,57.1500,2890300,54.1853
2025-07-10,56.6700,58.3200,56.5200,58.1600,3655100,55.1429
2025-07-11,57.5200,57.8400,57.1200,57.3900,4726300,54.4129
2025-07-14,57.3100,57.6500,56.7900,57.2000,3219200,54.2327
2025-07-15,56.9900,57.1100,56.1900,56.5500,2985600,53.6165
2025-07-16,56.5800,57.3600,56.4100,57.1700,4411100,54.2043
2025-07-17,56.9100,57.9700,56.7200,57.6100,3787800,54.6215
2025-07-18,57.7600,58.6800,57.6100,58.0900,5451500,55.0766
2025-07-21,58.1600,58.3500,57.6700,57.6900,4380200,54.6973
2025-07-22,57.8200,58.6300,57.4400,58.5100,4018000,55.4748
2025-07-23,58.5500,58.8700,57.9000,58.2900,5192200,55.2662
2025-07-24,58.3600,59.1400,58.1700,58.7500,3970500,55.7023
2025-07-25,58.7500,58.9800,58.4500,58.7500,2908700,55.7023
2025-07-28,58.6000,58.6900,57.8200,58.0000,2908100,54.9912
2025-07-29,58.1500,58.6900,57.8900,58.6600,2976400,55.6170
2025-07-30,58.6500,59.0000,58.0000,58.2500,4091900,55.2283
2025-07-31,57.7400,58.5100,57.5300,58.4500,9138000,55.4179
2025-08-01,59.0800,60.7800,59.0500,60.4100,7653300,57.2762
2025-08-04,60.6400,61.5800,60.3100,61.1300,6820200,57.9589
2025-08-05,61.3200,61.6700,60.6200,61.0800,10023100,57.9115
2025-08-06,61.2500,61.9000,60.9500,60.9700,5408700,57.8072
2025-08-07,60.8400,61.9800,60.6100,61.7400,5414600,58.5372
2025-08-08,62.0000,62.2600,61.5600,61.8100,3894600,58.6036
2025-08-11,62.0000,62.1700,61.4800,61.4900,4151700,58.3002
2025-08-12,61.4900,61.7700,60.9800,61.3100,3460800,58.1295
2025-08-13,61.5800,62.1500,61.3300,62.1000,4103200,58.8785
2025-08-14,61.8300,61.9900,60.9800,61.1800,3875600,58.0063
2025-08-15,61.3100,61.3200,60.7400,61.1400,6543700,57.9683
2025-08-18,61.2100,61.2700,60.3500,60.4000,2865500,57.2667
2025-08-19,60.5300,61.3300,60.5100,61.3000,2831800,58.1200
2025-08-20,61.5800,62.4600,61.3700,61.5200,3051900,58.3286
2025-08-21,61.2500,61.5700,60.9600,61.2500,2557800,58.0726
2025-08-22,61.5000,62.4200,61.5000,61.9000,4595200,58.6889
2025-08-25,61.2000,61.6900,59.6900,60.1900,9794200,57.0676
2025-08-26,60.2300,60.3000,59.1900,59.8200,6067600,56.7168
2025-08-27,59.9800,60.5000,59.9500,60.3400,3534000,57.2098
2025-08-28,60.4000,60.4100,59.7200,59.8100,3771800,56.7073
2025-08-29,59.7900,60.1900,59.6600,59.9000,4254000,56.7927
2025-09-02,59.5400,59.8000,58.8800,59.1400,3838300,56.0721
2025-09-03,58.8900,59.2200,58.5500,58.9200,4454500,55.8635
2025-09-04,59.4300,59.5700,58.4800,58.7900,5589800,55.7403
2025-09-05,58.2900,58.6000,57.7800,58.1900,4896000,55.8055
2025-09-08,57.9800,58.1600,57.5600,57.9500,5238600,55.5753
2025-09-09,57.8900,58.9600,57.8100,58.8500,5634300,56.4384
2025-09-10,58.5000,59.6000,57.9600,59.4200,7993600,56.9851
2025-09-11,59.1300,60.1100,59.0800,60.0100,4658000,57.5509
2025-09-12,59.7500,60.5400,59.6500,60.0500,3979900,57.5892
2025-09-15,60.0500,60.7500,60.0000,60.5800,6002400,58.0975
2025-09-16,60.4300,60.5500,59.3600,59.4000,4550900,56.9659
2025-09-17,59.6300,59.9800,59.4500,59.6000,3492100,57.1577
2025-09-18,59.1400,60.1200,58.8000,59.7400,4527500,57.2920
2025-09-19,60.0400,60.1900,59.3000,59.8500,9145900,57.3974
2025-09-22,59.9200,60.2900,59.0800,59.8200,6387100,57.3687
2025-09-23,59.7500,61.2100,59.6500,61.1200,4318500,58.6154
2025-09-24,61.0800,61.5200,60.8800,61.0200,4464100,58.5195
2025-09-25,61.0800,61.1200,59.5700,59.6700,4096700,57.2248
2025-09-26,60.0100,60.4300,59.7000,60.3300,3114400,57.8578
2025-09-29,60.5700,61.0700,60.3500,60.9200,3467200,58.4236
2025-09-30,61.0300,61.2100,60.7400,61.1700,2829400,58.6633
2025-10-01,61.3100,61.7500,60.8900,60.9000,3635200,58.4044
2025-10-02,60.5900,61.5800,60.5900,61.0900,3583700,58.5866
2025-10-03,61.1600,62.0500,61.1600,61.5300,4021900,59.0086
2025-10-06,61.6300,61.7800,61.0300,61.5000,5905300,58.9798
2025-10-07,62.0000,62.3700,60.7900,60.8700,9524000,58.3756
2025-10-08,61.2300,61.2500,60.1100,60.5700,5312300,58.0879
2025-10-09,60.8500,61.2300,60.0200,60.2600,4198000,57.7906
2025-10-10,60.4500,61.1500,60.2900,60.9700,3937800,58.4715
2025-10-13,60.7600,61.3900,60.6300,61.3400,2979500,58.8264
2025-10-14,61.4000,61.8600,61.2300,61.5200,4398900,58.9990
2025-10-15,61.7100,61.9700,61.3200,61.6900,4449800,59.1620
2025-10-16,61.7600,62.5200,60.6100,60.6200,5117600,58.1359
2025-10-17,60.6200,60.7400,60.0900,60.5800,4457100,58.0975
2025-10-20,60.9200,61.6600,60.8500,61.4500,3726000,58.9319
2025-10-21,61.6300,61.7500,60.4500,60.8700,3590000,58.3756
2025-10-22,60.8400,61.5800,60.7400,60.9000,3928300,58.4044
2025-10-23,61.3800,61.4000,60.3700,60.6800,3015600,58.1934
2025-10-24,60.9600,61.6700,60.7100,61.0600,3669200,58.5579
2025-10-27,60.8500,61.3500,60.3000,60.8000,4020200,58.3085
2025-10-28,60.9700,60.9900,59.6000,59.6200,4476500,57.1769
2025-10-29,59.5200,59.7500,58.7900,58.9900,4507800,56.5727
2025-10-30,59.1400,60.0100,59.0500,59.5200,5005200,57.0810
2025-10-31,59.7400,60.7400,58.2400,58.6900,7892500,56.2850
2025-11-03,58.3300,58.6700,57.1300,58.4900,5929700,56.0932
2025-11-04,58.7000,59.5500,58.7000,59.3200,6614800,56.8892
2025-11-05,59.5100,60.0800,59.0500,59.6900,7846100,57.2440
2025-11-06,59.7000,60.7200,59.7000,60.5000,5342400,58.0208
2025-11-07,60.6700,61.6100,60.4900,61.5800,5018200,59.0566
2025-11-10,61.2300,61.5000,60.5100,60.8700,4120400,58.3756
2025-11-11,60.9400,61.2900,60.6600,61.2000,3509900,58.6921
2025-11-12,61.1300,61.5100,60.9500,61.3700,2945500,58.8552
2025-11-13,61.0100,61.3800,60.5600,60.8700,4875500,58.3756
2025-11-14,60.9000,61.0900,60.4200,60.5600,4342600,58.0784
2025-11-17,60.7000,61.6100,60.5700,61.5000,4432700,58.9798
2025-11-18,61.6900,62.1800,61.2700,61.4500,7127400,58.9319
2025-11-19,61.5000,61.6000,60.1800,60.1900,5721200,57.7235
2025-11-20,60.5000,61.1100,60.2000,60.8300,4955100,58.3373
2025-11-21,61.1500,62.0100,60.5700,61.4700,5538600,58.9511
2025-11-24,61.4000,62.0400,60.6100,61.6000,8970700,59.0757
2025-11-25,61.7700,62.0900,60.8400,61.5400,6362600,59.0182
2025-11-26,61.8500,62.6300,61.6500,62.5400,3669800,59.9772
2025-11-28,62.6100,62.8700,62.4500,62.7700,2034400,60.1978
2025-12-01,62.7000,62.7100,60.6800,60.8000,7124500,58.3085
2025-12-02,60.9800,60.9800,60.0300,60.3500,6108000,57.8769
2025-12-03,60.5100,60.9100,59.8400,60.0300,7941900,57.5701
2025-12-04,60.0500,60.3700,59.6400,59.8400,7389000,57.3879
2025-12-05,58.9900,59.1400,58.4600,58.4900,7138000,56.7264
2025-12-08,58.6000,59.0000,57.9700,58.4400,5467900,56.6779
2025-12-09,58.7500,59.1600,58.2200,58.4600,4456500,56.6973
2025-12-10,58.4000,58.4400,57.6100,58.0600,6792200,56.3094
2025-12-11,58.0100,58.7300,57.9000,58.1700,6554400,56.4161
2025-12-12,58.2500,59.4200,58.2400,59.3300,7601200,57.5411
2025-12-15,59.4300,59.9400,58.9500,59.8400,6858700,58.0357
2025-12-16,59.8100,59.9500,59.0300,59.3400,7027200,57.5508
2025-12-17,59.4200,60.4100,58.9500,60.1100,9188200,58.2976
2025-12-18,60.3800,60.4700,59.9700,60.1000,11093100,58.2879
2025-12-19,60.2900,60.4800,59.3200,59.4300,10159800,57.6381
2025-12-22,58.4800,58.4900,55.8500,57.2200,18834500,55.4947
2025-12-23,56.9900,58.3100,56.8800,58.1400,8862900,56.3870
2025-12-24,58.1300,59.0100,58.1300,59.0100,3079300,57.2307
2025-12-26,58.8400,59.2700,58.8000,59.2000,4342400,57.4150
2025-12-29,59.2900,59.7300,59.1300,59.2500,6530000,57.4635
2025-12-30,59.1500,59.3700,58.9200,59.0600,4061400,57.2792
2025-12-31,59.0000,59.0900,58.5700,58.5900,3370800,56.8234
