Date,Open,High,Low,Close,Volume,Adj Close
2016-01-04,70.9300,71.2100,70.1600,71.1900,3565500,45.9890
2016-01-05,71.1800,71.8500,70.1800,71.7000,2706800,46.3185
2016-01-06,71.1100,72.1800,70.8700,71.8600,2382800,46.4219
2016-01-07,71.0500,71.7700,70.8900,71.2000,2887800,45.9955
2016-01-08,71.1900,71.6800,70.9100,71.0400,2198000,45.8921
2016-01-11,71.2500,72.0500,71.2000,71.8300,2968900,46.4025
2016-01-12,72.1400,72.2600,70.6000,71.2700,2976200,46.0407
2016-01-13,71.3600,72.3500,71.2900,71.7000,2622700,46.3185
2016-01-14,71.7300,72.8300,71.1600,72.3700,3645200,46.7513
2016-01-15,71.4800,72.3000,71.0200,72.0800,4819000,46.5640
2016-01-19,72.4700,73.3600,72.0900,73.1600,3179800,47.2617
2016-01-20,72.5700,72.9900,70.6500,71.4200,3593300,46.1376
2016-01-21,71.7000,72.1400,70.3500,71.0900,4501400,45.9244
2016-01-22,71.5800,72.2400,70.9500,72.1800,3161400,46.6286
2016-01-25,72.1900,72.2900,71.5200,71.8000,2398600,46.3831
2016-01-26,72.0000,73.2000,71.7400,72.2200,2601300,46.6544
2016-01-27,72.0000,72.8900,71.6600,72.4100,2087000,46.7772
2016-01-28,72.1700,73.9600,71.8300,73.4700,2294000,47.4619
2016-01-29,73.9900,75.4100,73.9300,75.3000,4822400,48.6441
2016-02-01,75.1800,77.6800,75.0200,77.0000,6727100,49.7423
2016-02-02,76.0900,76.9400,76.0300,76.7500,4667000,49.5808
2016-02-03,76.8400,78.7200,76.7600,78.5600,4913300,50.7501
2016-02-04,78.2700,79.0300,77.8800,78.5800,4545900,50.7630
2016-02-05,78.1700,79.2200,77.3500,79.0400,3521900,51.0602
2016-02-08,79.2500,80.1000,78.6000,79.1700,5350600,51.1441
2016-02-09,78.7500,79.8100,78.2400,78.9300,3806500,50.9891
2016-02-10,77.6100,78.5600,76.3900,78.1200,4134400,50.9989
2016-02-11,77.7700,78.3100,76.7700,76.8000,4053600,50.1372
2016-02-12,76.9600,77.3100,75.5100,76.2400,4520400,49.7716
2016-02-16,76.2000,76.4900,75.4500,76.2900,3550200,49.8042
2016-02-17,76.5200,76.5800,75.2700,75.5000,4989500,49.2885
2016-02-18,75.0400,76.6600,74.6900,76.2100,6529600,49.7520
2016-02-19,75.9300,75.9300,74.1900,74.5500,6272100,48.6683
2016-02-22,74.8000,75.2100,74.2600,74.8400,3893700,48.8576
2016-02-23,74.6500,75.1700,74.2300,74.8100,4231900,48.8380
2016-02-24,74.9900,75.4400,74.3400,74.9500,3869500,48.9294
2016-02-25,75.1600,76.4500,74.8400,76.4400,3494100,49.9022
2016-02-26,76.0700,76.3100,73.9500,74.0300,4250900,48.3288
2016-02-29,73.9600,74.9400,73.7900,74.2800,3519500,48.4920
2016-03-01,74.6600,74.7200,72.7000,73.3500,6084700,47.8849
2016-03-02,73.3500,73.8800,72.4800,73.6300,12097000,48.0677
2016-03-03,73.7600,74.4200,72.9400,74.3300,4238000,48.5247
2016-03-04,73.9800,75.5500,73.6700,75.1700,3826800,49.0731
2016-03-07,75.0000,76.2600,74.8200,76.2500,3469800,49.7781
2016-03-08,76.3200,77.3100,75.9000,77.2700,4691500,50.4440
2016-03-09,77.0000,77.8300,76.7000,77.5100,5048700,50.6007
2016-03-10,77.5100,77.8800,76.8400,77.2600,4552800,50.4375
2016-03-11,77.9200,78.1500,77.5100,77.7600,2908900,50.7639
2016-03-14,77.9600,78.0400,77.2100,77.7200,2902300,50.7378
2016-03-15,77.5000,78.2600,77.4400,78.0500,3312300,50.9532
2016-03-16,78.2000,79.0800,77.0800,78.9500,3422100,51.5407
2016-03-17,79.0500,80.2200,78.6800,79.9900,4042000,52.2197
2016-03-18,80.2600,80.4000,79.4200,79.6700,6526800,52.0108
2016-03-21,79.0600,79.9500,78.5500,79.5200,2940600,51.9129
2016-03-22,79.4200,79.8000,78.8400,78.8800,2862800,51.4950
2016-03-23,78.8600,80.0100,78.4300,79.8100,2565700,52.1022
2016-03-24,79.5400,80.1100,79.3300,79.7500,2609500,52.0630
2016-03-28,79.7500,80.3500,79.3100,79.4800,1745700,51.8868
2016-03-29,79.7000,80.4600,79.0600,80.4400,2771700,52.5135
2016-03-30,80.4000,80.5900,79.7800,80.3500,1660100,52.4547
2016-03-31,80.3500,80.7100,79.8100,80.6800,2813000,52.6701
2016-04-01,80.4800,81.3200,80.2800,81.1300,3155300,52.9639
2016-04-04,81.1500,81.3800,80.4000,81.0900,1903400,52.9378
2016-04-05,81.0600,81.3900,79.7700,79.9000,3002200,52.1609
2016-04-06,79.6000,79.7700,78.6700,79.3600,3309100,51.8084
2016-04-07,79.2000,80.0100,79.2000,79.2900,2506900,51.7627
2016-04-08,79.6300,80.3500,79.5400,79.7700,1953700,52.0761
2016-04-11,79.8400,80.1900,79.4300,79.4400,1928300,51.8606
2016-04-12,79.7500,80.3900,79.3500,80.2200,2075300,52.3698
2016-04-13,80.4100,80.4100,79.1300,79.6300,1899900,51.9847
2016-04-14,79.6100,79.7600,79.0600,79.4500,1807800,51.8672
2016-04-15,79.4600,80.1700,79.3400,80.0000,2520800,52.2262
2016-04-18,80.0000,80.4000,79.4900,80.4000,1993500,52.4874
2016-04-19,80.5600,80.6400,79.3100,79.7900,3543500,52.0891
2016-04-20,79.9900,80.2500,78.1300,78.2000,3238200,51.0511
2016-04-21,78.2000,78.2900,76.2100,76.3400,4967100,49.8369
2016-04-22,76.6400,77.1200,76.4300,77.0100,2711600,50.2743
2016-04-25,76.8200,77.1700,76.4300,76.7600,2807400,50.1111
2016-04-26,76.9700,77.2100,76.5300,76.9500,2105200,50.2351
2016-04-27,77.2400,78.5800,77.0100,78.0600,2927600,50.9597
2016-04-28,77.3200,78.4200,77.0200,78.3400,2287000,51.1425
2016-04-29,77.8100,78.8500,77.2400,78.7800,2727400,51.4298
2016-05-02,78.8300,79.6300,78.6800,78.9400,2990200,51.5342
2016-05-03,78.9400,79.6100,78.3700,78.8400,3026800,51.4689
2016-05-04,78.8300,80.6100,78.6400,80.0200,4192400,52.2393
2016-05-05,79.7000,80.7400,79.5400,80.1800,3698400,52.3437
2016-05-06,80.1100,80.1300,78.3600,79.3800,4454200,51.8215
2016-05-09,79.3400,80.4300,79.1400,80.0600,2679100,52.2654
2016-05-10,80.4100,80.5000,79.8400,80.0600,2457800,52.2654
2016-05-11,80.3000,80.5000,79.5500,80.4900,2704400,52.5461
2016-05-12,80.3500,81.2800,79.9100,81.0800,2762300,52.9313
2016-05-13,81.0800,81.1500,80.2700,80.7700,2612500,52.7289
2016-05-16,80.5800,81.0100,80.1600,81.0000,2426500,52.8790
2016-05-17,80.9000,80.9000,79.0600,79.5100,3682100,51.9063
2016-05-18,78.6000,78.6000,76.3600,76.5700,4103700,50.5111
2016-05-19,76.1700,77.0100,75.7200,76.9700,2883000,50.7750
2016-05-20,77.2600,77.2700,76.4700,77.0000,2444600,50.7948
2016-05-23,77.0400,77.1800,76.0800,76.1500,2755000,50.2341
2016-05-24,76.4200,77.0900,76.2300,76.9900,2423600,50.7882
2016-05-25,76.9500,77.1100,76.3500,76.9500,3613400,50.7618
2016-05-26,76.9900,78.0100,76.9900,77.9600,1816700,51.4281
2016-05-27,77.9400,78.1400,77.6000,77.9800,2194200,51.4413
2016-05-31,78.0100,78.3700,77.6800,78.2300,4165000,51.6062
2016-06-01,78.2500,79.0300,78.0000,79.0200,2917000,52.1273
2016-06-02,78.7200,79.0100,77.9600,78.9400,2453100,52.0745
2016-06-03,79.6400,80.4600,79.6200,80.0800,4171000,52.8266
2016-06-06,80.2700,80.4700,79.5700,79.8400,3007800,52.6683
2016-06-07,80.2400,80.4700,79.8300,79.9900,1957700,52.7672
2016-06-08,79.8400,80.5100,79.8400,80.5100,1672300,53.1102
2016-06-09,80.4300,81.4100,80.1300,81.2600,2533700,53.6050
2016-06-10,81.2300,81.6000,80.6200,81.2400,3223000,53.5918
2016-06-13,81.6000,82.0000,81.3300,81.6100,2872000,53.8359
2016-06-14,81.5100,82.4400,81.3000,82.4100,3120300,54.3636
2016-06-15,82.4200,82.5800,81.2800,81.5300,3229000,53.7831
2016-06-16,81.9000,82.7100,81.7000,82.5300,3395900,54.4428
2016-06-17,82.5800,83.0000,81.8700,82.9800,5575900,54.7396
2016-06-20,82.7300,82.9000,81.3200,82.0000,3800800,54.0931
2016-06-21,81.6700,82.5100,81.4800,82.0000,2042600,54.0931
2016-06-22,82.0500,82.1800,81.7300,81.8300,1697700,53.9810
2016-06-23,81.8600,82.0600,81.3600,82.0500,1582700,54.1261
2016-06-24,81.6300,83.2900,81.4100,82.4300,3699300,54.3768
2016-06-27,82.3800,84.1600,82.2900,83.9900,4392800,55.4059
2016-06-28,83.7700,84.0000,83.1200,83.9400,4507000,55.3729
2016-06-29,84.2200,84.5000,83.6600,84.1500,3699800,55.5114
2016-06-30,84.3000,85.7900,84.1400,85.7900,5473100,56.5933
2016-07-01,85.9100,86.1500,84.7700,85.6300,3402700,56.4878
2016-07-05,85.7900,87.0200,85.6100,86.9300,3746900,57.3453
2016-07-06,86.8600,87.3100,86.2900,87.2300,3785900,57.5432
2016-07-07,86.7900,87.0200,84.9400,85.2900,4186600,56.2635
2016-07-08,85.1600,86.0600,84.2200,86.0100,2809900,56.7384
2016-07-11,85.4300,86.1200,84.5800,86.0100,2648500,56.7384
2016-07-12,85.5000,85.7500,84.3700,84.4400,3768900,55.7027
2016-07-13,84.9900,85.2100,84.5100,85.0500,3694900,56.1051
2016-07-14,84.4500,84.9400,84.2000,84.7500,2990600,55.9072
2016-07-15,84.9900,85.2900,84.4500,84.9200,2334400,56.0194
2016-07-18,85.1300,85.6300,85.0000,85.2500,2965400,56.2371
2016-07-19,85.1700,85.4900,84.8200,85.3800,4025300,56.3228
2016-07-20,85.3800,85.4300,84.5800,84.9200,2124900,56.0194
2016-07-21,84.5600,85.5000,84.2300,85.4000,2342500,56.3360
2016-07-22,85.2500,86.5700,85.0000,86.5000,2226900,57.0617
2016-07-25,86.4900,86.7100,86.0300,86.6900,2185600,57.1870
2016-07-26,86.6400,86.8400,85.5600,85.7500,2250000,56.5669
2016-07-27,85.6000,85.6500,84.1500,84.8300,3751700,55.9600
2016-07-28,84.8700,85.4300,84.6400,85.2000,1724800,56.2041
2016-07-29,85.4500,85.9900,85.2100,85.5900,3197300,56.4614
2016-08-01,85.4000,86.0000,85.3300,85.6500,2445500,56.5010
2016-08-02,85.2400,85.7300,84.8100,85.5600,3083400,56.4416
2016-08-03,85.4300,85.5800,84.7000,85.1500,3076800,56.1711
2016-08-04,85.0000,85.5000,84.8000,85.2400,2351700,56.2305
2016-08-05,85.0000,85.0000,84.0500,84.2300,3540200,55.5642
2016-08-08,84.3300,85.1200,83.8500,84.7400,3977500,55.9006
2016-08-09,84.6600,85.0300,84.3600,84.7300,3195900,55.8940
2016-08-10,84.0300,84.5400,83.2800,83.7900,2732100,55.8374
2016-08-11,83.9200,83.9700,83.4600,83.9100,2731400,55.9174
2016-08-12,84.1400,84.3000,83.4500,83.4900,2634700,55.6375
2016-08-15,83.6100,83.8000,81.6100,81.6600,4025600,54.4180
2016-08-16,81.5100,81.5800,80.4100,80.4500,4649000,53.6117
2016-08-17,80.4500,81.8200,79.1500,81.6900,5850900,54.4380
2016-08-18,81.5600,82.7800,81.5200,82.7800,3960500,55.1644
2016-08-19,82.4500,82.5600,81.2300,81.6500,2631900,54.4113
2016-08-22,81.8800,82.2200,81.4900,81.8900,1888000,54.5713
2016-08-23,82.0200,82.3500,81.4300,81.4500,2199400,54.2780
2016-08-24,81.3800,81.7500,80.8000,81.5600,2048600,54.3513
2016-08-25,81.6600,82.0800,81.4500,81.7300,1858300,54.4646
2016-08-26,81.7400,82.1700,79.8200,79.9200,2400700,53.2584
2016-08-29,80.1100,80.6100,80.0700,80.4400,1923400,53.6050
2016-08-30,80.4000,80.7900,79.4000,79.5200,3101000,52.9919
2016-08-31,79.5200,79.7500,79.2200,79.6600,3546200,53.0852
2016-09-01,79.6600,79.8000,79.1300,79.3300,2428600,52.8653
2016-09-02,79.3300,80.2800,79.2200,80.2400,2767600,53.4717
2016-09-06,80.5500,81.2300,80.2400,80.9400,2775900,53.9382
2016-09-07,81.2600,81.2600,80.3800,80.5400,2259600,53.6716
2016-09-08,80.4400,81.0100,80.2700,80.8100,2047100,53.8515
2016-09-09,80.0400,80.2200,77.9200,77.9500,3329500,51.9456
2016-09-12,78.1100,79.5600,77.9000,79.2800,3518400,52.8320
2016-09-13,79.3200,79.4600,78.4400,78.7900,3602400,52.5054
2016-09-14,79.7500,87.7500,78.3800,78.6700,2532000,52.4255
2016-09-15,78.2600,79.1700,78.2600,79.0600,2504100,52.6854
2016-09-16,78.5400,79.6800,78.4500,79.6100,5058200,53.0519
2016-09-19,79.7700,80.5200,79.6500,80.4600,3159600,53.6183
2016-09-20,80.5100,80.8400,80.1700,80.1700,2398900,53.4251
2016-09-21,80.1800,81.9300,80.1700,81.9000,2728100,54.5779
2016-09-22,82.1200,82.6300,81.7600,82.5100,2707300,54.9844
2016-09-23,82.2800,82.7900,82.0000,82.5200,2348800,54.9911
2016-09-26,82.4200,82.6700,81.8600,82.1500,2718100,54.7445
2016-09-27,82.5100,82.8100,81.2900,81.4300,2268300,54.2647
2016-09-28,81.7300,81.7300,80.4400,81.1000,1998200,54.0448
2016-09-29,80.8200,80.8200,79.6800,80.3100,2898900,53.5183
2016-09-30,80.6200,80.9400,79.5100,80.0400,3883000,53.3384
2016-10-03,79.7800,79.8400,78.5300,79.0900,2963200,52.7053
2016-10-04,79.1000,79.4900,77.1100,77.4600,3491900,51.6191
2016-10-05,77.5800,78.3700,76.9300,77.0900,3834200,51.3725
2016-10-06,77.0500,77.9100,76.5400,77.0900,5137600,51.3725
2016-10-07,77.6300,78.2100,76.5200,76.5700,4537400,51.0260
2016-10-10,76.8800,77.3800,76.5400,77.0600,2381500,51.3526
2016-10-11,76.8000,76.8200,75.8100,75.9100,3479400,50.5862
2016-10-12,76.0300,76.8100,76.0000,76.6500,3082400,51.0793
2016-10-13,76.5700,78.4700,76.5700,77.9400,3773600,51.9390
2016-10-14,77.6800,77.9800,77.1800,77.2100,2460500,51.4525
2016-10-17,77.3000,77.8100,77.2400,77.5400,1784500,51.6724
2016-10-18,77.9100,78.2500,76.9500,77.9000,2481500,51.9123
2016-10-19,77.9000,78.2800,77.5000,78.1300,2547400,52.0656
2016-10-20,78.2300,79.0900,77.9700,78.4200,2804000,52.2589
2016-10-21,78.0200,78.2600,77.5500,78.0200,2132800,51.9923
2016-10-24,78.3100,78.6100,77.8100,78.4000,2868100,52.2455
2016-10-25,78.2700,78.8200,78.1500,78.5900,3664500,52.3721
2016-10-26,78.5800,78.9300,78.1200,78.7700,2215100,52.4921
2016-10-27,78.4400,78.7400,77.9400,78.4200,1982500,52.2589
2016-10-28,78.5700,79.0900,78.2800,78.7200,1608800,52.4588
2016-10-31,78.9600,80.4900,78.8000,80.0200,3523900,53.3251
2016-11-01,80.0400,80.0500,78.3400,78.5700,2984600,52.3588
2016-11-02,78.3700,78.4700,76.9300,78.0000,3239100,51.9790
2016-11-03,77.8300,78.3600,77.4000,77.9800,2455300,51.9657
2016-11-04,78.5000,79.1800,77.1800,77.2700,2849400,51.4925
2016-11-07,77.8100,79.1300,76.9000,79.1300,3303900,52.7320
2016-11-08,79.3200,79.9900,79.0000,79.6500,2243200,53.0785
2016-11-09,79.0000,79.0000,77.1500,77.3400,4758400,51.5391
2016-11-10,76.9900,76.9900,73.6900,75.1600,6005000,50.0864
2016-11-11,75.1100,75.9800,74.7500,75.2400,3746000,50.1397
2016-11-14,75.0900,75.1000,73.5800,74.4400,5903000,49.6066
2016-11-15,74.9600,76.3700,74.8600,75.9300,4442000,50.5995
2016-11-16,75.2800,75.5700,73.6900,73.9700,4849300,49.8548
2016-11-17,73.9600,74.5000,73.7500,73.8700,4460100,49.7874
2016-11-18,74.0100,74.2100,73.3400,73.6000,4450500,49.6054
2016-11-21,73.9900,74.5000,73.7800,74.4300,3204300,50.1648
2016-11-22,74.1200,74.3400,73.2700,73.8800,3590800,49.7941
2016-11-23,73.3200,74.3000,73.2300,73.5400,2829200,49.5650
2016-11-25,73.7500,74.7100,73.7300,74.3500,1972200,50.1109
2016-11-28,74.6600,76.1400,74.6200,76.0800,4049000,51.2769
2016-11-29,75.7900,76.6700,75.6300,76.3700,3763100,51.4723
2016-11-30,75.2700,75.3600,73.7700,73.7700,5583200,49.7200
2016-12-01,73.5000,73.5700,72.4700,72.7500,4324800,49.0325
2016-12-02,73.3000,74.1800,72.9400,73.4200,3754100,49.4841
2016-12-05,73.1400,73.6100,72.3400,73.6100,3559200,49.6121
2016-12-06,73.8300,74.2200,73.6000,73.8600,3140000,49.7806
2016-12-07,73.9800,74.7700,73.8800,74.6700,3370900,50.3266
2016-12-08,74.1100,74.9300,73.5000,74.7300,3386600,50.3670
2016-12-09,74.6800,75.8400,74.6100,75.8200,3196100,51.1016
2016-12-12,75.6500,76.5900,75.5800,76.4800,3963600,51.5465
2016-12-13,76.6700,77.4500,76.5200,77.3200,3968700,52.1126
2016-12-14,77.6000,77.9400,75.3500,75.5300,4756000,50.9062
2016-12-15,75.3400,76.1100,74.9500,76.0300,3127700,51.2432
2016-12-16,76.2000,76.8000,75.7800,76.5900,7038000,51.6206
2016-12-19,77.1000,77.2400,76.3700,77.1300,2775000,51.9846
2016-12-20,76.7100,77.5800,76.6200,77.3500,2639200,52.1329
2016-12-21,77.2300,77.6600,76.9800,77.0000,2013300,51.8969
2016-12-22,76.9600,78.0500,76.9100,77.7700,3339000,52.4159
2016-12-23,77.7700,77.8300,77.2500,77.6200,1421400,52.3148
2016-12-27,77.4900,77.7300,77.1300,77.4800,1554500,52.2205
2016-12-28,77.5400,77.6200,76.9000,77.0300,1897600,51.9172
2016-12-29,77.1100,78.1700,77.0000,78.0200,2976500,52.5844
2016-12-30,78.0500,78.2400,77.3500,77.6200,2465600,52.3148
2017-01-03,77.6500,78.0200,77.0200,77.7300,2905900,52.3890
2017-01-04,77.6500,78.3500,77.6300,77.6500,2531100,52.3350
2017-01-05,77.9000,77.9600,77.0400,77.7500,3284600,52.4024
2017-01-06,77.5000,77.8700,77.2600,77.4900,3132200,52.2272
2017-01-09,77.6100,77.7300,76.4000,76.6400,4585700,51.6543
2017-01-10,76.4900,76.8300,76.1400,76.5000,2840000,51.5600
2017-01-11,76.2800,77.2000,76.2500,77.1000,2726200,51.9643
2017-01-12,76.9700,77.6100,76.7700,77.5400,2476300,52.2609
2017-01-13,77.3400,77.4800,76.7700,77.2100,1954200,52.0385
2017-01-17,77.4700,77.8300,77.2600,77.4600,3755000,52.2070
2017-01-18,77.3800,77.9100,77.2900,77.5000,2235700,52.2339
2017-01-19,77.2700,77.5700,76.8800,77.1200,2575500,51.9778
2017-01-20,77.3200,77.5800,76.9500,77.3300,2662800,52.1194
2017-01-23,77.4300,77.6800,76.8900,77.0300,2166800,51.9172
2017-01-24,77.2000,77.3300,76.8600,77.1800,2751400,52.0183
2017-01-25,76.9300,77.1200,76.5600,77.0800,2347000,51.9509
2017-01-26,76.9900,77.2300,76.6500,77.1200,3085400,51.9778
2017-01-27,77.3200,77.6300,76.7300,76.9400,2562000,51.8565
2017-01-30,76.9800,77.5200,76.7000,77.1200,2379100,51.9778
2017-01-31,77.1200,78.5600,77.1200,78.5400,3753700,52.9349
2017-02-01,78.1400,78.2600,77.0800,77.3600,3454900,52.1396
2017-02-02,77.5700,77.9400,77.1600,77.7900,2997400,52.4294
2017-02-03,77.8900,78.0400,77.4800,77.6500,2478100,52.3350
2017-02-06,77.8900,78.0400,77.4500,77.5700,2017100,52.2811
2017-02-07,77.6500,77.8600,77.4100,77.7500,1629900,52.4024
2017-02-08,77.8200,78.7100,77.7400,78.6400,2973600,53.0023
2017-02-09,78.6400,78.8400,77.5700,77.7500,3351400,52.4024
2017-02-10,77.5900,78.1600,77.5900,78.1000,2550000,52.6383
2017-02-13,78.2600,78.6900,77.9000,78.6900,2925900,53.0360
2017-02-14,78.5600,78.6800,77.5900,78.0400,3715800,52.5979
2017-02-15,76.7900,77.1700,76.2800,76.7800,3802900,52.3219
2017-02-16,77.1700,79.2100,76.7700,78.9000,6795600,53.7666
2017-02-17,78.7000,78.9900,77.9800,78.3600,4104600,53.3986
2017-02-21,78.3000,79.2200,77.9300,79.0900,2735000,53.8961
2017-02-22,79.2100,79.9900,78.9600,79.8700,2895000,54.4276
2017-02-23,79.9800,81.0700,79.9000,80.9100,2801200,55.1363
2017-02-24,81.2000,82.2100,81.1700,81.9600,3846800,55.8518
2017-02-27,81.9300,82.2000,81.5000,81.8600,2505800,55.7837
2017-02-28,81.5900,82.8200,81.5900,82.5500,3529900,56.2539
2017-03-01,81.6000,82.5200,81.2000,81.9300,4832300,55.8314
2017-03-02,81.6000,82.7800,81.3900,82.3600,4176100,56.1244
2017-03-03,82.1400,82.1600,81.2800,81.9100,2848100,55.8178
2017-03-06,81.9600,82.0800,81.5300,81.8700,2785100,55.7905
2017-03-07,81.5900,82.0700,81.4600,81.6900,3732600,55.6678
2017-03-08,81.1100,81.1200,80.2500,80.3200,3342600,54.7342
2017-03-09,80.5200,80.7900,80.0200,80.0500,3074500,54.5503
2017-03-10,80.4100,80.9500,80.1700,80.6400,3334400,54.9523
2017-03-13,80.8000,80.9700,80.4600,80.8700,3423500,55.1091
2017-03-14,80.8500,81.1100,80.6100,80.8700,2151200,55.1091
2017-03-15,81.0800,82.3600,80.8400,82.0000,3727700,55.8791
2017-03-16,82.2000,82.3300,81.2400,81.6200,4352300,55.6202
2017-03-17,81.8500,82.2500,81.5200,81.8400,7276900,55.7701
2017-03-20,81.9300,82.1000,80.8600,81.1800,3271000,55.3203
2017-03-21,81.1500,83.0100,81.1200,82.6800,5092500,56.3425
2017-03-22,82.9900,83.5900,82.5800,82.7600,2881800,56.3970
2017-03-23,82.4900,83.2900,82.3500,82.6800,2410000,56.3425
2017-03-24,82.6100,83.2700,82.4500,82.9900,2078800,56.5537
2017-03-27,83.3200,83.5800,82.4100,82.7900,2125800,56.4175
2017-03-28,82.5400,82.9800,82.3500,82.9300,2458500,56.5129
2017-03-29,82.7400,82.7400,82.1900,82.4200,2087600,56.1653
2017-03-30,82.1100,82.1200,81.6600,82.0400,2467000,55.9063
2017-03-31,81.9100,82.4700,81.7300,82.0100,2251800,55.8859
2017-04-03,81.9000,82.2900,81.2700,82.2500,2756200,56.0494
2017-04-04,82.2400,82.6900,81.9800,82.3700,1761400,56.1312
2017-04-05,82.2700,82.9700,82.1100,82.8700,2064000,56.4720
2017-04-06,82.6600,82.8700,82.3700,82.5900,2499200,56.2811
2017-04-07,82.8000,82.9900,82.2100,82.2600,2453100,56.0563
2017-04-10,82.3000,82.4400,81.8500,82.4000,2563900,56.1517
2017-04-11,82.3200,82.4000,81.7800,82.1900,1876600,56.0086
2017-04-12,81.9600,82.8400,81.7600,82.7800,2230800,56.4106
2017-04-13,82.7600,82.9000,82.1300,82.5900,2425200,56.2811
2017-04-17,82.7000,83.0100,82.5400,82.9300,2046600,56.5129
2017-04-18,82.9000,83.2600,82.6500,82.8600,2257400,56.4651
2017-04-19,82.8400,82.9100,82.0200,82.3500,2132600,56.1176
2017-04-20,82.3500,82.3500,81.4200,82.0300,2330800,55.8995
2017-04-21,82.1000,82.7000,82.0300,82.2100,2471100,56.0222
2017-04-24,82.4100,82.6900,81.6400,82.5800,2641300,56.2743
2017-04-25,82.4100,82.7200,82.1200,82.6900,2954400,56.3493
2017-04-26,82.5700,83.2900,82.4400,82.6000,2291800,56.2880
2017-04-27,82.6800,83.3500,82.6000,82.9000,1736700,56.4924
2017-04-28,82.7100,82.9000,82.2600,82.5000,2166600,56.2198
2017-05-01,82.5100,82.6200,81.8500,82.0700,2069600,55.9268
2017-05-02,82.2300,82.5800,81.9000,82.3900,2576100,56.1449
2017-05-03,82.2800,82.5500,81.9100,82.0400,2128500,55.9063
2017-05-04,81.9300,82.6600,81.8700,82.5900,2110400,56.2811
2017-05-05,82.6900,83.1500,82.6900,82.9800,2144500,56.5469
2017-05-08,83.0200,83.1600,82.3700,82.9200,2179400,56.5060
2017-05-09,82.5300,82.9700,82.0800,82.1100,2478000,55.9541
2017-05-10,82.2700,82.7000,82.0100,82.4800,2142900,56.2062
2017-05-11,82.1500,83.0200,82.0600,83.0000,2372900,56.5605
2017-05-12,83.1000,83.6700,83.0200,83.4800,2013500,56.8876
2017-05-15,83.5500,83.7900,83.2600,83.5800,2043000,56.9558
2017-05-16,83.5800,83.8000,83.0900,83.1200,2614700,56.6423
2017-05-17,82.2700,83.2400,82.2700,82.7800,4344700,56.9969
2017-05-18,83.1000,83.6600,82.4900,83.2500,3772300,57.3205
2017-05-19,83.3600,83.4300,82.7200,83.3700,3104700,57.4032
2017-05-22,83.2700,84.3400,83.1900,84.1000,2213200,57.9058
2017-05-23,84.1300,84.7800,84.0200,84.3000,1749300,58.0435
2017-05-24,84.4700,84.8800,84.3900,84.6900,2971100,58.3120
2017-05-25,84.8100,85.2500,84.6100,85.1400,2801700,58.6218
2017-05-26,85.1900,85.3500,84.9500,85.0700,2024000,58.5737
2017-05-30,85.2000,85.5400,84.8800,85.4100,2501600,58.8078
2017-05-31,85.5200,86.0100,85.4000,85.6800,3250800,58.9937
2017-06-01,85.4800,86.4000,85.2400,86.4000,3158900,59.4894
2017-06-02,86.7900,86.8000,85.9200,86.2800,2114500,59.4068
2017-06-05,86.2500,86.3000,85.6900,85.8300,2284900,59.0970
2017-06-06,86.0900,86.1600,85.6600,85.8100,2066800,59.0832
2017-06-07,85.8100,86.2400,85.5800,86.0900,3025100,59.2759
2017-06-08,86.0900,86.0900,84.7500,85.3800,2571100,58.7871
2017-06-09,85.1000,85.7500,84.9200,85.7200,2264200,59.0212
2017-06-12,85.7300,86.1900,85.0800,85.6200,3292600,58.9523
2017-06-13,85.5300,86.0500,85.4200,85.9500,2421400,59.1796
2017-06-14,86.4400,86.8400,86.0900,86.3200,2432900,59.4343
2017-06-15,86.2100,86.9600,86.0800,86.9500,2468100,59.8681
2017-06-16,87.1200,87.4900,86.9100,87.1400,4996900,59.9989
2017-06-19,87.3100,87.3100,86.5200,86.8900,2394500,59.8268
2017-06-20,86.8400,87.0500,86.6700,86.9100,2420400,59.8406
2017-06-21,86.9300,87.1400,86.1200,86.5700,1735200,59.6065
2017-06-22,86.4000,86.7300,86.2200,86.2800,2106900,59.4068
2017-06-23,86.2200,86.6000,85.8600,85.9600,1543000,59.1865
2017-06-26,86.3300,87.0500,85.9900,86.7000,2834500,59.6960
2017-06-27,86.3600,86.5400,85.4500,85.7000,2404500,59.0074
2017-06-28,86.0300,86.0800,84.8600,84.9700,3180700,58.5048
2017-06-29,84.7300,84.7300,83.7700,84.0300,3859300,57.8576
2017-06-30,84.1500,84.4200,83.5900,83.5900,3607600,57.5546
2017-07-03,83.7800,83.8400,83.1600,83.3100,1705900,57.3618
2017-07-05,83.3200,83.4900,82.7200,83.2900,3530000,57.3481
2017-07-06,83.1000,83.3000,82.7700,83.2100,2801800,57.2930
2017-07-07,83.2200,83.7500,83.0900,83.4200,2531400,57.4376
2017-07-10,83.5800,83.8200,83.1600,83.1900,1833900,57.2792
2017-07-11,83.3700,83.4400,82.8000,83.1800,2558000,57.2723
2017-07-12,83.8300,84.2700,83.7100,83.9800,2946600,57.8232
2017-07-13,83.8200,83.9800,83.3500,83.3700,2175400,57.4032
2017-07-14,83.8500,84.1300,83.6800,83.8400,1377300,57.7267
2017-07-17,83.8400,84.1000,83.6000,84.0300,1594100,57.8576
2017-07-18,84.0700,84.2800,83.9300,84.1900,1653500,57.9677
2017-07-19,84.2700,84.4300,83.9600,84.3500,1790100,58.0779
2017-07-20,84.6000,84.9500,84.2400,84.9300,1971700,58.4773
2017-07-21,84.8900,85.2300,84.3800,85.2000,2494400,58.6632
2017-07-24,85.2400,85.2800,84.3300,84.5500,2541700,58.2156
2017-07-25,84.5700,84.6600,83.6900,83.8100,1926900,57.7061
2017-07-26,83.6800,84.4600,83.6000,84.4500,1702400,58.1468
2017-07-27,84.2000,85.0500,84.0500,85.0500,2179600,58.5599
2017-07-28,85.0100,85.2300,84.5800,84.9100,2089800,58.4635
2017-07-31,84.9000,85.3300,84.6600,85.1200,2435100,58.6081
2017-08-01,85.1500,85.5200,85.0500,85.1700,2825100,58.6425
2017-08-02,85.0100,85.7400,84.6500,85.7400,2131600,59.0350
2017-08-03,86.0000,86.5200,85.5100,86.5100,2915600,59.5651
2017-08-04,86.1700,86.5800,85.9700,86.4800,2599600,59.5445
2017-08-07,86.4600,86.5500,86.0000,86.2600,2026400,59.3930
2017-08-08,86.1000,86.6100,86.0100,86.6000,2045800,59.6271
2017-08-09,86.7600,86.9000,86.0100,86.2000,2115400,59.3517
2017-08-10,86.2000,86.6000,85.7600,86.3900,2140900,59.4825
2017-08-11,86.4700,86.4700,85.1600,85.7000,2516800,59.0074
2017-08-14,85.8200,86.2700,85.6400,86.1200,2473800,59.2966
2017-08-15,85.9100,86.9700,85.8900,86.8900,1876300,59.8268
2017-08-16,85.9700,86.3700,85.7100,86.3100,1804200,60.0424
2017-08-17,86.3100,86.4500,85.8000,85.8700,2055000,59.7364
2017-08-18,85.7500,86.8300,85.6100,86.3800,2853800,60.0912
2017-08-21,86.5000,86.6800,86.1600,86.5800,2090600,60.2303
2017-08-22,86.5800,86.7100,86.1100,86.5500,1719800,60.2094
2017-08-23,86.5700,86.9900,86.1400,86.8800,1931900,60.4390
2017-08-24,86.7400,87.1200,86.5700,86.7700,1984900,60.3625
2017-08-25,87.3900,87.5500,86.9700,87.2300,1708900,60.6825
2017-08-28,87.3700,87.5000,86.9700,87.4200,1185400,60.8146
2017-08-29,87.5500,87.9500,87.3300,87.5000,1828300,60.8703
2017-08-30,87.3200,87.5800,87.0700,87.2800,1425100,60.7172
2017-08-31,87.3800,87.5300,87.2200,87.3000,2188300,60.7312
2017-09-01,87.4800,87.5500,86.7300,87.0900,1364000,60.5851
2017-09-05,87.2000,87.5300,86.7900,87.4100,1910400,60.8077
2017-09-06,87.5200,87.6200,86.8100,86.9900,1978900,60.5155
2017-09-07,87.0900,87.5600,86.8700,87.3400,1943800,60.7590
2017-09-08,87.3700,88.0300,87.2100,87.7800,1938300,61.0651
2017-09-11,87.6400,88.4000,87.4700,88.3400,1674700,61.4546
2017-09-12,88.3000,88.3400,86.7200,87.2800,2900200,60.7172
2017-09-13,87.2200,87.2400,86.6600,86.7700,2544800,60.3625
2017-09-14,86.7400,87.5800,86.5300,87.5000,2755900,60.8703
2017-09-15,87.5000,87.7800,86.8200,87.3000,6419300,60.7312
2017-09-18,87.3000,87.3100,85.5300,86.0600,2868200,59.8685
2017-09-19,86.0600,86.2700,85.8800,85.9800,1954300,59.8129
2017-09-20,86.2100,86.2500,84.8600,85.2000,2982700,59.2703
2017-09-21,85.2200,85.6600,85.0000,85.1600,2456100,59.2424
2017-09-22,85.3600,85.4000,84.2200,84.2500,1799200,58.6094
2017-09-25,84.2500,85.1400,84.2400,85.1400,2117300,59.2285
2017-09-26,85.0400,85.1600,84.6900,84.8200,1570600,59.0059
2017-09-27,84.4000,84.6000,83.5200,83.9400,2318900,58.3937
2017-09-28,83.6500,84.5000,83.4000,84.2600,2365800,58.6163
2017-09-29,84.1300,84.2200,83.6000,83.9200,2384500,58.3798
2017-10-02,84.0700,84.6200,83.7800,84.3600,2601100,58.6859
2017-10-03,84.2000,84.2300,83.5200,83.8500,1926600,58.3311
2017-10-04,83.9000,84.4800,83.6500,84.4700,3088800,58.7624
2017-10-05,84.5600,84.7200,84.1400,84.2900,2060300,58.6372
2017-10-06,84.0100,84.7400,83.8000,84.6400,2744500,58.8807
2017-10-09,84.7500,85.2500,84.6900,84.8200,2720900,59.0059
2017-10-10,85.0000,85.8800,84.8000,85.7900,1593100,59.6807
2017-10-11,85.8000,86.6800,85.7600,86.3900,2235900,60.0981
2017-10-12,86.4500,87.0700,86.4000,86.9700,2272900,60.5016
2017-10-13,87.1800,87.6000,86.7500,86.7900,2073000,60.3763
2017-10-16,86.7000,87.1500,86.4200,87.1300,1728700,60.6129
2017-10-17,86.9900,87.5900,86.7800,87.5100,2355500,60.8772
2017-10-18,87.3400,87.4600,86.5100,87.0400,1530600,60.5503
2017-10-19,87.0200,87.8800,87.0100,87.8500,1672500,61.1138
2017-10-20,87.7300,88.0600,87.5200,87.9300,2033600,61.1694
2017-10-23,87.9600,88.0000,86.8800,87.5400,2609600,60.8981
2017-10-24,87.6500,88.0600,87.3400,87.9900,2197800,61.2112
2017-10-25,87.6100,87.9600,86.7100,87.7500,2268400,61.0442
2017-10-26,88.1200,88.5500,87.3500,87.3600,2708400,60.7729
2017-10-27,87.2300,88.5200,87.1200,87.9500,2059800,61.1834
2017-10-30,87.7800,88.2000,87.6800,88.1100,2262300,61.2946
2017-10-31,88.0000,88.6400,87.8000,88.3100,2666700,61.4338
2017-11-01,88.5600,88.5600,87.5600,87.8600,2023900,61.1207
2017-11-02,88.0000,88.7300,87.6700,88.5600,3518300,61.6077
2017-11-03,88.2800,89.5000,88.1600,88.5200,2405200,61.5799
2017-11-06,88.3600,88.7200,87.7700,87.8700,2557000,61.1277
2017-11-07,88.0800,89.4300,87.6100,89.3600,2315000,62.1642
2017-11-08,89.1500,89.6800,88.6700,89.2300,3057700,62.0738
2017-11-09,89.0600,89.7400,88.9100,89.6300,2101600,62.3520
2017-11-10,89.1000,89.2900,88.6500,88.8900,2216700,61.8373
2017-11-13,89.0600,90.2200,88.9800,89.8800,2626600,62.5260
2017-11-14,89.6800,91.1400,89.6100,91.0900,2713100,63.3677
2017-11-15,91.3800,91.8000,90.4200,90.5800,3304400,63.0129
2017-11-16,89.7500,89.9100,88.8800,89.2100,3205200,62.6757
2017-11-17,88.8600,89.2800,88.4500,88.5200,2652700,62.1909
2017-11-20,88.6200,88.9900,88.3200,88.6600,2558500,62.2893
2017-11-21,88.7600,89.2000,88.6600,88.8100,2467000,62.3947
2017-11-22,88.7400,88.8900,88.2900,88.6300,1653000,62.2682
2017-11-24,88.8200,89.0800,88.6400,88.7800,936300,62.3736
2017-11-27,88.8900,89.0200,88.4100,88.8800,3129300,62.4438
2017-11-28,89.0800,89.4000,88.6800,88.9800,3013700,62.5141
2017-11-29,88.7700,89.3500,88.3200,89.0000,2917800,62.5281
2017-11-30,89.1500,89.4100,88.7400,89.1800,4393100,62.6546
2017-12-01,89.3900,89.7200,88.1900,88.7300,3088500,62.3384
2017-12-04,89.0700,89.4300,88.4300,88.6200,2552300,62.2612
2017-12-05,88.7100,88.7500,87.4500,87.9600,3261300,61.7975
2017-12-06,88.2300,88.5000,87.8800,88.3100,1970100,62.0434
2017-12-07,88.2500,88.2700,87.5400,87.9000,2346000,61.7553
2017-12-08,87.5700,88.1200,87.5700,88.0500,2701700,61.8607
2017-12-11,87.8100,88.3900,87.5500,88.3700,2244200,62.0855
2017-12-12,88.0100,88.2300,87.0700,87.1300,2787200,61.2143
2017-12-13,87.4300,88.1900,87.1500,87.5600,3938200,61.5164
2017-12-14,87.5200,87.8400,86.7200,87.5600,2437800,61.5164
2017-12-15,87.7100,88.1600,87.5500,87.8400,6372800,61.7132
2017-12-18,88.0000,88.1500,86.4000,86.5400,3166000,60.7998
2017-12-19,86.6600,86.7300,84.9300,85.0100,2635100,59.7249
2017-12-20,85.0000,85.4000,84.4300,84.4900,2011400,59.3596
2017-12-21,84.4500,84.7700,83.7500,84.3000,2966400,59.2261
2017-12-22,84.4000,84.6200,83.9700,84.1700,1683900,59.1347
2017-12-26,84.2600,84.3800,83.5600,83.6000,1223100,58.7343
2017-12-27,83.6400,84.1000,83.6400,83.9800,1663700,59.0013
2017-12-28,84.0800,84.2600,83.8600,83.9900,1904400,59.0083
2017-12-29,84.2800,84.5800,83.9800,84.1100,2210700,59.0926
2018-01-02,84.2800,84.4200,82.9000,83.2300,3167900,58.4744
2018-01-03,83.0600,83.7900,82.8400,82.9700,2690200,58.2917
2018-01-04,82.8200,83.2300,82.1500,82.3200,2475800,57.8350
2018-01-05,82.5100,82.7500,81.3500,81.9400,3827200,57.5681
2018-01-08,81.9800,82.3100,81.7200,82.2000,3560000,57.7507
2018-01-09,82.0300,82.0300,80.9600,81.2400,2781700,57.0763
2018-01-10,80.7800,80.9500,79.9200,80.1100,3227200,56.2824
2018-01-11,79.5100,80.1400,79.0000,79.2800,4087200,55.6992
2018-01-12,79.0000,79.6100,78.5500,78.9000,3211400,55.4323
2018-01-16,79.0900,79.2700,78.2100,78.4200,4375300,55.0950
2018-01-17,78.3600,78.7000,77.6200,78.4100,4125200,55.0880
2018-01-18,78.6400,78.6400,77.0500,77.3400,4757600,54.3363
2018-01-19,77.4700,77.8200,76.6400,76.8200,4536700,53.9709
2018-01-22,77.1600,77.6500,76.8500,76.9500,3720100,54.0623
2018-01-23,77.7500,78.4500,77.2400,77.7100,4033900,54.5962
2018-01-24,77.7000,77.7300,77.2100,77.2400,3601700,54.2660
2018-01-25,77.2300,79.2200,77.2000,78.9000,4842900,55.4323
2018-01-26,78.9300,79.0400,78.0600,78.8300,3944500,55.3831
2018-01-29,78.5500,78.5700,77.1700,77.2900,4901300,54.3011
2018-01-30,77.1000,77.9100,76.9700,77.6600,3969200,54.5611
2018-01-31,77.7800,78.5800,77.2500,78.5000,4007000,55.1512
2018-02-01,78.3200,78.6500,76.6700,76.8400,4328600,53.9850
2018-02-02,76.8200,77.7300,76.4300,76.5300,4252400,53.7672
2018-02-05,76.6500,77.5900,75.7300,75.8100,5852100,53.2613
2018-02-06,75.1500,75.2500,72.9300,74.4900,7810800,52.3340
2018-02-07,74.4600,75.5600,74.1800,74.4000,4840400,52.2707
2018-02-08,74.0900,75.8700,73.8000,74.3200,6160100,52.2145
2018-02-09,74.3200,76.7200,73.8600,76.1000,6312300,53.4651
2018-02-12,76.1200,77.2500,75.6600,76.8100,4373100,53.9639
2018-02-13,76.5400,77.3000,75.8200,77.0800,3808000,54.1536
2018-02-14,76.6200,76.6600,75.4500,75.4800,4563000,53.0295
2018-02-15,74.7700,76.2100,74.6600,76.2000,3923800,54.1741
2018-02-16,76.0700,76.8900,75.7700,76.7000,3796600,54.5296
2018-02-20,76.2100,76.6200,74.8200,75.6900,4017000,53.8115
2018-02-21,75.5800,76.5000,75.3000,75.3300,4242800,53.5556
2018-02-22,75.4800,76.2500,75.1700,75.5400,3103900,53.7049
2018-02-23,75.4500,77.3000,75.3800,77.2200,2839100,54.8993
2018-02-26,79.1100,79.6300,77.6500,77.9200,5253800,55.3969
2018-02-27,77.8800,78.2900,76.3300,76.3300,4088600,54.2665
2018-02-28,76.0200,76.5600,75.3100,75.3400,3321700,53.5627
2018-03-01,75.3500,76.8200,75.1600,75.5600,3209700,53.7191
2018-03-02,75.4600,76.3000,74.5800,75.3500,3631400,53.5698
2018-03-05,75.2200,77.6700,74.8700,77.4900,3840600,55.0912
2018-03-06,77.2300,77.3900,75.6300,75.8600,3655400,53.9324
2018-03-07,75.4100,75.7000,74.9300,75.2500,9936900,53.4987
2018-03-08,75.5300,76.0300,75.2400,75.9900,4733900,54.0248
2018-03-09,75.9000,76.1500,75.5200,76.1300,3870100,54.1243
2018-03-12,76.1200,76.7300,76.0600,76.5500,3581800,54.4230
2018-03-13,76.9000,77.3300,76.1900,76.4700,6365000,54.3661
2018-03-14,76.7100,77.3300,76.4500,77.0000,3788900,54.7429
2018-03-15,76.8700,77.6300,76.2900,76.7400,4619000,54.5580
2018-03-16,76.9000,77.7300,76.7400,77.5900,6667100,55.1623
2018-03-19,77.8000,77.8700,76.7100,77.0400,5503500,54.7713
2018-03-20,77.0200,77.3700,76.3300,76.4300,3888500,54.3376
2018-03-21,76.4300,77.2200,75.8400,76.1800,4051400,54.1599
2018-03-22,76.3400,77.5300,76.0800,76.1900,3704800,54.1670
2018-03-23,76.5200,76.9200,75.0300,75.1700,3033400,53.4418
2018-03-26,75.3000,76.0700,75.2300,75.9200,2805900,53.9751
2018-03-27,75.9900,77.6900,75.7700,77.1000,4338900,54.8140
2018-03-28,77.3200,77.7600,76.5600,77.4200,4543200,55.0415
2018-03-29,77.0900,77.9100,77.0400,77.4700,3962500,55.0770
2018-04-02,77.5500,78.0500,76.5700,77.1000,3741100,54.8140
2018-04-03,77.0000,77.6400,76.6800,77.2600,2971400,54.9277
2018-04-04,77.1500,77.9100,76.7100,77.7100,3467600,55.2476
2018-04-05,77.6900,78.7900,76.7600,78.6000,3934200,55.8804
2018-04-06,78.5900,78.9000,78.0600,78.1600,3411900,55.5676
2018-04-09,78.1400,79.0500,78.0400,78.4700,3855100,55.7880
2018-04-10,78.4700,78.5600,77.2500,77.5200,4187900,55.1126
2018-04-11,77.3500,77.7800,76.7900,77.0800,2426800,54.7997
2018-04-12,77.0900,77.3800,75.9600,76.1400,2369000,54.1315
2018-04-13,76.2700,76.9900,76.2600,76.6700,3993200,54.5083
2018-04-16,76.8200,78.0800,76.8000,77.9600,2402900,55.4254
2018-04-17,78.0100,78.7500,77.7900,78.5000,1727800,55.8093
2018-04-18,78.6500,79.4200,78.2700,78.2800,2057000,55.6529
2018-04-19,78.1600,78.6100,77.8500,78.5200,2423300,55.8235
2018-04-20,78.6300,78.7200,77.5300,77.6800,2764000,55.2263
2018-04-23,77.8800,78.2300,77.5700,77.9900,2172700,55.4467
2018-04-24,78.2200,78.7400,77.7700,78.2200,4273000,55.6102
2018-04-25,78.1600,78.9000,77.8200,78.8900,3282100,56.0866
2018-04-26,78.8700,79.9200,78.5300,79.8400,2810000,56.7620
2018-04-27,79.6000,80.7500,79.5000,80.5000,2600500,57.2312
2018-04-30,80.6400,80.8500,80.0600,80.1600,2658100,56.9895
2018-05-01,80.1600,80.3000,79.6200,79.8300,2423200,56.7548
2018-05-02,79.8400,80.3700,79.5700,79.9800,2586200,56.8615
2018-05-03,79.7500,80.0900,78.8200,79.7600,3522600,56.7051
2018-05-04,79.7700,80.4100,79.5800,79.8800,3853900,56.7904
2018-05-07,79.8700,80.1300,79.4400,79.5000,2901400,56.5202
2018-05-08,79.3100,79.3900,77.6300,77.8800,4333400,55.3685
2018-05-09,77.8100,77.9500,76.8800,77.6400,3853500,55.1979
2018-05-10,78.8000,79.4800,77.5400,78.1600,4605300,55.5676
2018-05-11,78.2100,78.4000,77.5300,77.9100,4231000,55.3899
2018-05-14,78.0700,78.2200,77.3600,77.8300,3972500,55.3330
2018-05-15,77.3500,77.6600,76.5700,76.9300,3889100,54.6931
2018-05-16,76.9300,77.0700,75.5000,76.0300,5483400,54.0532
2018-05-17,75.0500,75.2800,73.9100,74.1500,3474800,53.3411
2018-05-18,74.2700,74.5500,73.1300,73.8000,3721000,53.0893
2018-05-21,73.9800,74.0600,73.3500,73.6800,3301700,53.0030
2018-05-22,73.4300,74.3100,73.4000,74.0700,2957300,53.2835
2018-05-23,74.3300,75.0500,74.1900,74.8700,2901100,53.8590
2018-05-24,74.8700,75.8000,74.6400,75.7400,4162700,54.4849
2018-05-25,75.7400,76.0200,75.5800,75.8100,2262600,54.5352
2018-05-29,75.7600,77.0400,75.4900,76.6000,4468600,55.1035
2018-05-30,76.2700,77.1900,76.0400,76.9800,2620800,55.3769
2018-05-31,76.9400,77.5700,76.4600,77.1600,3587800,55.5064
2018-06-01,77.1200,77.1500,75.5300,76.0800,3403200,54.7295
2018-06-04,76.3300,76.5000,75.3400,75.3700,3234500,54.2187
2018-06-05,75.4400,75.5100,74.5800,74.7500,2497300,53.7727
2018-06-06,74.7200,74.8600,73.0000,73.1400,3949500,52.6145
2018-06-07,73.1400,74.2800,72.8300,73.4800,3289800,52.8591
2018-06-08,73.5400,73.7600,72.8700,73.1200,3268500,52.6001
2018-06-11,73.0200,73.2400,71.9600,72.1200,4922400,51.8808
2018-06-12,72.1300,72.8500,71.9800,72.4800,4694200,52.1397
2018-06-13,72.5400,72.8800,72.0100,72.2500,5618200,51.9743
2018-06-14,72.5000,73.6800,72.3700,73.4600,5079900,52.8447
2018-06-15,73.2900,74.4000,73.1000,74.3000,6493000,53.4490
2018-06-18,74.2800,74.6500,74.0400,74.4100,3223900,53.5281
2018-06-19,74.7300,75.8500,74.5900,75.6700,4039400,54.4345
2018-06-20,76.2900,76.6000,75.7700,76.1900,3660900,54.8086
2018-06-21,76.1900,77.1800,76.0700,76.9100,4198700,55.3265
2018-06-22,76.9000,77.6700,76.7600,77.4300,3184200,55.7006
2018-06-25,77.5000,79.1700,77.4700,79.0800,4768200,56.8876
2018-06-26,78.9800,79.5300,78.6500,78.7900,4402500,56.6790
2018-06-27,78.7600,79.7100,78.5000,79.5200,3978400,57.2041
2018-06-28,79.7500,80.1500,79.1000,79.2300,2659400,56.9955
2018-06-29,79.0600,79.5400,78.5100,79.0800,3385000,56.8876
2018-07-02,79.2100,79.8600,78.9000,79.7600,2570000,57.3767
2018-07-03,79.7600,80.4300,79.4500,79.8100,2568600,57.4127
2018-07-05,79.9600,80.6200,79.6100,80.6100,3964600,57.9882
2018-07-06,80.5800,81.7000,80.4900,81.6200,2963000,58.7147
2018-07-09,81.5900,81.5900,78.3700,78.6400,4505700,56.5710
2018-07-10,78.4200,79.9400,77.9000,79.5200,3763200,57.2041
2018-07-11,79.7100,80.5800,79.6900,80.3800,3921000,57.8227
2018-07-12,80.4100,80.6400,80.1000,80.5000,3655400,57.9091
2018-07-13,80.6700,80.9300,79.9800,80.6200,3366200,57.9954
2018-07-16,80.6900,80.9800,80.0800,80.7800,4171500,58.1105
2018-07-17,80.9400,81.0000,80.5400,80.6500,2271400,58.0170
2018-07-18,80.7400,80.7400,79.9000,80.4400,3103400,57.8659
2018-07-19,80.6300,81.7500,80.5100,81.2000,3009000,58.4126
2018-07-20,81.0600,81.3300,80.0000,80.6500,3013500,58.0170
2018-07-23,81.2300,81.2300,79.6700,79.9700,2844900,57.5278
2018-07-24,80.1000,80.1400,78.7800,79.8900,4065500,57.4702
2018-07-25,79.7900,80.6200,79.6900,80.1800,2582100,57.6789
2018-07-26,80.4500,81.3400,80.4100,81.1400,2812000,58.3694
2018-07-27,81.0000,81.7000,80.7500,81.0900,2097200,58.3335
2018-07-30,80.8500,81.2000,80.6000,80.7700,2306900,58.1033
2018-07-31,81.2000,81.7100,80.7600,81.6200,3691100,58.7147
2018-08-01,81.1400,81.4400,80.1400,81.0500,3478500,58.3047
2018-08-02,80.6300,81.2000,79.5100,80.4500,4075600,57.8731
2018-08-03,80.5200,81.7200,80.2900,81.5500,3122300,58.6644
2018-08-06,81.5700,82.2200,80.8000,81.1200,3285600,58.3551
2018-08-07,81.1200,81.1800,80.0000,80.8800,2629400,58.1824
2018-08-08,80.6200,80.9000,80.1800,80.4300,2429900,57.8587
2018-08-09,80.4600,80.8700,80.2800,80.8100,1658000,58.1321
2018-08-10,80.9800,81.8000,80.8500,80.8900,3467100,58.1896
2018-08-13,80.9200,81.1200,80.5200,80.9400,4051000,58.2256
2018-08-14,80.9700,81.5300,80.7800,81.2200,2379000,58.4270
2018-08-15,81.4400,82.4500,81.3100,81.8600,3683400,58.8874
2018-08-16,80.9100,81.8400,80.5500,81.7900,3104900,59.5117
2018-08-17,81.6400,82.7200,81.5800,82.2800,3090200,59.8682
2018-08-20,82.3800,82.5700,81.6200,81.8100,2643600,59.5263
2018-08-21,81.7100,81.7800,80.8300,81.2800,2623400,59.1406
2018-08-22,81.4000,81.8000,80.5400,80.8300,3050000,58.8132
2018-08-23,80.7300,81.4500,80.6700,80.8800,1828100,58.8496
2018-08-24,81.0700,81.4900,80.6600,81.4100,2296600,59.2352
2018-08-27,81.4200,81.5900,80.3000,80.5900,2559200,58.6385
2018-08-28,80.4400,80.6200,80.1600,80.3500,2307900,58.4639
2018-08-29,80.4900,80.7800,80.1900,80.7300,2322700,58.7404
2018-08-30,80.9600,81.4500,80.6400,81.3200,2738700,59.1697
2018-08-31,81.3000,81.8000,80.8700,81.2400,3837400,59.1115
2018-09-04,81.3800,81.8800,81.2400,81.4200,2887100,59.2425
2018-09-05,81.5100,83.3000,81.5100,83.1900,4884700,60.5304
2018-09-06,82.6200,83.7700,82.6200,83.4700,3213600,60.7341
2018-09-07,82.8200,83.1900,81.9400,82.4700,3113000,60.0065
2018-09-10,82.7200,83.2300,82.2600,82.3100,4512800,59.8900
2018-09-11,82.4400,82.8000,81.2700,81.3800,4085500,59.2134
2018-09-12,81.2300,81.5000,80.6100,80.8900,4646300,58.8569
2018-09-13,80.9100,82.2100,80.5500,82.1500,4725200,59.7736
2018-09-14,81.9900,82.0000,81.0400,81.7000,3102700,59.4462
2018-09-17,81.7700,82.1400,81.2600,82.0800,3052100,59.7227
2018-09-18,82.4400,82.5000,81.6600,81.9200,4191000,59.6063
2018-09-19,81.8900,81.9600,79.6200,80.0900,4469600,58.2747
2018-09-20,80.0000,80.7400,79.2700,80.6200,4074900,58.6604
2018-09-21,80.5000,80.9200,78.5300,79.8200,15566200,58.0783
2018-09-24,79.7100,79.9700,79.4300,79.6100,3633700,57.9255
2018-09-25,79.6000,79.7000,78.5500,78.8100,4748700,57.3434
2018-09-26,78.8000,79.2500,78.0400,78.0900,5169800,56.8195
2018-09-27,78.0000,79.3200,78.0000,78.9400,3256000,57.4380
2018-09-28,79.1300,80.0600,79.1000,80.0200,4540900,58.2238
2018-10-01,79.9100,80.0000,79.1900,79.5500,2727200,57.8818
2018-10-02,79.9300,80.7500,79.9100,80.4200,2509500,58.5149
2018-10-03,80.3400,80.6100,78.5200,79.1900,4127400,57.6199
2018-10-04,79.1100,80.0300,78.5600,79.9400,3620300,58.1656
2018-10-05,79.9000,81.7200,79.8300,81.4000,4824800,59.2279
2018-10-08,81.5000,82.9500,81.3500,82.1400,4450200,59.7664
2018-10-09,82.2700,82.6900,81.8100,82.2500,4204200,59.8464
2018-10-10,82.2000,83.3100,81.8300,81.8800,5042100,59.5772
2018-10-11,82.1500,82.4100,79.6700,79.9800,6074700,58.1947
2018-10-12,79.7700,80.1100,79.0100,79.9900,5821700,58.2020
2018-10-15,79.9200,80.8500,79.7100,80.1300,3018400,58.3039
2018-10-16,80.0500,81.4100,79.7500,80.9400,3333200,58.8932
2018-10-17,80.8200,81.0700,80.1900,80.7700,2670600,58.7695
2018-10-18,81.4900,81.7400,80.9100,81.2600,4274200,59.1260
2018-10-19,81.2500,83.4200,81.2300,82.7500,4395800,60.2102
2018-10-22,83.0200,83.2100,82.3300,82.6400,4275800,60.1302
2018-10-23,82.9700,84.0300,82.2100,82.3000,4882800,59.8828
2018-10-24,82.6400,85.0800,82.2800,84.7500,4890200,61.6654
2018-10-25,84.5000,84.5500,83.4100,83.6400,6787900,60.8578
2018-10-26,84.0200,84.6400,81.4200,81.8900,5326900,59.5844
2018-10-29,82.0900,83.6200,81.8800,83.4600,4157900,60.7268
2018-10-30,83.8000,84.2300,82.6300,83.8300,2996000,60.9960
2018-10-31,83.2200,83.3500,82.0400,82.6300,4084000,60.1229
2018-11-01,82.5700,82.6300,80.9600,81.6600,6994300,59.4171
2018-11-02,83.4100,83.8300,80.8900,82.5900,7038400,60.0938
2018-11-05,83.0800,83.8400,82.6800,83.5800,3057700,60.8141
2018-11-06,83.6600,84.4500,83.4400,84.3300,2642900,61.3598
2018-11-07,84.7500,84.7800,83.5900,84.7000,2981500,61.6290
2018-11-08,84.7400,85.0200,83.3300,84.3300,3002400,61.3598
2018-11-09,84.5000,85.7700,84.2500,85.5800,4432500,62.2694
2018-11-12,85.2500,86.9600,85.2000,85.9200,3250900,62.5168
2018-11-13,85.9000,86.6200,85.3000,86.3500,2833200,62.8296
2018-11-14,85.9000,86.9500,85.6500,86.4200,3860600,62.8806
2018-11-15,84.8400,86.2900,84.0400,86.1400,4481100,63.3572
2018-11-16,86.4400,87.1000,85.8900,86.6800,3351200,63.7543
2018-11-19,86.5800,87.7100,86.5000,87.6400,4114400,64.4604
2018-11-20,88.0700,89.2300,87.8000,88.5200,6879300,65.1077
2018-11-21,88.0500,88.1800,86.1200,86.4500,3640300,63.5852
2018-11-23,86.6200,86.9900,86.2000,86.7500,1448300,63.8058
2018-11-26,86.7000,87.3000,86.2600,86.9800,2169100,63.9750
2018-11-27,87.0200,88.0000,86.5300,87.8300,2383400,64.6002
2018-11-28,87.7000,87.8800,86.9100,87.6000,2950200,64.4310
2018-11-29,87.6100,88.0600,86.6500,87.6000,2940100,64.4310
2018-11-30,87.7900,88.7300,87.2100,88.5700,4829300,65.1445
2018-12-03,88.0000,89.6300,87.2000,89.6200,3904800,65.9168
2018-12-04,89.7600,90.7000,89.6300,90.0500,5598100,66.2330
2018-12-06,90.5000,90.6400,88.3600,89.8300,4758300,66.0712
2018-12-07,89.9500,90.5500,89.2200,89.9900,4985100,66.1889
2018-12-10,90.1600,90.6600,88.8000,90.5100,3904000,66.5714
2018-12-11,90.5000,90.9800,89.7400,90.7900,4707000,66.7773
2018-12-12,90.7900,91.2500,89.5200,89.6000,5225800,65.9021
2018-12-13,89.7800,91.2500,89.7800,90.9000,4180900,66.8582
2018-12-14,91.0000,91.3500,90.1800,90.7500,3651900,66.7479
2018-12-17,91.0000,91.3000,87.6400,88.0900,5527300,64.7914
2018-12-18,88.4300,89.2300,87.2400,87.6600,4224100,64.4752
2018-12-19,87.8500,88.3200,86.7300,87.2300,4832800,64.1589
2018-12-20,87.4000,89.1100,86.3700,88.1400,4622300,64.8282
2018-12-21,87.8600,90.2500,87.5100,87.6700,6798600,64.4825
2018-12-24,87.6600,88.3900,83.2600,83.9100,2752700,61.7170
2018-12-26,84.0000,85.2700,82.7700,85.2500,2616900,62.7026
2018-12-27,85.3900,85.9600,83.9300,85.9600,3081700,63.2248
2018-12-28,86.1200,87.1800,85.7700,86.1200,2447500,63.3425
2018-12-31,86.3400,86.6000,85.3100,86.3000,2240100,63.4749
2019-01-02,86.1100,86.1900,84.3000,84.7000,2857400,62.2980
2019-01-03,84.7600,85.6000,84.0600,84.6700,2959700,62.2760
2019-01-04,84.1600,85.4500,84.0600,85.3700,3278100,62.7908
2019-01-07,84.8500,85.3900,84.3300,85.0100,3060200,62.5261
2019-01-08,85.0400,86.1700,84.5000,86.0800,2350500,63.3130
2019-01-09,84.9600,86.0000,84.3400,84.8100,3264400,62.3789
2019-01-10,85.0500,85.5900,84.6300,85.2700,3758000,62.7173
2019-01-11,85.2100,85.2100,84.2100,84.6100,3082400,62.2319
2019-01-14,84.3200,84.3200,82.4600,83.6600,3931000,61.5331
2019-01-15,83.6000,85.4600,83.3300,85.1400,2722900,62.6216
2019-01-16,84.7200,85.3800,84.3400,85.2700,2279100,62.7173
2019-01-17,85.2900,85.7700,84.9200,85.6400,1895700,62.9894
2019-01-18,85.9400,86.0200,85.2100,85.6000,2842600,62.9600
2019-01-22,85.0100,86.5100,84.8500,85.6100,2693600,62.9673
2019-01-23,85.4900,86.1500,85.2900,86.1300,2629400,63.3498
2019-01-24,86.2300,86.7700,85.3600,86.7000,2504400,63.7691
2019-01-25,86.3400,86.9900,85.6300,85.8500,2472900,63.1439
2019-01-28,86.0200,86.2900,85.1300,85.6500,2079100,62.9968
2019-01-29,85.9500,86.1600,85.2800,85.6300,3625500,62.9821
2019-01-30,85.3600,86.5400,85.2600,86.0500,2215100,63.2910
2019-01-31,86.0900,88.4800,85.5200,87.7800,6869400,64.5634
2019-02-01,87.7800,88.0500,86.8600,87.7800,3207100,64.5634
2019-02-04,87.1600,87.8300,86.4800,87.8200,3301800,64.5928
2019-02-05,87.9100,88.6500,87.4100,88.5000,3464300,65.0930
2019-02-06,88.4500,88.7900,87.8100,88.4600,2467400,65.0636
2019-02-07,88.4000,89.5000,87.8500,89.4800,2844600,65.8138
2019-02-08,89.4200,90.5800,89.3000,90.3000,3716600,66.4169
2019-02-11,90.0800,90.6500,89.7000,90.1700,2428100,66.3213
2019-02-12,90.3000,90.7400,89.6500,90.2300,2676900,66.3654
2019-02-13,89.9000,90.2100,89.3200,89.5900,5281400,65.8947
2019-02-14,88.5300,88.6100,87.2500,87.8200,3987400,65.2689
2019-02-15,88.4500,88.4900,87.0200,87.5100,4472900,65.0385
2019-02-19,87.6400,88.1400,87.2400,87.9400,4358600,65.3581
2019-02-20,87.9500,89.0600,87.5400,88.8500,3471200,66.0344
2019-02-21,88.3200,89.6600,88.2700,89.5900,3167800,66.5844
2019-02-22,89.7000,90.2900,89.3600,89.9100,2538500,66.8222
2019-02-25,89.9100,89.9500,88.9200,89.4800,2551000,66.5026
2019-02-26,89.6300,89.8900,88.1900,88.8800,3234500,66.0567
2019-02-27,88.7300,89.4300,88.4700,89.2800,2112500,66.3540
2019-02-28,89.2100,89.9900,89.0000,89.6600,4137300,66.6364
2019-03-01,89.6000,89.9100,88.9300,89.5300,5613700,66.5398
2019-03-04,89.8200,89.9500,88.9800,89.8800,3104400,66.7999
2019-03-05,89.6600,89.9400,89.4300,89.5300,3513400,66.5398
2019-03-06,89.6500,89.9600,89.3600,89.5700,3121400,66.5695
2019-03-07,89.9600,90.6500,89.2900,89.5800,3531000,66.5770
2019-03-08,89.9100,90.2300,89.3000,90.2000,2443800,67.0377
2019-03-11,90.2600,90.4700,89.8800,90.3600,3720200,67.1567
2019-03-12,90.4700,90.8700,90.1100,90.5100,4583700,67.2682
2019-03-13,90.3900,90.7900,90.3200,90.5600,4510500,67.3053
2019-03-14,90.4700,91.0800,90.1200,90.3600,3600300,67.1567
2019-03-15,90.4500,91.0300,90.2400,90.6500,7614200,67.3722
2019-03-18,90.8600,90.9100,89.7300,90.0600,3977000,66.9337
2019-03-19,90.0800,90.2300,88.6600,89.1200,4656600,66.2351
2019-03-20,89.3400,90.1600,89.0000,89.3800,3838800,66.4283
2019-03-21,89.4000,90.2400,89.2100,89.9100,4461100,66.8222
2019-03-22,90.1600,91.6700,89.9100,90.7000,4174400,67.4094
2019-03-25,90.9000,91.1300,90.4500,90.7700,3350900,67.4614
2019-03-26,90.7000,91.6700,90.6300,91.5300,3342100,68.0262
2019-03-27,91.5900,91.6300,90.2300,90.4800,3592200,67.2459
2019-03-28,90.6800,90.9000,89.0200,89.3800,4565800,66.4283
2019-03-29,89.2300,90.0900,88.8100,90.0000,5434800,66.8891
2019-04-01,89.7500,89.8300,88.6300,89.2800,4555500,66.3540
2019-04-02,89.6000,89.6000,88.6500,89.1300,3386400,66.2425
2019-04-03,89.0000,89.1900,88.2200,88.8500,2998800,66.0344
2019-04-04,89.0300,89.5300,87.9300,89.3500,4847600,66.4060
2019-04-05,89.4900,90.6200,89.1800,90.5300,5433200,67.2830
2019-04-08,90.5000,90.6200,89.6500,90.1100,3115500,66.9709
2019-04-09,90.0600,90.4800,89.8200,90.2500,2475300,67.0749
2019-04-10,90.4900,91.0800,89.7000,89.9400,3412300,66.8445
2019-04-11,90.0400,90.4600,89.8000,90.2600,2424500,67.0823
2019-04-12,89.7000,90.4700,89.2100,90.4500,3520900,67.2236
2019-04-15,90.5000,90.7400,90.1600,90.4400,2808900,67.2161
2019-04-16,90.1400,90.6500,88.8600,89.0900,3166400,66.2128
2019-04-17,89.1300,89.7200,88.7100,89.0600,4518200,66.1905
2019-04-18,89.3200,89.6500,88.9400,89.1400,2822400,66.2499
2019-04-22,89.0100,89.5600,88.5300,88.7300,2615800,65.9452
2019-04-23,88.8200,89.3100,88.2900,89.0100,2336800,66.1533
2019-04-24,89.2800,89.9800,88.8800,89.6800,1942400,66.6513
2019-04-25,89.4200,90.6600,89.2700,90.4500,2506600,67.2236
2019-04-26,90.7000,91.3300,90.2800,90.3200,1921400,67.1269
2019-04-29,89.9100,90.2900,89.3200,89.5800,2370800,66.5770
2019-04-30,89.6900,91.2200,89.4300,91.1200,3242700,67.7215
2019-05-01,90.6800,91.0600,90.1000,90.4100,2323400,67.1938
2019-05-02,90.4400,90.8100,89.6200,89.8100,2656600,66.7479
2019-05-03,90.1700,90.4500,89.8200,90.1600,2988600,67.0080
2019-05-06,90.1800,90.4200,89.3000,89.4800,2659600,66.5026
2019-05-07,89.5000,89.6400,88.8300,89.2600,2546200,66.3391
2019-05-08,89.1500,89.3000,87.7200,87.8000,2832400,65.2541
2019-05-09,88.6800,88.6800,86.6700,86.8300,3165000,64.5331
2019-05-10,86.6200,88.0700,86.4500,87.9900,2965400,65.3952
2019-05-13,87.7000,88.1600,86.8000,88.0500,4046600,65.4399
2019-05-14,87.3200,87.6200,86.5600,87.0100,4955500,64.6669
2019-05-15,87.2100,87.5600,86.7700,86.7900,3653200,64.5034
2019-05-16,85.9200,86.7100,85.7200,86.2400,4151900,64.7874
2019-05-17,85.7000,87.4400,85.6800,87.2000,4428300,65.5086
2019-05-20,87.3100,87.6000,86.6600,86.9600,3100200,65.3283
2019-05-21,87.1900,88.0300,86.8700,87.0800,2728300,65.4184
2019-05-22,87.3800,88.0000,87.1500,87.8100,2225700,65.9668
2019-05-23,88.1200,88.9900,87.9400,88.9000,3862000,66.7857
2019-05-24,88.9000,89.4500,88.6500,88.8100,1987700,66.7181
2019-05-28,88.8100,88.8500,86.9300,87.1200,3837700,65.4485
2019-05-29,87.4000,87.5800,85.7300,85.8100,2319000,64.4644
2019-05-30,85.8900,86.2800,85.3400,85.5300,2319200,64.2540
2019-05-31,85.5500,86.0900,84.4600,85.6100,3182500,64.3141
2019-06-03,86.0400,86.1400,85.2600,86.0200,3061800,64.6221
2019-06-04,85.9800,86.1600,84.2800,85.9000,2498700,64.5319
2019-06-05,86.1600,87.6700,85.5100,87.2200,2819200,65.5236
2019-06-06,87.3200,88.0000,86.9600,87.7100,2985500,65.8917
2019-06-07,87.9600,88.6000,86.9500,87.0400,3243300,65.3884
2019-06-10,86.9300,86.9700,86.0500,86.2900,3028400,64.8249
2019-06-11,86.0400,86.4900,85.0700,85.6400,2841300,64.3366
2019-06-12,86.1200,86.8700,86.1200,86.6500,2893800,65.0954
2019-06-13,86.9500,87.4400,86.3200,86.7700,3753100,65.1855
2019-06-14,86.7800,88.1700,86.7500,87.8700,3237600,66.0119
2019-06-17,88.0800,88.5900,87.5200,87.9500,2448600,66.0720
2019-06-18,88.3600,88.5000,86.3200,87.2400,2532600,65.5386
2019-06-19,86.9000,88.1200,86.6800,87.6500,2683200,65.8466
2019-06-20,88.1400,88.8400,87.6800,88.5800,2428300,66.5453
2019-06-21,88.6400,89.6000,87.9700,89.5300,6867500,67.2590
2019-06-24,89.6200,90.1300,89.2200,89.9100,3305700,67.5444
2019-06-25,89.9100,90.6800,89.7800,90.1200,3996800,67.7022
2019-06-26,89.8400,89.9400,87.9300,87.9800,3437000,66.0946
2019-06-27,88.0700,88.7200,87.7700,88.5500,2726700,66.5228
2019-06-28,88.4900,89.1400,87.9400,88.2400,3875700,66.2898
2019-07-01,88.0100,88.2400,87.2400,88.0100,2848000,66.1171
2019-07-02,88.1700,89.4500,88.1600,89.1400,2039000,66.9660
2019-07-03,89.2000,90.6000,89.2000,90.1000,1717600,67.6872
2019-07-05,89.4200,89.7700,88.2100,89.6800,1744000,67.3717
2019-07-08,89.9000,90.0600,89.0600,89.6600,2046900,67.3566
2019-07-09,90.2500,90.2700,88.8700,89.4000,2598000,67.1613
2019-07-10,89.8000,90.1400,89.3000,89.6300,2401700,67.3341
2019-07-11,89.4900,90.0300,88.6100,89.4500,2379100,67.1989
2019-07-12,89.5900,89.5900,88.4400,88.7000,2101400,66.6354
2019-07-15,88.8100,89.5300,88.5500,89.3800,1847700,67.1463
2019-07-16,89.1100,89.5300,88.3700,89.0300,1727100,66.8833
2019-07-17,89.3400,89.6900,88.8900,89.1400,2102700,66.9660
2019-07-18,89.2100,89.8500,88.6600,89.7900,1911700,67.4543
2019-07-19,89.6400,89.8200,88.4300,88.4500,2408000,66.4476
2019-07-22,88.6000,88.6900,87.8400,88.1500,2160300,66.2223
2019-07-23,88.1800,88.2400,87.3700,87.6800,3141800,65.8692
2019-07-24,87.9500,87.9800,86.8000,87.1800,2386500,65.4935
2019-07-25,86.9000,87.3900,86.1700,86.4900,2680300,64.9752
2019-07-26,86.5000,87.0800,86.2700,86.9100,2426000,65.2907
2019-07-29,87.2300,87.8800,87.0200,87.7900,2442900,65.9518
2019-07-30,87.6100,88.1800,86.9100,87.7400,2693400,65.9142
2019-07-31,87.6200,87.8300,86.3100,86.7200,2824800,65.1480
2019-08-01,86.8000,88.0200,86.3800,87.5000,3055000,65.7339
2019-08-02,87.8400,88.7300,87.5500,88.1200,3228900,66.1997
2019-08-05,88.4800,88.8500,86.5300,86.9600,3969200,65.3283
2019-08-06,87.3000,89.4300,86.3100,88.9200,3943300,66.8007
2019-08-07,88.9100,89.5000,87.8400,88.8400,2630100,66.7406
2019-08-08,88.4200,89.5200,88.3400,89.3100,2252100,67.0937
2019-08-09,89.4900,90.1800,89.2800,89.7500,2355200,67.4242
2019-08-12,89.9500,90.0000,88.9700,89.5000,2302000,67.2364
2019-08-13,89.6400,90.0300,88.8000,89.8200,2400900,67.4768
2019-08-14,90.1600,90.5600,88.6500,88.8100,3584600,66.7181
2019-08-15,87.6900,89.5800,87.5700,89.2800,2384800,67.7925
2019-08-16,89.4000,90.1400,89.2300,89.7700,2285500,68.1646
2019-08-19,89.7000,91.1200,89.3600,90.6700,2632000,68.8480
2019-08-20,91.0300,91.5400,90.6700,91.1800,3611300,69.2352
2019-08-21,90.4700,91.2900,90.0900,91.2400,2754400,69.2808
2019-08-22,91.2900,92.1100,90.5000,91.3200,1945500,69.3415
2019-08-23,91.4500,91.6700,90.2600,90.7400,3153900,68.9011
2019-08-26,90.9300,91.3900,90.5700,91.3500,2037100,69.3643
2019-08-27,91.7700,92.8400,91.6600,92.1500,3668000,69.9718
2019-08-28,92.4100,93.1500,91.9000,92.3000,2639200,70.0856
2019-08-29,92.7600,92.8000,91.5300,92.7600,2231400,70.4350
2019-08-30,93.0000,93.3500,92.6100,92.7400,2157900,70.4198
2019-09-03,92.5000,93.7200,92.3300,93.6700,2620200,71.1260
2019-09-04,93.9000,94.1800,93.2300,93.9700,2102600,71.3537
2019-09-05,93.5000,93.8500,92.8100,93.4100,2721200,70.9285
2019-09-06,93.6300,94.2900,93.3700,93.7600,2578000,71.1943
2019-09-09,93.5600,93.8400,93.0800,93.7200,2935100,71.1639
2019-09-10,93.2600,94.5400,93.2400,93.9400,3179600,71.3310
2019-09-11,93.5500,94.5400,93.2500,94.4900,2756500,71.7486
2019-09-12,95.1600,95.7000,94.6700,94.9600,2339400,72.1055
2019-09-13,94.4900,95.0000,93.6600,93.9000,3322200,71.3006
2019-09-16,93.8300,93.9800,92.7400,93.1200,2934600,70.7083
2019-09-17,93.3300,94.2000,93.1600,93.8700,2615600,71.2778
2019-09-18,94.2900,94.6800,93.5200,94.2600,3066500,71.5740
2019-09-19,94.5500,94.5600,93.7600,94.4900,2049900,71.7486
2019-09-20,95.2100,95.4400,94.2400,95.2700,5069100,72.3409
2019-09-23,95.2900,95.7200,95.0800,95.4000,2089100,72.4396
2019-09-24,95.6600,96.8000,95.5500,96.2800,3166100,73.1078
2019-09-25,96.1800,96.6300,95.7400,96.0000,2383600,72.8952
2019-09-26,96.0100,96.6100,95.8800,96.2000,1986100,73.0470
2019-09-27,96.2900,96.4600,95.6700,96.2600,1960700,73.0926
2019-09-30,96.2500,96.4900,95.5900,95.8600,2501700,72.7889
2019-10-01,95.5700,96.2000,95.2500,96.1900,2009200,73.0394
2019-10-02,96.2100,96.3500,94.6100,94.7100,3044000,71.9157
2019-10-03,95.0000,95.6100,94.7600,95.1000,3015800,72.2118
2019-10-04,95.4600,97.3700,95.3100,97.1700,3129600,73.7836
2019-10-07,96.7500,97.2500,96.4000,96.9200,2311700,73.5938
2019-10-08,96.9600,97.0600,95.9900,96.0900,2470800,72.9635
2019-10-09,96.2800,96.5600,95.9700,96.0300,2608800,72.9180
2019-10-10,95.8700,96.4600,95.5100,96.2900,2382200,73.1154
2019-10-11,96.2900,96.6000,95.4500,95.9700,2320000,72.8724
2019-10-14,96.1600,96.1600,94.8400,95.1300,2483600,72.2346
2019-10-15,95.1400,95.4700,94.6600,95.0000,1904600,72.1358
2019-10-16,94.7300,95.1500,94.4100,95.1300,2617100,72.2346
2019-10-17,95.1100,95.6100,94.9400,95.1700,2051700,72.2650
2019-10-18,94.9500,95.5900,94.5000,95.3500,3041900,72.4016
2019-10-21,95.1600,95.4000,94.6600,95.3300,1550200,72.3864
2019-10-22,95.5000,95.6100,95.0800,95.3200,1743700,72.3788
2019-10-23,95.5300,96.1800,95.2700,96.1700,2199800,73.0243
2019-10-24,96.0500,96.5000,95.9600,96.0700,1763400,72.9483
2019-10-25,96.2700,96.3600,94.9900,95.4300,1818100,72.4623
2019-10-28,95.0300,95.2500,93.8800,94.1000,2761600,71.4525
2019-10-29,93.7900,93.9400,93.3300,93.5300,2675100,71.0196
2019-10-30,93.6500,94.3700,93.4300,94.0100,1831300,71.3841
2019-10-31,93.9000,94.4400,93.5800,94.2600,2454100,71.5740
2019-11-01,94.3000,94.5500,93.7800,94.3800,2647200,71.6651
2019-11-04,94.3400,94.4200,93.0600,93.6400,3105900,71.1031
2019-11-05,93.0400,93.5800,92.4000,93.1500,2626800,70.7311
2019-11-06,93.2000,93.6900,93.0500,93.3600,2186900,70.8906
2019-11-07,93.0000,93.3000,91.7500,92.5800,4125000,70.2983
2019-11-08,91.7000,91.7800,89.2200,89.9500,6146200,68.3013
2019-11-11,89.9800,90.0000,87.4700,87.6000,4871000,66.5168
2019-11-12,87.8000,88.1100,87.2300,87.5900,3843000,66.5092
2019-11-13,88.0000,88.6900,87.3100,88.5300,5441900,67.2230
2019-11-14,87.7000,88.8200,87.5200,88.2500,3905700,67.7334
2019-11-15,88.6400,88.7200,88.0900,88.5800,3567000,67.9867
2019-11-18,88.9000,89.7200,88.4200,88.6500,4274200,68.0404
2019-11-19,87.0400,87.4600,86.5200,87.0300,16085000,66.7971
2019-11-20,86.9800,87.6100,86.5200,87.1300,6414900,66.8738
2019-11-21,87.5400,87.5600,86.4300,86.6600,7570900,66.5131
2019-11-22,87.2500,87.3400,86.3600,87.1400,5763100,66.8815
2019-11-25,87.2000,87.6700,86.7300,87.6000,6254300,67.2345
2019-11-26,87.4800,88.4200,87.4500,88.2000,6569900,67.6950
2019-11-27,88.1300,88.7800,88.0200,88.5600,3229500,67.9713
2019-11-29,88.8000,88.9300,87.8300,88.1700,1325600,67.6720
2019-12-02,87.8700,88.1700,87.2500,87.2900,4202000,66.9966
2019-12-03,87.5000,87.9400,87.1500,87.8600,3954400,67.4341
2019-12-04,87.8500,89.1200,87.8500,88.9500,3503600,68.2707
2019-12-05,88.8600,89.3400,88.6000,89.2900,3055400,68.5316
2019-12-06,89.2100,89.9400,89.0100,89.7600,2964700,68.8924
2019-12-09,89.8300,89.8600,89.2000,89.2800,3798500,68.5240
2019-12-10,89.2500,89.4500,88.8300,89.0500,3208900,68.3474
2019-12-11,89.1800,89.3600,88.6700,89.0000,4994400,68.3091
2019-12-12,88.9800,89.7900,88.9000,89.5600,5842000,68.7389
2019-12-13,89.3200,90.4300,89.1700,90.1000,5092800,69.1533
2019-12-16,90.7500,90.7900,89.4500,90.4900,4597500,69.4527
2019-12-17,90.4000,91.5000,90.1200,90.5500,2969500,69.4987
2019-12-18,90.7000,90.9000,90.2600,90.6100,4003000,69.5448
2019-12-19,90.5300,90.7500,89.4000,89.9500,4867400,69.0382
2019-12-20,90.2200,90.9100,89.7500,90.6200,6715300,69.5524
2019-12-23,90.6200,90.8800,89.6100,90.1500,5060700,69.1917
2019-12-24,90.1100,90.5100,89.7300,90.2300,804500,69.2531
2019-12-26,90.0000,90.5300,89.9500,90.3900,2314000,69.3759
2019-12-27,90.4600,90.9900,90.2200,90.9700,2596200,69.8211
2019-12-30,90.6000,91.0400,90.4600,90.7900,2237700,69.6829
2019-12-31,90.8900,91.2400,90.6200,91.2100,2540700,70.0053
2020-01-02,91.2800,91.7800,90.0300,90.3400,3921800,69.3375
2020-01-03,90.2300,91.0700,90.1500,90.4000,2825400,69.3836
2020-01-06,90.4000,91.0400,90.3000,90.8400,2410300,69.7213
2020-01-07,90.8900,90.8900,89.8400,90.2700,3980900,69.2838
2020-01-08,90.4600,90.8700,89.9600,90.4000,2583300,69.3836
2020-01-09,90.2800,90.7800,90.0800,90.6200,2377200,69.5524
2020-01-10,90.8800,91.2300,90.3700,90.4400,3225000,69.4143
2020-01-13,90.5000,91.5500,90.5000,91.2400,2979000,70.0283
2020-01-14,91.1600,91.4400,90.5000,91.3000,3009800,70.0744
2020-01-15,91.5400,92.5800,91.3600,92.4900,2357300,70.9877
2020-01-16,92.7700,93.4200,92.6700,93.1800,3244200,71.5173
2020-01-17,93.1400,93.9200,92.9800,93.7200,3053500,71.9317
2020-01-21,94.0000,94.8600,93.5400,94.7900,3429000,72.7530
2020-01-22,95.0000,95.6000,94.8700,95.3100,3638500,73.1521
2020-01-23,95.2800,96.1600,95.2200,96.0800,3824900,73.7431
2020-01-24,95.9300,96.6100,95.8100,96.2800,2218600,73.8966
2020-01-27,96.1300,96.6600,95.7200,96.1000,2481100,73.7584
2020-01-28,96.3000,97.0900,96.0300,96.2100,3696500,73.8428
2020-01-29,96.3500,97.0900,96.1600,96.7500,2335700,74.2573
2020-01-30,96.5200,97.5500,96.4100,97.4700,3273100,74.8099
2020-01-31,97.3700,98.0500,96.9700,97.6300,3175200,74.9327
2020-02-03,97.6300,97.8800,97.3100,97.6700,2666200,74.9634
2020-02-04,97.5500,98.0200,96.5500,96.6000,2802600,74.1422
2020-02-05,96.4200,97.3600,96.3000,97.1400,2319300,74.5567
2020-02-06,97.0100,97.3900,96.8100,96.9300,1611100,74.3955
2020-02-07,97.2500,97.2900,96.1900,96.2700,2747900,73.8889
2020-02-10,96.3600,96.4100,95.7100,96.2300,2647800,73.8582
2020-02-11,96.3700,97.2400,96.2900,96.9900,2993100,74.4415
2020-02-12,96.9800,98.2400,96.9300,97.9200,4377700,75.1553
2020-02-13,97.8100,100.3900,97.5600,100.1100,5132500,77.5849
2020-02-14,100.1600,101.7700,100.0900,101.2800,6300400,78.4917
2020-02-18,101.6500,102.4400,101.5300,102.0200,6256900,79.0652
2020-02-19,102.2200,102.3800,101.3700,101.4200,2809100,78.6002
2020-02-20,101.1700,101.8400,101.0100,101.4300,2711000,78.6079
2020-02-21,101.3300,102.9900,101.3000,102.4300,3520000,79.3829
2020-02-24,102.0800,103.7900,101.7200,102.3000,5282900,79.2822
2020-02-25,102.5100,102.6800,99.0200,99.2700,4093000,76.9339
2020-02-26,99.2900,100.4900,98.8200,98.9400,3152200,76.6782
2020-02-27,98.0900,99.3000,94.9600,94.9900,4784000,73.6169
2020-02-28,93.3000,93.3000,89.3900,91.7000,7908900,71.0672
2020-03-02,91.6500,96.9400,91.5400,96.6700,6803600,74.9189
2020-03-03,96.5600,98.7100,94.8100,95.6100,5060500,74.0974
2020-03-04,96.6900,101.6900,96.5900,101.6500,4284200,78.7784
2020-03-05,100.3700,101.4900,99.0000,100.1300,4327400,77.6004
2020-03-06,97.4500,99.5000,95.5800,99.0500,5522600,76.7635
2020-03-09,94.5000,96.7000,92.8500,94.5800,5616000,73.2992
2020-03-10,95.6400,96.6200,91.4100,95.0500,6386600,73.6634
2020-03-11,92.8900,93.1700,89.7900,90.9400,6268200,70.4782
2020-03-12,85.5100,86.3600,76.0000,80.4800,7684400,62.3717
2020-03-13,85.0100,85.8600,80.0000,85.7700,6156000,66.4715
2020-03-16,79.3000,84.6500,76.0000,76.5800,7118500,59.3493
2020-03-17,78.5800,86.5500,78.1500,86.0000,6712800,66.6497
2020-03-18,81.0100,82.9800,77.1700,79.2800,6426500,61.4417
2020-03-19,79.1200,79.1700,74.0000,75.0500,6361700,58.1635
2020-03-20,75.8500,76.0000,68.1000,68.4000,8975700,53.0098
2020-03-23,66.3900,67.9300,62.1300,64.1500,7060100,49.7160
2020-03-24,67.0100,71.9100,66.1300,71.5000,6516900,55.4123
2020-03-25,71.1900,78.5500,70.1900,74.7100,6573700,57.9000
2020-03-26,75.1800,81.9300,75.0100,81.1900,6163700,62.9220
2020-03-27,78.0300,83.6900,77.9500,80.1900,5091300,62.1470
2020-03-30,81.3500,83.9400,80.5700,83.4600,5300800,64.6813
2020-03-31,82.3700,83.9600,80.5100,80.8800,5115500,62.6817
2020-04-01,77.9200,79.7500,76.3600,77.5700,4600700,60.1165
2020-04-02,76.4300,79.9600,76.2400,79.3900,3665500,61.5270
2020-04-03,78.3300,79.3400,75.5800,76.0200,2907200,58.9153
2020-04-06,78.6200,81.9800,78.4100,81.2500,3960100,62.9685
2020-04-07,83.5000,83.6900,80.0000,80.1100,3522900,62.0850
2020-04-08,80.5000,86.5800,80.0300,85.5000,6729500,66.2622
2020-04-09,86.5000,93.0000,86.3200,90.3100,6536800,69.9899
2020-04-13,89.5900,90.0300,86.4300,87.3600,3800500,67.7037
2020-04-14,89.3400,90.8800,88.2100,90.4200,3812800,70.0752
2020-04-15,88.5000,89.4500,87.1000,87.5400,3694300,67.8432
2020-04-16,88.0000,88.5900,87.0300,87.5900,2335100,67.8820
2020-04-17,89.3200,90.5900,87.5700,90.1000,4299100,69.8272
2020-04-20,89.0600,89.4800,86.5800,86.6500,3144000,67.1535
2020-04-21,85.2400,86.4500,84.3800,85.4400,3682900,66.2157
2020-04-22,86.7500,88.4000,86.4800,87.1500,3089900,67.5410
2020-04-23,87.4800,88.1800,84.9000,85.1200,3298100,65.9677
2020-04-24,85.4700,86.1700,83.7000,85.6900,3723900,66.4095
2020-04-27,86.2800,87.6800,86.1700,86.7500,2593100,67.2310
2020-04-28,88.1200,89.1400,87.3300,87.6300,3135500,67.9130
2020-04-29,88.5400,88.7500,86.4500,86.6300,2997600,67.1380
2020-04-30,86.0000,86.4100,84.1800,84.6600,3536500,65.6112
2020-05-01,83.8600,83.9500,82.0900,82.6400,3036700,64.0457
2020-05-04,82.7300,82.9500,81.2800,82.6300,2947400,64.0380
2020-05-05,82.8300,83.8900,82.8100,83.1400,2781000,64.4332
2020-05-06,83.1800,83.3700,80.0400,80.0700,3581900,62.0540
2020-05-07,80.8900,81.4500,80.0400,80.3100,3426400,62.2400
2020-05-08,81.4900,82.0700,80.5000,81.7800,2875200,63.3792
2020-05-11,81.4500,82.2700,80.3300,81.6600,3924200,63.2862
2020-05-12,82.4900,83.6600,81.8800,81.8800,3524700,63.4567
2020-05-13,81.5500,82.1000,80.6200,81.8900,3998300,63.4645
2020-05-14,80.0000,82.3900,79.7200,82.3000,3649300,64.5269
2020-05-15,81.4800,81.7900,80.1700,81.1900,5250700,63.6566
2020-05-18,82.6900,85.4400,82.5800,84.9200,6747800,66.5811
2020-05-19,84.3800,84.3800,83.2500,83.2900,3020800,65.3031
2020-05-20,83.9500,84.0900,83.1400,83.3100,2710900,65.3187
2020-05-21,83.0600,83.7700,82.0100,82.3400,3108000,64.5582
2020-05-22,82.1900,83.3200,81.8900,83.2300,2760600,65.2560
2020-05-26,84.4600,84.6700,82.6900,82.8100,3910200,64.9267
2020-05-27,84.1200,84.2000,82.6900,83.7200,3606600,65.6402
2020-05-28,84.8500,86.1000,84.6800,85.8300,3957600,67.2945
2020-05-29,85.5400,86.3700,84.6700,85.6300,4017500,67.1377
2020-06-01,85.8400,87.5800,85.2300,87.4400,2438800,68.5569
2020-06-02,87.8200,88.1000,86.6000,87.6700,3446800,68.7372
2020-06-03,88.3300,89.6500,88.0000,89.2300,2449600,69.9603
2020-06-04,88.8000,89.3800,87.4800,88.4400,3640800,69.3409
2020-06-05,89.4000,91.5600,89.1500,89.4900,3353300,70.1641
2020-06-08,89.4600,92.2000,89.1100,91.9100,2771000,72.0615
2020-06-09,91.0000,91.0700,88.9300,90.3200,3023400,70.8149
2020-06-10,90.4100,90.9500,89.5000,90.1900,2721400,70.7130
2020-06-11,88.8000,89.0500,86.3400,87.0800,4974100,68.2746
2020-06-12,88.9300,88.9900,85.7300,86.7400,3935700,68.0080
2020-06-15,85.0400,87.4200,84.3000,86.9600,4501000,68.1805
2020-06-16,89.0000,89.4800,86.4100,86.9500,3865100,68.1727
2020-06-17,87.0000,87.3600,85.4800,86.2100,4181800,67.5925
2020-06-18,85.6600,86.3800,85.0000,85.7700,3480100,67.2475
2020-06-19,86.7400,86.9300,82.1100,82.1100,8089900,64.3779
2020-06-22,82.3200,83.5500,81.3100,82.5300,3878700,64.7072
2020-06-23,83.2400,83.5000,81.4900,81.8500,3771600,64.1740
2020-06-24,81.0800,81.3400,79.8200,80.4700,3675900,63.0921
2020-06-25,80.1100,80.2300,78.7900,79.4500,3984800,62.2923
2020-06-26,79.3500,79.9200,77.5800,78.9300,5321500,61.8846
2020-06-29,79.5700,80.2500,78.5200,80.2500,2953700,62.9196
2020-06-30,80.0900,80.4800,78.9300,79.8900,4890000,62.6373
2020-07-01,79.9700,82.3800,79.7600,81.9300,2835800,64.2368
2020-07-02,82.6400,82.9200,81.4400,81.8400,2819700,64.1662
2020-07-06,80.5000,81.8600,79.1200,79.8100,5997800,62.5746
2020-07-07,79.2000,81.1800,79.1500,80.8200,4129600,63.3665
2020-07-08,80.8600,81.9500,80.3300,81.4400,3434200,63.8526
2020-07-09,81.3300,81.3300,79.1100,79.7400,3457400,62.5197
2020-07-10,79.7900,81.5800,79.7600,81.3200,2545700,63.7585
2020-07-13,81.1500,81.9700,80.9600,81.4200,2205100,63.8369
2020-07-14,81.4200,82.4700,81.3900,81.6900,4218200,64.0486
2020-07-15,82.4800,82.6400,80.3200,80.4300,4501700,63.0607
2020-07-16,80.7000,81.3400,80.4300,81.0700,2874300,63.5625
2020-07-17,81.6900,82.6300,81.4600,82.4000,4603000,64.6053
2020-07-20,82.0500,82.2300,80.9500,81.1000,3271400,63.5860
2020-07-21,81.5000,82.7900,81.1000,82.3300,3892800,64.5504
2020-07-22,82.0000,84.5100,81.5200,84.1500,3763300,65.9774
2020-07-23,84.0600,84.3900,83.4800,83.9900,2373100,65.8519
2020-07-24,84.3500,84.9000,82.6200,82.7900,2953100,64.9111
2020-07-27,82.5000,82.6400,81.0900,81.2900,4198700,63.7350
2020-07-28,81.2500,84.9800,81.2100,84.6000,4851400,66.3302
2020-07-29,84.5300,85.0500,83.8400,84.9700,2501600,66.6203
2020-07-30,84.3100,84.5800,83.4900,84.5700,2828600,66.3066
2020-07-31,84.0500,84.8100,83.6000,84.7400,3292100,66.4399
2020-08-03,84.6700,84.7500,83.1100,83.8100,2552200,65.7108
2020-08-04,83.5000,84.9700,83.3400,84.6900,3234500,66.4007
2020-08-05,84.7200,84.8600,83.2800,83.5100,2861400,65.4755
2020-08-06,83.2700,84.3900,82.6700,84.2100,3036300,66.0244
2020-08-07,83.7900,86.6900,83.6800,86.6100,4289500,67.9061
2020-08-10,87.1900,87.2100,84.5300,84.7600,4323300,66.4556
2020-08-11,84.9900,85.0900,83.4700,83.6700,4546200,65.6010
2020-08-12,84.0200,84.7800,83.8300,84.3200,3397100,66.1106
2020-08-13,83.0300,83.2300,82.0000,82.7400,3219200,65.6229
2020-08-14,82.6600,82.9000,81.9300,82.1500,2016100,65.1549
2020-08-17,82.2900,83.1100,81.6600,82.6000,3849500,65.5118
2020-08-18,82.5700,82.7700,81.5000,81.6600,2606900,64.7663
2020-08-19,81.8800,82.1900,81.4600,81.6600,2623100,64.7663
2020-08-20,81.2600,81.6100,80.5600,81.0400,2715200,64.2745
2020-08-21,81.2000,81.3300,80.2800,81.0000,3911100,64.2428
2020-08-24,81.3800,81.6600,80.5000,81.4700,2679100,64.6156
2020-08-25,81.5000,81.5000,80.4300,80.8500,2769200,64.1239
2020-08-26,80.4200,80.6200,79.3100,79.5500,3367900,63.0928
2020-08-27,79.6800,80.3700,79.2200,79.5500,2932800,63.0928
2020-08-28,79.9200,79.9900,78.9500,79.7100,3190500,63.2197
2020-08-31,79.7000,81.5300,79.6100,80.3400,3569300,63.7194
2020-09-01,79.8400,80.1800,78.9700,79.2100,3194100,62.8231
2020-09-02,79.2400,81.9000,78.9800,81.4700,3626200,64.6156
2020-09-03,81.8200,82.7000,80.3400,81.1400,3134800,64.3539
2020-09-04,81.2200,81.8200,79.9300,80.9700,2820200,64.2190
2020-09-08,81.0600,81.2400,79.3800,80.7300,3252000,64.0287
2020-09-09,82.4200,83.8900,81.8500,82.5900,4411100,65.5039
2020-09-10,82.2200,82.7300,81.4100,82.0000,3591200,65.0360
2020-09-11,82.0700,83.4100,81.7500,83.0300,3196800,65.8529
2020-09-14,83.5800,84.9400,83.5800,84.3800,3438100,66.9236
2020-09-15,84.9400,85.8700,83.9300,84.4500,2582500,66.9791
2020-09-16,85.0000,85.4800,84.5700,84.8400,2904600,67.2884
2020-09-17,84.2500,84.7800,83.6400,84.6000,3355800,67.0981
2020-09-18,84.2000,84.7400,82.9000,82.9500,5035900,65.7894
2020-09-21,82.0500,82.5700,81.1700,82.5700,3001600,65.4880
2020-09-22,82.4100,84.0100,82.2600,82.6900,2703700,65.5832
2020-09-23,82.9000,83.1300,81.2300,81.2800,2322700,64.4649
2020-09-24,81.2300,82.4100,80.4100,81.6700,2582300,64.7742
2020-09-25,81.2800,82.5900,80.9500,82.4700,3854600,65.4087
2020-09-28,82.9700,84.0800,82.6600,82.8700,2424600,65.7260
2020-09-29,83.0700,83.4000,82.0400,82.4100,2126100,65.3611
2020-09-30,88.0000,89.4900,86.4300,88.5600,18804900,70.2388
2020-10-01,88.0300,90.3600,87.6000,90.0500,6249600,71.4206
2020-10-02,89.2200,92.1500,88.6900,91.5800,5925200,72.6341
2020-10-05,90.9800,92.1500,89.9000,91.7400,3038400,72.7610
2020-10-06,91.7200,92.0700,90.4600,90.7700,2993500,71.9916
2020-10-07,91.6100,92.1300,90.7000,91.3000,2480000,72.4120
2020-10-08,91.4900,93.4300,90.9000,93.1500,3253300,73.8793
2020-10-09,93.1400,93.9200,92.0400,93.3000,3686800,73.9982
2020-10-12,93.1900,93.8500,92.5900,93.1100,3131600,73.8475
2020-10-13,92.6400,93.2600,91.3000,92.9200,2544400,73.6968
2020-10-14,92.8400,93.5000,92.0100,92.6700,2420700,73.4986
2020-10-15,91.0700,92.8200,90.7500,91.9600,2170600,72.9354
2020-10-16,92.1800,93.0600,91.7300,92.3700,2811200,73.2606
2020-10-19,92.1200,92.8700,91.7500,92.0700,2284000,73.0227
2020-10-20,92.1100,92.8000,91.8000,92.0600,2243100,73.0148
2020-10-21,91.9600,92.9800,91.5600,92.5100,2233300,73.3717
2020-10-22,92.5900,93.9100,92.0600,93.8900,4162200,74.4662
2020-10-23,94.0000,94.3700,90.9700,92.7800,4532000,73.5858
2020-10-26,91.9400,93.5000,91.4700,93.1800,2711800,73.9030
2020-10-27,93.3200,93.9400,92.6200,93.0600,2275900,73.8079
2020-10-28,91.7900,93.0900,90.8300,90.9800,3658800,72.1582
2020-10-29,90.7200,93.1900,89.6200,92.2400,3424900,73.1575
2020-10-30,91.6600,93.0000,91.2300,92.1100,3304800,73.0544
2020-11-02,92.9300,94.2000,92.2500,93.8200,2929900,74.4107
2020-11-03,94.8600,96.5600,94.4300,95.5200,3512400,75.7589
2020-11-04,95.0700,96.7300,93.5500,93.5500,2883700,74.1965
2020-11-05,94.8200,96.9600,93.9700,94.2200,2531900,74.7279
2020-11-06,94.5000,95.5300,93.3400,93.4400,2380500,74.1093
2020-11-09,96.8100,98.8800,95.1100,95.4000,4148100,75.6638
2020-11-10,95.7200,97.2700,94.3000,97.1400,3146100,77.0438
2020-11-11,97.6800,98.6600,97.0400,97.3100,2704500,77.1786
2020-11-12,95.5000,95.9100,93.6000,94.2500,3119000,75.5004
2020-11-13,94.7100,95.3600,94.6000,94.9800,1887300,76.0852
2020-11-16,96.0500,96.0500,94.4700,95.0100,2842900,76.1092
2020-11-17,94.3000,95.0000,92.8300,92.9200,3178500,74.4350
2020-11-18,93.5900,93.9600,91.4600,91.5300,2948800,73.3215
2020-11-19,91.3400,91.7600,90.0100,91.7000,3368600,73.4577
2020-11-20,91.7000,92.6800,91.3800,92.5800,4213800,74.1626
2020-11-23,92.5200,93.4300,92.0100,93.3300,3795700,74.7634
2020-11-24,94.4700,96.3300,93.9000,96.2600,4350900,77.1106
2020-11-25,95.9500,96.2400,94.8400,96.1500,1959300,77.0224
2020-11-27,96.1500,96.1500,94.1000,94.6000,1293800,75.7808
2020-11-30,94.1300,94.2500,91.9400,92.6600,5012200,74.2267
2020-12-01,93.5600,94.6400,93.1700,93.2600,2947300,74.7074
2020-12-02,93.1000,93.9100,91.9100,93.8700,2173900,75.1960
2020-12-03,93.4800,93.7000,92.1000,92.3500,2286100,73.9784
2020-12-04,92.2000,92.6700,90.1400,91.1500,3172200,73.0171
2020-12-07,90.7000,92.3100,90.5500,91.8700,2030700,73.5939
2020-12-08,91.3300,92.0200,90.4000,91.5100,2409300,73.3055
2020-12-09,91.4900,91.7400,90.2900,91.3900,2998200,73.2094
2020-12-10,91.6900,92.0700,90.8300,91.7600,3628500,73.5058
2020-12-11,91.2500,91.8900,90.9000,91.5400,3225100,73.3295
2020-12-14,92.3800,94.0800,91.1000,91.1300,3684200,73.0011
2020-12-15,91.2600,92.8400,90.9000,92.1100,4059600,73.7861
2020-12-16,92.3900,92.9800,90.6000,90.6100,4057900,72.5845
2020-12-17,91.3100,91.8300,91.0000,91.5200,4309900,73.3135
2020-12-18,91.4500,91.6000,90.2400,90.3200,7342800,72.3522
2020-12-21,89.8100,90.0000,88.1800,89.1000,4682100,71.3749
2020-12-22,89.0900,89.5700,88.6000,89.5300,2831600,71.7194
2020-12-23,89.9800,90.7500,89.0200,89.0400,1956500,71.3269
2020-12-24,89.2200,89.7200,88.8000,89.6700,733500,71.8315
2020-12-28,90.1600,90.6600,89.7300,90.2500,1473400,72.2962
2020-12-29,90.5300,91.0400,89.6800,89.8600,2044400,71.9837
2020-12-30,89.9200,91.0800,89.9200,90.5600,1838700,72.5445
2020-12-31,90.6100,91.6400,90.2700,91.5600,1638800,73.3455
2021-01-04,91.7800,92.1300,89.2000,89.7100,2683700,71.8636
2021-01-05,89.7900,90.1900,89.0400,89.7500,2547400,71.8956
2021-01-06,89.9500,91.7700,89.8700,90.9100,2823000,72.8249
2021-01-07,91.1500,91.4600,89.7400,89.8900,2989500,72.0078
2021-01-08,89.9500,90.4000,89.4200,90.0500,2752100,72.1360
2021-01-11,89.6400,90.4200,88.5300,89.2900,2193700,71.5271
2021-01-12,89.1400,89.5600,87.6200,88.9300,2860700,71.2387
2021-01-13,88.9800,92.3700,88.9500,91.5600,3592500,73.3455
2021-01-14,91.5600,91.9600,90.3300,91.6600,3097300,73.4257
2021-01-15,90.9100,92.3800,90.6000,92.1100,2914600,73.7861
2021-01-19,92.5900,92.9500,90.3500,90.3800,2486200,72.4003
2021-01-20,90.3000,91.2100,89.5000,90.7800,2331300,72.7207
2021-01-21,90.5000,90.7700,89.8000,90.1800,2254700,72.2401
2021-01-22,89.8200,90.6700,89.4600,90.2900,1917500,72.3282
2021-01-25,90.0100,93.0700,89.7900,92.9100,3469200,74.4270
2021-01-26,92.7900,93.4500,91.8600,92.9200,2261500,74.4350
2021-01-27,92.3500,94.1600,91.3300,91.7100,3002300,73.4657
2021-01-28,92.1600,93.7000,91.4500,91.4800,2001000,73.2815
2021-01-29,92.0100,94.5800,91.0500,94.0000,4967400,75.3001
2021-02-01,94.0500,94.4000,92.8900,93.1600,2570900,74.6273
2021-02-02,93.0900,94.9500,92.6900,93.1000,2240700,74.5792
2021-02-03,92.7400,93.6100,92.5200,93.3900,2577200,74.8115
2021-02-04,93.6700,94.4700,93.3100,94.3500,2375800,75.5805
2021-02-05,94.4700,95.4500,94.0300,94.7400,2465900,75.8929
2021-02-08,94.6100,94.6800,93.0200,93.6000,2087100,74.9797
2021-02-09,93.6100,94.0600,92.7900,93.3200,1932900,74.7554
2021-02-10,93.7700,94.1900,92.8100,93.7000,2356700,75.0598
2021-02-11,92.7000,92.8200,90.3500,90.4200,3633400,73.1861
2021-02-12,89.9200,90.3900,89.1500,89.8200,2742400,72.7004
2021-02-16,89.6400,90.2000,88.0300,88.3800,2931600,71.5349
2021-02-17,88.5700,89.5700,87.8900,89.2000,3772600,72.1986
2021-02-18,89.2100,90.4700,89.1000,89.5300,3658400,72.4657
2021-02-19,89.4400,89.4400,88.2200,88.4300,3537300,71.5754
2021-02-22,88.1400,88.6400,87.0800,88.3500,2981400,71.5106
2021-02-23,89.3900,90.0400,88.2700,89.0400,2640200,72.0691
2021-02-24,88.9400,88.9900,87.3300,87.3400,2886400,70.6931
2021-02-25,87.2500,88.7600,86.7000,87.1200,3423000,70.5151
2021-02-26,87.3400,88.6400,85.5600,85.5900,3877300,69.2767
2021-03-01,86.0000,88.0400,86.0000,87.0400,2828000,70.4503
2021-03-02,87.0600,87.8700,86.4500,87.2400,2427600,70.6122
2021-03-03,86.8900,87.4600,85.8000,87.2700,2724700,70.6365
2021-03-04,87.3000,88.7700,86.0100,86.4600,4197300,69.9808
2021-03-05,86.7500,89.0000,86.1800,88.5300,3788000,71.6563
2021-03-08,89.0000,91.2300,88.5600,90.2200,3740800,73.0242
2021-03-09,90.2200,91.4700,89.7900,90.9500,3228200,73.6151
2021-03-10,90.9500,91.7000,90.6000,90.7900,4227800,73.4855
2021-03-11,90.6700,92.3000,90.2800,90.6900,3565200,73.4046
2021-03-12,91.0100,91.9500,90.6900,91.4000,3462300,73.9793
2021-03-15,91.8800,92.5500,91.5300,92.3300,4261000,74.7320
2021-03-16,92.1900,93.3800,91.8100,93.0200,3140100,75.2905
2021-03-17,92.9600,93.3100,91.4800,91.8500,4138400,74.3435
2021-03-18,91.8200,92.6600,91.2900,92.3300,3471800,74.7320
2021-03-19,92.4700,93.3500,91.6000,92.7200,11280800,75.0477
2021-03-22,92.7200,93.2400,92.1000,93.1200,4107800,75.3715
2021-03-23,92.9900,94.5900,92.6500,94.0200,3852900,76.0999
2021-03-24,93.5300,95.1300,93.4000,94.3900,3024300,76.3994
2021-03-25,94.9700,95.9000,94.4000,95.5300,2622900,77.3221
2021-03-26,95.3300,95.9500,94.8000,95.8300,6036000,77.5649
2021-03-29,95.7900,97.9200,95.3200,97.5800,4941200,78.9814
2021-03-30,97.5900,97.6400,95.5600,96.2400,3275100,77.8968
2021-03-31,95.9100,96.7900,95.8400,96.5300,3480700,78.1315
2021-04-01,96.4300,96.5300,95.3400,96.2800,2876100,77.9292
2021-04-05,96.3500,97.6600,96.1700,96.9300,2839800,78.4553
2021-04-06,96.7600,97.6000,96.0700,97.5700,3634300,78.9733
2021-04-07,97.7000,98.0500,97.3500,97.8200,2549200,79.1756
2021-04-08,97.9300,98.1500,97.3700,97.6200,4922400,79.0138
2021-04-09,98.0000,98.7400,97.4400,97.5400,2028700,78.9490
2021-04-12,97.1400,98.1100,97.0700,97.6400,3784600,79.0299
2021-04-13,97.1200,98.8500,96.8100,98.5000,3661300,79.7260
2021-04-14,98.2900,98.8900,98.0300,98.7900,3604100,79.9608
2021-04-15,98.8400,99.8900,98.7400,99.7500,3271600,80.7378
2021-04-16,99.8500,101.1300,99.7500,100.6700,3820900,81.4824
2021-04-19,100.6800,100.7500,99.6600,100.2000,3491600,81.1020
2021-04-20,100.2500,101.8300,100.0600,101.4100,3171600,82.0814
2021-04-21,101.3700,101.6500,100.5700,101.0900,3741900,81.8224
2021-04-22,101.2100,101.2100,100.0400,100.0800,3866800,81.0049
2021-04-23,100.0900,100.4600,99.4400,99.8500,2849400,80.8187
2021-04-26,99.9400,99.9400,99.0100,99.2000,2749800,80.2926
2021-04-27,98.9600,99.1500,98.3400,98.6100,3441300,79.8151
2021-04-28,98.8900,99.1600,98.0700,98.5700,2514600,79.7827
2021-04-29,98.6800,99.6300,98.5800,99.5500,2172000,80.5759
2021-04-30,99.8600,100.7100,99.2700,100.6900,2574800,81.4986
2021-05-03,100.8200,101.9000,100.3800,100.7100,3572100,81.5148
2021-05-04,100.7100,101.0800,100.1100,100.7800,3096400,81.5714
2021-05-05,100.5000,100.6600,98.6500,99.3600,3582200,80.4221
2021-05-06,99.7600,100.7400,99.3500,100.5400,2051600,81.3772
2021-05-07,100.3900,101.4300,100.1900,100.8600,4544800,81.6362
2021-05-10,101.2800,108.0000,101.0600,103.7400,8173900,83.9673
2021-05-11,104.1800,104.6000,102.7200,103.6300,4487600,83.8783
2021-05-12,103.5600,103.7100,101.1500,101.2200,4477600,81.9276
2021-05-13,100.4000,103.5900,100.2500,103.0000,3318200,84.1708
2021-05-14,103.3100,103.8300,102.6200,103.0600,2409600,84.2198
2021-05-17,103.1700,108.0000,102.3800,102.4500,5583000,83.7213
2021-05-18,102.2000,103.1100,101.9600,102.4900,4857100,83.7540
2021-05-19,102.2000,102.3600,100.1200,101.1600,4371600,82.6672
2021-05-20,101.3100,102.7800,101.1900,102.2700,3110200,83.5742
2021-05-21,102.5300,103.0700,101.9200,102.8600,4136400,84.0564
2021-05-24,103.0900,103.5100,102.1600,102.3100,2726500,83.6069
2021-05-25,102.1200,102.2600,100.8000,101.3100,3015000,82.7897
2021-05-26,101.3000,101.6100,100.7800,101.1100,2607800,82.6263
2021-05-27,101.3100,101.3600,99.9000,100.0100,4251100,81.7274
2021-05-28,100.3700,100.7700,99.9900,100.2200,2271200,81.8990
2021-06-01,100.5400,100.7500,99.5800,100.0800,2816100,81.7846
2021-06-02,100.4100,101.2700,99.7200,100.6800,1889900,82.2749
2021-06-03,100.2400,102.0200,100.1800,101.6700,3401900,83.0839
2021-06-04,101.9700,102.0900,101.3900,101.4800,2771400,82.9287
2021-06-07,101.5500,102.2100,101.4500,101.8600,3335100,83.2392
2021-06-08,102.1400,102.1400,100.4400,100.5900,3147900,82.2014
2021-06-09,100.6200,101.4700,100.4300,101.3900,1584800,82.8551
2021-06-10,101.3800,101.8600,101.1500,101.7100,1783900,83.1166
2021-06-11,101.5300,102.0600,101.1400,101.9300,1909000,83.2964
2021-06-14,101.9300,102.5500,101.7600,102.5300,2003300,83.7867
2021-06-15,102.6000,103.5100,102.2200,103.2200,2738600,84.3506
2021-06-16,103.7200,103.9000,101.7300,101.8100,3865400,83.1983
2021-06-17,101.8200,103.1700,101.4900,102.4200,3998700,83.6968
2021-06-18,102.0700,102.2500,99.5100,99.6100,5190400,81.4005
2021-06-21,100.0900,101.5600,99.7600,101.3100,3566100,82.7897
2021-06-22,100.8400,101.4700,100.2800,100.4000,2562000,82.0461
2021-06-23,100.1500,100.9200,99.0800,99.2300,3997300,81.0900
2021-06-24,99.2300,99.4600,98.7000,99.0700,2448600,80.9592
2021-06-25,99.3600,99.8300,98.9500,99.7200,3236200,81.4904
2021-06-28,100.0000,100.7300,99.6400,100.0100,3192800,81.7274
2021-06-29,99.7600,100.2400,97.6800,98.1200,2669200,80.1829
2021-06-30,98.1700,98.9500,97.6800,98.7200,2493300,80.6732
2021-07-01,98.9600,99.8700,98.3500,99.5500,2406900,81.3515
2021-07-02,99.7400,99.7400,99.1800,99.5100,1779300,81.3188
2021-07-06,99.5900,99.8900,98.4000,99.8300,3258100,81.5803
2021-07-07,99.9500,100.5600,99.1800,100.3700,2044400,82.0216
2021-07-08,100.0300,101.0000,99.8500,100.5600,2386200,82.1769
2021-07-09,100.9500,101.0400,99.9000,100.6600,2676300,82.2586
2021-07-12,100.2200,101.6400,99.8600,101.5300,2509100,82.9695
2021-07-13,101.4600,101.8500,100.9700,101.5300,2774400,82.9695
2021-07-14,101.5000,103.0400,100.5700,102.7000,2692900,83.9256
2021-07-15,102.5400,104.0000,102.5400,103.9400,2869100,84.9389
2021-07-16,104.1000,105.3800,103.8100,104.7600,2758800,85.6091
2021-07-19,104.4100,105.4600,102.7400,103.8900,5548800,84.8981
2021-07-20,104.0800,105.4200,103.4300,103.7400,2411400,84.7755
2021-07-21,103.9200,104.1000,103.1200,103.1600,2078100,84.3016
2021-07-22,103.1700,103.9700,102.7600,102.9200,2948600,84.1054
2021-07-23,103.0600,104.5900,103.0600,104.4700,1896100,85.3721
2021-07-26,104.6000,105.0500,103.9500,104.5800,3170100,85.4620
2021-07-27,104.3700,106.6800,104.0500,106.3600,2036000,86.9166
2021-07-28,106.2600,106.4000,104.7500,105.6500,2144700,86.3364
2021-07-29,105.9100,106.0600,104.9700,105.6800,1477900,86.3609
2021-07-30,105.6800,106.7100,104.8800,105.1100,2567700,85.8951
2021-08-02,105.3900,106.6600,105.1600,106.1900,3392300,86.7776
2021-08-03,106.4100,107.5600,105.9800,106.6100,2398900,87.1209
2021-08-04,106.2900,107.0000,105.3700,106.7300,2261800,87.2189
2021-08-05,106.7500,108.0000,106.3300,107.9300,2843600,88.1995
2021-08-06,107.4200,108.0600,106.8800,106.9600,2617800,87.4069
2021-08-09,106.7000,107.0100,105.4700,106.1500,2435800,86.7449
2021-08-10,106.5000,107.2400,106.0000,106.9000,2022100,87.3578
2021-08-11,107.2800,107.8100,106.9700,107.1400,2510400,87.5540
2021-08-12,105.7900,106.5000,105.4700,105.6900,2227000,87.1705
2021-08-13,105.9800,106.2900,105.5300,106.0000,2010900,87.4261
2021-08-16,106.3300,108.3800,106.1600,107.8100,3286700,88.9190
2021-08-17,107.7900,108.2400,106.7500,107.7100,2151900,88.8365
2021-08-18,107.7700,107.8400,106.5700,107.0500,2834100,88.2921
2021-08-19,107.0600,108.2200,106.7000,106.8800,2464600,88.1519
2021-08-20,106.2300,107.3400,105.6400,107.2100,2569100,88.4241
2021-08-23,107.0600,107.4700,105.6800,105.8300,2712700,87.2859
2021-08-24,106.0300,106.1700,104.3900,105.1500,3730600,86.7251
2021-08-25,105.1300,105.9600,104.4300,105.3800,2357900,86.9148
2021-08-26,105.4000,105.5800,104.8200,104.8500,2495800,86.4776
2021-08-27,105.0800,105.3300,104.5100,104.6700,1724400,86.3292
2021-08-30,104.5000,105.1600,104.3400,104.7900,1947800,86.4282
2021-08-31,104.8400,105.6200,104.4000,104.6600,3069300,86.3209
2021-09-01,104.9000,106.3800,104.6700,106.1200,2499500,87.5251
2021-09-02,106.2000,106.9500,106.0000,106.6500,2792500,87.9622
2021-09-03,106.3900,106.6400,105.4700,105.6800,3043700,87.1622
2021-09-07,105.5200,105.5900,103.1700,103.2000,4472500,85.1168
2021-09-08,103.2700,105.6500,102.7100,105.3300,3616300,86.8735
2021-09-09,105.0900,105.3500,104.5300,104.6200,2317700,86.2880
2021-09-10,104.6500,104.7900,103.1500,103.2000,2391700,85.1168
2021-09-13,103.9800,104.2200,102.5500,102.7300,2801100,84.7291
2021-09-14,103.0000,103.5100,101.4800,101.6100,3421700,83.8054
2021-09-15,101.2500,102.4200,100.8000,102.0300,2795800,84.1518
2021-09-16,102.4900,102.8100,101.2800,101.4100,3219100,83.6404
2021-09-17,101.0000,101.5800,99.5700,99.6700,6699200,82.2053
2021-09-20,99.2900,100.3100,98.5300,99.6400,4907800,82.1805
2021-09-21,99.9200,100.4700,98.8300,98.9200,3274900,81.5867
2021-09-22,99.2500,99.4600,98.1800,98.5400,2732900,81.2733
2021-09-23,98.6100,99.4500,98.2000,98.4000,2419900,81.1579
2021-09-24,98.2500,99.0800,97.8900,98.4600,3010800,81.2073
2021-09-27,98.4500,99.5600,97.5000,97.6300,2772800,80.5228
2021-09-28,97.4500,97.8600,96.5800,97.0500,3126800,80.0444
2021-09-29,97.0500,99.0300,96.9500,98.3400,3299000,81.1084
2021-09-30,98.5200,98.7000,97.5600,97.5900,2962300,80.4898
2021-10-01,98.2000,98.8800,97.6100,98.4600,4598500,81.2073
2021-10-04,98.6600,101.0300,98.5100,100.7600,4645600,83.1043
2021-10-05,100.8800,100.9800,99.9500,100.1700,3411500,82.6177
2021-10-06,99.9300,101.9100,99.2500,101.8500,2794800,84.0033
2021-10-07,101.9200,102.5600,100.8600,100.9600,2020000,83.2693
2021-10-08,101.0000,101.3200,100.4100,100.5300,1745000,82.9146
2021-10-11,100.1800,100.7300,99.3500,99.7100,1659700,82.2383
2021-10-12,99.8500,100.5600,99.5800,99.8200,2426000,82.3290
2021-10-13,99.8400,100.7500,99.0500,100.7000,1798800,83.0548
2021-10-14,101.1100,101.8900,100.7600,101.6500,3045600,83.8384
2021-10-15,101.7500,101.9900,100.1000,100.3500,2593400,82.7662
2021-10-18,99.8500,100.1800,99.1500,99.8600,2057600,82.3620
2021-10-19,100.3500,101.2200,100.1300,101.1300,1759000,83.4095
2021-10-20,101.2500,102.5700,101.2500,102.2300,1892700,84.3167
2021-10-21,102.3900,103.0300,102.1700,103.0000,2057800,84.9518
2021-10-22,103.2100,104.9400,102.9700,103.7800,2430300,85.5951
2021-10-25,103.6900,103.7000,102.6200,102.8400,1681600,84.8199
2021-10-26,102.7900,104.1400,102.6400,103.2900,2298300,85.1910
2021-10-27,103.6500,103.8200,102.6500,102.7600,1519200,84.7539
2021-10-28,102.4200,102.8500,101.7700,102.4900,1973600,84.5312
2021-10-29,102.2400,102.9600,101.6000,102.0100,2301300,84.1353
2021-11-01,102.1300,102.6800,101.4600,102.3100,1606500,84.3827
2021-11-02,102.6300,102.8100,101.5000,102.4500,2701100,84.4982
2021-11-03,102.2500,102.9500,101.4500,102.5400,2062000,84.5724
2021-11-04,102.3900,102.8500,99.8700,101.0200,3054500,83.3187
2021-11-05,101.1900,102.6700,101.0500,101.6800,2127800,83.8631
2021-11-08,101.8800,101.9900,100.5100,101.4200,3686700,83.6487
2021-11-09,101.7900,102.2500,101.2300,101.9600,2876300,84.0940
2021-11-10,101.2800,101.9100,100.6900,101.6200,1876700,84.6312
2021-11-11,101.3600,101.5600,99.9600,100.2500,2002600,83.4903
2021-11-12,100.2500,100.5000,99.5800,99.8800,2504100,83.1821
2021-11-15,100.2400,101.0100,99.7300,100.6000,2362900,83.7817
2021-11-16,100.5300,100.7700,98.9600,99.0800,3758800,82.5158
2021-11-17,99.0000,99.2500,98.4100,98.9900,2368600,82.4409
2021-11-18,98.5800,98.6600,97.9800,98.3700,2809800,81.9246
2021-11-19,98.4500,98.7600,97.9600,98.4200,2986300,81.9662
2021-11-22,98.5000,100.5500,98.3200,100.2500,3913900,83.4903
2021-11-23,100.4900,101.0700,99.3800,100.7400,3174100,83.8983
2021-11-24,100.9900,101.1900,99.9200,100.1800,2236800,83.4319
2021-11-26,99.1800,100.6600,99.1500,99.2800,1805400,82.6824
2021-11-29,99.9200,100.4900,99.1100,100.2200,2128900,83.4653
2021-11-30,99.6500,99.7200,96.7500,97.0100,3873200,80.7919
2021-12-01,97.4400,99.0000,96.5800,96.6200,2825600,80.4671
2021-12-02,97.1000,98.6800,96.9300,97.6500,2956200,81.3249
2021-12-03,98.1000,99.9500,97.3100,99.8800,3106800,83.1821
2021-12-06,100.5200,102.7000,100.2600,101.2100,2972500,84.2898
2021-12-07,100.8800,101.5500,100.5000,101.1700,4402500,84.2564
2021-12-08,100.9900,101.6400,100.2000,100.8500,4819400,83.9899
2021-12-09,101.0400,101.1200,99.2600,100.2800,4020800,83.5152
2021-12-10,100.8100,102.0500,100.3600,101.5100,3039900,84.5396
2021-12-13,101.5000,103.6300,101.4500,103.0400,3932500,85.8138
2021-12-14,103.0500,103.5000,102.3200,102.7700,2825100,85.5889
2021-12-15,102.8100,104.1100,102.8100,103.8200,3378800,86.4634
2021-12-16,104.0000,105.1100,103.6400,104.5400,3066600,87.0631
2021-12-17,104.4500,105.1700,102.3200,103.0400,7150200,85.8138
2021-12-20,102.5200,103.8300,101.8800,103.6700,3678600,86.3385
2021-12-21,104.0000,104.4900,102.6800,103.0200,2054600,85.7972
2021-12-22,102.9100,103.5300,102.6700,103.1600,1588700,85.9138
2021-12-23,103.2800,103.8900,102.9300,102.9700,1435100,85.7555
2021-12-27,102.9700,103.4400,102.6800,103.2900,1269600,86.0220
2021-12-28,103.4600,104.6000,103.4600,104.5700,1197400,87.0880
2021-12-29,104.7600,105.0300,104.2300,104.7600,1176300,87.2463
2021-12-30,104.8000,105.0400,104.1200,104.7900,1690700,87.2712
2021-12-31,104.7200,105.2300,104.0000,104.9000,1945700,87.3628
2022-01-03,104.9100,104.9100,103.0200,103.4900,3272700,86.1886
2022-01-04,103.3600,104.9400,103.2800,103.4100,2558300,86.1220
2022-01-05,103.5000,104.9200,103.4700,103.6400,2446600,86.3135
2022-01-06,103.5100,104.7700,103.3300,103.4700,3944100,86.1719
2022-01-07,102.8100,104.9700,102.2600,104.5000,2990100,87.0297
2022-01-10,104.6500,105.3200,104.0700,104.5600,2683500,87.0797
2022-01-11,104.5800,104.7000,102.5300,103.2300,2937300,85.9721
2022-01-12,102.6800,103.8200,102.2000,103.6200,2226300,86.2969
2022-01-13,103.5400,104.5000,103.2000,104.1500,2591200,86.7383
2022-01-14,104.4400,104.6800,103.2700,104.0400,3425900,86.6466
2022-01-18,103.3300,103.7500,101.7400,101.8700,3082000,84.8394
2022-01-19,101.8800,102.8300,101.3100,102.1700,2460800,85.0893
2022-01-20,102.0500,103.5300,101.9900,102.3100,2426800,85.2058
2022-01-21,103.0200,104.2100,102.6700,102.9800,3453800,85.7638
2022-01-24,103.6200,103.9800,100.2500,102.5800,5654600,85.4307
2022-01-25,101.7100,103.1500,101.5600,102.3200,3336300,85.2142
2022-01-26,102.1800,103.3000,101.2000,101.9500,3111000,84.9061
2022-01-27,102.5100,104.3800,102.4700,103.2500,3384900,85.9887
2022-01-28,103.1900,104.7700,102.8000,104.7300,2874200,87.2213
2022-01-31,103.8700,105.2400,103.4600,105.0600,4306700,87.4961
2022-02-01,104.5500,105.0800,102.3900,103.4500,3036300,86.1553
2022-02-02,103.3500,105.2200,103.0500,105.0000,3391100,87.4462
2022-02-03,105.2200,105.7600,104.7000,105.4300,2238900,87.8043
2022-02-04,104.5600,105.3400,103.6300,104.2500,2217100,86.8215
2022-02-07,104.1400,104.8200,103.3500,104.3400,3046600,86.8965
2022-02-08,105.2700,105.3600,104.0600,104.4100,2298800,86.9548
2022-02-09,104.7500,105.2100,104.2200,104.7100,2259800,87.2046
2022-02-10,104.1900,104.3300,99.5800,99.7900,5918200,83.1072
2022-02-11,100.1000,100.8600,99.5600,99.7500,3953500,83.0738
2022-02-14,100.5500,101.0100,98.6300,99.9500,5284400,83.2404
2022-02-15,100.1300,101.1100,98.7700,99.3000,3149200,82.6991
2022-02-16,99.3600,99.9700,98.9000,99.5100,2955900,82.8740
2022-02-17,98.4700,99.1600,97.5300,98.7300,2401800,83.0464
2022-02-18,98.3600,100.1900,98.0800,99.8100,4505500,83.9548
2022-02-22,100.0000,100.2400,98.5700,99.4500,3304900,83.6520
2022-02-23,99.6600,99.8700,97.6000,97.6700,4055900,82.1548
2022-02-24,97.4300,97.6200,95.4800,97.0400,4207800,81.6248
2022-02-25,98.0400,100.3400,97.8400,100.2200,3326800,84.2997
2022-02-28,99.2100,100.5200,98.9900,100.4100,3069400,84.4595
2022-03-01,100.4100,101.0600,98.6700,99.8300,2448100,83.9716
2022-03-02,99.9400,101.2500,99.7400,100.7900,2334300,84.7792
2022-03-03,101.2500,103.2300,101.0600,102.6400,2607400,86.3353
2022-03-04,102.4600,105.3700,102.4000,105.2600,3276600,88.5391
2022-03-07,105.4000,106.9900,104.5500,106.7000,3611000,89.7503
2022-03-08,106.7600,107.4500,105.3300,105.4700,3549800,88.7157
2022-03-09,106.1900,106.5700,105.1200,105.3300,3293200,88.5980
2022-03-10,104.6200,106.4200,104.4400,106.1900,2038500,89.3213
2022-03-11,106.1000,107.0900,105.9500,106.1400,2229700,89.2793
2022-03-14,107.0500,107.7000,105.7400,106.3000,2562900,89.4139
2022-03-15,107.3400,107.3800,106.1300,106.6900,2113300,89.7419
2022-03-16,107.0200,107.0200,104.1700,105.9700,2636500,89.1363
2022-03-17,106.0000,107.5400,105.2900,106.5000,2675000,89.5821
2022-03-18,106.3000,106.9200,104.5700,105.0500,4859200,88.3624
2022-03-21,105.3200,106.8700,105.2800,106.1600,1987500,89.2961
2022-03-22,106.7700,106.9500,104.8600,106.1900,2574900,89.3213
2022-03-23,106.6800,107.5100,105.9200,106.8300,2617400,89.8597
2022-03-24,106.5700,108.0800,106.4000,107.4700,2196500,90.3980
2022-03-25,107.8000,109.3600,107.5300,109.1300,1703600,91.7943
2022-03-28,109.0000,110.0400,108.2500,110.0400,2470300,92.5597
2022-03-29,110.1300,110.9900,109.6200,110.9700,2461600,93.3420
2022-03-30,111.0000,111.5000,110.4000,111.4800,1979300,93.7710
2022-03-31,111.3800,112.5500,111.2000,111.6600,3280100,93.9224
2022-04-01,111.7000,112.9000,110.5500,112.8200,2302500,94.8981
2022-04-04,112.1000,112.2500,110.4100,111.7900,2265700,94.0318
2022-04-05,112.0000,114.1400,111.9800,112.5200,2489200,94.6458
2022-04-06,113.1100,115.2600,112.4900,115.1500,3413200,96.8580
2022-04-07,114.9900,115.2200,113.4500,114.8600,2785900,96.6141
2022-04-08,115.3900,115.7900,114.1700,115.3500,1678100,97.0263
2022-04-11,115.4600,115.9600,113.7900,114.2300,2574200,96.0842
2022-04-12,114.0300,115.7300,113.2700,115.4200,2509800,97.0851
2022-04-13,115.5100,115.9000,114.4000,115.1100,2092300,96.8244
2022-04-14,115.1900,115.5200,114.4800,114.8500,2719300,96.6057
2022-04-18,115.2800,115.8200,113.5900,114.2400,1962500,96.0926
2022-04-19,114.3700,114.7000,113.7700,114.4700,2018100,96.2860
2022-04-20,115.4900,115.8700,115.1700,115.4300,2152900,97.0935
2022-04-21,115.1500,116.3300,114.6700,115.2800,1865900,96.9674
2022-04-22,115.1700,115.4500,114.1400,114.2800,3185600,96.1262
2022-04-25,114.8200,115.0300,112.0400,113.7700,3743600,95.6972
2022-04-26,113.8100,115.8300,113.3500,113.5000,3937200,95.4701
2022-04-27,113.5600,114.8900,112.2100,113.0900,2483900,95.1253
2022-04-28,113.5700,114.7000,112.6000,113.8000,2734100,95.7225
2022-04-29,113.4200,113.5100,109.7800,110.1600,5424000,92.6607
2022-05-02,110.6700,111.0900,107.4700,108.7000,3831700,91.4326
2022-05-03,109.3500,110.4000,108.1900,108.3600,2428400,91.1466
2022-05-04,108.2000,110.7800,107.9300,110.5100,2561400,92.9551
2022-05-05,110.0200,110.9700,109.0800,110.0500,2200100,92.5682
2022-05-06,109.7900,111.9700,109.3300,111.3200,2723500,93.6364
2022-05-09,109.6400,112.1200,108.5000,110.8000,3663300,93.1990
2022-05-10,110.5900,112.2000,108.0400,108.9100,3372200,91.6093
2022-05-11,109.1200,111.6600,108.8400,109.9100,3082800,92.4504
2022-05-12,108.7900,109.3100,107.4000,108.8500,3429200,92.3868
2022-05-13,109.3900,109.6700,107.7100,109.3000,3251300,92.7687
2022-05-16,109.6500,110.8800,109.4300,110.0300,2408000,93.3883
2022-05-17,109.4300,110.0000,107.1300,109.3500,4076100,92.8111
2022-05-18,109.8200,110.5600,108.5800,108.9000,4006100,92.4292
2022-05-19,108.6700,109.4500,107.2300,108.9500,3687600,92.4716
2022-05-20,108.8400,110.0100,108.1900,109.8300,3375100,93.2185
2022-05-23,110.6500,111.9000,109.8100,110.8100,2577300,94.0503
2022-05-24,111.3100,113.3300,110.7200,112.9800,3009200,95.8921
2022-05-25,113.2000,113.4200,111.7000,112.3900,2771900,95.3913
2022-05-26,113.0700,113.7900,112.6000,113.2300,2717600,96.1043
2022-05-27,112.8900,114.5000,112.5800,114.4000,2628900,97.0973
2022-05-31,113.1700,113.5400,112.1000,112.5200,5037700,95.5017
2022-06-01,112.5500,112.7300,110.9600,111.6700,2552100,94.7802
2022-06-02,112.1000,112.3600,109.9200,111.7900,2712800,94.8821
2022-06-03,111.4800,112.1000,110.9700,111.1600,1547800,94.3474
2022-06-06,111.5100,112.0800,110.9300,111.1100,1483200,94.3049
2022-06-07,110.9500,112.4100,110.2600,112.3400,2113300,95.3489
2022-06-08,111.9600,112.0700,110.2700,110.4900,1810700,93.7787
2022-06-09,110.4300,111.0300,107.5900,107.7300,2379400,91.4362
2022-06-10,106.9100,108.6900,105.9500,107.7700,3342600,91.4701
2022-06-13,106.7800,107.0000,102.9300,103.4300,2752200,87.7865
2022-06-14,103.7100,104.2400,99.6600,100.9400,3899500,85.6731
2022-06-15,102.0100,102.1200,99.0600,100.1800,4039500,85.0281
2022-06-16,99.0300,99.8300,97.8600,99.5400,4134000,84.4849
2022-06-17,99.2400,99.9600,96.8700,97.8200,5533000,83.0250
2022-06-21,97.9400,99.5000,97.6200,99.2100,2877800,84.2048
2022-06-22,98.9200,101.0000,98.6900,100.1600,2909900,85.0111
2022-06-23,100.6700,103.6500,100.5500,103.4100,3724300,87.7695
2022-06-24,103.6700,104.8000,103.3000,104.5300,2953800,88.7201
2022-06-27,104.0300,105.3700,103.7300,105.2000,1725000,89.2888
2022-06-28,105.7600,106.8300,105.3600,105.7000,2215700,89.7132
2022-06-29,105.7300,106.3200,105.3100,106.0100,1767300,89.9763
2022-06-30,105.2700,107.9400,105.0400,107.2100,3568900,90.9948
2022-07-01,107.7500,109.7900,107.2100,109.6200,2874200,93.0403
2022-07-05,109.7000,109.7000,104.5400,106.3400,2951900,90.2564
2022-07-06,106.6700,108.4300,106.0800,107.5800,1920800,91.3088
2022-07-07,107.8200,108.2200,106.5400,106.8300,1913500,90.6723
2022-07-08,106.8800,107.0700,105.7400,105.9100,1697600,89.8914
2022-07-11,106.0400,107.9900,105.8600,107.9600,2435700,91.6314
2022-07-12,107.5800,108.9800,107.1300,107.6700,2102700,91.3852
2022-07-13,106.9300,108.2000,106.7200,107.2400,2417200,91.0203
2022-07-14,105.2700,107.2200,105.1900,106.9500,2274900,90.7741
2022-07-15,107.4400,107.6400,106.1800,107.4300,2244200,91.1815
2022-07-18,106.9000,107.1200,105.4000,105.4300,2228100,89.4840
2022-07-19,106.0500,106.4700,105.4400,105.5400,2097300,89.5774
2022-07-20,105.6600,105.8400,102.8400,102.9900,2981000,87.4131
2022-07-21,102.9100,103.7400,102.1700,103.5400,3085300,87.8799
2022-07-22,104.2400,105.0000,103.9400,104.9800,1501200,89.1021
2022-07-25,104.6300,106.0200,104.4000,105.9800,1432500,89.9508
2022-07-26,105.7800,107.3200,105.5100,107.0200,1788900,90.8335
2022-07-27,106.6600,106.8600,105.8700,106.5200,2003700,90.4092
2022-07-28,107.4300,109.2700,106.6400,108.9500,2326300,92.4716
2022-07-29,108.5900,110.4200,108.5600,109.9300,2522500,93.3034
2022-08-01,109.8700,110.5500,108.9600,109.8500,2386900,93.2355
2022-08-02,110.2900,111.3400,109.4300,109.6200,2182500,93.0403
2022-08-03,109.4200,111.1500,107.4600,110.8200,2784900,94.0588
2022-08-04,111.8000,111.9800,109.5000,109.7300,2963500,93.1337
2022-08-05,109.1500,109.4900,107.3100,109.1600,3033600,92.6499
2022-08-08,109.8700,110.6100,108.7700,109.0400,3130300,92.5480
2022-08-09,109.3900,110.1600,109.1500,109.8100,2366400,93.2016
2022-08-10,110.3000,110.5000,109.5200,110.0600,2907400,93.4137
2022-08-11,109.1500,109.8800,108.3400,108.5100,2640900,92.9469
2022-08-12,109.1300,110.3300,108.9500,110.2500,3302700,94.4374
2022-08-15,110.3600,111.0900,109.6300,110.9800,2163200,95.0626
2022-08-16,110.9800,112.4800,110.8000,112.1100,2504400,96.0306
2022-08-17,111.9100,112.9000,111.8400,112.0300,1894500,95.9621
2022-08-18,112.1000,113.0700,112.1000,112.5800,1744300,96.4332
2022-08-19,112.7800,113.6700,112.3200,113.2400,2091800,96.9985
2022-08-22,112.9800,113.2800,111.8300,112.0500,2282400,95.9792
2022-08-23,112.1500,112.1500,110.8000,111.0300,1489700,95.1055
2022-08-24,111.2000,111.3600,110.3300,110.9300,1796400,95.0198
2022-08-25,111.0400,111.1200,109.6100,110.7000,2612200,94.8228
2022-08-26,110.8400,110.8900,108.6100,108.7300,3367000,93.1353
2022-08-29,108.4100,109.9200,107.6000,109.2000,1773300,93.5379
2022-08-30,108.9600,109.2500,107.2600,107.6800,1919800,92.2359
2022-08-31,107.6800,108.5600,106.7500,106.9100,2890900,91.5764
2022-09-01,107.0400,108.5500,106.7400,108.1900,1612200,92.6728
2022-09-02,108.2700,109.2700,106.6800,107.0000,1496200,91.6535
2022-09-06,107.2300,108.3600,106.4200,106.7600,2037500,91.4479
2022-09-07,107.4700,110.3400,107.4600,110.2500,3324400,94.4374
2022-09-08,109.8800,110.7300,108.7100,109.2000,2390800,93.5379
2022-09-09,109.5800,110.3800,108.9100,109.8800,1456200,94.1204
2022-09-12,109.9600,111.2600,109.9000,110.8800,1653700,94.9770
2022-09-13,110.1500,110.5200,107.5800,108.1900,2387900,92.6728
2022-09-14,108.3200,109.9400,108.3200,109.2700,2309800,93.5979
2022-09-15,108.5400,108.6800,106.1000,106.2800,3103000,91.0367
2022-09-16,106.9300,107.5900,105.9000,106.1100,4565300,90.8911
2022-09-19,105.8300,106.8500,105.3300,106.8100,1783400,91.4907
2022-09-20,106.0200,106.2500,104.5700,105.6400,1622400,90.4885
2022-09-21,106.0400,106.8700,104.2700,104.2900,1495600,89.3322
2022-09-22,104.1000,105.5900,103.5900,104.6800,2324900,89.6662
2022-09-23,103.9500,104.2700,102.5200,103.7100,2297600,88.8353
2022-09-26,103.5000,103.6100,99.9200,100.8400,2812800,86.3770
2022-09-27,101.0900,101.5300,97.9600,98.3200,4027900,84.2184
2022-09-28,99.4500,100.2000,98.1600,99.6100,2338200,85.3234
2022-09-29,99.3600,99.4000,94.9500,95.1000,3104500,81.4603
2022-09-30,95.7500,96.1000,92.8000,93.0200,5163600,79.6786
2022-10-03,94.4600,96.0100,93.4500,95.3300,3786800,81.6573
2022-10-04,96.0000,97.3300,95.2700,97.1200,3105700,83.1905
2022-10-05,95.9000,96.1300,93.4500,94.0200,3865500,80.5351
2022-10-06,93.6600,93.7500,90.6500,90.7700,4230800,77.7513
2022-10-07,90.7400,91.0000,88.5900,89.0700,3162700,76.2951
2022-10-10,89.1100,90.1400,89.0200,89.1500,2982300,76.3636
2022-10-11,88.8000,90.5000,88.6600,89.5300,4892500,76.6891
2022-10-12,89.0000,89.2900,85.9100,85.9700,4243000,73.6397
2022-10-13,85.0000,88.5200,83.7600,87.9900,7258400,75.3700
2022-10-14,88.8900,89.4600,86.4000,86.8200,4711100,74.3678
2022-10-17,88.0000,89.9600,87.8700,89.1000,3704400,76.3208
2022-10-18,90.2800,91.1000,89.8200,90.8100,3009900,77.7855
2022-10-19,89.6200,90.3700,88.8200,89.2900,2611700,76.4835
2022-10-20,89.0000,89.1700,86.7200,87.2300,4057700,74.7190
2022-10-21,87.4100,89.1000,86.9200,88.4600,2789000,75.7726
2022-10-24,89.0600,89.8200,88.0400,88.6900,2318600,75.9696
2022-10-25,88.7100,90.6200,88.7000,90.2400,2781000,77.2973
2022-10-26,90.7500,91.4300,89.9900,90.8100,2938300,77.7855
2022-10-27,91.6400,92.3100,90.9000,91.0400,3367400,77.9825
2022-10-28,91.2600,94.2200,91.2600,94.0000,3139200,80.5180
2022-10-31,93.7100,94.2400,92.5800,93.1800,3237600,79.8156
2022-11-01,93.5700,94.1600,92.7300,93.7400,2889100,80.2953
2022-11-02,93.4700,95.3900,92.7400,92.8800,3061200,79.5586
2022-11-03,91.9900,93.8100,91.5800,93.2200,3132300,79.8499
2022-11-04,94.6500,94.7900,91.4400,93.6100,4813400,80.1840
2022-11-07,93.5000,93.5600,90.3600,92.2300,4501300,79.0019
2022-11-08,92.5300,94.0200,92.3400,93.2000,2876600,79.8327
2022-11-09,93.6300,94.4000,93.1400,93.4500,2742400,80.0469
2022-11-10,95.8600,97.3600,94.2600,97.1000,3601900,83.1734
2022-11-11,97.2100,97.2500,94.4500,95.1700,3286300,81.5202
2022-11-14,95.6500,96.4400,95.2700,95.4500,4782300,81.7600
2022-11-15,96.6000,97.4700,95.8300,97.1300,4625600,83.1991
2022-11-16,97.3700,99.0800,97.3700,97.9400,3645300,83.8929
2022-11-17,96.3100,96.7400,94.9300,95.5200,2755500,82.6683
2022-11-18,96.4600,97.2300,96.0000,96.7900,3680500,83.7674
2022-11-21,96.5500,97.5500,96.1800,97.0400,3314500,83.9838
2022-11-22,97.4900,98.6900,97.2800,97.6800,2334000,84.5377
2022-11-23,97.4700,98.6800,97.4500,98.5400,2726000,85.2820
2022-11-25,99.0000,99.9900,98.9000,99.6200,1275700,86.2167
2022-11-28,99.2000,99.6600,98.2200,98.6100,2283800,85.3425
2022-11-29,98.0300,98.2300,97.2400,97.9400,2127400,84.7627
2022-11-30,97.5800,100.4200,97.2600,99.9300,6052200,86.4850
2022-12-01,100.8400,101.9000,99.8800,100.3100,3329800,86.8138
2022-12-02,99.3900,99.7500,98.5000,99.5200,2097700,86.1301
2022-12-05,98.7400,99.5600,98.5200,99.1300,2212500,85.7926
2022-12-06,99.2300,100.7000,99.0500,100.5100,2828800,86.9869
2022-12-07,100.3500,101.2600,99.3300,99.5800,2635600,86.1821
2022-12-08,99.6100,100.6500,99.3200,100.4500,2065900,86.9350
2022-12-09,100.0800,100.9200,100.0100,100.3500,1998200,86.8484
2022-12-12,101.4300,102.4300,100.3000,102.3200,2734900,88.5534
2022-12-13,103.3500,104.3400,102.4200,103.1000,5581400,89.2284
2022-12-14,103.2400,105.5200,102.6300,103.3000,4468700,89.4015
2022-12-15,103.0600,103.3200,101.9400,102.5100,3631400,88.7178
2022-12-16,102.0800,102.1200,99.1900,100.3400,10623600,86.8398
2022-12-19,100.1300,101.3300,99.7100,100.2300,3628800,86.7446
2022-12-20,100.0800,100.9200,99.2000,100.2100,2394300,86.7273
2022-12-21,100.7000,102.0900,100.6500,101.9200,2269400,88.2072
2022-12-22,101.7000,101.9800,100.2100,101.9500,2312200,88.2332
2022-12-23,101.8200,103.1500,101.0600,102.9900,1803300,89.1332
2022-12-27,103.0900,103.9800,102.5500,103.6700,1698500,89.7218
2022-12-28,104.0000,104.4800,102.6700,102.9000,1687600,89.0554
2022-12-29,103.3000,104.4200,103.3000,103.8400,1444600,89.8689
2022-12-30,103.8800,104.0000,101.9900,102.9900,2055600,89.1332
2023-01-03,103.2000,103.8000,102.1900,103.7000,2688900,89.7477
2023-01-04,104.2700,105.3800,103.8500,104.8100,2819900,90.7084
2023-01-05,103.8500,104.3600,102.4200,103.2600,1920600,89.3669
2023-01-06,104.2000,105.7900,104.0000,105.1800,2157300,91.0286
2023-01-09,105.0300,106.4300,104.7600,105.1900,2358300,91.0372
2023-01-10,104.8800,105.4700,104.4700,105.4300,2244500,91.2450
2023-01-11,105.4300,106.1000,105.1800,105.6600,2358800,91.4440
2023-01-12,105.7900,106.1300,104.8200,105.0800,2350100,90.9421
2023-01-13,104.5000,105.4500,104.2600,104.9800,2722900,90.8555
2023-01-17,105.1800,105.4300,104.1000,104.2200,3552700,90.1978
2023-01-18,104.4100,104.5800,102.0100,102.2500,3152600,88.4928
2023-01-19,102.2500,102.9200,101.5600,101.9700,3025900,88.2505
2023-01-20,101.8700,102.1100,100.0500,101.8200,3968400,88.1207
2023-01-23,101.5300,102.3500,100.7500,100.9900,3326700,87.4023
2023-01-24,101.3300,101.4900,99.1600,101.3700,3048200,87.7312
2023-01-25,100.2900,101.4500,99.9800,101.4200,2066600,87.7745
2023-01-26,100.9000,101.7100,100.7500,101.3400,2093500,87.7052
2023-01-27,101.2100,101.9800,100.5800,101.5800,2277000,87.9129
2023-01-30,101.2300,102.1600,101.1700,101.6400,2470900,87.9649
2023-01-31,102.0000,102.5600,101.0500,102.4500,3722600,88.6659
2023-02-01,101.7500,103.2200,101.2400,102.5400,3054300,88.7438
2023-02-02,102.6100,103.8300,102.0000,102.0400,3796600,88.3111
2023-02-03,101.5000,101.8000,98.4600,100.5800,4331100,87.0475
2023-02-06,100.1500,101.9100,100.0400,101.8100,3050300,88.1120
2023-02-07,101.0800,101.1500,99.5500,100.8200,2672600,87.2552
2023-02-08,100.2000,100.2900,98.8300,99.1800,3328600,85.8359
2023-02-09,99.2800,100.3800,97.0000,97.5500,4403000,84.4252
2023-02-10,97.3600,99.2100,96.7700,99.1100,2633200,85.7753
2023-02-13,98.8900,100.4000,98.8900,100.0400,1931400,86.5801
2023-02-14,99.9900,100.4400,99.0700,99.4700,2190700,86.0868
2023-02-15,99.0000,99.4400,98.5500,99.2600,3276800,85.9051
2023-02-16,97.5000,98.7500,96.4500,98.2900,2150000,85.9357
2023-02-17,98.5600,99.9900,97.8800,99.4900,3041300,86.9849
2023-02-21,98.9900,99.3300,97.6000,97.6800,3262600,85.4024
2023-02-22,97.4600,98.5200,97.1700,97.4700,2070500,85.2188
2023-02-23,97.8700,98.1000,96.4000,96.8400,1889400,84.6679
2023-02-24,95.8300,97.0400,95.4900,96.9200,2320800,84.7379
2023-02-27,97.0200,97.9100,95.6900,95.8100,2416300,83.7674
2023-02-28,95.4900,96.0500,94.1800,94.2600,3155500,82.4122
2023-03-01,94.0200,94.0400,91.7800,91.9100,3373100,80.3576
2023-03-02,91.7700,93.9700,91.7200,93.7700,2589000,81.9838
2023-03-03,93.9600,95.4500,93.2600,95.3900,4061800,83.4002
2023-03-06,95.4900,96.0400,95.3300,95.9800,2709100,83.9161
2023-03-07,96.1200,96.1700,92.9800,93.5200,2817000,81.7653
2023-03-08,93.6500,94.8300,93.5100,94.6700,2450000,82.7707
2023-03-09,95.0100,96.0700,93.7400,94.2200,2750800,82.3773
2023-03-10,94.4200,94.6200,92.3500,92.8300,2629100,81.1620
2023-03-13,92.7200,96.5300,92.7200,94.1700,4542700,82.3335
2023-03-14,94.8400,96.1300,94.0900,95.0900,3778300,83.1379
2023-03-15,95.0000,97.4900,94.6700,96.8300,3856800,84.6592
2023-03-16,96.7700,98.6500,96.5100,97.2000,4859300,84.9827
2023-03-17,96.5000,97.1300,95.7100,96.3900,5914300,84.2745
2023-03-20,96.8600,97.6000,96.6600,97.3100,3159900,85.0789
2023-03-21,97.0700,97.1500,93.5600,94.7700,4087400,82.8581
2023-03-22,94.4500,94.9600,92.9100,92.9500,3089700,81.2669
2023-03-23,93.0000,93.6300,91.3700,91.5500,2764400,80.0429
2023-03-24,91.6600,94.4100,91.6500,94.3700,3608700,82.5084
2023-03-27,94.7400,95.3700,94.3200,94.6900,2718100,82.7882
2023-03-28,94.5800,95.8200,94.3400,94.7500,3004000,82.8407
2023-03-29,95.0000,96.3900,94.9900,96.2700,2348400,84.1696
2023-03-30,96.4500,97.1100,95.7000,96.1600,2500300,84.0734
2023-03-31,96.4000,96.9900,95.9200,96.4700,3205200,84.3445
2023-04-03,95.1100,96.6900,94.4900,95.0900,6259100,83.1379
2023-04-04,94.9600,96.2900,94.7100,96.2300,5001100,84.1346
2023-04-05,97.0000,99.2900,96.7700,98.8400,4461100,86.4166
2023-04-06,99.5000,99.7800,98.4000,99.7400,2879600,87.2034
2023-04-10,99.2700,99.4100,98.0600,99.1300,2628500,86.6701
2023-04-11,99.1800,99.6000,98.6500,99.3500,1804500,86.8624
2023-04-12,99.7600,100.0300,98.9700,99.4100,1941600,86.9149
2023-04-13,98.5700,99.3200,97.0900,99.1400,3211300,86.6789
2023-04-14,98.1300,98.3100,97.3300,97.6400,3217700,85.3674
2023-04-17,98.1800,98.7400,97.4700,98.4100,2214300,86.0406
2023-04-18,98.1500,98.4700,97.2300,97.4100,1974200,85.1663
2023-04-19,97.9100,98.5500,97.5300,98.4000,2125500,86.0319
2023-04-20,98.7600,98.8300,97.7500,98.2200,1989400,85.8745
2023-04-21,98.8000,99.1500,97.6800,98.3600,2186500,85.9969
2023-04-24,98.6000,99.2800,97.5600,98.9000,2153100,86.4690
2023-04-25,99.0100,100.3900,98.9500,99.7400,2770800,87.2034
2023-04-26,99.0000,99.6700,98.1200,98.3500,2677700,85.9881
2023-04-27,98.4100,99.5000,98.3200,99.4700,2285300,86.9674
2023-04-28,99.2800,99.8400,98.1800,98.8800,1995000,86.4515
2023-05-01,98.8500,100.1300,98.5900,99.0900,3231900,86.6351
2023-05-02,99.0000,99.2100,97.2300,97.6000,2576200,85.3324
2023-05-03,98.0900,98.7300,97.2300,97.3300,3174000,85.0964
2023-05-04,97.5800,98.4900,97.1100,98.1100,3067100,85.7783
2023-05-05,98.1400,99.4200,97.7400,99.3600,2588900,86.8712
2023-05-08,99.1000,99.8100,98.2500,98.9000,3099800,86.4690
2023-05-09,97.7200,98.3700,97.1700,98.0500,4174800,85.7259
2023-05-10,98.8200,99.5000,98.1300,99.1400,3008200,86.6789
2023-05-11,98.0000,98.3400,96.9200,97.3300,1824300,85.9678
2023-05-12,97.7900,98.3700,97.0100,97.4500,2216000,86.0738
2023-05-15,97.6500,97.8500,96.0800,96.3300,2020400,85.0846
2023-05-16,96.4900,96.5900,94.0000,94.0100,2209000,83.0354
2023-05-17,94.2000,94.5100,92.6000,93.0200,2967400,82.1610
2023-05-18,92.4100,93.0200,91.9900,92.8100,2775800,81.9755
2023-05-19,93.2600,93.7300,92.5100,92.5100,2388500,81.7105
2023-05-22,92.9000,93.2100,91.8000,91.9700,2725100,81.2336
2023-05-23,91.5500,92.3800,90.6000,90.7500,3694200,80.1560
2023-05-24,90.9900,91.3800,90.0300,90.1600,2820300,79.6348
2023-05-25,90.0000,90.0100,88.2300,88.8900,3621600,78.5131
2023-05-26,88.7100,88.8200,87.5200,88.7000,3065500,78.3453
2023-05-30,88.8000,89.4600,87.8900,88.0100,3002600,77.7358
2023-05-31,88.3000,89.7500,87.9100,89.2900,4150000,78.8664
2023-06-01,89.7000,89.7100,87.6600,88.1200,3659200,77.8330
2023-06-02,88.0000,89.9000,87.2000,89.6800,3835600,79.2109
2023-06-05,90.0000,91.0300,89.7100,90.1600,2513200,79.6348
2023-06-06,90.7500,90.9200,89.7200,89.7500,1970800,79.2727
2023-06-07,89.8400,91.7600,89.2100,91.5700,2531900,80.8803
2023-06-08,91.3000,92.0200,90.6400,92.0000,3156700,81.2601
2023-06-09,92.0000,92.1600,91.3300,91.5200,2647600,80.8361
2023-06-12,91.7400,91.7400,90.8600,91.3900,3131300,80.7213
2023-06-13,90.2500,91.0200,89.9000,90.7600,3630600,80.1648
2023-06-14,91.6200,92.6900,90.7400,90.8500,3433000,80.2443
2023-06-15,91.3500,91.9400,90.8700,91.6900,3038500,80.9863
2023-06-16,92.1800,92.9700,91.6500,92.1800,8693700,81.4190
2023-06-20,92.0200,92.2400,90.9100,90.9500,2851900,80.3326
2023-06-21,90.6900,91.8600,89.9400,91.6500,2435300,80.9509
2023-06-22,92.1600,92.2600,90.3900,90.9000,2563800,80.2885
2023-06-23,91.2000,91.5500,89.5400,89.7200,3800200,79.2462
2023-06-26,90.0600,91.0600,89.3500,90.8400,2209100,80.2355
2023-06-27,90.9300,91.1200,90.4700,90.5200,2283200,79.9528
2023-06-28,90.4400,90.4900,88.9000,89.1000,2410500,78.6986
2023-06-29,88.3600,89.2800,88.1000,88.8800,2538100,78.5043
2023-06-30,89.0100,89.8800,88.6500,89.7400,2736200,79.2639
2023-07-03,89.7300,90.7900,89.4800,90.7200,1181000,80.1295
2023-07-05,90.0500,92.4500,90.0000,91.6100,3073800,80.9156
2023-07-06,91.0800,91.2300,90.2500,90.5600,2101000,79.9882
2023-07-07,90.0200,90.5700,89.7000,89.7700,2208500,79.2904
2023-07-10,89.5400,89.8400,88.5700,89.2200,2312300,78.8046
2023-07-11,89.9300,90.9500,89.4900,90.8800,3051100,80.2708
2023-07-12,91.1000,92.5300,90.9600,92.3600,2566300,81.5780
2023-07-13,92.3500,93.3100,91.8200,93.3100,2912100,82.4171
2023-07-14,93.0900,93.4600,92.6300,93.0100,2833200,82.1521
2023-07-17,92.7600,92.8800,91.7500,91.7800,1921300,81.0657
2023-07-18,91.8100,92.7900,90.1700,90.9100,2279900,80.2973
2023-07-19,91.2200,92.6200,91.1900,91.6500,1970400,80.9509
2023-07-20,92.0000,93.3400,91.3800,93.2000,2428700,82.3200
2023-07-21,93.5400,94.9900,93.1700,94.7800,2694300,83.7155
2023-07-24,95.0000,95.2900,94.1100,94.7700,2248700,83.7067
2023-07-25,94.5600,95.4700,94.1100,95.2900,2648500,84.1660
2023-07-26,95.0600,96.4100,94.8800,95.5600,2196700,84.4045
2023-07-27,95.1400,95.7400,94.0100,94.4400,2841800,83.4152
2023-07-28,95.0500,95.3300,93.0700,93.3400,2567000,82.4436
2023-07-31,93.7400,94.1700,92.9500,93.6200,2902800,82.6909
2023-08-01,93.5800,93.8200,92.1300,92.1500,2422100,81.3926
2023-08-02,92.0000,93.1200,91.8700,92.5300,2295000,81.7282
2023-08-03,92.2900,92.4800,90.2000,90.3700,2880500,79.8203
2023-08-04,90.7300,91.5600,88.9200,89.4600,3043500,79.0166
2023-08-07,89.5800,90.1000,89.5200,89.6600,3604500,79.1932
2023-08-08,90.2800,92.2000,89.2400,92.1300,5240800,81.3749
2023-08-09,91.8700,93.2400,91.7500,92.8200,3219200,81.9843
2023-08-10,93.3400,93.9900,92.6900,92.9100,3635500,82.0638
2023-08-11,93.0000,93.9900,92.9400,93.8200,2428700,82.8676
2023-08-14,93.8800,93.8800,92.4700,92.7900,2340400,81.9578
2023-08-15,92.0600,92.3200,91.3500,91.4400,2669700,80.7654
2023-08-16,91.6900,92.3300,91.3200,91.7000,2382100,80.9951
2023-08-17,90.8400,92.1900,90.5400,90.7000,2578600,81.0174
2023-08-18,90.5100,91.4500,90.4200,91.2000,2766400,81.4640
2023-08-21,90.8000,91.1000,89.1300,89.6300,3910700,80.0616
2023-08-22,89.6300,89.8700,89.0600,89.5900,2365900,80.0259
2023-08-23,90.3500,90.4100,89.1300,90.3400,2231500,80.6958
2023-08-24,90.1400,91.3600,89.8600,89.9900,2376000,80.3832
2023-08-25,90.2000,91.3400,89.9900,90.5800,2374600,80.9102
2023-08-28,90.5900,91.1700,90.0000,90.0200,2128800,80.4100
2023-08-29,90.0000,90.9600,89.9500,90.2900,2279700,80.6512
2023-08-30,90.0100,90.8300,89.4700,89.9500,2250900,80.3475
2023-08-31,90.2600,90.4300,88.7200,88.8000,3139600,79.3203
2023-09-01,89.2500,89.6300,87.5000,87.9300,3777700,78.5431
2023-09-05,87.7800,87.9900,86.0400,86.6500,3155500,77.3998
2023-09-06,86.9100,87.6100,86.1600,87.4900,3249700,78.1501
2023-09-07,88.2000,90.2200,88.0800,89.4000,4765200,79.8562
2023-09-08,89.5700,91.1700,89.2800,91.0200,3302700,81.3032
2023-09-11,90.8500,92.4700,90.7300,91.7800,3992900,81.9821
2023-09-12,91.9100,92.6700,90.9000,92.1200,3689300,82.2858
2023-09-13,92.4300,94.3600,92.3200,93.8800,4383300,83.8579
2023-09-14,94.6500,95.7100,94.3600,95.4500,4594400,85.2603
2023-09-15,95.3400,96.0800,94.9300,95.1800,9702900,85.0191
2023-09-18,95.2500,95.4600,94.1600,94.9600,3701700,84.8226
2023-09-19,94.9600,95.2300,93.7900,93.8400,3291000,83.8222
2023-09-20,94.2800,95.4100,93.7600,94.3700,2855800,84.2956
2023-09-21,94.2500,94.7300,93.2000,93.4100,3129300,83.4381
2023-09-22,93.0100,93.8400,92.7000,93.3300,1973000,83.3666
2023-09-25,92.8300,93.3900,92.3100,93.3100,2376500,83.3488
2023-09-26,93.0000,93.0600,90.7500,91.1200,3000600,81.3926
2023-09-27,91.1000,91.4100,89.2600,90.0900,3715400,80.4725
2023-09-28,90.6100,90.6100,88.4700,88.6800,4489700,79.2130
2023-09-29,89.6400,89.9600,87.6300,88.2600,3900500,78.8379
2023-10-02,87.7400,87.9900,84.1400,85.4400,6498300,76.3189
2023-10-03,85.0000,86.0600,83.3800,85.7600,5606500,76.6048
2023-10-04,85.7600,86.4100,84.8700,86.1200,3322900,76.9263
2023-10-05,85.8800,86.0200,84.7300,85.4800,3716400,76.3547
2023-10-06,84.3300,87.0400,83.0600,86.9200,3511900,77.6409
2023-10-09,86.6700,88.2500,86.3800,88.2300,3008500,78.8111
2023-10-10,88.2500,89.0100,87.8600,88.9400,2619500,79.4453
2023-10-11,89.4000,90.1200,88.6500,89.8700,2658900,80.2760
2023-10-12,89.5300,90.0300,87.1900,88.0300,3172500,78.6324
2023-10-13,88.9400,89.5400,88.0500,88.6800,3277000,79.2130
2023-10-16,89.0000,89.8600,88.4200,89.4600,2993500,79.9098
2023-10-17,88.7700,89.7600,88.4800,88.9600,2911500,79.4632
2023-10-18,88.9700,89.4200,87.6300,88.1900,2790100,78.7754
2023-10-19,87.9200,88.8500,87.2700,87.7800,3134300,78.4091
2023-10-20,87.5100,88.8600,87.0100,87.0300,3468400,77.7392
2023-10-23,86.2000,87.6200,85.7900,86.3300,3172100,77.1139
2023-10-24,87.1100,88.2600,86.8300,87.7600,3213100,78.3913
2023-10-25,87.6400,88.4400,87.1700,88.1500,2652800,78.7396
2023-10-26,88.4500,89.7500,88.2200,89.2000,3033500,79.6775
2023-10-27,88.8600,89.1200,87.0900,87.5300,2764300,78.1858
2023-10-30,87.8400,88.6700,87.0600,87.9000,2426900,78.5163
2023-10-31,88.3500,88.9300,87.9100,88.8900,3094500,79.4006
2023-11-01,89.2000,89.9900,88.3200,89.5400,3944500,79.9812
2023-11-02,89.5000,90.6000,88.9900,89.8900,4553000,80.2939
2023-11-03,91.1600,91.9700,90.2300,90.2800,4022900,80.6422
2023-11-06,90.1800,90.5800,89.4700,89.7200,3370700,80.1420
2023-11-07,90.0000,90.0100,89.1200,89.2800,3054500,79.7490
2023-11-08,88.7800,88.9700,87.1600,88.3600,3623800,78.9272
2023-11-09,88.5300,89.3700,87.9100,87.9600,3441800,78.5699
2023-11-10,88.4700,88.6800,87.7300,88.2700,2491100,78.8468
2023-11-13,88.1900,88.3900,86.6100,87.0200,3396400,77.7303
2023-11-14,88.6300,89.9000,88.5000,89.8500,5739200,80.2581
2023-11-15,89.7700,90.9200,89.1800,89.6100,3175600,80.0438
2023-11-16,89.3500,90.5800,89.3500,90.1800,3872300,81.4850
2023-11-17,90.6400,90.6800,89.6800,90.0100,3340600,81.3314
2023-11-20,89.5200,90.0400,88.2700,89.3000,3637300,80.6898
2023-11-21,89.5300,89.9300,88.7300,89.8800,2483900,81.2139
2023-11-22,90.0000,90.4400,89.5200,90.3600,2553200,81.6476
2023-11-24,90.2400,90.7900,89.9200,90.7400,1472400,81.9910
2023-11-27,90.8600,91.1300,90.1700,90.9300,2439400,82.1627
2023-11-28,90.9600,91.9300,90.7200,91.1300,2774300,82.3434
2023-11-29,91.2200,91.6900,90.3600,90.7100,2986800,81.9639
2023-11-30,91.6600,92.4000,91.1200,92.2800,4959400,83.3825
2023-12-01,92.2000,92.6500,91.5500,92.6400,4016400,83.7078
2023-12-04,92.0200,93.2300,92.0200,92.7300,2796500,83.7891
2023-12-05,92.8600,92.9700,91.9000,92.4700,2601200,83.5542
2023-12-06,92.8500,93.9600,92.6500,93.9400,3260400,84.8824
2023-12-07,93.9000,94.8900,93.3300,94.4600,3813000,85.3523
2023-12-08,94.4500,94.7400,93.8000,94.3900,3271700,85.2891
2023-12-11,94.0400,95.4000,93.5900,95.3600,4989100,86.1655
2023-12-12,95.4900,95.5000,94.1200,95.3300,3942700,86.1384
2023-12-13,95.5000,98.1400,94.8500,98.0800,3970200,88.6233
2023-12-14,98.7600,99.4800,97.9900,98.3100,6870800,88.8311
2023-12-15,97.9900,98.1500,95.6200,96.6300,8742700,87.3131
2023-12-18,97.2000,98.3300,96.7500,97.1700,4277100,87.8010
2023-12-19,97.5100,97.5400,96.4600,96.8100,2711900,87.4757
2023-12-20,96.6400,97.2700,95.5500,95.6800,3428500,86.4547
2023-12-21,95.9400,96.5000,95.2200,96.3600,3072500,87.0691
2023-12-22,96.8400,97.6400,96.3200,96.8600,1927500,87.5209
2023-12-26,96.6200,97.5100,96.4300,96.7300,2228300,87.4034
2023-12-27,96.4000,96.7800,96.0200,96.3000,1987600,87.0149
2023-12-28,96.0600,97.0600,96.0000,96.9200,1912700,87.5751
2023-12-29,96.6400,97.2700,96.3500,97.0400,2295300,87.6835
2024-01-02,96.5200,98.2800,96.1300,97.8100,3352200,88.3793
2024-01-03,97.9300,98.8900,97.5000,98.7800,3687400,89.2558
2024-01-04,99.0000,99.3500,98.3600,98.4900,2423700,88.9937
2024-01-05,98.4900,98.7500,97.5700,98.5400,2192100,89.0389
2024-01-08,98.3800,99.4400,98.0600,99.3900,2453400,89.8070
2024-01-09,98.7500,99.3900,98.5200,99.0900,2024900,89.5359
2024-01-10,99.5000,99.9200,99.1000,99.2800,3076700,89.7076
2024-01-11,99.0100,99.0100,96.8400,97.1500,3063500,87.7830
2024-01-12,97.7200,98.7800,97.3000,98.4600,2791900,88.9666
2024-01-16,97.8600,98.9500,97.5600,98.0300,3527100,88.5781
2024-01-17,97.6400,98.6900,95.9700,96.8300,3272700,87.4938
2024-01-18,96.5700,96.5800,95.3600,95.8600,2453700,86.6173
2024-01-19,96.3000,96.3000,95.2000,95.5600,2965100,86.3462
2024-01-22,95.6000,96.2900,94.7000,95.0600,2465500,85.8944
2024-01-23,95.0100,95.9400,95.0100,95.6100,2903000,86.3914
2024-01-24,96.0400,96.1400,94.1500,94.5400,3869800,85.4246
2024-01-25,95.5500,95.7800,94.4400,95.7300,2460800,86.4999
2024-01-26,95.6300,96.3000,95.2400,95.8700,3554100,86.6264
2024-01-29,96.0300,96.1800,95.3100,95.7700,3149000,86.5360
2024-01-30,95.6900,96.1200,94.7700,95.5300,3201200,86.3191
2024-01-31,96.1000,96.9900,95.3000,95.8300,3678500,86.5902
2024-02-01,95.3500,97.8500,94.7500,97.7900,2745900,88.3612
2024-02-02,96.8500,97.1000,95.5100,96.2200,2519400,86.9426
2024-02-05,95.5000,96.0800,94.7600,95.2500,3142600,86.0661
2024-02-06,95.0900,95.4100,94.7500,95.0600,2171800,85.8944
2024-02-07,95.4700,95.6100,94.7800,95.5000,2470800,86.2920
2024-02-08,94.7400,95.2000,91.4700,92.6500,5581100,83.7168
2024-02-09,92.2600,92.7300,91.6300,91.6900,4642800,82.8494
2024-02-12,91.5600,92.8500,91.1700,92.6500,3925900,83.7168
2024-02-13,92.6100,92.9300,90.3000,91.6100,3428000,82.7771
2024-02-14,91.3000,91.9900,90.9300,91.3400,3062300,82.5331
2024-02-15,90.7300,92.4100,90.5300,92.3600,2951900,84.4019
2024-02-16,92.0700,92.3400,91.1000,91.8800,4120800,83.9633
2024-02-20,92.0000,92.7800,91.5100,91.9400,2590700,84.0181
2024-02-21,92.2000,93.2800,92.0200,92.9900,2781500,84.9777
2024-02-22,92.2900,92.5900,91.3000,92.1300,4131500,84.1917
2024-02-23,92.4000,93.3300,91.9200,92.7300,2494500,84.7401
2024-02-26,92.4700,92.5700,90.5200,90.6500,3797700,82.8393
2024-02-27,90.6400,91.3300,90.4600,90.8500,2962200,83.0220
2024-02-28,90.7500,91.2500,90.4300,90.7400,3255400,82.9215
2024-02-29,91.0600,92.0800,90.7600,91.8300,5245500,83.9176
2024-03-01,91.7500,91.8800,90.0900,90.8600,3367600,83.0312
2024-03-04,90.2200,92.5600,90.2200,92.4200,3724600,84.4568
2024-03-05,92.7800,94.2700,92.3300,92.6900,3679300,84.7035
2024-03-06,93.4700,94.3200,92.9700,94.0700,4229900,85.9646
2024-03-07,94.9100,95.1300,94.2300,94.4800,2610600,86.3393
2024-03-08,94.4800,95.1200,93.8000,94.9400,2266700,86.7596
2024-03-11,94.8200,95.8900,94.5000,95.8400,1966900,87.5821
2024-03-12,95.3900,96.2500,94.6900,95.0100,2878100,86.8236
2024-03-13,95.5000,96.3000,95.4100,95.5000,3519200,87.2714
2024-03-14,95.4000,95.8200,94.3400,95.0500,3540900,86.8601
2024-03-15,94.3600,95.6600,94.3600,94.7100,6197000,86.5494
2024-03-18,94.8500,95.2400,94.1100,94.9400,2736700,86.7596
2024-03-19,95.2600,95.5900,94.5500,95.1400,2492600,86.9424
2024-03-20,95.0000,95.7200,94.5800,95.4100,2682200,87.1891
2024-03-21,95.4900,96.0500,94.9300,94.9600,2744900,86.7779
2024-03-22,95.5500,95.7300,94.5600,94.6100,2308600,86.4581
2024-03-25,94.8800,95.1600,94.3900,94.8400,2016000,86.6682
2024-03-26,94.8000,95.0700,93.5700,93.6700,2823100,85.5991
2024-03-27,94.1000,96.1300,94.0300,96.0900,3166200,87.8105
2024-03-28,96.1400,96.8500,95.7700,96.7100,2637600,88.3771
2024-04-01,96.5000,96.5900,95.3800,96.0700,1859700,87.7923
2024-04-02,96.1400,97.3600,95.4600,96.5400,2305600,88.2218
2024-04-03,96.5000,96.6100,95.8400,95.9700,2278100,87.7009
2024-04-04,96.7400,96.8700,95.2000,96.1200,2694700,87.8380
2024-04-05,95.7200,96.2000,95.1600,95.9100,2525200,87.6460
2024-04-08,95.6300,96.5500,95.5400,96.3100,2348500,88.0116
2024-04-09,96.7000,97.4900,96.1100,97.3200,2460300,88.9346
2024-04-10,95.7100,96.0800,94.5100,95.4100,2475500,87.1891
2024-04-11,96.2200,96.2300,94.5100,95.2900,2116100,87.0795
2024-04-12,95.6400,95.9200,94.6200,94.9000,2279800,86.7231
2024-04-15,95.4500,95.6300,93.6800,94.1300,2623100,86.0194
2024-04-16,94.0000,94.0000,92.7500,92.8700,2655500,84.8680
2024-04-17,93.5700,94.7600,93.2000,94.5000,1768000,86.3576
2024-04-18,94.9100,96.0300,94.2100,95.9300,2639200,87.6643
2024-04-19,96.1000,98.4100,95.9800,98.2400,4212800,89.7753
2024-04-22,98.1300,98.5000,97.7000,98.1200,2933000,89.6656
2024-04-23,98.1100,99.0500,97.9000,98.2000,2148800,89.7387
2024-04-24,97.5100,99.1900,96.6800,98.9600,2652700,90.4332
2024-04-25,98.8400,99.6100,98.0100,99.0300,2540700,90.4972
2024-04-26,99.0000,99.2200,97.6200,97.7100,1994800,89.2910
2024-04-29,98.2500,99.0800,98.2100,98.7300,2043500,90.2231
2024-04-30,98.2900,98.9400,97.6500,98.2600,2565900,89.7936
2024-05-01,97.9500,100.5600,97.4900,99.7800,4860700,91.1826
2024-05-02,100.0000,100.0800,98.5800,99.3100,2808100,90.7531
2024-05-03,99.8500,100.3400,99.1000,100.2600,4338300,91.6213
2024-05-06,100.4900,100.7400,99.8500,100.4200,3081700,91.7674
2024-05-07,101.0000,102.3600,100.3000,102.2600,5229900,93.4489
2024-05-08,102.4300,102.6400,101.6700,102.3800,3497900,93.5586
2024-05-09,102.2500,103.0500,102.0000,103.0200,2996200,94.1434
2024-05-10,103.4900,103.6400,102.6000,102.6700,2778700,93.8236
2024-05-13,102.7000,103.8300,102.6100,102.8900,2185300,94.0246
2024-05-14,103.1600,103.2600,102.2300,102.3100,2168200,93.4946
2024-05-15,103.3000,103.6600,102.8600,103.3500,2636100,94.4450
2024-05-16,102.3000,103.2500,102.3000,102.8400,4143300,94.9203
2024-05-17,103.1400,103.9300,102.4400,103.8900,3694000,95.8895
2024-05-20,103.9300,103.9300,103.3300,103.6600,2088800,95.6772
2024-05-21,103.7900,104.6000,103.2500,104.3800,2753600,96.3417
2024-05-22,103.9000,104.3800,103.1400,103.4400,3124900,95.4741
2024-05-23,103.0000,103.1500,101.6100,101.7900,2529800,93.9512
2024-05-24,102.0200,102.5000,101.6700,102.1700,1864500,94.3019
2024-05-28,101.9000,102.6700,101.1000,101.1800,2472200,93.3882
2024-05-29,100.5300,100.8600,100.0300,100.4200,2527900,92.6867
2024-05-30,100.7800,101.3600,100.0200,101.3000,2423800,93.4989
2024-05-31,101.6200,103.6400,101.4500,103.5700,4000800,95.5941
2024-06-03,103.0900,103.8200,102.8200,103.4100,3429700,95.4464
2024-06-04,103.2500,104.8700,103.0500,104.6000,4822700,96.5448
2024-06-05,104.4000,104.6000,103.0300,103.2000,2228200,95.2526
2024-06-06,103.0400,103.8200,102.5200,102.8600,1945300,94.9388
2024-06-07,102.0000,103.7800,101.7300,102.6200,1886800,94.7173
2024-06-10,102.5000,102.9800,101.9200,102.5200,1915500,94.6250
2024-06-11,102.0100,102.6700,101.2900,102.3600,2434400,94.4773
2024-06-12,103.0000,103.2600,100.9300,101.3200,2397300,93.5174
2024-06-13,101.2900,101.8000,100.4500,101.2600,1811200,93.4620
2024-06-14,100.8900,102.3900,100.6700,102.3600,2668000,94.4773
2024-06-17,101.9500,102.1000,100.6900,100.8000,2953100,93.0374
2024-06-18,100.7300,101.1400,99.7000,100.0300,2469400,92.3267
2024-06-20,100.2500,100.7300,99.4000,100.1000,3084800,92.3913
2024-06-21,100.2900,101.0500,99.5500,99.8400,4986000,92.1514
2024-06-24,99.9900,101.8400,99.7800,101.5100,2026400,93.6928
2024-06-25,101.2400,101.4600,99.9600,100.2000,2115600,92.4836
2024-06-26,99.8500,100.2100,99.3000,99.9500,1958900,92.2529
2024-06-27,100.0000,100.8900,99.7500,100.5900,2358000,92.8436
2024-06-28,100.5900,100.7600,99.6500,100.2300,3898700,92.5113
2024-07-01,100.7300,101.2600,99.2900,99.3500,2097600,91.6991
2024-07-02,99.6300,100.0100,99.2100,99.8100,1856100,92.1237
2024-07-03,99.7200,101.0700,99.5400,99.8400,1072700,92.1514
2024-07-05,100.0000,100.9700,99.5500,100.5600,1929800,92.8159
2024-07-08,100.4400,101.3900,100.0300,100.6400,2535100,92.8898
2024-07-09,100.5900,101.4000,100.3000,100.9400,3200600,93.1667
2024-07-10,101.2500,102.9000,100.9000,102.8300,3128400,94.9111
2024-07-11,103.0600,104.8900,102.6600,104.4600,3329800,96.4156
2024-07-12,104.6800,105.9000,104.2700,105.3900,2715300,97.2739
2024-07-15,104.6900,105.3900,104.0200,105.3200,2863400,97.2093
2024-07-16,106.3100,107.2600,105.8500,106.5300,3057000,98.3262
2024-07-17,107.0700,108.4400,105.6500,107.5200,3374700,99.2399
2024-07-18,107.0100,108.5900,106.7200,106.9100,2638700,98.6769
2024-07-19,107.5800,107.6100,106.3100,106.9200,2163200,98.6861
2024-07-22,106.9400,107.7000,106.5800,107.5400,2373200,99.2584
2024-07-23,107.4800,107.9000,107.0200,107.1200,1512000,98.8707
2024-07-24,108.2500,108.9200,107.0400,108.6000,2875500,100.2368
2024-07-25,109.0000,110.0200,106.9500,107.5600,3165200,99.2769
2024-07-26,107.8000,108.4800,107.4100,108.0300,2270500,99.7106
2024-07-29,108.2800,109.2000,107.9400,108.6800,3445100,100.3106
2024-07-30,108.1200,110.0300,107.9000,109.9000,2929800,101.4367
2024-07-31,108.9000,109.7500,108.4300,109.2700,3946000,100.8552
2024-08-01,109.7700,112.7100,109.2700,112.6000,3975500,103.9287
2024-08-02,114.3500,116.6700,111.6500,113.9200,4606500,105.1471
2024-08-05,114.1100,114.9800,111.0100,111.0100,4918700,102.4612
2024-08-06,112.4900,114.2000,111.3600,112.9200,4289800,104.2241
2024-08-07,113.2200,114.7800,112.6300,113.5100,4921300,104.7686
2024-08-08,112.4700,113.9600,111.9000,112.4300,4716700,103.7718
2024-08-09,112.9500,112.9600,111.1300,112.6700,2218700,103.9933
2024-08-12,112.6300,113.4200,112.1000,113.3700,3058600,104.6394
2024-08-13,113.3500,113.9400,112.7700,113.7200,2732900,104.9625
2024-08-14,113.3800,114.5400,112.8100,113.4600,1979200,104.7225
2024-08-15,112.9300,113.2700,112.4000,113.1100,2658200,104.3994
2024-08-16,112.3800,112.6500,111.6100,112.3000,2642700,104.6184
2024-08-19,112.2800,113.1800,112.2500,112.7200,1716200,105.0096
2024-08-20,112.9100,113.4100,112.1000,112.3800,2822600,104.6929
2024-08-21,112.3700,113.1600,112.2600,112.7300,2798600,105.0190
2024-08-22,112.6600,112.6800,111.4500,112.1200,5459600,104.4507
2024-08-23,112.2500,113.0000,111.9000,112.3600,2732500,104.6743
2024-08-26,112.5300,113.6300,112.0100,113.0100,3038900,105.2798
2024-08-27,112.7700,113.0900,111.7800,111.9000,2136500,104.2457
2024-08-28,112.3900,113.6400,111.8900,112.7000,2429700,104.9910
2024-08-29,112.7000,113.0700,111.8500,112.9900,2021900,105.2612
2024-08-30,113.0000,114.0800,112.8400,113.9500,3022400,106.1555
2024-09-03,114.0000,116.4100,113.9100,115.7900,3792500,107.8696
2024-09-04,116.4800,117.9300,116.1900,117.0600,2795000,109.0528
2024-09-05,117.7700,118.1100,116.3200,116.8500,2585900,108.8571
2024-09-06,117.0500,117.3300,116.2300,116.6000,3482400,108.6242
2024-09-09,116.9300,117.2500,115.9400,117.1600,2829800,109.1459
2024-09-10,117.3700,118.1800,116.7100,116.9300,2594200,108.9317
2024-09-11,116.3800,116.4900,115.3400,116.2000,3667400,108.2516
2024-09-12,116.3600,116.8300,115.8400,115.9700,2390300,108.0373
2024-09-13,116.2400,117.4000,115.7400,117.3100,2311000,109.2857
2024-09-16,118.1100,118.3100,117.4600,117.7000,2212000,109.6490
2024-09-17,117.5500,117.7300,116.3200,116.7300,2251500,108.7453
2024-09-18,116.6300,117.1800,115.2900,115.8800,2265300,107.9535
2024-09-19,115.0900,115.5400,113.9500,115.1400,3952300,107.2641
2024-09-20,115.6600,116.6700,115.3400,116.3700,6277000,108.4100
2024-09-23,116.8600,117.4700,116.4600,117.3100,2332400,109.2857
2024-09-24,116.5000,117.7700,115.8400,115.9800,2925300,108.0466
2024-09-25,116.6000,116.7600,115.3700,116.2100,3496700,108.2609
2024-09-26,115.1200,116.3200,114.8400,115.1700,3425700,107.2920
2024-09-27,115.5000,116.3300,114.8300,115.9700,3523000,108.0373
2024-09-30,116.2900,116.3400,114.3400,115.3000,5539400,107.4132
2024-10-01,115.4500,116.4600,114.9100,116.2200,3729700,108.2702
2024-10-02,115.5000,116.8100,115.1300,116.6800,3360200,108.6988
2024-10-03,116.9800,117.0900,115.4800,115.7600,3856600,107.8417
2024-10-04,114.6300,114.8700,113.8100,114.0500,3512900,106.2487
2024-10-07,113.7900,113.7900,110.1200,110.2300,5955000,102.6900
2024-10-08,111.0000,111.1400,110.0500,110.6700,4810600,103.0999
2024-10-09,110.8000,111.6200,110.3000,111.3200,3601500,103.7054
2024-10-10,111.8900,113.5000,111.0300,113.1200,6301600,105.3823
2024-10-11,113.4000,114.3300,113.1200,114.1700,3406700,106.3605
2024-10-14,114.1700,115.2600,114.1000,115.0900,2807100,107.2175
2024-10-15,116.5000,118.0700,115.7000,117.1200,2863200,109.1087
2024-10-16,117.6000,120.0900,116.9500,119.7800,4776800,111.5867
2024-10-17,119.7800,120.8100,119.4800,120.5800,4589900,112.3320
2024-10-18,120.7400,120.8500,119.6200,120.7600,3562300,112.4997
2024-10-21,121.0500,121.2500,119.6700,119.8900,2703200,111.6892
2024-10-22,118.7200,119.9400,118.3800,119.8800,2877000,111.6799
2024-10-23,119.7900,120.6100,119.3800,120.5700,2286400,112.3227
2024-10-24,120.8000,120.9500,118.9200,119.0200,2283700,110.8787
2024-10-25,119.4900,119.5300,117.2100,117.2100,2406300,109.1925
2024-10-28,117.2100,118.0600,117.0200,117.0600,2214300,109.0528
2024-10-29,116.0000,116.3500,114.3800,114.4100,3478800,106.5840
2024-10-30,115.0300,115.2700,113.8200,114.0000,2480000,106.2021
2024-10-31,113.9900,115.8200,113.8900,115.2700,3835800,107.3852
2024-11-01,114.6800,115.4000,112.6000,112.6800,3713100,104.9724
2024-11-04,112.6800,113.1300,112.0700,112.5200,3050100,104.8233
2024-11-05,112.5900,114.1700,112.0600,114.0800,2558500,106.2766
2024-11-06,114.0100,114.2500,112.5200,113.6300,4236700,105.8574
2024-11-07,112.6400,113.2100,110.3100,111.0800,5593500,103.4818
2024-11-08,111.7700,114.0500,111.5600,113.2300,3788500,105.4847
2024-11-11,112.6400,114.1600,112.3900,112.4600,3243400,104.7674
2024-11-12,112.6600,113.0800,111.7600,111.8800,2876800,104.2271
2024-11-13,112.5200,112.8000,110.6700,111.3100,2193000,103.6961
2024-11-14,111.5700,111.5700,110.5400,110.6800,3685800,103.1092
2024-11-15,109.4700,112.2500,109.4000,112.1700,3868000,105.4933
2024-11-18,111.9900,113.6800,111.6700,113.5400,5030800,106.7817
2024-11-19,113.3000,113.6300,112.0500,113.5800,3862000,106.8194
2024-11-20,113.4400,113.9500,113.0000,113.7400,2325500,106.9698
2024-11-21,114.1300,115.0400,113.1500,114.8600,3095300,108.0232
2024-11-22,115.5200,116.0000,114.6100,114.7000,2008700,107.8727
2024-11-25,115.0500,115.9000,114.1700,115.0000,4163000,108.1548
2024-11-26,115.3900,117.1000,115.0800,117.0400,2850500,110.0734
2024-11-27,117.6800,118.5800,117.2800,117.4200,2221900,110.4308
2024-11-29,117.2000,117.7200,116.8800,117.0500,1899500,110.0828
2024-12-02,117.0500,117.2900,114.8100,115.1800,3429900,108.3241
2024-12-03,115.8000,116.2100,113.6300,113.6400,2440600,106.8758
2024-12-04,113.4500,113.7500,112.7200,113.2800,2218900,106.5372
2024-12-05,113.2100,114.4000,113.0000,114.0100,2178700,107.2238
2024-12-06,113.8400,114.3500,111.9500,112.1000,2808800,105.4274
2024-12-09,111.7100,112.6000,111.2800,111.8600,2573900,105.2017
2024-12-10,111.9400,111.9400,110.3200,111.1100,2941300,104.4964
2024-12-11,110.8000,110.9900,109.1800,109.5900,3820800,103.0668
2024-12-12,110.2100,110.3200,108.7700,109.1600,3087600,102.6625
2024-12-13,109.6600,110.0000,108.7300,108.8200,5141200,102.3427
2024-12-16,108.7400,109.2100,107.1800,107.4400,5673900,101.0448
2024-12-17,106.9500,108.2000,106.5300,107.8900,2784900,101.4680
2024-12-18,107.3800,107.9100,105.6300,105.7600,4713900,99.4648
2024-12-19,105.8800,108.2400,105.7400,107.0800,4237600,100.7063
2024-12-20,107.1600,108.6900,106.7200,108.2800,6044500,101.8348
2024-12-23,108.1100,108.6400,107.1600,108.5600,2757400,102.0982
2024-12-24,108.3900,109.0300,108.1100,108.9700,991900,102.4838
2024-12-26,108.6800,108.9500,107.8700,108.3100,2914600,101.8630
2024-12-27,107.6000,109.0000,107.5000,108.3400,2127200,101.8913
2024-12-30,108.0000,108.1300,107.0500,107.7100,2217200,101.2988
2024-12-31,107.8800,108.1200,107.1800,107.7400,2987400,101.3270
2025-01-02,108.4800,108.8800,107.4400,107.8200,2865500,101.4022
2025-01-03,108.0700,108.6700,107.6500,107.7800,2299300,101.3646
2025-01-06,107.3500,107.4200,105.9000,106.3700,4358500,100.0385
2025-01-07,106.6800,107.8500,106.3000,106.8100,2976400,100.4523
2025-01-08,106.5600,108.4500,106.4900,108.2300,3209300,101.7878
2025-01-10,107.4700,108.5900,105.4400,105.8700,2998100,99.5683
2025-01-13,106.4700,106.5600,105.2000,106.1400,2387900,99.8222
2025-01-14,106.1600,106.8800,105.6100,106.8500,2866200,100.4899
2025-01-15,108.1000,108.1000,106.3500,106.4500,3791800,100.1138
2025-01-16,106.1000,109.0800,105.9000,109.0600,2899100,102.5684
2025-01-17,108.7300,109.9000,108.4500,109.2600,2928400,102.7565
2025-01-21,110.0000,111.3500,109.3000,110.7700,3144100,104.1766
2025-01-22,110.5500,110.6200,108.6300,108.8200,4276900,102.3427
2025-01-23,109.3000,109.7400,108.6800,109.3400,2612500,102.8317
2025-01-24,108.8500,110.2500,108.7400,109.8600,2695300,103.3208
2025-01-27,111.0000,112.7600,109.4300,112.6200,3585100,105.9165
2025-01-28,112.3800,112.7000,111.2800,111.3100,3664600,104.6845
2025-01-29,111.4800,112.2100,110.5400,110.6200,2744200,104.0355
2025-01-30,112.0200,112.4000,110.8100,112.2600,2204800,105.5779
2025-01-31,112.2600,112.4500,111.3800,111.9900,3537800,105.3240
2025-02-03,111.9800,113.4600,111.2000,113.2000,4830200,106.4620
2025-02-04,112.6400,112.8300,111.3200,112.4300,2087900,105.7378
2025-02-05,113.1400,114.2100,112.4500,113.8600,4858600,107.0827
2025-02-06,114.0300,114.9100,113.3600,114.5200,2593300,107.7034
2025-02-07,114.1800,115.7000,113.9200,114.9900,3476900,108.1454
2025-02-10,114.9900,115.6200,113.6600,115.6000,2606700,108.7191
2025-02-11,115.4200,116.8100,113.9800,116.6900,2404700,109.7442
2025-02-12,114.7400,116.4800,114.3400,116.3700,4149900,109.4433
2025-02-13,115.3000,115.6600,112.8800,113.9500,5658500,107.1673
2025-02-14,113.2700,113.9500,111.5300,111.6000,3581600,105.9287
2025-02-18,111.5000,112.2300,110.5100,110.8900,4726600,105.2547
2025-02-19,111.3200,112.1100,110.9500,111.7900,3860600,106.1090
2025-02-20,111.5100,113.2600,111.0400,113.1600,3159500,107.4094
2025-02-21,112.6900,115.9600,112.5600,115.5500,4424000,109.6779
2025-02-24,115.9000,116.9700,114.7900,115.9200,2731300,110.0291
2025-02-25,116.4200,117.7100,116.0100,117.2900,3111900,111.3295
2025-02-26,116.9100,117.1400,115.8000,116.3100,3021500,110.3993
2025-02-27,115.6200,116.7900,115.0000,115.8900,3239100,110.0006
2025-02-28,117.1000,117.9800,115.8000,117.4900,5403200,111.5193
2025-03-03,117.3200,118.7200,116.6600,118.6700,4264900,112.6394
2025-03-04,119.2700,119.6800,116.3700,116.4100,3888700,110.4942
2025-03-05,115.6100,116.9100,115.0500,115.2300,3491300,109.3742
2025-03-06,115.5000,115.6800,113.8100,114.8400,3756100,109.0040
2025-03-07,114.8100,116.9400,114.3200,116.7400,3479200,110.8074
2025-03-10,116.9500,119.2600,116.9100,118.5000,5022400,112.4780
2025-03-11,118.2800,119.5100,117.2000,117.7000,6297500,111.7187
2025-03-12,116.7200,117.3000,115.6500,116.6400,4668300,110.7125
2025-03-13,116.9500,118.3400,116.3700,118.2100,5370300,112.2027
2025-03-14,118.1600,120.4000,117.5400,120.1200,5709900,114.0157
2025-03-17,119.6600,121.4700,119.0500,120.8100,7126500,114.6706
2025-03-18,119.8300,121.0700,119.6900,120.7600,4384800,114.6232
2025-03-19,120.5100,120.8800,118.6700,119.3100,4220600,113.2468
2025-03-20,119.5900,120.2600,119.1100,120.1600,4343900,114.0536
2025-03-21,119.9800,120.9100,118.3800,119.1000,5850300,113.0475
2025-03-24,118.8400,119.8100,118.0100,118.1500,3904700,112.1458
2025-03-25,118.1000,118.2300,114.9200,116.0800,5551600,110.1810
2025-03-26,116.3000,117.3300,116.0800,117.1100,3095900,111.1586
2025-03-27,117.8700,118.2300,117.1100,117.6500,2833500,111.6712
2025-03-28,118.6800,119.9600,117.6400,119.4100,3941400,113.3418
2025-03-31,120.3000,122.5000,120.1700,121.9700,6465600,115.7717
2025-04-01,122.0400,122.0400,120.5900,121.0700,2934100,114.9174
2025-04-02,121.0600,121.3900,119.9000,120.3900,2541700,114.2720
2025-04-03,123.0000,124.6700,121.6300,124.0500,7427100,117.7460
2025-04-04,125.0000,125.2700,117.8600,118.9300,8332600,112.8861
2025-04-07,117.7200,120.3200,115.7100,116.8600,7214800,110.9214
2025-04-08,118.1700,118.3600,114.7000,115.9500,4976200,110.0576
2025-04-09,114.7500,117.8400,112.0700,116.3100,7414700,110.3993
2025-04-10,116.3100,118.0000,114.6200,116.8400,6360400,110.9024
2025-04-11,116.8800,119.3300,115.5200,118.9400,6054400,112.8957
2025-04-14,118.6900,121.1900,118.0700,120.6000,3226200,114.4713
2025-04-15,121.0700,121.7500,120.3400,120.4900,2340900,114.3669
2025-04-16,121.4900,121.9800,120.0700,120.3500,2506800,114.2340
2025-04-17,120.9400,123.5500,120.5000,121.8000,3409800,115.6103
2025-04-21,121.5800,121.9500,118.9900,120.1700,3076200,114.0631
2025-04-22,121.3800,122.8900,120.5000,122.5300,3522600,116.3032
2025-04-23,121.2100,122.1200,120.0400,121.4200,4036000,115.2496
2025-04-24,121.1500,121.5200,120.1700,120.7000,3199000,114.5662
2025-04-25,120.7700,121.2700,119.4200,119.8500,2717200,113.7594
2025-04-28,119.9900,120.8800,119.1800,120.6700,2119800,114.5377
2025-04-29,120.2900,121.9100,119.3700,121.7000,2323600,115.5154
2025-04-30,122.3500,122.4000,120.6600,122.0200,2999000,115.8191
2025-05-01,121.8000,122.3700,120.6800,121.3300,2609900,115.1642
2025-05-02,121.3700,122.0000,120.5400,121.5800,2720100,115.4015
2025-05-05,122.1200,122.1600,120.2400,120.7500,3875200,114.6137
2025-05-06,122.0100,124.1700,121.5200,122.9400,3959100,116.6924
2025-05-07,122.5500,123.3700,121.6700,122.6000,3466700,116.3697
2025-05-08,122.0200,122.4400,119.8200,120.0000,3571300,113.9018
2025-05-09,120.2400,120.4900,119.3700,120.3300,3036900,114.2150
2025-05-12,119.0100,120.3200,115.4500,115.8500,5661200,109.9627
2025-05-13,115.9800,116.0400,113.0500,113.0700,7359400,107.3240
2025-05-14,113.0700,113.1900,111.2200,112.4600,4203200,106.7449
2025-05-15,113.5700,116.0800,113.3700,115.9400,4177700,110.0481
2025-05-16,115.0600,116.3000,114.5900,116.2600,2966700,111.3555
2025-05-19,116.0600,117.1200,115.7500,116.9900,2773000,112.0547
2025-05-20,116.6800,117.8300,116.5000,117.3100,4459300,112.3612
2025-05-21,117.3000,117.6500,116.0600,116.4400,2769900,111.5279
2025-05-22,116.6000,116.6900,114.7900,115.5700,4702600,110.6946
2025-05-23,116.7200,116.9700,114.8600,116.4900,2683700,111.5758
2025-05-27,116.8800,116.9100,116.0000,116.3800,3742300,111.4705
2025-05-28,116.0000,116.2700,113.9700,114.4500,2797700,109.6219
2025-05-29,113.9000,115.5900,113.3900,115.4500,2292800,110.5797
2025-05-30,115.4500,117.8800,114.8300,117.7200,8078800,112.7539
2025-06-02,117.0100,117.6700,116.3300,117.2300,2820300,112.2846
2025-06-03,117.3400,117.6000,115.5100,116.7300,2609600,111.8057
2025-06-04,116.7900,117.6800,115.6200,115.9800,3288300,111.0873
2025-06-05,116.3100,116.3100,115.3400,115.7400,2443000,110.8575
2025-06-06,115.5800,116.1000,114.7600,115.2300,2094600,110.3690
2025-06-09,114.7100,116.4000,114.4000,115.4700,2407400,110.5988
2025-06-10,115.5900,116.5900,114.8500,116.3300,2095400,111.4226
2025-06-11,116.2800,116.5900,115.8600,116.3500,1929700,111.4417
2025-06-12,116.7800,117.5900,116.4400,117.2800,2432200,112.3325
2025-06-13,117.5000,118.3400,116.5400,116.8600,2789500,111.9302
2025-06-16,117.2500,117.7000,114.8300,115.4000,3276000,110.5318
2025-06-17,115.6200,115.6800,113.6600,114.7900,2344100,109.9475
2025-06-18,114.9000,114.9400,114.0300,114.5800,2937900,109.7464
2025-06-20,114.8600,116.1500,114.6800,115.4000,6203100,110.5318
2025-06-23,115.9400,117.2900,115.7800,116.9700,2440500,112.0356
2025-06-24,116.7200,117.5500,116.0000,116.9500,2477800,112.0164
2025-06-25,117.9600,117.9600,115.8000,115.9500,2966300,111.0586
2025-06-26,116.0200,116.7700,115.3500,116.2500,3143600,111.3459
2025-06-27,116.1500,117.8000,116.1000,116.9200,3578700,111.9877
2025-06-30,116.6200,118.0600,116.3000,118.0000,3486700,113.0221
2025-07-01,118.6800,119.3300,117.0000,118.8700,3498600,113.8554
2025-07-02,118.0900,118.4200,116.0700,117.0600,2834200,112.1218
2025-07-03,117.0000,117.8800,116.4700,117.3100,1953900,112.3612
2025-07-07,117.2000,117.4200,116.5800,117.2900,2050600,112.3421
2025-07-08,116.5400,116.7800,115.4000,116.3100,3135100,111.4034
2025-07-09,116.3100,117.4000,115.5400,117.1700,2102800,112.2271
2025-07-10,116.6000,118.3900,116.2500,118.1700,2072700,113.1850
2025-07-11,117.7300,117.8500,116.5900,117.4600,2098900,112.5049
2025-07-14,117.4500,118.6000,116.7300,117.9300,2684800,112.9551
2025-07-15,117.5300,117.8400,115.9400,117.1000,2431500,112.1601
2025-07-16,116.9900,118.1200,116.7500,117.7900,2160600,112.8210
2025-07-17,117.2800,118.0800,117.0000,117.4600,2430900,112.5049
2025-07-18,117.3400,119.0900,117.2500,118.4200,2475600,113.4244
2025-07-21,118.4500,120.2800,118.4500,119.8300,2232100,114.7749
2025-07-22,120.1200,121.9700,119.9000,120.7300,3194700,115.6370
2025-07-23,120.8200,120.8300,118.9000,119.5100,3309500,114.4684
2025-07-24,119.5100,120.1000,119.2100,119.7500,2133200,114.6983
2025-07-25,119.6800,120.3900,119.5900,119.9300,2317100,114.8707
2025-07-28,119.6300,119.9100,117.4500,117.6000,2930100,112.6390
2025-07-29,118.0200,119.5300,117.6900,119.4900,2848000,114.4493
2025-07-30,119.5000,121.4900,119.2500,120.4800,3432300,115.3975
2025-07-31,120.0300,121.7800,119.5000,121.6400,5490800,116.5086
2025-08-01,122.2400,123.3900,121.6800,122.9100,4642700,117.7250
2025-08-04,123.0300,124.5100,122.7000,124.1700,4066000,118.9318
2025-08-05,126.9700,127.8500,123.9700,124.0000,6746900,118.7690
2025-08-06,124.6500,126.4100,124.0000,125.2100,3813100,119.9280
2025-08-07,124.7200,126.3400,124.7000,125.9300,2832100,120.6176
2025-08-08,125.9800,126.5300,125.1800,125.3200,2643800,120.0333
2025-08-11,125.6900,125.9600,124.9100,125.5600,2244500,120.2632
2025-08-12,125.4000,125.5800,123.3600,124.4700,3826300,119.2192
2025-08-13,124.3900,125.7600,123.9500,125.7100,3009200,120.4069
2025-08-14,125.7000,125.7000,124.0000,124.2600,3410300,119.0180
2025-08-15,123.5200,123.7000,121.9300,122.4500,4024700,118.2983
2025-08-18,123.0000,123.0000,121.3300,121.4600,3224700,117.3419
2025-08-19,121.6400,123.8200,121.3800,123.7800,2908400,119.5832
2025-08-20,124.5000,125.9500,124.1800,124.4800,3455700,120.2595
2025-08-21,124.3200,124.9200,123.9400,124.1400,2084700,119.9310
2025-08-22,124.7900,125.2500,123.3300,124.3400,2182900,120.1242
2025-08-25,123.9500,124.2200,122.8700,123.1100,2454300,118.9359
2025-08-26,123.0000,123.5400,122.1000,123.2800,3102000,119.1002
2025-08-27,123.6100,123.8500,122.7600,123.6800,2560800,119.4866
2025-08-28,123.3000,123.6100,122.2500,122.3700,2496500,118.2210
2025-08-29,122.4000,123.1900,122.1100,122.4900,2151200,118.3369
2025-09-02,122.4600,122.7700,121.3700,121.8900,2449100,117.7573
2025-09-03,121.3000,121.8900,120.6200,121.5000,2152100,117.3805
2025-09-04,122.2000,122.4500,120.3800,120.8700,3069700,116.7719
2025-09-05,121.3100,121.4800,120.0400,120.6100,1980700,116.5207
2025-09-08,120.4000,120.8300,119.7600,120.1700,3069000,116.0956
2025-09-09,120.2500,121.0300,119.9000,120.3800,2182800,116.2985
2025-09-10,120.4100,121.4600,120.2000,121.3500,2104400,117.2356
2025-09-11,121.3600,122.2300,120.9700,122.1100,2178000,117.9698
2025-09-12,122.0800,122.9000,121.8700,121.9500,2136400,117.8152
2025-09-15,121.6500,122.6500,121.6200,122.3700,2202600,118.2210
2025-09-16,122.6300,122.8300,120.2000,120.2500,4158400,116.1729
2025-09-17,120.7400,121.5000,120.2700,121.1000,2437700,116.9941
2025-09-18,120.0300,121.1200,119.6900,120.3900,2541100,116.3081
2025-09-19,120.7600,121.6500,120.0000,121.0800,4842000,116.9748
2025-09-22,121.2100,122.0100,120.7300,121.5800,2062000,117.4578
2025-09-23,121.4600,123.2400,120.9700,123.1000,2123700,118.9263
2025-09-24,123.0000,123.9500,122.9500,123.6400,2173100,119.4479
2025-09-25,124.1100,124.3000,122.2700,122.3200,2285600,118.1727
2025-09-26,122.1400,123.4500,122.0400,123.0200,2644400,118.8490
2025-09-29,123.0500,123.0800,121.3200,122.8000,4210000,118.6364
2025-09-30,122.9800,123.9300,122.6200,123.7500,3719800,119.5542
2025-10-01,123.5600,123.8200,122.3200,122.3900,2489200,118.2403
2025-10-02,121.5000,122.0800,120.9400,121.5700,3098800,117.4481
2025-10-03,122.1100,123.8300,122.0000,123.5400,2761900,119.3513
2025-10-06,123.4300,124.4600,122.7800,124.3800,2289000,120.1629
2025-10-07,124.8500,125.9500,124.3400,125.5600,2723300,121.3028
2025-10-08,126.2600,126.3200,124.4000,125.2300,2423000,120.9840
2025-10-09,125.9000,126.0900,124.6100,124.7100,1500800,120.4817
2025-10-10,125.2900,127.2700,125.0200,127.0200,2955400,122.7133
2025-10-13,126.2100,126.9500,125.6900,126.0900,2136200,121.8149
2025-10-14,126.9100,128.4900,126.2900,127.8200,2712900,123.4862
2025-10-15,128.1800,128.9900,127.0700,128.6700,3023200,124.3074
2025-10-16,128.8400,129.5100,127.4000,127.4000,2785200,123.0805
2025-10-17,128.1700,128.6500,127.1200,128.5300,3120800,124.1721
2025-10-20,129.0000,129.2000,127.6900,128.9400,3759300,124.5683
2025-10-21,129.5000,129.5000,127.2600,128.3300,2628800,123.9789
2025-10-22,128.5500,130.0300,127.4900,129.0300,3143000,124.6552
2025-10-23,129.8600,129.8600,127.1700,127.2600,2531000,122.9452
2025-10-24,127.3000,128.4400,126.9800,127.3700,2175000,123.0515
2025-10-27,127.0000,127.5800,126.2600,127.4900,2308300,123.1674
2025-10-28,126.8600,127.3500,125.3800,125.6500,3159200,121.3898
2025-10-29,125.6500,126.0700,123.8200,124.2900,3686400,120.0759
2025-10-30,124.5200,125.8800,124.3800,125.2100,2666400,120.9647
2025-10-31,124.3400,124.9300,123.7500,124.3000,2961900,120.0856
2025-11-03,123.8700,124.0000,122.2700,123.6700,3365700,119.4769
2025-11-04,124.3400,124.5100,123.4900,123.8300,3169800,119.6315
2025-11-05,123.7900,124.4800,123.1700,123.7700,3822300,119.5735
2025-11-06,123.6000,124.8600,123.4000,124.0000,4674700,119.7957
2025-11-07,124.1000,125.7200,122.4100,123.6600,5456800,119.4673
2025-11-10,123.0500,123.6800,121.8400,122.9300,4442000,118.7620
2025-11-11,123.1300,124.2200,122.3100,123.6700,3101600,119.4769
2025-11-12,123.6600,124.2900,123.4300,123.9000,3238900,119.6991
2025-11-13,123.7600,124.5900,123.1000,123.5900,3277900,119.3996
2025-11-14,123.3300,124.2000,122.2500,122.7100,3878200,119.5799
2025-11-17,123.3300,125.2100,122.8600,125.1800,3879900,121.9869
2025-11-18,125.6500,125.9300,123.7900,123.8000,3774300,120.6421
2025-11-19,123.8800,123.8800,121.4500,122.2300,3411000,119.1122
2025-11-20,122.2800,122.9800,121.8600,122.5400,2639200,119.4143
2025-11-21,122.9400,123.3900,121.9100,122.8000,4407000,119.6676
2025-11-24,123.0700,123.4100,121.4000,122.0900,3442700,118.9757
2025-11-25,122.2600,122.9800,121.5900,121.9300,2835100,118.8198
2025-11-26,122.4100,123.6000,121.9500,123.4300,3374400,120.2816
2025-11-28,123.1500,124.1300,123.0400,123.9400,1439800,120.7786
2025-12-01,123.2100,123.4600,120.6700,120.7500,4050600,117.6699
2025-12-02,121.1000,121.1400,119.3700,119.6900,3554400,116.6370
2025-12-03,119.8700,120.5600,118.3700,118.6200,3328400,115.5943
2025-12-04,118.3800,119.4400,117.8400,117.9700,3151000,114.9608
2025-12-05,117.8400,118.1800,116.4000,116.5200,3983100,113.5478
2025-12-08,116.2000,116.4200,114.1300,115.2200,5217200,112.2810
2025-12-09,115.8000,116.2100,115.0500,115.2400,2929700,112.3005
2025-12-10,115.2800,115.4000,113.9000,114.0000,3366400,111.0921
2025-12-11,114.5600,115.5000,113.9900,114.3900,2992300,111.4722
2025-12-12,114.5000,115.3500,114.4000,115.3000,2955700,112.3589
2025-12-15,115.8100,116.9500,115.4100,116.7300,3797200,113.7525
2025-12-16,116.9800,117.2200,115.2400,115.5900,3222300,112.6415
2025-12-17,115.4700,117.9100,115.4000,117.4300,4436700,114.4346
2025-12-18,117.3400,117.8100,116.6500,117.5500,4611000,114.5516
2025-12-19,117.4300,117.4900,115.5500,115.5600,6898600,112.6123
2025-12-22,115.3000,116.4600,115.0000,116.3000,2477200,113.3334
2025-12-23,116.3700,117.1900,116.1200,116.7900,3627800,113.8109
2025-12-24,117.1900,117.5100,116.8200,117.4800,1060600,114.4833
2025-12-26,117.1600,117.8000,116.7700,117.1800,1440300,114.1910
2025-12-29,117.3000,118.0300,117.0800,117.5200,2489100,114.5223
2025-12-30,117.5900,117.9400,117.2500,117.6800,1834800,114.6782
2025-12-31,117.7000,117.8100,117.1000,117.2100,1973900,114.2202
