Date,Open,High,Low,Close,Volume,Adj Close
2016-01-04,19.6006,19.9715,19.4936,19.9501,10260116,13.6457
2016-01-05,19.8859,20.1070,19.5578,20.0856,7834937,13.7384
2016-01-06,19.8930,20.1712,19.8003,20.1070,9413729,13.7531
2016-01-07,19.8431,20.1070,19.7361,19.8573,7724599,13.5823
2016-01-08,19.9001,19.9572,19.5792,19.8431,11168052,13.5726
2016-01-11,19.9358,20.2282,19.8431,20.0143,11481679,13.6896
2016-01-12,20.0999,20.0999,19.6648,19.9287,9571314,13.6311
2016-01-13,19.9429,20.0856,19.5078,19.6434,11297737,13.4360
2016-01-14,19.6362,20.0428,19.3866,19.9073,13237824,13.6165
2016-01-15,19.5150,19.9501,19.2297,19.5863,14348769,13.3969
2016-01-19,19.7076,19.9215,19.5934,19.7147,12461397,13.4847
2016-01-20,19.5506,19.5792,18.7304,19.1013,15078650,13.0652
2016-01-21,19.1726,19.6362,18.9586,19.5578,12674080,13.3774
2016-01-22,19.6220,20.0357,19.5863,19.9929,9957845,13.6750
2016-01-25,19.9715,20.0428,19.3581,19.3723,11828814,13.2506
2016-01-26,19.4294,19.9715,19.4151,19.8573,9715860,13.5823
2016-01-27,19.9501,20.2710,19.7147,20.0071,8562575,13.6848
2016-01-28,20.0143,20.6419,19.8645,20.4779,9535843,14.0068
2016-01-29,20.6847,21.1626,20.6562,21.0913,16755582,14.4263
2016-02-01,20.9700,21.4765,20.8702,21.3980,13313813,14.6361
2016-02-02,21.1840,21.5121,20.9772,21.4979,13831571,14.7044
2016-02-03,21.5692,22.6320,21.5050,22.5464,21166555,15.4216
2016-02-04,22.5820,23.1241,22.5464,23.0029,19930411,15.7338
2016-02-05,23.1526,23.5021,22.8459,23.4665,15345451,16.0509
2016-02-08,23.3666,23.6234,22.9030,23.0813,14104961,15.7875
2016-02-09,22.9030,23.1098,22.6605,22.7817,13394007,15.5826
2016-02-10,22.1113,22.4108,21.7903,22.1969,15482286,15.3313
2016-02-11,21.9544,22.1683,21.3980,21.6191,13982707,14.9323
2016-02-12,21.6120,21.8402,21.3837,21.7261,11950227,15.0062
2016-02-16,21.9615,22.2111,21.7190,22.1255,12974248,15.2821
2016-02-17,22.2040,22.3110,21.9258,22.1755,10483315,15.3166
2016-02-18,22.1826,22.5678,22.1541,22.4322,10776753,15.4939
2016-02-19,22.3395,22.3680,22.0685,22.2825,10043928,15.3904
2016-02-22,22.4608,22.6320,22.2682,22.6034,9685717,15.6121
2016-02-23,22.1755,22.5535,22.1113,22.2468,12213243,15.3658
2016-02-24,22.2539,22.7175,22.1683,22.6462,12111878,15.6417
2016-02-25,22.6391,22.8103,22.5107,22.8103,8541825,15.7550
2016-02-26,22.7247,22.9244,22.2254,22.6320,18087342,15.6318
2016-02-29,22.6320,22.9244,22.4322,22.4608,13608233,15.5136
2016-03-01,22.6605,22.7960,22.2611,22.6605,13939105,15.6516
2016-03-02,22.5464,23.0742,22.0185,23.0528,10345638,15.9225
2016-03-03,23.0884,23.6091,22.8388,23.5949,12849891,16.2969
2016-03-04,23.4379,23.9872,23.3381,23.7946,11830917,16.4349
2016-03-07,23.8802,24.2867,23.7518,24.1940,9680249,16.7108
2016-03-08,24.1797,24.4793,23.8160,24.4151,12513972,16.8635
2016-03-09,24.3010,24.5078,24.2154,24.3723,10036217,16.8339
2016-03-10,24.4294,24.8573,24.3295,24.7718,10754321,17.1098
2016-03-11,24.9144,24.9501,24.5649,24.7718,8004719,17.1098
2016-03-14,24.7290,24.8716,24.6006,24.7147,6663846,17.0704
2016-03-15,24.6148,24.7860,24.4437,24.6077,7039302,16.9965
2016-03-16,24.5292,24.8573,24.2796,24.8074,7009860,17.1344
2016-03-17,24.8645,24.9643,24.6434,24.9001,7643003,17.1985
2016-03-18,24.9501,25.0428,24.7218,24.8502,14195671,17.1640
2016-03-21,24.7860,25.0214,24.7290,24.8787,8188241,17.1837
2016-03-22,24.8573,25.1070,24.7004,24.9643,5461912,17.2428
2016-03-23,24.9501,25.3210,24.6148,24.7646,16214551,17.1049
2016-03-24,24.7646,25.2211,24.5007,25.1854,8427702,17.3955
2016-03-28,25.1569,25.3138,24.9287,25.0785,6354705,17.3216
2016-03-29,25.1355,25.5136,24.8573,25.4565,10605149,17.5828
2016-03-30,25.4993,25.5064,25.2568,25.2710,5944340,17.4547
2016-03-31,25.3495,25.6419,25.3495,25.5777,10134357,17.6665
2016-04-01,25.4922,25.6419,25.2140,25.4351,10703569,17.5680
2016-04-04,25.4565,25.5136,25.2496,25.3281,6265538,17.4941
2016-04-05,25.1997,25.2068,24.6434,24.6790,8585848,17.0458
2016-04-06,24.6077,24.6862,24.3153,24.4722,11322412,16.9029
2016-04-07,24.4722,24.6790,24.4151,24.5007,6307177,16.9226
2016-04-08,24.6576,24.9929,24.6576,24.7504,6855359,17.0950
2016-04-11,24.7646,25.0000,24.6006,24.6362,5204364,17.0162
2016-04-12,24.6220,25.0571,24.5506,25.0214,8513365,17.2822
2016-04-13,25.0285,25.0285,24.6862,24.7932,5066688,17.1246
2016-04-14,24.7932,25.0499,24.7575,24.9215,5333629,17.2133
2016-04-15,24.9215,24.9215,24.5078,24.5150,14733197,16.9325
2016-04-18,24.3652,24.6291,24.1583,24.5578,7038040,16.9620
2016-04-19,24.6719,24.9429,24.5506,24.8217,9045283,17.1443
2016-04-20,24.8217,24.8930,24.0728,24.1298,6566688,16.6664
2016-04-21,24.0728,24.1298,23.6662,23.7946,8038647,16.4349
2016-04-22,23.9444,24.3652,23.9158,24.3153,6549163,16.7945
2016-04-25,24.1726,24.4151,24.0728,24.3723,5977707,16.8339
2016-04-26,24.4722,24.7718,24.4151,24.6933,7820917,17.0556
2016-04-27,24.7646,25.3923,24.7432,25.2140,7304420,17.4153
2016-04-28,24.9857,25.3352,24.8859,25.0785,5941536,17.3216
2016-04-29,24.8859,25.0999,24.6790,25.0285,7503364,17.2872
2016-05-02,25.1498,25.2354,24.8359,25.0285,5351574,17.2872
2016-05-03,24.9715,25.0999,24.6434,24.8074,8936769,17.1344
2016-05-04,24.7932,25.3281,24.7860,25.1498,8212776,17.3709
2016-05-05,25.0999,25.5421,25.0642,25.2354,9342087,17.4300
2016-05-06,25.0856,25.6419,25.0713,25.4494,8238152,17.5778
2016-05-09,25.4494,25.5207,25.1070,25.1427,6957986,17.3660
2016-05-10,25.1926,25.2568,24.9929,25.1070,7243713,17.3414
2016-05-11,24.8930,25.2568,24.8074,25.2068,5725768,17.5690
2016-05-12,25.1997,25.3780,24.9429,25.2924,6998223,17.6287
2016-05-13,25.2211,25.2425,24.8146,24.9215,4623516,17.3702
2016-05-16,24.8502,24.9786,24.6291,24.7646,6527852,17.2608
2016-05-17,24.7646,24.8431,24.3509,24.4936,6339984,17.0719
2016-05-18,24.3937,24.4793,24.0086,24.1441,8884614,16.8283
2016-05-19,23.9658,24.4365,23.9301,24.3795,6746845,16.9924
2016-05-20,24.4508,24.4722,24.2368,24.4437,5292550,17.0371
2016-05-23,24.4793,24.5292,24.0371,24.0585,5978408,16.7686
2016-05-24,24.0442,24.2439,24.0371,24.2439,7643564,16.8979
2016-05-25,24.0086,24.2725,23.7304,24.1655,9993316,16.8432
2016-05-26,24.1869,24.4650,24.1227,24.3723,4971492,16.9874
2016-05-27,24.4009,24.5078,24.3010,24.4864,4555098,17.0669
2016-05-31,24.4936,24.5435,24.2225,24.4437,8510420,17.0371
2016-06-01,24.4508,24.6006,24.3866,24.5435,6210439,17.1067
2016-06-02,24.4650,24.7718,24.3866,24.7646,6264977,17.2608
2016-06-03,24.9144,25.1854,24.9001,24.9358,9120571,17.3801
2016-06-06,25.0000,25.1427,24.8359,24.9786,4695438,17.4100
2016-06-07,25.0214,25.0357,24.6862,24.7646,4114309,17.2608
2016-06-08,24.8003,25.0143,24.7432,25.0000,3668894,17.4249
2016-06-09,24.9929,25.1070,24.6790,25.0642,5863164,17.4696
2016-06-10,25.0000,25.1070,24.4864,24.6790,8551219,17.2012
2016-06-13,24.7290,24.8502,24.5364,24.5364,5384521,17.1017
2016-06-14,24.5364,24.5649,23.9729,24.1441,10564491,16.8283
2016-06-15,24.1869,24.6291,24.1369,24.3866,8617673,16.9973
2016-06-16,24.3795,24.5506,24.2725,24.4009,5114776,17.0073
2016-06-17,24.3081,24.7147,24.2511,24.7147,9858724,17.2260
2016-06-20,24.7789,24.8431,24.5506,24.5649,6513271,17.1216
2016-06-21,24.5863,24.9215,24.4151,24.7932,4997990,17.2807
2016-06-22,24.8502,24.8787,24.5292,24.5578,4221702,17.1166
2016-06-23,24.6505,24.9287,24.5221,24.9287,6261612,17.3752
2016-06-24,24.5720,24.9715,24.3723,24.5292,13519766,17.0968
2016-06-27,24.4437,24.7575,24.2011,24.6719,11166089,17.1962
2016-06-28,24.7646,24.8859,24.5364,24.8787,9723711,17.3404
2016-06-29,24.9643,25.1427,24.8217,25.0499,10356434,17.4597
2016-06-30,25.1141,25.9415,24.9073,25.9344,12386530,18.0761
2016-07-01,25.9986,26.0057,25.7133,25.9700,6345452,18.1010
2016-07-05,25.7133,25.9130,25.5920,25.8274,6191092,18.0016
2016-07-06,25.8345,26.1626,25.6705,26.1270,7587203,18.2104
2016-07-07,25.9986,26.0556,25.3780,25.4636,5895971,17.7480
2016-07-08,25.4993,25.7775,25.2282,25.7561,6905271,17.9518
2016-07-11,25.7204,25.9843,25.5136,25.9629,5853070,18.0960
2016-07-12,25.9629,26.1626,25.8987,25.9843,8805261,18.1109
2016-07-13,26.1056,26.2268,25.8702,26.2126,8085194,18.2700
2016-07-14,26.0628,26.1555,25.8702,25.9558,7905037,18.0910
2016-07-15,26.0128,26.1056,25.9058,26.0271,4535049,18.1408
2016-07-18,26.0271,26.2839,25.9486,26.1555,6585054,18.2302
2016-07-19,26.0770,26.1412,25.9629,26.0913,3945088,18.1855
2016-07-20,26.0699,26.1056,25.8488,25.8559,4439433,18.0214
2016-07-21,25.8916,26.0414,25.8559,26.0057,7255911,18.1258
2016-07-22,26.1056,26.7190,26.0984,26.6833,7566594,18.5981
2016-07-25,26.6262,26.7475,26.5193,26.7475,6456490,18.6429
2016-07-26,26.7475,26.7832,26.3909,26.4551,3881717,18.4390
2016-07-27,26.2910,26.4051,25.8702,26.0984,5653285,18.1905
2016-07-28,26.0770,26.3481,25.9843,26.2910,4418964,18.3247
2016-07-29,26.2625,26.6762,26.1769,26.5906,6602719,18.5335
2016-08-01,26.5335,26.8902,26.4479,26.7190,8658612,18.6230
2016-08-02,26.5621,26.6049,26.1912,26.2340,7707775,18.2849
2016-08-03,26.2625,26.3338,25.9843,26.0842,6155060,18.1805
2016-08-04,26.0770,26.2554,25.8559,25.9130,5801336,18.0612
2016-08-05,25.8916,25.9629,25.6990,25.7775,7369333,17.9668
2016-08-08,25.8773,25.9058,25.6633,25.7561,7569959,17.9518
2016-08-09,25.9700,26.0200,25.5563,25.5706,6208477,17.8226
2016-08-10,25.6705,25.7489,25.0571,25.3424,11188100,17.6635
2016-08-11,25.1141,25.2639,24.6790,24.8288,14238011,17.4618
2016-08-12,25.0357,25.2996,24.9073,24.9215,11773435,17.5271
2016-08-15,24.8930,25.0214,24.6933,24.7004,5682306,17.3715
2016-08-16,24.6006,24.6790,24.4080,24.4151,7749415,17.1709
2016-08-17,24.3866,24.7218,24.0942,24.6648,8761098,17.3465
2016-08-18,24.5792,24.8288,24.4864,24.7575,8638563,17.4117
2016-08-19,24.7004,24.7147,24.3509,24.5150,6725534,17.2411
2016-08-22,24.6006,24.6362,24.4365,24.5578,3178755,17.2712
2016-08-23,24.6362,24.8502,24.6362,24.6719,5828114,17.3515
2016-08-24,24.6362,24.8146,24.5720,24.7575,5096130,17.4117
2016-08-25,24.7646,24.7718,24.5792,24.6148,3795214,17.3114
2016-08-26,24.6505,24.8502,24.1655,24.1797,5144919,17.0054
2016-08-29,24.2867,24.3937,24.1655,24.2867,4824983,17.0806
2016-08-30,24.2867,24.3224,24.0300,24.1155,4443499,16.9602
2016-08-31,24.1013,24.2653,23.9729,24.2511,5534395,17.0555
2016-09-01,24.1869,24.2653,24.0656,24.1155,6613795,16.9602
2016-09-02,24.0942,24.4009,24.0514,24.3010,4626740,17.0906
2016-09-06,24.4437,24.5720,24.4080,24.5720,4919758,17.2813
2016-09-07,24.5435,24.7218,24.4650,24.6505,4117394,17.3364
2016-09-08,24.6006,24.9572,24.5792,24.8502,4749976,17.4769
2016-09-09,24.6220,24.6434,23.8160,23.8231,7384614,16.7545
2016-09-12,23.7874,24.0870,23.7589,23.9872,9546358,16.8699
2016-09-13,23.8873,23.9372,23.4379,23.5735,8344143,16.5790
2016-09-14,23.6305,23.8659,23.4665,23.6234,7018973,16.6141
2016-09-15,23.5663,24.0656,23.5521,24.0014,7008037,16.8800
2016-09-16,23.9658,24.2225,23.8017,24.1298,10161416,16.9703
2016-09-19,24.1655,24.4009,24.1655,24.3652,4070427,17.1358
2016-09-20,24.4294,24.5506,24.1369,24.1869,8460369,17.0104
2016-09-21,24.2939,24.8645,24.2582,24.8573,7303439,17.4819
2016-09-22,24.9429,25.1569,24.8502,25.1213,6286568,17.6675
2016-09-23,25.0856,25.1213,24.8003,24.8217,5533273,17.4568
2016-09-26,24.8074,24.9358,24.6862,24.8359,4971071,17.4669
2016-09-27,24.8431,24.9429,24.3367,24.3795,6681511,17.1458
2016-09-28,24.4223,24.4864,24.0157,24.2582,6176932,17.0605
2016-09-29,24.1940,24.1940,23.6733,23.7446,7451910,16.6994
2016-09-30,23.8873,24.0014,23.5449,23.7446,7752920,16.6994
2016-10-03,23.7161,23.7161,23.2311,23.3738,7018272,16.4385
2016-10-04,23.3238,23.3310,22.5963,22.7247,8032198,15.9820
2016-10-05,22.7746,23.0670,22.6462,22.9173,11007803,16.1175
2016-10-06,22.8388,22.9743,22.6605,22.8673,5440461,16.0824
2016-10-07,23.0599,23.2739,22.9458,22.9529,6419197,16.1425
2016-10-10,23.1027,23.2382,22.9743,23.1812,3467847,16.3031
2016-10-11,23.1241,23.2168,22.8959,22.9315,6661463,16.1275
2016-10-12,22.9743,23.2168,22.9244,23.1883,6115244,16.3081
2016-10-13,23.1598,23.7161,23.1312,23.4308,8925973,16.4786
2016-10-14,23.4165,23.6733,23.3096,23.3238,6338442,16.4034
2016-10-17,23.3951,23.5449,23.3238,23.3595,4393728,16.4285
2016-10-18,23.5735,23.7304,23.2168,23.6020,5224273,16.5990
2016-10-19,23.5449,23.6091,23.3524,23.4522,5273202,16.4937
2016-10-20,23.4950,23.5521,23.2953,23.4237,5026030,16.4736
2016-10-21,23.2810,23.4308,23.1027,23.1812,5475371,16.3031
2016-10-24,23.2668,23.3595,23.0385,23.2882,5226235,16.3783
2016-10-25,23.1812,23.5235,23.1384,23.4665,6211561,16.5037
2016-10-26,23.5378,23.8873,23.3024,23.7233,8116879,16.6843
2016-10-27,23.7946,23.9301,23.3595,23.7304,6948312,16.6893
2016-10-28,23.7446,23.8588,23.5449,23.7019,7284231,16.6693
2016-10-31,23.7803,24.3438,23.7803,24.3010,9895316,17.0906
2016-11-01,24.2653,24.2939,23.6163,23.7233,7624917,16.6843
2016-11-02,23.6519,23.6733,23.1170,23.3238,7445601,16.4034
2016-11-03,23.3024,23.5235,23.1883,23.3809,4574305,16.4435
2016-11-04,23.4593,23.6377,23.2953,23.3167,4756706,16.3984
2016-11-07,23.5235,23.8445,23.3738,23.8374,6225721,16.7646
2016-11-08,23.7446,24.1227,23.1027,24.0086,6025796,16.8850
2016-11-09,23.5093,23.5093,22.8317,22.8745,12776847,16.0874
2016-11-10,22.5749,22.5820,21.3695,21.5335,23284696,15.2960
2016-11-11,21.5763,21.8331,21.2696,21.3980,14002755,15.1997
2016-11-14,21.3267,22.0471,21.2839,21.9472,17696605,15.5898
2016-11-15,22.0613,22.9387,22.0613,22.8745,17182772,16.2485
2016-11-16,22.9030,22.9529,22.2325,22.5392,7137161,16.0104
2016-11-17,22.4180,22.6819,22.4180,22.4608,5753668,15.9546
2016-11-18,22.6961,22.9743,22.5107,22.6320,8450695,16.0762
2016-11-21,22.7247,23.1669,22.7247,23.1669,7512337,16.4562
2016-11-22,23.1312,23.4023,22.9458,23.1526,9816524,16.4461
2016-11-23,22.8602,23.1312,22.8245,23.0456,5127955,16.3701
2016-11-25,23.1241,23.4451,23.1027,23.2382,2494298,16.5069
2016-11-28,23.3524,24.0086,23.3310,23.8160,9577202,16.9173
2016-11-29,23.7161,24.0585,23.7090,24.0086,9239460,17.0541
2016-11-30,23.6305,23.7233,23.1883,23.1883,11754508,16.4714
2016-12-01,23.0528,23.3024,22.6605,22.9458,12196699,16.2992
2016-12-02,23.3381,23.8302,23.3024,23.5449,10951443,16.7247
2016-12-05,23.5378,23.8160,23.3524,23.7660,9444433,16.8818
2016-12-06,23.9586,23.9943,23.5164,23.5735,7906439,16.7450
2016-12-07,23.7161,24.0086,23.7161,23.9158,7724039,16.9882
2016-12-08,23.7304,24.3937,23.5949,24.3937,8977286,17.3277
2016-12-09,24.3509,24.9572,24.3509,24.8930,14185857,17.6823
2016-12-12,24.7218,24.9643,24.4936,24.6148,9109635,17.4847
2016-12-13,24.7218,25.3067,24.6933,25.2924,13209364,17.9661
2016-12-14,25.3923,25.9201,24.9144,25.0285,14737544,17.7786
2016-12-15,24.8859,25.6348,24.7932,25.4850,13993362,18.1029
2016-12-16,25.5064,25.9344,25.3352,25.4779,15319654,18.0978
2016-12-19,25.5777,25.6205,25.0927,25.4993,7056687,18.1130
2016-12-20,25.4422,25.5920,25.2354,25.2924,7893540,17.9661
2016-12-21,25.3281,25.4779,25.0285,25.0642,11142816,17.8039
2016-12-22,25.1783,25.4565,25.0999,25.1854,16486959,17.8901
2016-12-23,25.2496,25.3138,25.0285,25.1783,6839517,17.8850
2016-12-27,25.1355,25.3709,25.0571,25.2496,7920879,17.9357
2016-12-28,25.2924,25.3352,25.0499,25.1070,4850920,17.8343
2016-12-29,25.1997,25.5920,25.1641,25.4779,5712028,18.0978
2016-12-30,25.4993,25.5421,25.2282,25.3138,4888353,17.9813
2017-01-03,25.4422,25.4565,24.9001,25.0999,10229413,17.8293
2017-01-04,25.2068,25.5207,25.1498,25.3138,9325824,17.9813
2017-01-05,25.3210,25.4280,25.1498,25.3210,7218758,17.9863
2017-01-06,25.2425,25.8274,25.1926,25.7347,8864706,18.2802
2017-01-09,25.7418,25.7989,25.1427,25.1569,6562482,17.8698
2017-01-10,25.2639,25.3138,24.9715,25.0071,7487381,17.7634
2017-01-11,25.1070,25.2924,25.0499,25.2425,10161976,17.9306
2017-01-12,25.2639,25.3138,25.1213,25.2782,5035563,17.9559
2017-01-13,25.2425,25.4208,25.1355,25.2782,7084166,17.9559
2017-01-17,25.3566,25.7133,25.3352,25.5920,5512243,18.1788
2017-01-18,25.5350,25.6705,25.3923,25.4708,4228853,18.0927
2017-01-19,25.3994,25.7133,25.2639,25.4922,7044489,18.1079
2017-01-20,25.5207,25.5991,25.3566,25.5350,7455976,18.1383
2017-01-23,25.5706,25.5920,25.1355,25.1783,5098934,17.8850
2017-01-24,25.1569,25.2568,25.0357,25.0571,7303158,17.7989
2017-01-25,25.2068,25.2853,25.0927,25.2140,5476072,17.9103
2017-01-26,25.2496,25.4422,25.0713,25.1712,6339564,17.8799
2017-01-27,25.2782,25.3424,24.9786,25.0214,4552574,17.7735
2017-01-30,25.0642,25.0713,24.8217,24.9929,8674595,17.7533
2017-01-31,24.9929,25.5920,24.9572,25.5920,11347367,18.1788
2017-02-01,25.4351,25.5421,24.9929,25.2853,9057901,17.9610
2017-02-02,25.2782,25.6063,25.2211,25.5492,5502429,18.1484
2017-02-03,25.5207,25.6134,25.4351,25.5207,6006869,18.1282
2017-02-06,25.5991,25.6776,25.4351,25.5421,5649920,18.1434
2017-02-07,25.5635,25.7275,25.5064,25.6847,5389148,18.2447
2017-02-08,25.1427,25.8916,24.9429,25.1284,13463827,17.8495
2017-02-09,25.1284,25.1284,24.5863,24.8573,10667538,17.6570
2017-02-10,24.7860,25.0143,24.7504,24.9786,10338488,17.7431
2017-02-13,24.8003,25.1213,24.8003,25.0357,6797036,17.9518
2017-02-14,25.2782,25.3281,24.9001,25.2211,7767921,18.0848
2017-02-15,25.0000,25.1355,24.8573,25.1213,5669267,18.0132
2017-02-16,25.1213,25.2782,25.0571,25.2639,4933778,18.1155
2017-02-17,25.2924,25.4066,25.0285,25.3780,6958126,18.1973
2017-02-21,25.2425,25.6919,25.1427,25.6205,6276333,18.3712
2017-02-22,25.5706,25.6205,25.2425,25.4565,6031825,18.2535
2017-02-23,25.5563,25.8060,25.4850,25.6633,7325310,18.4019
2017-02-24,25.7846,26.5264,25.6419,26.5193,11475090,19.0156
2017-02-27,26.4551,26.4622,25.9629,26.0842,6385689,18.7036
2017-02-28,26.0128,26.2981,25.9986,26.1840,8479717,18.7752
2017-03-01,25.9058,26.0128,25.6847,25.7275,6657818,18.4479
2017-03-02,25.6705,26.1270,25.5777,25.9772,6263996,18.6269
2017-03-03,25.9700,25.9700,25.6134,25.9058,4467473,18.5758
2017-03-06,25.8203,25.8916,25.6633,25.7275,5142816,18.4479
2017-03-07,25.8131,25.9344,25.6919,25.7703,6165716,18.4786
2017-03-08,25.5421,25.6134,25.3281,25.4779,5544770,18.2689
2017-03-09,25.4636,25.6633,25.4280,25.5207,4653518,18.2996
2017-03-10,25.6419,25.7846,25.4779,25.6562,4943312,18.3968
2017-03-13,25.6562,25.7275,25.5350,25.6348,4064819,18.3814
2017-03-14,25.5849,25.5849,25.3638,25.4208,4102252,18.2280
2017-03-15,25.5278,26.0556,25.4636,25.8773,7297690,18.5553
2017-03-16,25.7204,25.8417,25.5991,25.6633,5025469,18.4019
2017-03-17,25.7275,25.8345,25.6277,25.6847,11743012,18.4172
2017-03-20,25.7561,25.7561,25.2782,25.3709,5173801,18.1922
2017-03-21,25.3138,25.7775,25.2354,25.6491,7635432,18.3916
2017-03-22,25.7489,25.9772,25.7489,25.8916,7629263,18.5655
2017-03-23,25.8203,25.9914,25.6205,25.6491,8808345,18.3916
2017-03-24,25.5920,25.9629,25.5849,25.7632,5055051,18.4735
2017-03-27,25.8631,25.9058,25.4351,25.5635,3293719,18.3303
2017-03-28,25.3352,25.4565,25.2282,25.4422,8290306,18.2433
2017-03-29,25.4636,25.7632,25.1783,25.6277,6483128,18.3763
2017-03-30,25.5278,25.6134,25.3138,25.4636,5610944,18.2587
2017-03-31,25.4993,25.9843,25.4280,25.6633,10023319,18.4019
2017-04-03,25.6419,25.6633,25.3424,25.5492,6533881,18.3200
2017-04-04,25.5350,25.9486,25.4779,25.7775,7062996,18.4837
2017-04-05,25.5920,25.7917,25.5064,25.7204,6478502,18.4428
2017-04-06,25.6776,25.9201,25.4922,25.8702,8004999,18.5502
2017-04-07,25.8987,26.0128,25.6277,25.6562,8489390,18.3968
2017-04-10,25.6776,25.6776,25.4565,25.5421,7284652,18.3149
2017-04-11,25.4993,25.8987,25.3709,25.7775,7344377,18.4837
2017-04-12,25.6562,25.8631,25.5064,25.8131,6667491,18.5093
2017-04-13,25.7775,25.8131,25.5492,25.6562,5057435,18.3968
2017-04-17,25.6633,25.7632,25.5635,25.6063,4416020,18.3610
2017-04-18,25.6134,25.7204,25.4779,25.5207,6248293,18.2996
2017-04-19,25.5278,25.5849,25.2211,25.2924,6650667,18.1359
2017-04-20,25.2924,25.2924,24.8431,25.0000,6115524,17.9262
2017-04-21,25.0000,25.2068,24.9715,24.9857,6266519,17.9160
2017-04-24,25.1070,25.4066,24.9429,25.3210,6215767,18.1564
2017-04-25,25.2068,25.3352,24.8502,25.0214,7488082,17.9416
2017-04-26,24.9929,25.2710,24.8930,24.8930,5665482,17.8495
2017-04-27,24.9073,25.0856,24.8217,24.8502,5470043,17.8188
2017-04-28,24.8502,24.8787,24.6291,24.7004,5765445,17.7114
2017-05-01,24.7147,24.7504,24.4009,24.4864,5985278,17.5580
2017-05-02,24.5292,24.6291,24.3367,24.5792,7105056,17.6245
2017-05-03,24.6719,24.6719,24.0228,24.2368,9309140,17.3790
2017-05-04,24.2154,24.4650,24.1655,24.2867,9897139,17.4148
2017-05-05,24.3795,24.6362,24.3652,24.4936,5650200,17.5631
2017-05-08,24.5221,24.5934,24.3723,24.4365,6717823,17.5222
2017-05-09,24.3866,24.3937,23.9444,23.9586,7125945,17.1795
2017-05-10,24.0157,24.1013,23.8588,24.0799,8415505,17.2665
2017-05-11,23.8659,23.9872,23.7518,23.8944,10621832,17.3016
2017-05-12,24.0014,24.4294,23.8944,24.3438,8890783,17.6270
2017-05-15,24.5078,24.8431,24.4936,24.7504,10323487,17.9213
2017-05-16,24.6862,24.7575,24.4508,24.6148,8428123,17.8232
2017-05-17,24.6148,24.9358,24.5578,24.8573,9874426,17.9988
2017-05-18,24.9358,25.1997,24.6220,25.0214,11080146,18.1176
2017-05-19,25.0785,25.0785,24.8074,25.0071,8710486,18.1073
2017-05-22,24.9001,25.4208,24.9001,25.3424,7969529,18.3500
2017-05-23,25.3352,25.3852,25.1712,25.2282,15085240,18.2674
2017-05-24,25.2853,25.5563,25.2068,25.5421,10798765,18.4946
2017-05-25,25.6277,25.7347,25.4636,25.6990,6197821,18.6082
2017-05-26,25.6847,25.7347,25.4850,25.5492,7991260,18.4998
2017-05-30,25.4779,25.8203,25.4351,25.7204,5379053,18.6237
2017-05-31,25.7347,25.9986,25.6633,25.8987,8887699,18.7528
2017-06-01,25.8559,26.2054,25.7489,26.1983,6280259,18.9698
2017-06-02,26.2482,26.2696,25.9772,26.1056,4643003,18.9026
2017-06-05,26.0770,26.2054,25.9486,26.1270,6126460,18.9181
2017-06-06,26.2126,26.2910,26.0628,26.1698,6284886,18.9491
2017-06-07,26.1626,26.2839,26.0699,26.1127,5537900,18.9078
2017-06-08,26.1127,26.1127,25.8488,25.9629,5791522,18.7993
2017-06-09,25.9629,26.1626,25.9058,26.1198,5688755,18.9130
2017-06-12,26.1484,26.2981,25.9558,26.0200,7629684,18.8406
2017-06-13,26.0200,26.1056,25.9415,26.0699,5580661,18.8768
2017-06-14,26.2411,26.3195,26.0984,26.1698,4403402,18.9491
2017-06-15,26.1555,26.2910,26.0414,26.2625,4526217,19.0162
2017-06-16,26.3053,26.4765,26.2981,26.4479,7767641,19.1505
2017-06-19,26.4907,26.4979,26.1412,26.2767,5438919,19.0266
2017-06-20,26.2554,26.4836,26.1698,26.3124,5567342,19.0524
2017-06-21,26.3552,26.4836,26.0342,26.1555,4830030,18.9388
2017-06-22,26.1127,26.4479,26.1127,26.1484,5963407,18.9336
2017-06-23,26.1484,26.2411,25.9986,26.0342,6133329,18.8510
2017-06-26,26.1484,26.7047,26.0913,26.5407,6833208,19.2177
2017-06-27,26.3623,26.4765,26.0913,26.2197,5578278,18.9853
2017-06-28,26.2981,26.3338,25.7703,25.8131,6896859,18.6909
2017-06-29,25.6705,25.8417,25.5350,25.5635,6770538,18.5101
2017-06-30,25.6205,25.8773,25.5563,25.7275,6317132,18.6289
2017-07-03,25.8203,25.8559,25.3852,25.5635,3244508,18.5101
2017-07-05,25.5635,25.6562,25.2354,25.3352,5612206,18.3448
2017-07-06,25.2782,25.4850,25.2282,25.4494,8384661,18.4275
2017-07-07,25.4636,25.6063,25.3210,25.3780,6145667,18.3758
2017-07-10,25.3852,25.6847,25.3852,25.5064,6159266,18.4688
2017-07-11,25.5492,25.5706,25.3281,25.4779,5985138,18.4481
2017-07-12,25.6847,25.8274,25.6348,25.7275,4881063,18.6289
2017-07-13,25.6562,25.6919,25.4351,25.4779,4862697,18.4481
2017-07-14,25.6491,25.8702,25.6348,25.7204,4309468,18.6237
2017-07-17,26.0271,26.4337,25.9986,26.4123,10318440,19.1247
2017-07-18,26.4265,26.5264,26.3267,26.5050,6769417,19.1918
2017-07-19,26.5692,26.6833,26.4337,26.6690,4651836,19.3106
2017-07-20,26.7118,26.8830,26.6120,26.8188,4738199,19.4191
2017-07-21,26.7903,26.9330,26.6191,26.7332,6131367,19.3571
2017-07-24,26.7332,26.7404,26.4693,26.5335,6768716,19.2125
2017-07-25,26.5835,26.6405,26.3409,26.4051,5474109,19.1195
2017-07-26,26.4051,26.8973,26.3552,26.8759,6544396,19.4604
2017-07-27,26.9116,27.1327,26.7760,27.0970,7365687,19.6205
2017-07-28,27.0827,27.4180,27.0185,27.3894,7972894,19.8322
2017-07-31,27.3823,27.4608,27.2753,27.3466,11418729,19.8013
2017-08-01,27.4465,27.6605,27.4037,27.4964,8907887,19.9097
2017-08-02,27.2397,27.5464,26.9044,27.4037,8459107,19.8426
2017-08-03,27.3752,27.4394,27.2397,27.4180,5425600,19.8529
2017-08-04,27.2611,27.3680,27.0756,27.2254,5451957,19.7135
2017-08-07,27.2111,27.2967,27.1398,27.2611,3587157,19.7393
2017-08-08,27.1969,27.3752,27.1255,27.2539,4754883,19.7341
2017-08-09,27.4037,27.4465,26.8902,26.8902,7883306,19.4707
2017-08-10,26.8973,27.0471,26.7903,26.9187,5507336,19.4914
2017-08-11,26.7475,26.7974,26.5692,26.7475,5121506,19.5372
2017-08-14,26.7903,26.8402,26.6833,26.8188,3890971,19.5893
2017-08-15,26.6762,27.0685,26.6762,26.9900,6339143,19.7144
2017-08-16,26.9900,27.2040,26.9472,27.1969,5853771,19.8655
2017-08-17,27.1469,27.2397,26.8117,26.8188,5123188,19.5893
2017-08-18,26.7974,27.2397,26.7332,27.0970,5403028,19.7925
2017-08-21,27.1469,27.2040,26.9900,27.0756,4338629,19.7769
2017-08-22,27.0970,27.2967,27.0756,27.2682,2663099,19.9176
2017-08-23,27.2468,27.3823,27.1541,27.3324,3858865,19.9644
2017-08-24,27.3253,27.4679,27.1969,27.3466,8354097,19.9749
2017-08-25,27.4536,27.5250,27.3110,27.3181,4476866,19.9540
2017-08-28,27.3680,27.4037,27.0899,27.2967,5444246,19.9384
2017-08-29,27.3110,27.4180,27.2183,27.2611,3406580,19.9123
2017-08-30,27.2611,27.2611,26.9615,26.9900,5611225,19.7144
2017-08-31,27.1041,27.2040,26.9757,27.0114,9022571,19.7300
2017-09-01,27.0685,27.0756,26.6904,26.7760,8214598,19.5581
2017-09-05,26.8117,26.8759,26.7047,26.8188,8657070,19.5893
2017-09-06,26.9330,26.9757,26.7332,26.7832,7061173,19.5633
2017-09-07,26.8545,27.1755,26.8046,27.1255,5937049,19.8134
2017-09-08,27.0827,27.3110,27.0328,27.2254,6262313,19.8863
2017-09-11,27.2040,27.4608,27.1327,27.4394,4611458,20.0426
2017-09-12,27.3538,27.4251,26.7760,27.0185,6608047,19.7352
2017-09-13,27.0399,27.1897,26.9472,26.9615,7527478,19.6935
2017-09-14,26.8830,27.2040,26.8117,27.1755,5478315,19.8498
2017-09-15,27.1897,27.3894,26.7404,26.8260,21381481,19.5945
2017-09-18,26.8117,27.0114,26.4479,26.6762,9550424,19.4851
2017-09-19,26.6762,26.7832,26.4123,26.5906,7515561,19.4226
2017-09-20,26.6619,26.6619,26.1270,26.3267,11110149,19.2298
2017-09-21,26.3195,26.6833,26.2910,26.4979,4832414,19.3549
2017-09-22,26.5692,26.6191,26.3409,26.4765,4744088,19.3393
2017-09-25,26.4907,26.8616,26.4051,26.8188,6374614,19.5893
2017-09-26,26.7618,26.7618,26.5050,26.5121,5568744,19.3653
2017-09-27,26.3909,26.5906,26.3053,26.4979,8179128,19.3549
2017-09-28,26.3909,26.8260,26.2696,26.6762,5963267,19.4851
2017-09-29,26.7332,27.0756,26.7047,26.8688,9662444,19.6258
2017-10-02,26.9686,27.3823,26.8545,27.2040,12217729,19.8707
2017-10-03,27.1897,27.2040,26.7832,26.9900,7266846,19.7144
2017-10-04,26.9971,27.2539,26.8830,27.2397,6970604,19.8967
2017-10-05,27.2468,27.3823,27.0970,27.3538,7619169,19.9801
2017-10-06,27.1897,27.2825,27.0542,27.2111,5779044,19.8759
2017-10-09,27.2183,27.3324,27.0899,27.1327,3483409,19.8186
2017-10-10,27.2254,27.3966,27.1113,27.3181,3369567,19.9540
2017-10-11,27.0542,27.4608,27.0542,27.4322,6882698,20.0374
2017-10-12,27.3894,27.7817,27.2825,27.7746,6636788,20.2875
2017-10-13,27.8174,28.1241,27.7603,27.9886,8940133,20.4438
2017-10-16,27.9244,28.3452,27.8031,28.2953,11994951,20.6678
2017-10-17,28.2168,28.3310,27.9743,28.2454,5942798,20.6313
2017-10-18,28.2311,28.3024,28.0670,28.2596,3822553,20.6417
2017-10-19,28.2454,28.4451,28.1312,28.3666,6744882,20.7199
2017-10-20,28.3524,28.3951,28.0599,28.2311,5938311,20.6209
2017-10-23,28.2382,28.4023,28.0956,28.3452,5121506,20.7043
2017-10-24,28.3452,28.5307,28.2454,28.5021,5339657,20.8189
2017-10-25,28.4379,28.6591,28.0385,28.5806,7212028,20.8762
2017-10-26,28.7090,28.7732,28.4379,28.4451,5599308,20.7772
2017-10-27,28.3951,28.7660,28.3452,28.7090,3902607,20.9700
2017-10-30,28.5806,28.7233,28.4879,28.7019,6849611,20.9648
2017-10-31,28.6876,28.8017,28.6020,28.6805,5176745,20.9491
2017-11-01,28.7589,28.7874,28.5164,28.6377,7304420,20.9179
2017-11-02,28.6020,29.1084,28.1526,29.0442,10927749,21.2148
2017-11-03,29.0656,29.6434,28.9301,29.2011,8004439,21.3294
2017-11-06,29.2225,29.3438,28.9729,29.0228,5461631,21.1992
2017-11-07,29.0514,29.5934,29.0014,29.4365,5865688,21.5014
2017-11-08,29.4508,29.5792,29.1298,29.4722,5349331,21.5274
2017-11-09,29.3937,29.6291,29.2653,29.3438,5019721,21.4336
2017-11-10,29.1441,29.5506,29.1441,29.4579,5442003,21.5170
2017-11-13,29.5150,30.0856,29.4579,30.0214,7444900,21.9286
2017-11-14,29.7789,30.2853,29.6648,30.2354,7399756,22.2583
2017-11-15,30.2853,30.4351,29.7290,29.7932,8099634,21.9328
2017-11-16,29.6719,29.7076,29.3224,29.4151,9795914,21.6545
2017-11-17,29.3795,29.5007,29.2867,29.4294,6759463,21.6650
2017-11-20,29.4722,29.7004,29.3937,29.4936,5327320,21.7123
2017-11-21,29.5720,29.7218,29.4864,29.5221,4320684,21.7333
2017-11-22,29.5578,29.6362,29.3937,29.6006,4288578,21.7910
2017-11-24,29.6006,29.7789,29.5792,29.6933,2008505,21.8593
2017-11-27,29.7432,29.8288,29.5720,29.7076,6111598,21.8698
2017-11-28,29.8003,30.0357,29.7718,29.9287,5407935,22.0326
2017-11-29,29.8359,29.8930,29.5934,29.7361,6291054,21.8908
2017-11-30,29.7789,29.9287,29.5506,29.7504,10299232,21.9013
2017-12-01,29.8787,30.0214,29.4294,29.8359,8283997,21.9643
2017-12-04,29.8787,29.9572,29.5435,29.6434,6925179,21.8225
2017-12-05,29.6576,29.7504,29.2083,29.4223,8607859,21.6597
2017-12-06,29.5863,29.7076,29.0870,29.3295,7547527,21.5915
2017-12-07,29.3438,29.3652,28.2097,29.1084,9553649,21.4287
2017-12-08,28.9729,29.2939,28.7946,29.2796,11146180,21.5547
2017-12-11,29.3081,29.9215,29.3081,29.9001,12220533,22.0116
2017-12-12,29.8003,29.8787,29.2154,29.2511,11136787,21.5337
2017-12-13,29.2439,29.5934,29.1441,29.3367,12115523,21.5967
2017-12-14,29.2297,29.4294,28.9658,29.1084,6581128,21.4287
2017-12-15,29.1441,29.2582,29.0157,29.0585,12642395,21.3920
2017-12-18,29.1655,29.3010,28.8088,28.8730,6977333,21.2554
2017-12-19,28.9444,29.0585,28.2525,28.2596,6272688,20.8039
2017-12-20,28.2311,28.3310,27.7960,27.8459,8520935,20.4993
2017-12-21,27.7247,28.0742,27.6462,27.8673,5628609,20.5151
2017-12-22,27.9529,27.9743,27.7960,27.8245,4948780,20.4836
2017-12-26,27.9030,27.9815,27.6605,27.6819,2861342,20.3785
2017-12-27,27.7960,27.8317,27.6534,27.8103,7042947,20.4731
2017-12-28,27.7675,28.0528,27.7675,28.0314,5249088,20.6358
2017-12-29,28.1312,28.1740,27.9957,28.1098,4371857,20.6936
2018-01-02,28.2026,28.3096,28.0029,28.2382,7224506,20.7881
2018-01-03,28.0813,28.4451,27.6534,27.8602,6750350,20.5098
2018-01-04,27.7960,27.9173,27.4536,27.4679,6630619,20.2210
2018-01-05,27.6177,27.6961,27.1541,27.2397,10013224,20.0530
2018-01-08,27.3039,27.7247,27.2682,27.5321,15116925,20.2683
2018-01-09,27.4964,27.5820,26.9187,27.2183,10745349,20.0372
2018-01-10,27.1184,27.3466,26.9757,27.0685,6890550,19.9270
2018-01-11,27.2611,27.6320,27.1398,27.3966,10419524,20.1685
2018-01-12,27.3395,27.5250,27.1113,27.3823,7143470,20.1580
2018-01-16,27.4394,27.6890,27.1755,27.4394,10847695,20.2000
2018-01-17,27.5250,27.9601,27.4964,27.8816,8315262,20.5256
2018-01-18,27.8174,27.8745,27.2254,27.5250,9881857,20.2630
2018-01-19,27.6391,27.6747,27.0328,27.0827,11867509,19.9375
2018-01-22,27.2611,27.5535,27.0471,27.1398,13264042,19.9795
2018-01-23,27.4037,27.7746,27.3324,27.4822,9026637,20.2315
2018-01-24,27.4394,27.4750,27.1897,27.2539,7695157,20.0635
2018-01-25,27.3466,27.6534,27.2825,27.5892,9659359,20.3103
2018-01-26,27.7104,27.7817,27.4180,27.7175,10535609,20.4048
2018-01-29,27.6106,27.6106,27.2183,27.3395,6524908,20.1265
2018-01-30,27.3395,27.5464,27.1683,27.3110,6458874,20.1055
2018-01-31,27.3181,27.5250,27.1755,27.4679,14126131,20.2210
2018-02-01,27.4822,27.6106,26.9401,26.9900,6862089,19.8692
2018-02-02,26.9258,27.2111,26.8474,26.9044,7758107,19.8062
2018-02-05,26.9044,27.1541,26.2696,26.3338,9817225,19.3861
2018-02-06,26.0414,26.2625,25.3709,26.0128,17627346,19.1498
2018-02-07,26.0128,26.8830,25.7418,25.7846,11991867,18.9818
2018-02-08,25.7917,26.2839,25.6419,25.6633,15882697,18.8926
2018-02-09,25.7846,26.4622,25.5849,26.2910,15179174,19.3546
2018-02-12,26.3195,26.6262,26.0770,26.5121,10403821,19.5174
2018-02-13,26.4194,26.5193,25.9772,26.3980,10386857,19.4334
2018-02-14,26.0842,26.4337,25.8345,26.1056,10743246,19.3989
2018-02-15,26.1912,26.7546,26.1198,26.7475,9532478,19.8760
2018-02-16,26.8188,27.0899,26.6976,26.9472,13245535,20.0244
2018-02-20,26.9116,27.1755,26.7261,26.8759,13868724,19.9714
2018-02-21,26.8759,26.9330,26.4051,26.4337,20768948,19.6427
2018-02-22,26.5193,26.7618,26.3409,26.5621,11335591,19.7382
2018-02-23,26.6476,27.3039,26.5193,27.2753,7571501,20.2682
2018-02-26,27.3110,27.3894,27.0043,27.1255,7464528,20.1569
2018-02-27,27.1255,27.4536,26.5621,26.5621,9441769,19.7382
2018-02-28,26.6049,26.8616,26.4194,26.4194,10658004,19.6322
2018-03-01,26.5193,26.7832,26.1412,26.3481,7344237,19.5791
2018-03-02,26.3695,26.4907,26.0342,26.3338,7486540,19.5685
2018-03-05,26.2839,26.9258,26.1555,26.8759,7969669,19.9714
2018-03-06,26.8830,26.9116,26.4051,26.5121,9160668,19.7010
2018-03-07,26.4265,26.5335,26.0842,26.2625,6834890,19.5155
2018-03-08,26.2910,26.7618,26.2054,26.7118,6401672,19.8495
2018-03-09,26.7404,26.7974,26.3980,26.7475,10816150,19.8760
2018-03-12,26.7832,26.8545,26.5478,26.7689,11938030,19.8919
2018-03-13,26.8688,27.1255,26.5407,26.7047,9135152,19.8442
2018-03-14,26.7546,27.1612,26.7546,26.9829,7484437,20.0509
2018-03-15,26.9829,27.2539,26.8902,27.0114,7656462,20.0721
2018-03-16,27.0756,27.4893,27.0328,27.3752,16514859,20.3424
2018-03-19,27.4108,27.5107,27.0399,27.2611,8576034,20.2576
2018-03-20,27.3110,27.5250,27.2111,27.3253,13878118,20.3053
2018-03-21,27.3609,27.6248,27.0685,27.1541,10715065,20.1781
2018-03-22,27.1755,27.8745,27.1755,27.3680,7869706,20.3371
2018-03-23,27.4037,27.5178,26.8402,26.8973,6596270,19.9873
2018-03-26,27.0328,27.2183,26.9258,27.1755,4762734,20.1940
2018-03-27,27.2040,27.7104,27.0970,27.4394,8051966,20.3901
2018-03-28,27.5178,27.7960,27.4322,27.4893,10774791,20.4272
2018-03-29,27.6819,28.0456,27.6462,27.8245,8725768,20.6763
2018-04-02,27.8887,27.9315,27.0827,27.2896,10372977,20.2788
2018-04-03,27.2825,27.7675,27.2325,27.6391,8502008,20.5385
2018-04-04,27.5749,27.6747,27.2825,27.6605,6009112,20.5544
2018-04-05,27.6747,27.9030,27.3966,27.8174,6208056,20.6710
2018-04-06,27.8031,27.8816,27.4251,27.5535,4872791,20.4749
2018-04-09,27.6106,27.7389,27.4536,27.5250,5377091,20.4537
2018-04-10,27.5178,27.7104,27.3966,27.5820,7847835,20.4961
2018-04-11,27.5678,27.5678,27.3823,27.4465,5279091,20.3954
2018-04-12,27.1897,27.4822,26.7118,26.9330,13438310,20.0138
2018-04-13,27.1469,27.6177,27.1255,27.3466,7696840,20.3212
2018-04-16,27.4750,27.5963,27.2967,27.5250,6684596,20.4537
2018-04-17,27.6034,27.9315,27.5464,27.8673,6972146,20.7081
2018-04-18,27.9458,28.2026,27.7746,27.7746,5828675,20.6392
2018-04-19,27.7461,27.8388,27.5178,27.7889,4481072,20.6498
2018-04-20,27.8103,27.8174,27.3894,27.5321,6439526,20.4590
2018-04-23,27.6177,27.8602,27.4536,27.5749,6145387,20.4908
2018-04-24,27.7033,28.2596,27.6320,27.9458,7343115,20.7664
2018-04-25,27.8245,27.9529,27.6034,27.9315,5354098,20.7558
2018-04-26,27.9743,28.2810,27.9244,28.1812,5623422,20.9413
2018-04-27,28.1170,28.5021,28.1098,28.4237,4628703,21.1215
2018-04-30,28.4736,28.5235,28.2525,28.3024,9541031,21.0314
2018-05-01,28.5307,28.8374,28.4451,28.6377,19818672,21.2805
2018-05-02,28.8017,28.9515,28.4736,28.8017,11318206,21.4024
2018-05-03,28.7446,29.3795,28.5592,29.1369,11431908,21.6515
2018-05-04,29.1726,29.3937,29.1583,29.3010,5870314,21.7735
2018-05-07,29.3367,29.6434,29.3153,29.4579,9726936,21.8901
2018-05-08,29.3652,29.3795,28.9372,29.0585,13435366,21.5932
2018-05-09,29.0371,29.0942,28.4665,28.5093,8822646,21.1851
2018-05-10,28.7446,28.9729,28.6448,28.9586,6784979,21.5190
2018-05-11,28.9230,29.0728,28.7803,28.9872,4756986,21.5402
2018-05-14,28.8516,28.9230,28.5877,28.7732,5925974,21.5643
2018-05-15,28.5877,28.7518,28.4379,28.6805,11630852,21.4948
2018-05-16,28.6091,28.7233,28.2311,28.3809,6089727,21.2703
2018-05-17,28.4165,28.5307,27.9957,28.0670,8975183,21.0351
2018-05-18,28.1170,28.2953,27.8887,28.1312,9100943,21.0832
2018-05-21,28.2026,28.3238,27.8959,28.2739,6875128,21.1901
2018-05-22,28.2668,28.6163,28.2596,28.4379,7474062,21.3131
2018-05-23,28.4950,28.7803,28.4593,28.7446,9255303,21.5429
2018-05-24,28.6591,28.9230,28.4879,28.9087,8579118,21.6659
2018-05-25,28.8802,29.1655,28.8302,29.0086,6155060,21.7407
2018-05-29,28.8802,29.1655,28.7660,29.0371,8614168,21.7621
2018-05-30,29.0157,29.5221,28.8516,29.4009,9431394,22.0347
2018-05-31,29.3652,29.7575,29.1797,29.5221,8659593,22.1256
2018-06-01,29.5221,29.5292,28.8231,29.2368,9688661,21.9118
2018-06-04,29.3081,29.4864,28.8302,28.9158,9371949,21.6712
2018-06-05,29.0300,29.0656,28.6947,28.8374,6906813,21.6124
2018-06-06,28.9943,28.9943,28.2810,28.3238,8678941,21.2275
2018-06-07,28.3452,28.9087,28.2668,28.6305,8547994,21.4574
2018-06-08,28.5877,28.7518,28.3452,28.5307,7592251,21.3825
2018-06-11,28.5307,28.6876,28.3381,28.4807,6093513,21.3451
2018-06-12,28.4807,28.9301,28.4665,28.8802,10166323,21.6445
2018-06-13,28.9658,29.3367,28.7874,28.9016,7640059,21.6605
2018-06-14,28.9016,29.3295,28.8160,29.2939,7124543,21.9545
2018-06-15,29.2225,29.6505,28.9444,29.5934,15435459,22.1790
2018-06-18,29.5506,29.8431,29.5506,29.7575,6791148,22.3020
2018-06-19,29.7789,30.0571,29.4223,29.6790,9492521,22.2432
2018-06-20,29.7432,29.9144,29.5364,29.8146,5463173,22.3448
2018-06-21,29.7504,29.8930,29.3795,29.5506,9666790,22.1470
2018-06-22,29.6648,29.7646,29.4936,29.6006,6264136,22.1844
2018-06-25,29.6648,30.0357,29.5934,29.8502,9689502,22.3715
2018-06-26,29.9215,30.1141,29.8146,29.9786,15287408,22.4677
2018-06-27,29.9786,30.2068,29.8859,30.0999,6158425,22.5586
2018-06-28,30.1926,30.3923,30.0357,30.1569,10861154,22.6014
2018-06-29,30.1997,30.4708,29.9786,30.3852,12582950,22.7724
2018-07-02,30.4351,30.6134,30.2068,30.5991,6115945,22.9328
2018-07-03,30.5920,30.7347,30.3709,30.5350,4289559,22.8847
2018-07-05,30.5991,30.6633,30.4137,30.6134,5807925,22.9435
2018-07-06,30.6063,30.8060,30.5136,30.7347,5031498,23.0343
2018-07-09,30.7846,30.8131,29.7290,29.8502,8344424,22.3715
2018-07-10,29.6006,30.2211,29.5720,30.0785,7445461,22.5425
2018-07-11,30.1569,30.3852,29.3866,30.2782,7808579,22.6922
2018-07-12,30.3067,30.3852,29.9287,30.2068,8511963,22.6388
2018-07-13,30.2924,30.3352,29.9857,30.2354,6689363,22.6602
2018-07-16,30.1569,30.2425,29.9287,30.0642,7603326,22.5319
2018-07-17,30.0999,30.1926,29.8787,29.9001,10851901,22.4089
2018-07-18,29.9287,29.9715,29.6719,29.9001,6860967,22.4089
2018-07-19,29.9572,30.2924,29.9572,30.1284,8549536,22.5800
2018-07-20,29.9929,30.1355,29.7932,29.9929,7581035,22.4784
2018-07-23,30.0785,30.0856,29.5720,29.6790,5937750,22.2432
2018-07-24,29.6006,29.7504,29.2225,29.7076,7242452,22.2646
2018-07-25,29.6862,30.1284,29.6719,29.8716,7458079,22.3875
2018-07-26,30.0214,30.1641,29.9144,30.1498,7991120,22.5960
2018-07-27,30.1712,30.3709,29.9786,30.0999,4222263,22.5586
2018-07-30,30.0713,30.1427,29.7076,29.8146,4795261,22.3448
2018-07-31,29.9287,30.3281,29.7646,30.3138,11907466,22.7190
2018-08-01,30.0856,30.1070,29.7575,29.9572,7656883,22.4517
2018-08-02,30.0713,30.5849,29.9287,30.1641,7132535,22.6067
2018-08-03,30.2140,30.4208,30.0571,30.3067,6203710,22.7136
2018-08-06,30.2710,30.5136,30.2211,30.3923,5557808,22.7778
2018-08-07,30.4280,30.6419,30.1355,30.5064,8595522,22.8633
2018-08-08,30.4565,30.6134,30.3138,30.5635,4807178,22.9061
2018-08-09,30.5777,30.9772,30.4922,30.9344,6420179,23.1840
2018-08-10,31.0057,31.1983,30.7133,30.7632,6257266,23.0557
2018-08-13,30.7917,30.9344,30.6776,30.8916,6212963,23.1519
2018-08-14,30.7133,31.0414,30.6705,30.9201,6097298,23.3594
2018-08-15,30.9843,31.3623,30.9415,31.1198,8227637,23.5103
2018-08-16,31.1127,31.6976,31.0770,31.6191,11589633,23.8875
2018-08-17,31.5977,32.1327,31.5549,31.7618,11614448,23.9953
2018-08-20,31.5906,31.7332,31.4479,31.5692,8970136,23.8498
2018-08-21,31.6120,31.6405,31.2554,31.4479,6152116,23.7582
2018-08-22,31.5264,31.5264,31.1198,31.3338,4234320,23.6719
2018-08-23,31.3267,31.5478,31.2268,31.3124,4735535,23.6558
2018-08-24,31.3267,31.4408,31.1056,31.4051,4731049,23.7258
2018-08-27,31.4693,31.5121,30.9700,31.1341,3817225,23.5211
2018-08-28,31.0414,31.0984,30.8631,30.9558,6395784,23.3864
2018-08-29,31.2696,31.3409,31.0842,31.2554,4282409,23.6127
2018-08-30,31.3053,31.4765,31.2054,31.3409,4021357,23.6773
2018-08-31,31.3338,31.4194,30.9914,31.1769,9152256,23.5534
2018-09-04,31.4479,31.4765,31.2767,31.3766,4386017,23.7043
2018-09-05,31.4123,31.6548,31.3766,31.5264,9857742,23.8174
2018-09-06,31.7047,31.7974,31.5121,31.6405,8841152,23.9037
2018-09-07,31.4622,31.6976,31.2839,31.4337,6662584,23.7474
2018-09-10,31.5763,31.9900,31.5050,31.8260,7126506,24.0438
2018-09-11,31.5906,31.7261,31.3623,31.5264,7466071,23.8174
2018-09-12,31.5621,31.7118,31.4265,31.4693,6541171,23.7743
2018-09-13,31.4622,31.7047,31.2839,31.6976,6302691,23.9468
2018-09-14,31.6262,31.6405,31.2696,31.4408,7391484,23.7528
2018-09-17,31.6548,31.7760,31.5050,31.7190,4174455,23.9629
2018-09-18,31.6262,31.7261,31.4051,31.5264,6237218,23.8174
2018-09-19,31.5763,31.5835,30.6348,30.8417,13966303,23.3001
2018-09-20,30.7917,31.0699,30.6134,30.9486,8510701,23.3810
2018-09-21,30.8845,31.2839,30.7632,31.1341,13290680,23.5211
2018-09-24,31.0913,31.1698,30.7917,30.8131,6310963,23.2786
2018-09-25,30.8773,30.8773,30.2710,30.3709,7877277,22.9445
2018-09-26,30.4494,30.5563,30.0927,30.0999,8775679,22.7397
2018-09-27,30.1284,30.6348,30.0999,30.5350,8389848,23.0684
2018-09-28,30.6205,31.1840,30.5563,31.1412,10065519,23.5265
2018-10-01,30.9986,31.0556,30.8131,30.9629,6513692,23.3917
2018-10-02,31.0628,31.5335,31.0271,31.3909,6789045,23.7151
2018-10-03,31.3481,31.4337,30.4779,30.7418,7536030,23.2247
2018-10-04,30.6847,30.9058,30.3566,30.8417,9000560,23.3001
2018-10-05,30.8417,31.3552,30.7703,31.2482,4803532,23.6073
2018-10-08,31.3623,31.5335,31.0128,31.3909,7969248,23.7151
2018-10-09,31.2839,31.6405,31.1198,31.3980,7742124,23.7204
2018-10-10,31.3267,31.7332,31.0628,31.0699,9947751,23.4726
2018-10-11,31.1626,31.2268,30.3138,30.4779,10199410,23.0253
2018-10-12,30.5421,30.7489,30.2710,30.6063,9633002,23.1223
2018-10-15,30.6419,31.0628,30.5492,30.6919,7822599,23.1870
2018-10-16,30.6776,31.1198,30.5920,30.9986,8721421,23.4187
2018-10-17,30.9986,31.0699,30.5492,30.6633,7119356,23.1654
2018-10-18,30.6776,30.8916,30.5278,30.7275,6244788,23.2139
2018-10-19,30.8345,31.6619,30.7775,31.4765,9085661,23.7797
2018-10-22,31.1912,31.3695,30.9558,31.0271,6539769,23.4402
2018-10-23,31.0770,31.2482,30.8131,31.0485,6401812,23.4564
2018-10-24,31.2910,32.0043,31.0913,31.7546,8692961,23.9899
2018-10-25,31.5335,31.5549,31.0271,31.2767,9130385,23.6288
2018-10-26,31.4051,31.5335,30.8417,31.1127,13135478,23.5049
2018-10-29,31.0699,31.5835,31.0699,31.4408,9814701,23.7528
2018-10-30,31.9472,31.9472,31.3338,31.6548,8842274,23.9144
2018-10-31,31.5478,31.5478,31.0485,31.2482,12666229,23.6073
2018-11-01,31.3409,31.6334,30.8987,31.1341,9433217,23.5211
2018-11-02,31.2696,31.3837,30.6847,30.9558,8565379,23.3864
2018-11-05,31.2625,31.7475,31.0699,31.5121,8939012,23.8067
2018-11-06,31.5407,31.6405,31.1626,31.6049,7245957,23.8767
2018-11-07,31.7546,31.9615,31.4836,31.8616,11857555,24.0707
2018-11-08,31.9401,31.9472,31.5193,31.9187,7819795,24.1138
2018-11-09,31.9757,32.3110,31.8188,32.1255,8239694,24.2701
2018-11-12,31.9757,32.9529,31.9401,32.6106,6432937,24.6365
2018-11-13,32.6890,32.8459,32.4465,32.7461,7580053,24.7389
2018-11-14,32.3752,32.5535,32.1255,32.2539,10060331,24.5516
2018-11-15,32.0328,32.6177,31.7832,32.4893,7495092,24.7307
2018-11-16,32.9315,32.9529,32.5107,32.7247,10946115,24.9099
2018-11-19,32.7532,32.9387,32.6676,32.8816,6539068,25.0294
2018-11-20,32.9886,33.0385,32.3039,32.4108,10198709,24.6710
2018-11-21,32.3039,32.4394,31.9330,32.0613,6227123,24.4050
2018-11-23,32.0970,32.1184,31.7618,31.9900,3583091,24.3507
2018-11-26,32.0542,32.2967,31.8545,32.2397,6078511,24.5407
2018-11-27,32.2468,32.6034,32.1469,32.4750,5647536,24.7199
2018-11-28,32.5678,32.7461,32.2254,32.6819,7196186,24.8773
2018-11-29,32.7033,32.7104,32.1469,32.5749,5860220,24.7959
2018-11-30,32.6748,33.1312,32.5464,33.0884,9631179,25.1868
2018-12-03,33.0599,33.1598,32.8245,33.1526,7957472,25.2357
2018-12-04,33.3167,33.7874,33.1812,33.4879,12366481,25.4908
2018-12-06,33.4879,33.8088,32.8745,33.4522,10213430,25.4637
2018-12-07,33.4308,33.7375,33.0100,33.4950,6467286,25.4963
2018-12-10,33.3809,33.6305,32.8103,33.5235,7104775,25.5180
2018-12-11,33.5806,33.6448,33.2810,33.4451,7281427,25.4583
2018-12-12,33.5307,33.7732,33.3951,33.4451,9518879,25.4583
2018-12-13,33.4379,33.7161,33.3738,33.4879,6210720,25.4908
2018-12-14,33.5093,33.6733,33.3595,33.5663,7477427,25.5506
2018-12-17,33.5877,33.6876,32.4322,32.5321,10030609,24.7633
2018-12-18,32.7175,33.1526,32.5178,32.6676,9871622,24.8665
2018-12-19,32.7247,33.1526,32.4394,32.6106,10494250,24.8230
2018-12-20,32.6819,33.1883,32.2753,32.6748,11574632,24.8719
2018-12-21,32.6676,33.5378,32.5820,32.7318,16933636,24.9153
2018-12-24,32.7247,32.9743,31.1341,31.2625,5799373,23.7969
2018-12-26,31.2767,31.7546,30.7418,31.7261,7592110,24.1498
2018-12-27,31.5621,31.9544,31.0271,31.9401,8850265,24.3127
2018-12-28,32.0114,32.3110,31.8188,31.9116,6978455,24.2910
2018-12-31,31.9401,32.1683,31.7047,32.1683,6006028,24.4864
2019-01-02,31.9401,32.0970,31.2767,31.4337,7574585,23.9272
2019-01-03,31.5121,31.7903,31.2981,31.4693,6607906,23.9543
2019-01-04,31.0913,31.8331,31.0342,31.8260,7767921,24.2258
2019-01-07,31.6120,32.0756,31.5121,31.8830,10576968,24.2692
2019-01-08,31.8973,32.4037,31.7618,32.3752,6458593,24.6439
2019-01-09,32.2325,32.4251,31.9757,32.1113,8783530,24.4430
2019-01-10,32.2040,32.6961,32.0328,32.6605,6189129,24.8610
2019-01-11,32.6248,32.8388,32.4465,32.6605,6705345,24.8610
2019-01-14,32.3395,32.4180,31.7760,32.1255,9554490,24.4538
2019-01-15,32.0471,32.8103,32.0471,32.6605,7082483,24.8610
2019-01-16,32.4679,32.6890,32.3039,32.6676,7811383,24.8665
2019-01-17,32.6890,32.8745,32.5250,32.8245,5801476,24.9859
2019-01-18,32.8816,33.0884,32.7389,32.8673,6759603,25.0185
2019-01-22,32.8245,33.2382,32.6534,32.9886,7380969,25.1108
2019-01-23,33.0243,33.4451,32.9957,33.4308,6477240,25.4474
2019-01-24,33.5235,33.5663,33.1669,33.4950,6222497,25.4963
2019-01-25,33.3666,33.5449,32.9815,33.1170,9430413,25.2085
2019-01-28,33.1455,33.2168,32.6748,32.9173,4984951,25.0565
2019-01-29,33.0243,33.1740,32.8388,32.9529,7206420,25.0836
2019-01-30,32.8959,33.4522,32.8887,33.2739,5308673,25.3280
2019-01-31,33.2382,34.1869,33.1384,34.0656,11248667,25.9306
2019-02-01,34.0014,34.0728,33.6091,33.8516,6813440,25.7678
2019-02-04,33.6733,33.7660,33.3809,33.7660,8991867,25.7026
2019-02-05,33.7090,33.8802,33.5449,33.7304,7111365,25.6754
2019-02-06,33.6091,33.9087,33.5164,33.7518,7175716,25.6917
2019-02-07,33.7803,34.3581,33.6448,34.3295,9999905,26.1315
2019-02-08,32.9244,34.1013,32.8317,34.0371,12337039,25.9089
2019-02-11,33.9943,34.2867,33.9444,34.0942,7935180,25.9524
2019-02-12,34.1726,34.3153,33.8730,34.1797,6463220,26.0175
2019-02-13,34.0942,34.2511,34.0728,34.1655,6134591,26.0066
2019-02-14,34.1298,34.2939,33.9016,34.1369,5434432,25.9849
2019-02-15,34.3652,34.4223,34.1869,34.4223,8591877,26.2021
2019-02-19,34.2653,34.3866,34.0300,34.3438,6781194,26.3405
2019-02-20,34.2439,34.4793,34.0942,34.3295,8156275,26.3296
2019-02-21,34.1369,34.6790,34.1155,34.5863,13338067,26.5265
2019-02-22,34.6648,34.8859,34.5578,34.7646,5959481,26.6633
2019-02-25,34.9215,34.9287,34.3723,34.5364,5610664,26.4882
2019-02-26,34.6933,34.7718,34.4365,34.6362,7564912,26.5648
2019-02-27,34.4864,34.8003,34.4080,34.4508,6948172,26.4226
2019-02-28,34.3937,34.8003,34.3010,34.6576,8806242,26.5812
2019-03-01,34.7361,34.8288,34.4722,34.6220,6623328,26.5538
2019-03-04,34.7076,34.8146,34.3081,34.5578,5228899,26.5046
2019-03-05,34.4936,34.6362,34.4223,34.5364,6144125,26.4882
2019-03-06,34.5578,34.6648,34.3509,34.5435,4967146,26.4937
2019-03-07,34.6719,34.9144,34.5792,34.6291,5800635,26.5593
2019-03-08,34.6648,34.8217,34.4579,34.7932,4774371,26.6851
2019-03-11,34.8003,35.0499,34.7290,35.0071,6314888,26.8493
2019-03-12,35.0785,35.3495,35.0499,35.2782,6786381,27.0571
2019-03-13,35.2568,35.4494,35.1997,35.3994,6524768,27.1501
2019-03-14,35.3994,35.6562,35.2496,35.3923,5745256,27.1447
2019-03-15,35.3424,35.8060,35.2568,35.6633,16841805,27.3525
2019-03-18,35.6705,35.7275,35.2853,35.4280,7827226,27.1720
2019-03-19,35.3994,35.4208,34.8359,35.0071,9156041,26.8493
2019-03-20,35.1141,35.3638,34.8787,35.0214,6696513,26.8602
2019-03-21,35.0214,35.4850,34.9358,35.4208,11997615,27.1665
2019-03-22,35.4636,35.9986,35.3994,35.8631,10215813,27.5057
2019-03-25,35.8845,36.0128,35.7061,35.9344,8260724,27.5604
2019-03-26,36.0628,36.1983,35.8916,36.1484,5859659,27.7245
2019-03-27,36.1698,36.2696,35.8131,36.0414,7215253,27.6425
2019-03-28,36.0770,36.1198,35.3780,35.4922,7575567,27.2212
2019-03-29,35.4565,35.7703,35.3709,35.7561,7980464,27.4237
2019-04-01,35.9058,35.9130,35.2639,35.5492,5906626,27.2650
2019-04-02,35.8916,35.9130,35.5920,35.8702,8945882,27.5112
2019-04-03,35.8417,35.8702,35.5278,35.6205,6050892,27.3197
2019-04-04,35.7061,35.7347,35.2996,35.4066,5588933,27.1556
2019-04-05,35.4565,35.6348,35.3210,35.5920,7053322,27.2978
2019-04-08,35.5706,35.6562,35.2639,35.3923,8931862,27.1447
2019-04-09,35.3352,35.5492,35.1997,35.3210,7384614,27.0899
2019-04-10,35.6277,35.8488,35.3210,35.3495,6293858,27.1118
2019-04-11,35.2924,35.5207,35.2211,35.5064,5014253,27.2322
2019-04-12,35.4137,35.5421,35.0927,35.4494,9170762,27.1884
2019-04-15,35.5278,35.8702,35.4565,35.7989,7059911,27.4565
2019-04-16,35.7204,35.8060,35.0214,35.0927,5162444,26.9149
2019-04-17,35.1569,35.1783,34.8003,34.8716,7268529,26.7453
2019-04-18,34.9501,35.3923,34.8217,35.2354,12187165,27.0243
2019-04-22,35.2996,35.4779,35.1712,35.2924,8559350,27.0681
2019-04-23,35.3210,35.6419,35.1712,35.4779,9215346,27.2103
2019-04-24,35.5136,35.9058,35.4708,35.7133,9819328,27.3908
2019-04-25,35.5777,36.1412,35.5207,35.9415,5867510,27.5659
2019-04-26,36.1127,36.3980,35.9914,35.9986,6970464,27.6097
2019-04-29,35.9272,35.9843,35.4351,35.7204,7426815,27.3963
2019-04-30,35.8131,36.3766,35.6419,36.3409,10656602,27.8722
2019-05-01,36.2054,36.2482,35.8631,35.8702,7704691,27.5112
2019-05-02,36.1412,36.1769,35.1141,35.4708,6599915,27.2048
2019-05-03,35.4850,35.6990,35.3709,35.5777,6444994,27.2869
2019-05-06,35.6134,35.6919,35.1284,35.2282,7364285,27.0188
2019-05-07,35.1783,35.3138,34.8716,35.0071,6526590,26.8493
2019-05-08,34.9144,35.0642,34.5435,34.6505,7786287,26.5757
2019-05-09,34.7218,34.9001,34.4722,34.7789,6234694,26.6742
2019-05-10,34.7932,35.2496,34.5863,35.1854,5695345,26.9860
2019-05-13,35.0999,35.5991,35.0499,35.5350,5779324,27.2541
2019-05-14,35.2211,35.3495,34.8859,34.9287,6916627,26.9857
2019-05-15,34.9572,35.0999,34.7646,34.7860,6331993,26.8755
2019-05-16,34.8146,35.0642,34.6933,34.8859,6427609,26.9526
2019-05-17,34.6077,35.0856,34.6077,34.9358,5783390,26.9912
2019-05-20,35.0214,35.1854,34.8074,34.9001,6363117,26.9637
2019-05-21,34.9358,35.1997,34.8003,34.9001,5427422,26.9637
2019-05-22,34.9643,35.2211,34.8146,35.1427,6584633,27.1510
2019-05-23,35.1569,35.4708,35.0927,35.4208,5125852,27.3659
2019-05-24,35.4280,35.6705,35.3210,35.3495,5883633,27.3108
2019-05-28,35.3638,35.3923,34.7147,34.7932,6027899,26.8810
2019-05-29,34.9001,34.9215,34.3367,34.4151,5080147,26.5889
2019-05-30,34.4864,34.5934,34.2083,34.2653,4585942,26.4732
2019-05-31,34.2653,34.4437,34.0086,34.2939,7204037,26.4953
2019-06-03,34.4579,34.6719,34.2297,34.6077,5241237,26.7377
2019-06-04,34.6006,34.7932,34.0228,34.7432,4770866,26.8424
2019-06-05,34.8859,35.6419,34.8074,35.4636,6378679,27.3990
2019-06-06,35.4708,35.9201,35.3923,35.8274,6501635,27.6800
2019-06-07,36.2126,36.5050,35.6277,35.6277,8104401,27.5257
2019-06-10,35.6348,35.6348,35.1284,35.3566,5242218,27.3163
2019-06-11,35.2639,35.4422,34.8930,35.0999,5856855,27.1180
2019-06-12,35.2282,36.0128,35.0285,35.9843,7257313,27.8013
2019-06-13,36.0414,36.1412,35.5350,35.7846,5301943,27.6470
2019-06-14,35.7917,36.3409,35.7133,36.2340,5763201,27.9942
2019-06-17,36.2126,36.2767,35.8345,35.9843,5606738,27.8013
2019-06-18,36.0984,36.1555,35.3210,35.5920,7639919,27.4982
2019-06-19,35.4208,35.7917,35.1783,35.6633,9345171,27.5533
2019-06-20,35.7489,35.9986,35.4280,35.8345,6845405,27.6856
2019-06-21,35.7846,35.9914,35.5207,35.9486,11489110,27.7737
2019-06-24,35.8345,36.0699,35.5849,35.7775,7206981,27.6415
2019-06-25,35.6776,35.7347,34.9501,34.9786,7929712,27.0243
2019-06-26,34.8502,34.9429,34.0656,34.0870,8680062,26.3355
2019-06-27,34.2225,34.2867,33.7946,33.9230,8728992,26.2087
2019-06-28,33.9444,34.2796,33.8802,34.1940,9433217,26.4181
2019-07-01,34.2154,34.3367,33.8802,34.2725,6164594,26.4787
2019-07-02,34.3509,34.8359,34.3224,34.8288,10241750,26.9086
2019-07-03,34.8645,35.0999,34.7432,34.9715,4992242,27.0188
2019-07-05,34.7361,35.1355,34.3723,35.0927,6425927,27.1125
2019-07-08,35.0571,35.1355,34.6505,34.7860,9466024,26.8755
2019-07-09,34.7860,35.0071,34.5364,34.9358,7991400,26.9912
2019-07-10,35.0856,35.5207,34.9358,35.2140,8586549,27.2061
2019-07-11,35.2496,35.3566,34.9501,35.3352,6140620,27.2998
2019-07-12,35.3923,35.4565,34.9643,34.9929,5582343,27.0353
2019-07-15,34.9572,35.0999,34.7218,34.8645,6934152,26.9361
2019-07-16,34.8146,35.0000,34.2867,34.5221,8050284,26.6716
2019-07-17,34.7004,34.8502,34.5506,34.6648,5584727,26.7818
2019-07-18,34.7504,34.8502,34.4579,34.7789,6577343,26.8700
2019-07-19,34.6790,34.7504,33.9016,33.9301,9571454,26.2142
2019-07-22,34.0157,34.0799,33.5735,33.7233,7471118,26.0544
2019-07-23,33.6662,33.7090,32.9743,33.0670,10854424,25.5474
2019-07-24,32.9173,33.0243,32.1755,32.4394,14517149,25.0625
2019-07-25,32.4536,33.0029,32.2397,32.9030,12541871,25.4207
2019-07-26,32.9815,33.1526,32.6748,32.6819,7747312,25.2499
2019-07-29,32.7389,32.9601,32.4251,32.8459,9639171,25.3766
2019-07-30,32.8531,33.1241,32.7175,32.8459,5889101,25.3766
2019-07-31,32.8388,32.8673,32.0257,32.1398,9783717,24.8310
2019-08-01,31.4123,32.2040,31.1626,31.6690,11062341,24.4673
2019-08-02,31.7903,32.4251,31.7404,31.9187,11046218,24.6602
2019-08-05,31.9615,32.3181,31.6049,31.6833,13983408,24.4784
2019-08-06,31.7689,32.3680,31.5407,32.2468,10601363,24.9137
2019-08-07,32.1897,32.3538,31.6191,32.1041,7087951,24.8035
2019-08-08,32.0827,32.4251,31.9044,32.3966,7232217,25.0294
2019-08-09,32.5321,32.6605,32.1897,32.2397,7937703,24.9082
2019-08-12,32.2468,32.4394,31.9757,32.2397,8667024,24.9082
2019-08-13,32.2967,32.6462,31.9330,32.4679,9366622,25.0845
2019-08-14,32.1469,32.2111,31.5621,31.7261,7940928,24.7085
2019-08-15,31.6833,32.0685,31.6120,31.8474,7253247,24.8029
2019-08-16,31.9686,32.2254,31.8117,32.1897,7611598,25.0695
2019-08-19,32.2397,32.4180,32.0542,32.2967,5586269,25.1529
2019-08-20,32.3680,32.3752,32.0257,32.2468,8643050,25.1140
2019-08-21,32.2539,32.5178,32.1327,32.4108,5300261,25.2417
2019-08-22,32.4108,32.5892,32.2468,32.4679,5146041,25.2862
2019-08-23,32.3395,32.5464,31.8830,32.0114,9783156,24.9307
2019-08-26,32.1184,32.5892,32.0185,32.5820,5579119,25.3751
2019-08-27,33.2382,33.5235,32.9601,32.9815,13647629,25.6861
2019-08-28,32.9315,33.1812,32.8317,33.1170,7443498,25.7917
2019-08-29,33.2953,33.3666,33.0385,33.3452,5040611,25.9694
2019-08-30,33.5021,33.8588,33.3524,33.7090,7675109,26.2527
2019-09-03,33.5806,34.2011,33.5021,34.1797,7998550,26.6194
2019-09-04,34.3723,34.4080,33.9872,34.2368,7184549,26.6638
2019-09-05,34.0870,34.4365,33.9872,34.3224,12926440,26.7305
2019-09-06,34.6434,34.7860,34.2083,34.3224,6747405,26.7305
2019-09-09,34.1797,34.4151,34.0799,34.2582,7005233,26.6805
2019-09-10,34.1869,34.5720,34.1298,34.4864,8463874,26.8582
2019-09-11,34.4223,34.7789,34.2011,34.7575,5083512,27.0693
2019-09-12,34.9501,35.0143,34.1441,34.1512,10654779,26.5971
2019-09-13,33.9515,34.1512,33.2668,33.7161,11474108,26.2583
2019-09-16,33.7161,33.8088,33.5021,33.7946,5920786,26.3194
2019-09-17,33.7304,33.9872,33.5735,33.7304,7875455,26.2694
2019-09-18,33.8944,34.2511,33.8659,34.1940,5081549,26.6305
2019-09-19,34.2939,34.2939,33.9658,34.0942,5117861,26.5527
2019-09-20,34.2511,34.6576,34.2083,34.5578,14513504,26.9138
2019-09-23,34.4365,34.5364,34.2867,34.4579,6648845,26.8360
2019-09-24,34.6220,34.9643,34.5720,34.8074,6900504,27.1082
2019-09-25,34.8003,34.9857,34.5792,34.9572,6336339,27.2248
2019-09-26,34.9857,35.1783,34.7860,35.0785,5377792,27.3193
2019-09-27,35.1141,35.1141,34.4365,34.6505,6509065,26.9860
2019-09-30,34.6576,34.8074,34.3937,34.4579,5462192,26.8360
2019-10-01,34.4080,34.4864,34.1013,34.2225,6557434,26.6527
2019-10-02,34.2725,34.3153,33.9016,33.9658,5987942,26.4527
2019-10-03,34.0514,34.0799,33.7732,34.0371,6782596,26.5083
2019-10-04,34.2011,34.5863,33.9943,34.5578,4701467,26.9138
2019-10-07,34.4009,34.6505,34.2225,34.5649,6570753,26.9193
2019-10-08,34.3581,34.5578,34.0585,34.0728,6145527,26.5360
2019-10-09,34.0585,34.3153,33.9515,34.1726,4273436,26.6138
2019-10-10,34.0086,34.0442,33.5877,33.8231,6922095,26.3416
2019-10-11,33.9158,34.1940,33.8374,33.8873,6187026,26.3916
2019-10-14,33.9586,33.9943,33.4522,33.6020,3741097,26.1694
2019-10-15,33.6163,33.7874,33.4736,33.5663,4764136,26.1416
2019-10-16,33.3452,33.3452,31.9116,32.0328,16234179,24.9473
2019-10-17,31.5977,31.6548,30.9700,31.4265,27450599,24.4751
2019-10-18,31.3837,31.9330,31.3267,31.8616,28476162,24.8140
2019-10-21,31.9401,32.0114,31.7047,31.8902,10353349,24.8362
2019-10-22,32.0756,32.2896,31.8046,32.2753,11969014,25.1362
2019-10-23,32.4608,32.6605,32.2111,32.5606,12215065,25.3584
2019-10-24,32.4964,32.9957,32.4964,32.9387,9646040,25.6528
2019-10-25,32.8959,32.9815,32.5321,32.7318,8948125,25.4917
2019-10-28,32.6890,32.7318,32.4108,32.5250,8927235,25.3306
2019-10-29,32.5107,32.7889,32.3609,32.7104,7619870,25.4750
2019-10-30,32.6819,33.2882,32.6248,33.2810,10608093,25.9194
2019-10-31,33.1669,33.2953,32.1897,32.4465,11574772,25.2695
2019-11-01,32.4108,32.7532,32.2682,32.3395,7900691,25.1862
2019-11-04,32.4180,32.4750,31.5835,31.7404,9351200,24.7196
2019-11-05,31.7261,32.0899,31.6049,31.9401,9763528,24.8751
2019-11-06,31.9686,32.1897,31.8402,31.9686,8759696,24.8973
2019-11-07,31.8188,31.9472,31.6334,31.8830,6733385,24.8307
2019-11-08,31.7903,32.0043,31.6405,31.8902,5820683,24.8362
2019-11-11,31.8616,31.8902,31.3267,31.3980,5126273,24.4529
2019-11-12,31.3980,31.7618,31.3552,31.6120,6274090,24.6196
2019-11-13,31.6690,31.9472,31.6120,31.7404,6312645,24.7196
2019-11-14,31.4693,31.8545,31.3980,31.8331,6724413,24.9957
2019-11-15,31.9544,32.1255,31.7475,32.1113,6435460,25.2141
2019-11-18,32.2254,32.5250,32.0756,32.3894,8846059,25.4325
2019-11-19,32.4608,32.6961,32.2825,32.3609,13557620,25.4101
2019-11-20,32.2397,32.4108,31.7618,32.3538,35516305,25.4045
2019-11-21,32.2397,32.3538,31.5692,31.6619,11819701,24.8613
2019-11-22,31.7903,31.8046,31.4337,31.6904,8201700,24.8837
2019-11-25,31.6904,31.8117,31.4622,31.5050,11220767,24.7380
2019-11-26,31.4551,31.5621,31.2482,31.3909,15425785,24.6484
2019-11-27,31.4551,31.6191,31.2554,31.5763,5866248,24.7941
2019-11-29,31.6191,31.8260,31.5264,31.6690,5472707,24.8669
2019-12-02,31.5977,31.6833,31.2767,31.3195,9941582,24.5924
2019-12-03,31.5121,31.6049,31.2482,31.5692,8735161,24.7885
2019-12-04,31.4479,31.8616,31.4123,31.7689,7201093,24.9453
2019-12-05,31.8474,32.0185,31.5549,31.9971,8189222,25.1245
2019-12-06,31.9829,32.3110,31.8188,31.9971,6228806,25.1245
2019-12-09,32.0328,32.1255,31.8688,32.0471,4786007,25.1637
2019-12-10,32.1327,32.2040,31.8688,31.8973,7968407,25.0461
2019-12-11,31.7332,31.8331,31.3909,31.5264,7840685,24.7548
2019-12-12,31.5621,31.7689,31.2482,31.4551,9644498,24.6988
2019-12-13,31.4551,31.4765,31.0770,31.2554,10092718,24.5420
2019-12-16,31.3766,31.9258,31.3481,31.8830,10223104,25.0349
2019-12-17,32.0399,32.1612,31.6904,32.0827,10168426,25.1917
2019-12-18,32.2040,32.3823,31.7190,32.3609,9037292,25.4101
2019-12-19,32.2825,32.3823,31.6690,32.0827,12812457,25.1917
2019-12-20,32.3466,32.6177,32.0827,32.4180,16771705,25.4549
2019-12-23,32.4180,32.5178,31.9829,32.2397,9336899,25.3149
2019-12-24,32.2967,32.4108,32.1612,32.3252,2749042,25.3821
2019-12-26,32.2325,32.4679,32.1969,32.3252,4811664,25.3821
2019-12-27,32.3823,32.4750,32.2040,32.3894,4897887,25.4325
2019-12-30,32.3823,32.6034,32.2682,32.3680,5076642,25.4157
2019-12-31,32.3752,32.5535,32.2254,32.5178,5174922,25.5333
2020-01-02,32.6534,32.6534,32.2753,32.4037,7026544,25.4437
2020-01-03,32.3324,32.6462,32.3252,32.5036,7550611,25.5221
2020-01-06,32.4822,32.6391,32.3752,32.5535,7783203,25.5613
2020-01-07,32.4750,32.5892,32.1826,32.5820,9501775,25.5837
2020-01-08,32.5820,32.9387,32.5464,32.8174,8607579,25.7686
2020-01-09,32.7532,32.9458,32.5107,32.9173,7459902,25.8470
2020-01-10,33.0243,33.1170,32.8959,32.9957,8045377,25.9086
2020-01-13,32.9743,33.2240,32.8959,32.9458,9328768,25.8694
2020-01-14,32.8745,32.8816,32.5036,32.6748,8804139,25.6566
2020-01-15,32.8459,33.4593,32.8174,33.2026,8239975,26.0710
2020-01-16,33.2739,33.5449,33.2026,33.3381,8080988,26.1774
2020-01-17,33.4950,33.8588,33.3310,33.8017,10607953,26.5415
2020-01-21,33.8374,33.9586,33.6876,33.9372,7146555,26.6479
2020-01-22,33.9301,34.1726,33.8802,33.9943,12269182,26.6927
2020-01-23,34.0014,34.2368,33.8374,34.2011,8518552,26.8551
2020-01-24,34.1298,34.3581,33.9158,34.0442,6731282,26.7319
2020-01-27,34.0656,34.3581,33.6591,33.7161,7642442,26.4742
2020-01-28,33.7090,34.1726,33.6876,34.0442,7176137,26.7319
2020-01-29,33.9943,34.4365,33.9372,34.1013,9148190,26.7767
2020-01-30,33.9658,34.3438,33.8088,34.2796,7347181,26.9167
2020-01-31,34.2368,34.3509,33.7019,33.9444,9646741,26.6535
2020-02-03,34.0086,34.4508,33.9515,34.3795,8584306,26.9951
2020-02-04,34.3153,34.6006,34.1583,34.3010,8540143,26.9335
2020-02-05,34.2439,34.5506,34.1084,34.4722,7098326,27.0679
2020-02-06,34.4864,34.6434,34.3795,34.4223,5835825,27.0287
2020-02-07,34.5007,34.6505,34.3438,34.3723,6773623,26.9895
2020-02-10,34.4437,34.4936,34.2796,34.4579,5926815,27.0567
2020-02-11,34.4579,35.2853,34.4579,35.1926,8674735,27.6336
2020-02-12,35.2639,35.3923,34.9572,35.1355,7402139,27.5888
2020-02-13,35.2710,35.4494,35.0999,35.3566,7242031,27.7624
2020-02-14,35.3780,35.5064,35.1854,35.4922,5107626,27.8688
2020-02-18,35.6063,36.0485,35.4137,35.9344,7238666,28.2160
2020-02-19,35.5421,35.6919,35.2354,35.3780,5640947,27.9920
2020-02-20,35.2924,35.6134,35.2496,35.5563,5250911,28.1331
2020-02-21,35.5492,35.6919,35.4137,35.4636,10307925,28.0597
2020-02-24,35.6990,35.9986,34.8074,34.8217,8397279,27.5518
2020-02-25,34.7860,34.8645,33.8873,33.9729,10669500,26.8802
2020-02-26,34.3723,34.4508,33.5449,33.5592,9675482,26.5529
2020-02-27,33.6020,33.6234,32.1826,32.1969,11601830,25.4750
2020-02-28,31.6262,31.6405,30.1854,30.7489,20859797,24.3293
2020-03-02,30.8060,32.4108,30.5991,32.4037,13534628,25.6386
2020-03-03,32.1541,33.2240,31.4123,31.5193,16336104,24.9388
2020-03-04,31.8188,33.4308,31.7475,33.3951,11412000,26.4231
2020-03-05,32.6320,33.0884,32.3039,32.9030,11901438,26.0337
2020-03-06,31.3909,32.3609,31.0699,32.2183,13209083,25.4919
2020-03-09,30.6633,31.8188,29.3367,29.8930,17452096,23.6521
2020-03-10,30.4422,31.1555,29.1583,30.7561,18634262,24.3350
2020-03-11,30.0143,30.0143,28.0813,28.3951,12817505,22.4670
2020-03-12,26.7475,27.2682,24.5506,25.1569,18593745,19.9048
2020-03-13,25.7846,27.1041,24.3224,25.9344,16002989,20.5199
2020-03-16,23.6591,25.3852,21.2411,21.7618,12094493,17.2185
2020-03-17,22.3110,25.8559,20.9843,25.6776,19085987,20.3168
2020-03-18,24.1441,24.7718,22.0542,23.5663,13570939,18.6463
2020-03-19,23.5235,24.4936,21.7618,23.1170,10488222,18.2907
2020-03-20,23.3024,23.8802,21.9829,22.1113,12120290,17.4950
2020-03-23,22.4322,22.7817,20.8845,21.3837,13594493,16.9194
2020-03-24,22.4394,24.6576,22.3680,24.6148,15638329,19.4759
2020-03-25,24.2725,25.8987,23.6805,24.6434,12643937,19.4985
2020-03-26,24.6576,26.3837,24.4365,26.0984,9752592,20.6497
2020-03-27,24.9643,26.2981,24.7361,25.3210,9277595,20.0346
2020-03-30,25.4565,26.7332,25.3210,26.5549,10074912,21.0109
2020-03-31,26.2482,27.0756,25.8417,26.2554,14844096,20.7739
2020-04-01,25.1070,25.5207,23.4950,23.8802,8181371,18.8946
2020-04-02,23.8088,25.1712,23.5093,24.7361,6045704,19.5718
2020-04-03,24.3866,24.5720,23.1027,23.3595,8987381,18.4826
2020-04-06,24.3367,26.1056,24.3010,25.9058,9670435,20.4974
2020-04-07,26.7903,27.0257,25.4280,25.5278,8691559,20.1983
2020-04-08,25.5350,27.0542,25.3780,26.8117,9259509,21.2141
2020-04-09,27.0827,28.4094,27.0827,27.9244,13123982,22.0945
2020-04-13,28.2953,28.2953,26.5335,26.9258,7913168,21.3044
2020-04-14,27.7175,27.9173,27.1826,27.8673,7044069,22.0493
2020-04-15,27.2254,27.3110,26.2482,26.4123,8279511,20.8981
2020-04-16,26.4979,26.8331,25.9772,26.4622,6367183,20.9376
2020-04-17,27.1184,27.5036,26.6833,27.4180,8010467,21.6938
2020-04-20,26.8616,26.9971,26.4051,26.4408,6933311,20.9206
2020-04-21,25.9201,26.1840,25.1213,25.4494,11058555,20.1362
2020-04-22,26.1626,26.8188,25.6919,26.5335,5731656,20.9940
2020-04-23,26.3980,26.8331,25.6419,25.9058,6435881,20.4974
2020-04-24,26.1056,26.3195,25.5849,26.1056,7518926,20.6554
2020-04-27,26.3766,27.0756,26.2767,26.9829,5787596,21.3495
2020-04-28,27.1612,27.8388,26.7974,26.9900,8890643,21.3552
2020-04-29,27.6391,27.8531,27.1184,27.3324,6436302,21.6261
2020-04-30,27.0685,27.7175,26.1555,26.4479,6952378,20.9263
2020-05-01,26.0628,26.2839,25.3138,25.5350,6808533,20.2039
2020-05-04,25.5421,25.5706,24.8645,25.2853,8642769,20.0064
2020-05-05,25.4636,26.0414,25.4422,25.5849,6779091,20.2434
2020-05-06,25.6776,25.7204,24.5649,24.5934,7051499,19.4590
2020-05-07,24.8787,25.2639,24.7718,24.9929,9224179,19.7750
2020-05-08,25.1712,26.7332,25.0927,26.6976,11426580,21.1238
2020-05-11,26.1840,26.8331,25.8488,26.5906,10123702,21.0391
2020-05-12,26.3552,26.7903,26.1983,26.2696,10488082,20.7852
2020-05-13,26.0271,26.1698,25.0357,25.4494,10290400,20.1362
2020-05-14,25.1712,25.9272,24.7290,25.7489,8849985,20.5943
2020-05-15,25.3994,25.6063,24.6790,25.1712,16426813,20.1322
2020-05-18,25.9058,26.9900,25.6919,26.7760,8842975,21.4158
2020-05-19,26.4622,26.6405,26.1626,26.1840,7440554,20.9423
2020-05-20,26.3053,26.7261,26.2839,26.3695,6915365,21.0906
2020-05-21,26.2411,26.4979,25.9558,25.9914,6106832,20.7882
2020-05-22,25.9344,26.3053,25.8773,26.2839,4691793,21.0221
2020-05-26,26.9615,27.2040,26.6049,26.8188,7994344,21.4500
2020-05-27,27.2468,27.4822,26.6619,27.0613,8443966,21.6440
2020-05-28,27.3894,27.6106,26.9971,27.2896,9833067,21.8265
2020-05-29,27.3680,27.5606,26.7832,27.3253,9767033,21.8550
2020-06-01,27.3324,27.7889,27.2325,27.7033,5354939,22.1574
2020-06-02,27.7675,27.8602,27.3680,27.7675,5697728,22.2087
2020-06-03,28.0100,28.5663,27.9244,28.4665,6408963,22.7678
2020-06-04,28.4379,28.4522,27.5535,27.8031,8093466,22.2373
2020-06-05,28.4665,29.3652,28.1812,28.7874,7827506,23.0245
2020-06-08,29.0086,29.9287,28.7589,29.8573,7405224,23.8802
2020-06-09,29.3581,29.4864,28.7304,28.8944,11501587,23.1101
2020-06-10,29.1940,29.2439,28.3238,28.5307,11643610,22.8191
2020-06-11,28.1170,28.2026,26.9044,27.1398,15589539,21.7067
2020-06-12,27.5820,27.7033,26.6976,27.0399,10904896,21.6268
2020-06-15,26.3695,27.4394,26.0913,27.3253,8544489,21.8550
2020-06-16,28.0100,28.3524,27.2611,27.5250,7196746,22.0148
2020-06-17,27.5892,27.6534,27.0471,27.4251,6830544,21.9349
2020-06-18,27.2040,27.3039,26.9686,27.2468,6274371,21.7923
2020-06-19,27.4679,27.6819,26.6976,26.7689,18706325,21.4101
2020-06-22,26.6262,26.9900,26.4265,26.7974,6525889,21.4329
2020-06-23,27.0970,27.1113,26.5264,26.5692,7668940,21.2503
2020-06-24,26.2554,26.5121,25.8488,26.0128,9354845,20.8054
2020-06-25,25.9415,25.9415,24.9857,25.2639,12826477,20.2063
2020-06-26,25.2782,25.3852,24.6006,24.7575,14001073,19.8013
2020-06-29,25.0428,25.6776,24.8074,25.6705,6802364,20.5315
2020-06-30,25.4636,26.0770,25.3852,25.8845,7203055,20.7027
2020-07-01,25.7846,26.7404,25.7061,26.6476,7950041,21.3131
2020-07-02,26.7689,27.1327,26.6548,26.7332,6042199,21.3815
2020-07-06,26.9472,27.2040,26.4123,26.6762,5343162,21.3359
2020-07-07,26.3338,26.4479,26.0485,26.3909,6823254,21.1077
2020-07-08,26.4123,26.5835,26.0485,26.4979,6196980,21.1933
2020-07-09,26.3267,26.4123,25.5991,26.1198,7613140,20.8909
2020-07-10,26.1912,26.7618,26.0414,26.6690,5419711,21.3302
2020-07-13,26.6405,26.9116,26.4622,26.7261,7993924,21.3758
2020-07-14,26.5478,27.1541,26.5478,27.0114,10156368,21.6040
2020-07-15,27.1826,27.5250,27.0399,27.1398,7136040,21.7067
2020-07-16,27.1683,27.3966,26.9757,27.1469,5829516,21.7124
2020-07-17,27.5678,28.1883,27.3894,28.1027,9739273,22.4769
2020-07-20,27.8745,27.9957,27.1897,27.3324,7623235,21.8607
2020-07-21,27.4322,27.7603,27.2040,27.6248,9745302,22.0946
2020-07-22,27.2825,27.8388,26.9829,27.8103,14618654,22.2430
2020-07-23,27.8531,28.0314,27.4037,27.5606,8751564,22.0433
2020-07-24,27.4465,27.7675,26.7546,26.9615,7607392,21.5641
2020-07-27,26.9829,27.1041,26.4194,26.8046,8089680,21.4386
2020-07-28,26.7332,27.5250,26.6833,27.0827,9613935,21.6611
2020-07-29,27.1184,27.5107,26.9615,27.5036,7577950,21.9977
2020-07-30,27.1398,27.4536,26.7903,27.4394,5959341,21.9463
2020-07-31,27.3253,27.5535,27.0685,27.5392,12909616,22.0262
2020-08-03,27.3752,27.4251,26.8902,27.0970,6623188,21.6725
2020-08-04,26.7903,27.7675,26.6334,27.6391,9970744,22.1060
2020-08-05,27.5963,27.7603,26.7546,26.9044,7412795,21.5185
2020-08-06,26.8545,27.0685,26.6405,27.0328,6345172,21.6211
2020-08-07,27.0328,27.8602,26.9187,27.7675,8779044,22.2087
2020-08-10,27.7746,28.0243,27.0685,27.3253,10884848,21.8550
2020-08-11,27.4893,27.6391,26.9044,27.0328,9081595,21.6211
2020-08-12,27.1041,27.7675,27.0399,27.6106,6856481,22.0832
2020-08-13,27.2254,27.2967,26.9116,27.0613,5741611,21.8602
2020-08-14,26.9258,27.1184,26.7832,27.0542,4645807,21.8545
2020-08-17,26.8117,26.9044,26.4979,26.6334,10733151,21.5145
2020-08-18,26.6904,26.8260,26.3124,26.4408,5781287,21.3590
2020-08-19,26.5121,26.6762,26.3124,26.4051,6435881,21.3302
2020-08-20,26.5335,26.5621,25.8773,25.8987,5093606,20.9211
2020-08-21,25.9986,26.0984,25.6562,26.0485,8883212,21.0421
2020-08-24,26.2554,26.9187,26.0628,26.8830,8036404,21.7162
2020-08-25,26.9472,26.9615,26.2839,26.4836,5350032,21.3935
2020-08-26,26.3980,26.6049,26.0699,26.5906,9256845,21.4800
2020-08-27,26.4979,26.7974,26.1626,26.3124,7669220,21.2553
2020-08-28,26.3195,26.4337,26.1412,26.4194,5511262,21.3417
2020-08-31,26.2126,26.6120,26.2126,26.3267,5585848,21.2668
2020-09-01,26.1769,26.2126,25.7632,25.9130,6132068,20.9326
2020-09-02,26.2268,27.2682,25.8559,27.1255,13431861,21.9121
2020-09-03,27.1327,27.3538,26.2767,26.5977,11790820,21.4857
2020-09-04,26.7689,26.8902,26.1341,26.4551,8397559,21.3705
2020-09-08,26.2268,26.4551,25.7275,25.9772,8510701,20.9845
2020-09-09,26.2482,26.4622,26.0628,26.1555,6263996,21.1285
2020-09-10,26.1555,26.1555,25.4779,25.5635,8555004,20.6503
2020-09-11,25.6776,25.7133,25.4066,25.5563,6451724,20.6445
2020-09-14,25.4636,26.0271,25.4208,25.8631,5136788,20.8923
2020-09-15,25.9772,26.2910,25.6705,25.7989,4641321,20.8404
2020-09-16,25.7418,26.2340,25.6134,25.8631,7892699,20.8923
2020-09-17,25.6562,25.6776,25.2710,25.6277,9933450,20.7021
2020-09-18,25.6491,25.6847,24.8502,25.0143,11884754,20.2066
2020-09-21,24.7076,24.8074,24.2582,24.7860,7313954,20.0222
2020-09-22,24.9001,25.2425,24.8288,25.1141,6237358,20.2873
2020-09-23,25.0927,25.2425,24.5364,24.5934,7070987,19.8667
2020-09-24,24.4722,25.0713,24.2297,24.8288,6442050,20.0568
2020-09-25,24.7361,25.4208,24.5649,25.3352,7285633,20.4659
2020-09-28,25.5492,25.8417,25.4208,25.4922,6535423,20.5926
2020-09-29,25.5635,25.6348,25.0713,25.1926,4595616,20.3506
2020-09-30,25.4280,25.7561,25.3281,25.5064,9896998,20.6042
2020-10-01,25.6134,25.7846,25.3495,25.5563,6627394,20.6445
2020-10-02,25.3566,25.8203,25.1213,25.6348,7260537,20.7079
2020-10-05,25.7133,26.3124,25.4850,26.2411,7007336,21.1976
2020-10-06,26.1769,26.9829,26.1698,26.5121,8006682,21.4166
2020-10-07,26.6619,27.0685,26.5763,26.9971,8730955,21.8084
2020-10-08,26.7047,28.0742,26.7047,28.0456,9715159,22.6554
2020-10-09,28.8802,28.9729,27.7603,27.9601,8432329,22.5862
2020-10-12,27.9672,28.7446,27.8816,28.5164,8329142,23.0356
2020-10-13,29.1726,29.3295,28.4736,29.2297,16998128,23.6118
2020-10-14,29.4793,29.7789,29.2297,29.2653,12743199,23.6406
2020-10-15,28.8445,29.5863,28.7589,29.5292,8298017,23.8538
2020-10-16,29.5292,30.0785,29.3652,30.0214,9135993,24.2514
2020-10-19,29.8645,30.1641,29.8146,29.8573,11562154,24.1189
2020-10-20,30.1070,30.4280,29.9857,30.2425,8570566,24.4300
2020-10-21,30.1641,30.5064,30.0428,30.0571,6996541,24.2802
2020-10-22,30.0143,30.1641,29.6576,30.1213,6792410,24.3321
2020-10-23,30.3709,30.4208,29.9215,30.0999,5808346,24.3148
2020-10-26,29.5364,29.7932,29.2725,29.7432,8954153,24.0267
2020-10-27,29.6862,29.9643,29.3438,29.3509,7283250,23.7098
2020-10-28,28.7946,29.1227,28.1170,28.2240,8862883,22.7994
2020-10-29,27.9458,28.9372,27.6747,28.6448,7670062,23.1394
2020-10-30,28.3310,28.7090,28.1455,28.4522,9914523,22.9838
2020-11-02,28.8944,29.2297,28.4879,29.2154,7099167,23.6003
2020-11-03,30.4708,30.6633,29.6862,30.2924,9031404,24.4703
2020-11-04,30.4494,30.6277,29.7076,30.1141,11246844,24.3263
2020-11-05,30.2853,30.9272,30.1783,30.7204,10345638,24.8160
2020-11-06,30.6277,30.7917,30.3923,30.5563,12405176,24.6835
2020-11-09,31.6762,32.8245,30.7489,30.8987,11395456,24.9601
2020-11-10,30.8631,31.1484,30.6134,30.6633,14047900,24.7699
2020-11-11,30.8131,31.2767,30.5849,31.2696,8247545,25.2597
2020-11-12,30.9914,31.1198,30.2354,30.4565,7596036,24.6029
2020-11-13,30.4565,30.6348,30.3210,30.5920,5142957,24.9360
2020-11-16,30.8203,31.0342,30.4066,30.9130,5763482,25.1976
2020-11-17,30.5849,31.0556,30.5350,30.7204,6555892,25.0406
2020-11-18,30.8060,30.9415,30.4422,30.4565,8074679,24.8255
2020-11-19,30.2924,30.3709,29.8003,30.2068,7538133,24.6220
2020-11-20,30.1284,30.3566,29.8003,29.8645,5706000,24.3430
2020-11-23,30.1641,30.1712,29.5292,29.6505,6131927,24.1686
2020-11-24,30.0000,30.5350,29.8645,30.4922,6744461,24.8546
2020-11-25,30.2853,30.3566,29.8003,30.1141,4723198,24.5465
2020-11-27,30.1284,30.1783,29.6648,29.7718,2416207,24.2674
2020-11-30,29.5863,29.6148,29.1869,29.2939,13242871,23.8779
2020-12-01,29.4722,29.8716,29.3153,29.4223,7997569,23.9825
2020-12-02,29.3295,29.6790,29.0442,29.6505,7224085,24.1686
2020-12-03,29.4579,29.7076,29.1013,29.2796,6114683,23.8662
2020-12-04,29.4579,29.4864,28.9087,29.1940,4971913,23.7965
2020-12-07,29.0300,29.5649,29.0014,29.3866,4536451,23.9534
2020-12-08,29.3652,29.5221,28.9658,29.4722,5791241,24.0232
2020-12-09,29.4437,29.5792,29.2225,29.3081,6158145,23.8895
2020-12-10,29.4294,29.5150,28.9230,29.3866,6163332,23.9534
2020-12-11,29.1227,29.4508,29.0371,29.3795,4952425,23.9476
2020-12-14,29.5863,30.0214,29.2653,29.2867,5643891,23.8720
2020-12-15,29.5578,30.5492,29.4437,30.4708,11635338,24.8372
2020-12-16,30.5278,30.7489,30.0856,30.2710,10632067,24.6744
2020-12-17,30.3923,30.7561,30.3923,30.4208,7331899,24.7965
2020-12-18,30.4494,30.6919,30.1997,30.3638,12856200,24.7500
2020-12-21,30.1070,30.1070,29.3224,29.6077,6172585,24.1337
2020-12-22,29.6648,29.9358,29.5863,29.7860,4375081,24.2790
2020-12-23,29.9073,30.2639,29.7076,29.7504,4658706,24.2499
2020-12-24,29.9215,29.9215,29.5364,29.8359,2070333,24.3197
2020-12-28,30.0713,30.4066,29.9501,30.1070,3568230,24.5406
2020-12-29,30.1141,30.2710,29.7218,29.8359,3712356,24.3197
2020-12-30,29.8003,30.1355,29.7575,29.9073,3549163,24.3779
2020-12-31,29.9215,30.1569,29.7504,30.1141,4554257,24.5465
2021-01-04,30.2568,30.3424,29.1369,29.3652,7057107,23.9360
2021-01-05,29.3937,29.5792,29.1298,29.3224,5563557,23.9011
2021-01-06,29.5292,30.5350,29.4722,30.2782,8847461,24.6802
2021-01-07,30.2782,30.3566,29.7646,29.9786,7322786,24.4360
2021-01-08,29.9643,30.2496,29.8859,30.1070,6425086,24.5406
2021-01-11,30.1355,30.3566,29.6790,29.8573,7070146,24.3372
2021-01-12,29.7932,30.0856,29.5364,30.0143,7343396,24.4651
2021-01-13,29.9643,30.6348,29.9215,30.5278,6263155,24.8837
2021-01-14,30.5207,30.6776,30.1926,30.3709,6068557,24.7558
2021-01-15,30.1926,31.0128,30.0571,30.9272,7095382,25.2092
2021-01-19,31.0342,31.1270,30.5421,30.5421,5806383,24.8953
2021-01-20,30.4280,30.7561,30.2710,30.7061,5904663,25.0290
2021-01-21,30.5278,30.8702,30.3067,30.6847,5138751,25.0116
2021-01-22,30.5421,30.6348,30.2282,30.3424,5874100,24.7325
2021-01-25,30.2496,30.9558,30.0143,30.9201,8490232,25.2034
2021-01-26,30.8702,30.8702,30.2782,30.5635,6246891,24.9127
2021-01-27,30.3495,30.5492,29.2011,29.2582,10024861,23.8488
2021-01-28,29.3652,30.5563,29.2439,29.9857,7455275,24.4418
2021-01-29,29.6790,29.9501,29.2439,29.6434,9616178,24.1627
2021-02-01,29.8645,30.1854,29.4009,30.0143,5117580,24.4651
2021-02-02,30.2924,30.9843,30.0143,30.5635,5452799,24.9127
2021-02-03,30.5635,30.6134,30.0856,30.2996,6773623,24.6976
2021-02-04,30.3138,31.1555,30.2282,31.1484,6345873,25.3895
2021-02-05,31.3623,31.4123,30.8773,31.1555,5577717,25.3953
2021-02-08,31.2126,31.3623,31.0342,31.1983,6049209,25.4302
2021-02-09,31.3338,31.3837,30.8916,31.0770,6179876,25.3313
2021-02-10,31.2625,31.2981,30.7061,30.8987,5971118,25.1860
2021-02-11,30.9914,30.9914,30.4280,30.4850,4844050,24.8488
2021-02-12,30.3994,30.6491,29.9643,30.1070,4825684,24.5406
2021-02-16,30.0642,30.2354,29.8716,29.9429,4501121,24.4069
2021-02-17,29.9073,30.1712,29.6148,30.0785,4434526,24.5174
2021-02-18,30.0571,30.6633,30.0000,30.4565,4895924,24.8255
2021-02-19,29.9643,30.1712,29.3795,29.5150,7477847,24.0581
2021-02-22,29.3795,29.3937,28.6519,28.9586,8769931,23.6046
2021-02-23,29.1369,29.2725,28.7660,29.1013,7161696,23.7209
2021-02-24,28.5521,29.4294,28.5307,28.6662,10911345,23.3662
2021-02-25,28.4665,28.5307,27.3538,27.7603,12977333,22.6279
2021-02-26,27.8531,28.1598,27.5107,27.5321,12291334,22.4418
2021-03-01,27.8459,28.4451,27.8174,28.0385,7502523,22.8546
2021-03-02,28.0243,28.3167,28.0100,28.0385,8090101,22.8546
2021-03-03,27.8959,28.3452,27.7104,28.1954,8686091,22.9825
2021-03-04,28.3452,28.9087,28.0528,28.3666,11423776,23.1220
2021-03-05,28.1954,28.3738,27.9101,28.2739,10990839,23.2706
2021-03-08,28.2382,29.3652,28.1384,29.0228,12526730,23.8870
2021-03-09,29.2582,29.7504,28.9158,29.6220,10012523,24.3801
2021-03-10,29.7290,30.0143,29.4365,29.8573,10598279,24.5738
2021-03-11,29.8074,30.4565,29.7361,29.9786,8443685,24.6736
2021-03-12,30.2140,30.4351,29.9857,30.3780,6687260,25.0024
2021-03-15,30.5777,30.9486,30.4208,30.9272,7007336,25.4544
2021-03-16,30.7418,31.0414,30.5635,30.9272,7854845,25.4544
2021-03-17,31.0200,31.0200,30.4922,30.6491,7675389,25.2254
2021-03-18,30.4708,30.8773,30.3281,30.4565,8114355,25.0669
2021-03-19,30.5635,30.8417,30.0927,30.6491,11841572,25.2254
2021-03-22,30.4922,30.6633,30.3067,30.5207,7443218,25.1198
2021-03-23,30.5849,30.7703,30.3352,30.5278,6781194,25.1256
2021-03-24,30.4494,30.9843,30.4066,30.6205,6212542,25.2020
2021-03-25,30.8845,31.0842,30.5421,30.9344,5877044,25.4603
2021-03-26,31.0200,31.1341,30.6847,31.0485,5602532,25.5542
2021-03-29,30.8488,31.3695,30.8488,31.2054,6158005,25.6833
2021-03-30,31.0485,31.1341,30.7347,31.0271,6022011,25.5366
2021-03-31,30.9272,31.3053,30.8845,31.1983,8414524,25.6775
2021-04-01,31.1769,31.3695,31.0342,31.3195,5773716,25.7773
2021-04-05,31.3909,31.9187,31.3481,31.7261,6254883,26.1119
2021-04-06,31.6405,31.8973,31.5121,31.7832,5674315,26.1588
2021-04-07,31.8688,32.1469,31.8117,32.0613,6451864,26.3878
2021-04-08,32.1398,32.2967,32.0043,32.0257,8359145,26.3584
2021-04-09,32.0043,32.1826,31.8973,31.9757,6180296,26.3173
2021-04-12,32.0970,32.2397,31.8260,31.9116,6505280,26.2645
2021-04-13,31.8117,32.3252,31.7404,32.2183,7324889,26.5169
2021-04-14,32.2611,32.4251,32.1255,32.4180,5405411,26.6813
2021-04-15,32.3966,32.7033,32.2896,32.6462,8309654,26.8692
2021-04-16,32.8245,33.0742,32.6676,32.9244,6949574,27.0981
2021-04-19,32.9601,33.0100,32.3966,32.4536,6734787,26.7107
2021-04-20,32.3894,32.7532,32.3894,32.6676,8702635,26.8868
2021-04-21,32.6534,32.8103,32.4536,32.5820,6731563,26.8163
2021-04-22,32.6106,32.6248,32.1113,32.1541,6306617,26.4641
2021-04-23,32.1969,32.3039,32.0114,32.0328,6089867,26.3643
2021-04-26,32.0257,32.0899,31.7903,31.8474,4333442,26.2117
2021-04-27,31.8545,31.9187,31.6619,31.7689,5104542,26.1471
2021-04-28,31.6904,31.8545,31.5478,31.8188,6548602,26.1882
2021-04-29,31.6548,32.1683,31.6548,32.0185,6000700,26.3526
2021-04-30,32.0185,32.0827,31.8331,32.0542,7245676,26.3819
2021-05-03,32.2682,32.4180,31.9472,32.0185,6877651,26.3526
2021-05-04,32.0043,32.0756,31.7332,31.9401,9035469,26.2880
2021-05-05,31.5692,31.9900,30.6705,31.0485,11871996,25.5542
2021-05-06,31.0342,31.7546,30.7703,31.7261,6996681,26.1119
2021-05-07,31.8046,32.2040,31.6833,31.8688,6813019,26.2293
2021-05-10,31.9900,32.2254,31.7261,31.7546,9615337,26.1354
2021-05-11,31.8474,31.9401,31.2625,31.6976,8099775,26.0884
2021-05-12,31.4836,31.8046,30.6348,30.7489,9175109,25.3076
2021-05-13,30.6063,31.7546,30.5278,31.6762,10308485,26.3045
2021-05-14,31.7760,32.1969,31.7047,32.1612,8367136,26.7072
2021-05-17,32.0899,32.2753,31.8759,32.1612,10440133,26.7072
2021-05-18,32.0970,32.6177,32.0185,32.5606,11618094,27.0389
2021-05-19,32.4608,32.9101,32.1398,32.4822,21836290,26.9738
2021-05-20,32.4822,32.8317,32.4180,32.6248,7008177,27.0923
2021-05-21,32.7603,32.9101,32.4322,32.6961,7028927,27.1515
2021-05-24,32.8174,33.0029,32.6034,32.8317,7096644,27.2640
2021-05-25,32.8959,32.8959,31.9615,32.0328,7094400,26.6006
2021-05-26,32.0328,32.3894,32.0043,32.2183,8287643,26.7546
2021-05-27,32.4322,32.4322,31.7760,31.8117,11264649,26.4170
2021-05-28,32.0185,32.2896,31.9187,32.1826,6815963,26.7250
2021-06-01,32.0899,32.2825,31.9757,32.1969,7371015,26.7369
2021-06-02,32.2825,32.4679,32.0970,32.2397,5738106,26.7724
2021-06-03,31.2910,32.7389,31.2054,32.6462,10669781,27.1100
2021-06-04,32.5749,32.7318,32.4251,32.5250,5791662,27.0093
2021-06-07,32.5749,32.7532,32.5107,32.7104,4829750,27.1633
2021-06-08,32.7389,32.7889,32.5464,32.6320,5589634,27.0982
2021-06-09,32.7960,33.1312,32.6177,33.0670,5777922,27.4595
2021-06-10,33.3167,33.4950,33.0813,33.3167,7587344,27.6668
2021-06-11,33.2810,33.4665,33.1384,33.4593,6427189,27.7853
2021-06-14,33.5093,33.6163,33.1812,33.6020,6991634,27.9037
2021-06-15,33.6662,33.6947,33.4665,33.6020,9044723,27.9037
2021-06-16,33.5449,33.7803,32.7675,32.9529,8575473,27.3647
2021-06-17,32.9815,33.2382,32.8031,32.8103,6573838,27.2463
2021-06-18,32.7033,32.7318,31.7332,31.7760,16531543,26.3874
2021-06-21,31.7903,32.0542,31.7404,31.8902,7466772,26.4822
2021-06-22,31.8188,31.8973,31.5835,31.6191,5861482,26.2571
2021-06-23,31.5835,31.6120,31.2554,31.4907,5865127,26.1505
2021-06-24,31.5335,31.7047,31.4123,31.5549,4506869,26.2038
2021-06-25,31.4693,31.8973,31.4622,31.8331,5297597,26.4348
2021-06-28,31.9330,32.1184,31.8188,32.0043,4368772,26.5769
2021-06-29,31.9686,32.3894,31.6548,31.7832,5243480,26.3933
2021-06-30,31.7903,31.8973,31.5121,31.6049,5401906,26.2452
2021-07-01,31.7047,32.1612,31.5692,32.0827,4346060,26.6421
2021-07-02,32.1327,32.2325,31.9544,32.1897,3287970,26.7309
2021-07-06,32.0328,32.1113,31.5549,32.0114,5688194,26.5829
2021-07-07,32.0542,32.2325,31.8117,32.1897,4326993,26.7309
2021-07-08,32.0185,32.2254,31.8688,32.0471,4349144,26.6125
2021-07-09,31.9829,32.1755,31.7760,32.0328,4222964,26.6006
2021-07-12,32.0185,32.3110,31.8688,32.2967,5112673,26.8198
2021-07-13,32.2254,32.3110,31.8260,31.9472,3816945,26.5296
2021-07-14,32.0613,32.4465,31.8474,32.1969,5203102,26.7369
2021-07-15,32.0542,32.6605,32.0257,32.6177,6530516,27.0863
2021-07-16,32.6462,33.0243,32.6106,32.8031,5339797,27.2403
2021-07-19,32.7675,32.8531,31.9116,32.3252,11379754,26.8435
2021-07-20,32.4964,33.1098,32.3110,32.8531,6796896,27.2818
2021-07-21,32.7675,33.0100,32.6605,32.6961,5217823,27.1515
2021-07-22,32.7318,32.8887,32.6676,32.8174,4129311,27.2522
2021-07-23,32.9601,33.2739,32.8745,33.1812,3537246,27.5543
2021-07-26,33.1669,33.4451,32.9173,33.1027,6401392,27.4891
2021-07-27,32.9743,33.7803,32.8887,33.6947,5058416,27.9807
2021-07-28,33.6020,33.8017,33.2382,33.5093,5365594,27.8267
2021-07-29,33.6448,33.8730,33.5806,33.7518,4389802,28.0281
2021-07-30,33.6947,33.9658,33.3238,33.3809,5109589,27.7201
2021-08-02,33.5735,33.8088,33.3809,33.5449,5409757,27.8563
2021-08-03,33.8445,33.9301,33.5521,33.7946,6120431,28.0636
2021-08-04,33.6662,33.7874,33.1098,33.3595,5471305,27.7023
2021-08-05,33.4023,34.0728,33.3880,34.0014,5778063,28.2354
2021-08-06,33.9301,34.1512,33.7447,33.9515,4871670,28.1939
2021-08-09,33.8873,33.9515,33.5949,33.8302,3673100,28.0933
2021-08-10,33.8445,34.1084,33.6805,33.9301,4927890,28.1762
2021-08-11,34.0585,34.4223,34.0014,34.3795,5103000,28.5493
2021-08-12,34.2796,34.3581,34.0656,34.2582,5343162,28.6765
2021-08-13,34.3937,34.5221,34.2653,34.4864,3082297,28.8676
2021-08-16,34.5934,35.0214,34.5292,34.6505,8814234,29.0049
2021-08-17,34.4936,34.5292,34.0514,34.4936,6716001,28.8735
2021-08-18,34.4579,34.5506,34.2083,34.3937,7270211,28.7899
2021-08-19,34.4650,35.0214,34.4365,34.8003,5555145,29.1303
2021-08-20,34.7575,35.2496,34.5649,35.2068,9351480,29.4706
2021-08-23,35.0713,35.2710,34.8217,34.9929,5167632,29.2915
2021-08-24,35.0357,35.0357,34.6006,34.8859,4648752,29.2019
2021-08-25,34.8431,34.9929,34.7361,34.8716,6828020,29.1900
2021-08-26,34.9429,34.9501,34.7290,34.7932,3746004,29.1243
2021-08-27,34.8573,35.2425,34.8573,35.0143,5314561,29.3094
2021-08-30,34.9715,35.2496,34.8930,35.1284,4157911,29.4049
2021-08-31,35.0214,35.0856,34.7932,34.9643,8694503,29.2676
2021-09-01,35.0285,35.4351,34.9001,35.3780,5718758,29.6139
2021-09-02,35.3994,35.9058,35.3495,35.7347,7090054,29.9124
2021-09-03,35.4993,35.8060,35.2924,35.5350,4956491,29.7452
2021-09-07,35.4494,35.5991,35.2211,35.3138,6870080,29.5601
2021-09-08,35.3210,36.1056,35.1783,35.9201,7435787,30.0676
2021-09-09,35.7632,36.1056,35.6491,35.8274,6785119,29.9900
2021-09-10,35.9272,36.0485,35.5706,35.5991,8207729,29.7990
2021-09-13,35.9629,36.3695,35.8131,36.0628,9061827,30.1871
2021-09-14,36.3623,36.3623,35.8131,35.9344,8252452,30.0796
2021-09-15,35.9344,36.3338,35.6990,36.2696,10880081,30.3602
2021-09-16,36.1484,36.1840,35.7561,35.7917,8198475,29.9602
2021-09-17,35.8060,36.2126,35.3424,35.5635,18571172,29.7691
2021-09-20,35.4922,35.8131,34.9786,35.4565,8676978,29.6796
2021-09-21,35.4565,35.5278,34.9429,34.9643,6820029,29.2676
2021-09-22,35.1641,35.4351,34.8716,35.2211,6990652,29.4825
2021-09-23,35.2211,35.8559,35.0713,35.4137,5726329,29.6437
2021-09-24,35.2568,35.5563,35.0143,35.1213,5457846,29.3989
2021-09-27,35.1641,35.5207,34.8217,34.8716,6415412,29.1900
2021-09-28,34.6576,34.8573,34.3295,34.3795,7478969,28.7780
2021-09-29,34.4223,34.9001,34.2939,34.6862,7890316,29.0347
2021-09-30,34.6933,34.8573,34.2653,34.4793,9699457,28.8616
2021-10-01,34.5364,34.7361,34.0371,34.0870,7948639,28.5332
2021-10-04,34.0371,34.5578,33.9301,34.4864,10789091,28.8676
2021-10-05,34.6006,34.8716,34.2154,34.4793,8354798,28.8616
2021-10-06,34.3010,35.0428,34.0728,35.0285,7043928,29.3213
2021-10-07,35.0999,35.1854,34.6505,34.7432,6942283,29.0825
2021-10-08,34.7432,34.8787,34.4294,34.4864,4670763,28.8676
2021-10-11,34.5292,34.5292,33.8802,33.9301,4388961,28.4019
2021-10-12,34.0371,34.5649,33.9230,34.4437,6209458,28.8317
2021-10-13,34.5292,35.0357,34.3652,35.0071,7502663,29.3034
2021-10-14,35.1427,35.8274,35.0357,35.7561,8709645,29.9303
2021-10-15,35.8274,36.1341,35.4993,35.5278,8107766,29.7393
2021-10-18,35.2568,35.6277,35.0785,35.5849,5260725,29.7870
2021-10-19,35.7418,35.9344,35.5849,35.8916,4798205,30.0438
2021-10-20,35.8916,36.5763,35.8559,36.5264,5985418,30.5751
2021-10-21,36.2910,36.5621,36.2340,36.4265,4279465,30.4916
2021-10-22,36.5478,36.7404,36.4408,36.5977,4799887,30.6348
2021-10-25,36.5335,36.9686,36.4408,36.7974,4730628,30.8020
2021-10-26,36.9401,37.3039,36.8188,37.1041,5232544,31.0588
2021-10-27,36.9971,37.3039,36.7546,37.0756,5983596,31.0349
2021-10-28,37.0899,37.6605,37.0685,37.6248,7313393,31.4946
2021-10-29,37.5678,38.1883,37.5107,37.9387,9314888,31.7573
2021-11-01,37.8245,38.5378,37.5036,38.4379,8144639,32.1752
2021-11-02,38.4807,38.6448,38.0956,38.3310,8233806,32.0857
2021-11-03,38.5449,39.0157,38.1241,38.5521,7172492,32.2708
2021-11-04,38.5307,38.6448,38.1598,38.5949,8786334,32.3066
2021-11-05,38.6377,38.9800,38.5663,38.6163,6544256,32.3245
2021-11-08,38.5949,38.6876,37.5392,37.8887,7094400,31.7155
2021-11-09,37.9815,38.6662,37.8887,38.5806,7800167,32.2947
2021-11-10,38.5449,38.8802,38.3595,38.8374,5144499,32.5096
2021-11-11,38.7946,39.0442,38.5235,39.0157,6128703,32.6589
2021-11-12,38.7304,39.0656,38.6377,38.8017,7941489,32.7088
2021-11-15,38.8374,39.0799,38.5378,39.0656,4804374,32.9312
2021-11-16,39.0799,39.1298,38.6519,38.6947,5146041,32.6186
2021-11-17,38.6163,38.7161,38.0385,38.2168,9369566,32.2157
2021-11-18,38.1241,38.4237,37.9387,38.1883,6243386,32.1917
2021-11-19,38.2026,38.3738,37.9601,38.2382,6107673,32.2338
2021-11-22,38.2382,38.9444,38.1883,38.4879,6248994,32.4442
2021-11-23,38.3595,38.8659,38.3595,38.7874,4952144,32.6967
2021-11-24,38.7589,38.9872,38.5164,38.8802,4122160,32.7749
2021-11-26,38.7304,38.7447,38.0171,38.1098,4222964,32.1255
2021-11-29,38.3310,38.7660,38.1098,38.6377,5972380,32.5705
2021-11-30,38.4165,38.4593,37.3039,37.6106,14721140,31.7046
2021-12-01,37.9815,38.3310,37.2539,37.2967,8364332,31.4401
2021-12-02,37.5606,38.1669,37.5392,37.7461,10169267,31.8189
2021-12-03,38.0385,38.1241,36.8973,37.6177,11724365,31.7107
2021-12-06,37.9957,38.6020,37.8317,38.1812,8585147,32.1857
2021-12-07,38.1241,38.7161,38.1027,38.4593,9251798,32.4202
2021-12-08,38.6591,38.7447,37.8602,38.1098,7298391,32.1255
2021-12-09,38.0314,38.2097,37.6534,37.9030,7424151,31.9512
2021-12-10,38.1669,38.5093,37.9173,38.4522,6183521,32.4141
2021-12-13,38.3880,38.7874,38.1455,38.6163,10181885,32.5524
2021-12-14,38.4522,38.7589,38.1526,38.4094,6859986,32.3781
2021-12-15,38.5164,39.0585,38.3524,39.0086,6540190,32.8831
2021-12-16,38.9515,39.2154,38.7161,38.7732,9132067,32.6847
2021-12-17,38.3452,38.8160,37.9529,38.1740,17821663,32.1796
2021-12-20,37.7532,38.1598,37.0399,38.0884,9315168,32.1075
2021-12-21,38.4023,38.7233,38.0457,38.4736,6426768,32.4322
2021-12-22,38.3167,38.8445,38.2810,38.7803,6015982,32.6907
2021-12-23,38.8445,39.1512,38.7946,38.8659,4988737,32.7629
2021-12-27,38.8659,39.1298,38.7803,39.0942,2974203,32.9553
2021-12-28,39.1227,39.6862,39.0799,39.6648,4586082,33.4363
2021-12-29,39.8003,40.5777,39.7789,40.4066,6610570,34.0616
2021-12-30,40.4137,41.0200,40.3923,40.9058,8381577,34.4825
2021-12-31,40.5920,41.3766,40.5920,41.1983,5549537,34.7290
2022-01-03,40.7275,40.7703,39.7646,40.7061,14899334,34.3141
2022-01-04,40.3709,41.1056,40.3709,40.6633,12404756,34.2781
2022-01-05,40.6562,41.2411,40.5635,40.6348,13295867,34.2540
2022-01-06,40.5706,40.7418,40.3566,40.4636,7993924,34.1097
2022-01-07,40.4636,40.7917,40.1141,40.3994,11806803,34.0556
2022-01-10,40.4779,40.6776,40.1213,40.5278,12321757,34.1638
2022-01-11,40.4922,40.5421,39.3081,39.6719,13442797,33.4423
2022-01-12,39.5792,39.9786,39.4080,39.9358,12623328,33.6648
2022-01-13,40.2425,40.6063,40.0999,40.2924,14125430,33.9654
2022-01-14,40.2996,40.3923,39.9572,40.1141,10372417,33.8151
2022-01-18,39.5435,40.1070,39.4650,39.9715,14399521,33.6948
2022-01-19,39.9857,40.5706,39.9429,40.2924,12501354,33.9654
2022-01-20,40.5136,41.3195,40.3281,40.6419,11848442,34.2600
2022-01-21,40.8345,40.9772,40.2924,40.4922,13227029,34.1338
2022-01-24,40.6990,40.7917,38.9800,40.0143,14614728,33.7309
2022-01-25,39.6790,40.0000,39.3509,39.5578,11167351,33.3461
2022-01-26,39.6862,40.2996,39.4365,39.7290,11772454,33.4904
2022-01-27,40.0143,40.7632,39.6648,40.0357,15545937,33.7489
2022-01-28,39.8859,40.9201,39.6148,40.8916,11840871,34.4705
2022-01-31,40.4779,41.3695,40.4137,41.3338,13534347,34.8432
2022-02-01,41.1270,41.5193,40.6063,41.2482,10562948,34.7711
2022-02-02,41.0600,43.0900,40.8000,42.8600,29696500,36.1298
2022-02-03,42.1900,44.0200,42.1900,43.7900,25588400,36.9137
2022-02-04,42.6700,43.9000,42.6200,43.5200,17454600,36.6862
2022-02-07,43.1000,43.7400,43.0400,43.6400,14388000,36.7873
2022-02-08,43.8800,44.0200,42.9600,43.0200,14755400,36.2647
2022-02-09,43.1600,43.4900,42.5400,42.6000,10408500,35.9106
2022-02-10,42.2100,42.9100,41.9600,42.0400,11356500,35.4386
2022-02-11,42.1200,42.7400,41.9900,42.1300,11253700,35.5144
2022-02-14,42.2700,42.3500,41.2800,42.2000,13118500,35.5734
2022-02-15,42.3300,42.5100,41.4300,41.7400,10471900,35.1857
2022-02-16,41.9600,42.2900,41.5600,42.0000,9731500,35.4048
2022-02-17,41.8500,42.0100,41.4300,41.7500,7960000,35.1941
2022-02-18,41.9900,41.9900,41.4500,41.6300,8963800,35.0929
2022-02-22,41.7300,41.9600,41.3600,41.6500,11475100,35.1098
2022-02-23,41.7200,41.8900,40.8100,40.9700,8161900,34.5366
2022-02-24,40.8400,41.4000,40.1100,41.3000,11997700,35.1044
2022-02-25,41.3400,42.6800,41.2900,42.6000,7981400,36.2093
2022-02-28,42.1500,42.8500,41.9000,42.5600,13253600,36.1753
2022-03-01,42.0000,42.6500,41.8700,42.2300,8039100,35.8948
2022-03-02,42.3400,43.0300,42.1400,42.7600,7133700,36.3453
2022-03-03,42.8000,43.3100,42.7700,43.1300,7236200,36.6598
2022-03-04,42.8800,44.2800,42.5400,44.2800,9041500,37.6373
2022-03-07,44.1700,44.7300,43.7700,43.8300,10065200,37.2548
2022-03-08,44.1600,44.2900,43.1000,43.4900,8624200,36.9658
2022-03-09,43.7400,43.9200,43.2600,43.5500,8573000,37.0168
2022-03-10,43.3100,43.8100,43.1400,43.6000,9859100,37.0593
2022-03-11,44.2400,44.4000,43.5900,43.6300,6407400,37.0848
2022-03-14,43.7000,44.1200,43.5200,43.5800,6793400,37.0423
2022-03-15,43.8900,44.0200,43.2700,43.7600,6385000,37.1953
2022-03-16,43.6400,44.0900,42.7100,43.4400,8718600,36.9233
2022-03-17,43.4700,43.7500,43.3100,43.4500,7454400,36.9318
2022-03-18,43.3100,43.5300,42.8600,43.2500,13086000,36.7618
2022-03-21,43.2900,43.7100,43.2100,43.6600,8522100,37.1103
2022-03-22,43.8100,43.9900,43.3500,43.6300,5690300,37.0848
2022-03-23,43.6200,44.0100,43.0500,43.7000,7221300,37.1443
2022-03-24,43.8400,44.5700,43.7800,44.4700,4872800,37.7988
2022-03-25,44.4700,45.5500,44.4200,45.5100,5698500,38.6828
2022-03-28,45.5800,46.0300,45.3200,46.0200,9274700,39.1163
2022-03-29,46.0100,47.0200,46.0100,46.9900,8463700,39.9408
2022-03-30,46.9500,47.2500,46.7900,47.2300,6125800,40.1448
2022-03-31,47.4000,48.0300,47.3100,47.6300,8196400,40.4848
2022-04-01,47.6000,47.8300,47.2900,47.6600,10273500,40.5103
2022-04-04,47.7500,47.7900,46.8300,47.3400,6212500,40.2383
2022-04-05,47.3300,48.1800,47.3300,47.8000,8562500,40.6293
2022-04-06,48.0600,49.8400,47.9100,49.7100,12439400,42.2527
2022-04-07,49.5000,50.1300,49.2700,50.0200,13463900,42.5162
2022-04-08,50.1100,50.2900,49.2500,50.1300,6020600,42.6097
2022-04-11,49.9300,50.1400,48.1700,48.2400,7488300,41.0033
2022-04-12,48.1700,48.6700,47.7600,48.0500,7535500,40.8417
2022-04-13,48.0600,48.7200,47.9700,48.6400,7015500,41.3432
2022-04-14,48.8800,49.3500,48.6400,49.0300,6493600,41.6747
2022-04-18,49.0300,49.3800,48.8200,49.2300,5408000,41.8447
2022-04-19,49.3300,49.6000,49.1100,49.5000,4314200,42.0742
2022-04-20,50.1500,50.6600,50.0100,50.2500,6193300,42.7117
2022-04-21,50.0200,50.7100,49.7000,49.7400,5337300,42.2782
2022-04-22,49.6800,49.8600,48.5600,48.6500,7508400,41.3517
2022-04-25,48.6500,48.9500,47.4900,48.7700,6257100,41.4537
2022-04-26,48.3700,49.3400,48.2700,48.4200,4844600,41.1562
2022-04-27,48.5000,48.8500,47.7400,47.7900,6906400,40.6208
2022-04-28,47.8500,48.5000,47.5700,48.3400,6496100,41.0882
2022-04-29,48.1600,48.3000,46.7100,46.7800,7185300,39.7623
2022-05-02,46.8700,47.3000,46.0700,46.6500,6330100,39.6518
2022-05-03,46.8500,47.6300,46.5400,46.6900,4514800,39.6858
2022-05-04,47.2400,47.9500,46.8000,47.9200,8198300,40.7313
2022-05-05,47.6400,47.6800,46.4500,46.9000,7051500,39.8643
2022-05-06,46.8600,47.3200,46.4900,47.0600,10963600,40.0003
2022-05-09,47.0600,47.1900,46.2800,46.7300,6465900,39.7198
2022-05-10,47.2200,48.0100,46.2200,46.7600,8876100,39.7453
2022-05-11,46.7100,48.3600,46.6000,47.6200,9406200,40.4763
2022-05-12,47.3400,47.7000,45.4000,45.8500,12044400,39.2504
2022-05-13,46.1600,46.7700,45.8500,46.7300,5592700,40.0037
2022-05-16,46.8600,47.2600,46.4100,46.8700,4707500,40.1236
2022-05-17,47.0000,47.5600,46.3700,47.5400,5123400,40.6971
2022-05-18,47.6300,47.8900,46.9500,47.1300,6946200,40.3461
2022-05-19,47.0600,47.5200,46.4200,47.3500,5821500,40.5345
2022-05-20,47.3700,47.6200,46.3500,47.1500,6175900,40.3633
2022-05-23,47.8000,48.1500,47.4100,47.8900,4333200,40.9967
2022-05-24,47.9000,49.0200,47.4800,48.8300,6421600,41.8014
2022-05-25,48.8300,49.1900,48.6600,49.0200,5183600,41.9641
2022-05-26,49.0500,49.5000,49.0100,49.1600,5005300,42.0839
2022-05-27,49.0400,49.8600,48.9400,49.8500,5224800,42.6746
2022-05-31,49.4700,49.6800,48.8600,49.1500,12224700,42.0754
2022-06-01,49.5000,49.5000,48.6900,49.1900,4850800,42.1096
2022-06-02,49.4800,49.4900,48.0800,48.9900,5221800,41.9384
2022-06-03,48.7400,49.2000,48.6700,48.7300,4445100,41.7158
2022-06-06,49.1000,49.1400,48.4400,48.5500,4454900,41.5617
2022-06-07,48.5900,49.1300,48.3000,49.0500,4058900,41.9898
2022-06-08,48.9300,49.2300,48.0600,48.1700,5527100,41.2364
2022-06-09,47.9200,48.1500,46.5300,46.6600,5264400,39.9438
2022-06-10,46.1200,46.4200,45.7000,46.0100,6626500,39.3873
2022-06-13,45.2600,45.4400,43.5200,43.6800,8093700,37.3927
2022-06-14,43.8100,43.9100,41.7300,42.3100,9114100,36.2199
2022-06-15,42.6600,43.0400,41.6500,42.2600,7565600,36.1771
2022-06-16,41.5100,41.7300,40.7700,41.2200,7851100,35.2868
2022-06-17,41.3900,41.6100,40.1700,40.9100,14637800,35.0214
2022-06-21,41.2300,41.8900,41.0100,41.6000,6421700,35.6121
2022-06-22,41.2700,42.1700,41.1100,41.6900,5921700,35.6892
2022-06-23,41.9500,42.4200,41.8100,42.2300,4917900,36.1514
2022-06-24,42.3100,43.3600,42.1100,43.2900,7172500,37.0589
2022-06-27,43.2100,44.1600,43.0900,43.8900,4465400,37.5725
2022-06-28,43.9700,44.4100,43.6000,43.8800,5864300,37.5639
2022-06-29,43.9400,44.4700,43.9300,44.3400,4833500,37.9577
2022-06-30,44.1500,45.6600,43.8800,45.3200,10676400,38.7967
2022-07-01,45.2000,46.1300,45.1400,46.0700,7685400,39.4387
2022-07-05,45.8400,45.9000,42.7500,43.6200,8064900,37.3414
2022-07-06,44.1400,44.7100,43.5400,44.2600,4615800,37.8892
2022-07-07,44.8100,45.1300,44.3500,44.3900,4554200,38.0005
2022-07-08,44.5600,44.7000,44.0100,44.2900,3449700,37.9149
2022-07-11,44.2400,44.5400,43.7400,44.4300,3848100,38.0348
2022-07-12,44.3800,44.9700,44.0000,44.2300,3997300,37.8636
2022-07-13,43.6700,44.2600,43.4700,43.6000,4895200,37.3242
2022-07-14,42.8900,44.2200,42.7400,44.1500,4504100,37.7951
2022-07-15,44.3100,44.6000,43.6400,44.2300,4905300,37.8636
2022-07-18,44.3000,44.5200,43.7400,43.7600,3669200,37.4612
2022-07-19,44.2200,44.3500,43.6200,43.7000,7205000,37.4099
2022-07-20,43.9000,44.1200,43.0900,43.1000,8758500,36.8962
2022-07-21,43.1700,43.2900,42.7300,43.2600,6199900,37.0332
2022-07-22,43.4800,44.1000,43.4700,44.0200,4120800,37.6838
2022-07-25,44.1000,44.5600,43.8800,44.4200,3561800,38.0262
2022-07-26,44.6300,44.9700,44.3500,44.7000,4655700,38.2659
2022-07-27,44.5400,44.6700,44.0200,44.4600,7082000,38.0605
2022-07-28,45.0300,46.3000,44.8100,46.2700,8173500,39.6099
2022-07-29,46.0200,46.7500,46.0200,46.4900,4582000,39.7983
2022-08-01,46.4100,46.6000,45.5200,46.1100,5684200,39.4729
2022-08-02,46.2800,46.5200,45.7500,45.8300,5300300,39.2333
2022-08-03,44.2700,44.9900,43.9600,44.3100,10693200,37.9321
2022-08-04,44.4900,45.3700,44.4300,45.0600,6942400,38.5741
2022-08-05,45.0000,45.6000,44.1300,44.7700,11593800,38.3258
2022-08-08,45.3700,45.5300,44.7000,44.9800,3993300,38.5056
2022-08-09,45.1300,45.5800,44.9700,45.4000,4920900,38.8652
2022-08-10,45.5600,45.6800,44.8500,45.5300,4986000,38.9764
2022-08-11,45.5900,46.3000,45.4300,45.7000,4249000,39.1220
2022-08-12,45.5000,46.2600,45.4900,46.1700,4872500,39.8188
2022-08-15,46.0300,46.7500,46.0200,46.7000,4595200,40.2759
2022-08-16,46.6500,47.2300,46.5700,46.6900,5112400,40.2673
2022-08-17,46.4200,46.5400,45.9900,46.2500,5561400,39.8878
2022-08-18,46.3200,46.7100,46.1400,46.3100,6845300,39.9396
2022-08-19,46.2600,46.4900,46.0400,46.1400,7242600,39.7929
2022-08-22,45.9400,46.0300,45.2200,45.3500,3908700,39.1116
2022-08-23,45.2700,45.3600,44.7100,45.0700,7160400,38.8701
2022-08-24,44.9600,45.5400,44.9300,45.4900,8468100,39.2324
2022-08-25,45.6800,45.9400,45.2800,45.8200,7465000,39.5170
2022-08-26,46.0700,46.1400,44.6700,44.7100,7581700,38.5597
2022-08-29,44.3800,45.3700,44.2400,45.0000,5045400,38.8098
2022-08-30,44.9700,45.1100,43.8800,44.0600,4535700,37.9991
2022-08-31,44.0400,44.6900,43.9000,43.9100,8360400,37.8697
2022-09-01,43.7200,44.5900,43.7200,44.4500,5398800,38.3354
2022-09-02,44.7200,45.2700,43.9900,44.0800,6900600,38.0163
2022-09-06,44.2100,44.9100,43.8000,43.8900,5566700,37.8525
2022-09-07,44.1800,45.4900,44.1100,45.1100,10215900,38.9046
2022-09-08,44.8600,45.6800,44.8100,45.3700,7210400,39.1289
2022-09-09,45.7700,46.1300,45.4300,45.8400,6476500,39.5342
2022-09-12,45.9400,46.1900,45.6000,46.1100,7599000,39.7671
2022-09-13,45.6300,45.7300,43.8200,44.0200,7948700,37.9646
2022-09-14,44.0400,44.7100,44.0100,44.3500,6671400,38.2492
2022-09-15,44.0800,44.1000,43.1100,43.2400,5741800,37.2919
2022-09-16,43.2300,43.4100,42.8200,43.2100,12995400,37.2660
2022-09-19,42.9400,43.4000,42.7800,43.3900,6484600,37.4212
2022-09-20,42.9900,43.1700,42.6400,42.7800,6440800,36.8952
2022-09-21,43.0200,43.3600,42.0700,42.1000,6411200,36.3087
2022-09-22,42.0600,42.1100,41.4800,41.6800,6492400,35.9465
2022-09-23,41.1700,41.8900,40.8100,41.6700,8677200,35.9378
2022-09-26,41.6700,41.7000,40.1800,40.5800,6173000,34.9978
2022-09-27,40.7300,41.0000,39.7300,40.1500,8304200,34.6269
2022-09-28,40.3700,40.5700,39.6300,39.6800,10342300,34.2216
2022-09-29,39.4200,39.4700,37.3800,37.7500,14031000,32.5571
2022-09-30,37.9400,38.2300,37.3600,37.4600,9616900,32.3070
2022-10-03,38.2500,38.8400,37.7800,38.4800,10537700,33.1867
2022-10-04,38.7500,40.0400,38.6700,40.0100,12357100,34.5062
2022-10-05,39.2500,39.3600,38.1700,38.7000,9915300,33.3764
2022-10-06,38.5600,38.6700,37.6900,37.7600,7820100,32.5657
2022-10-07,37.6900,37.8400,36.7600,36.9600,7119500,31.8758
2022-10-10,37.1700,37.9200,37.1700,37.8100,11501200,32.6088
2022-10-11,37.7000,38.2400,37.4000,37.4700,8315500,32.3156
2022-10-12,37.5400,37.5500,35.9400,35.9600,7568400,31.0133
2022-10-13,35.4100,37.4200,35.3200,37.2300,9324500,32.1086
2022-10-14,37.5800,37.8500,36.4900,36.5900,6830000,31.5567
2022-10-17,37.3000,37.8500,37.0100,37.1000,7906000,31.9965
2022-10-18,37.5600,38.0500,37.2700,37.5600,7505400,32.3932
2022-10-19,36.9300,37.4600,36.7800,36.8500,6263300,31.7809
2022-10-20,36.6400,36.6700,35.1900,35.5400,10085500,30.6511
2022-10-21,35.7400,36.9900,35.4500,36.7200,11674800,31.6688
2022-10-24,36.9500,37.2600,36.6700,36.8700,5191800,31.7981
2022-10-25,36.8700,37.8700,36.8500,37.7600,7483700,32.5657
2022-10-26,37.8100,38.2900,37.3600,37.6100,13319500,32.4363
2022-10-27,38.0600,38.5500,37.6100,37.7000,9687800,32.5140
2022-10-28,37.7500,38.8100,37.7500,38.7600,7594400,33.4281
2022-10-31,38.7000,38.8600,38.3900,38.5900,6293500,33.2815
2022-11-01,38.9000,39.0100,38.5400,38.7600,5368600,33.4281
2022-11-02,38.4900,39.2700,37.9800,38.0400,8601300,32.8072
2022-11-03,36.1200,37.8000,36.1000,36.9600,14922000,31.8758
2022-11-04,37.1800,37.5300,36.3800,37.1800,12529700,32.0655
2022-11-07,37.4700,37.6300,36.0300,36.6800,11146200,31.6343
2022-11-08,36.6200,37.8200,36.6200,37.7100,11552300,32.5226
2022-11-09,37.5700,38.2700,37.5400,37.6900,11904400,32.5053
2022-11-10,38.9900,39.1100,38.1900,39.0000,8648400,33.6351
2022-11-11,39.1600,39.3700,38.4600,39.1100,7487800,33.7300
2022-11-14,39.0000,39.0700,38.0300,38.0600,6592300,33.1106
2022-11-15,38.4200,38.8300,37.7800,38.2400,6885600,33.2672
2022-11-16,38.3100,38.7200,38.0300,38.0600,5964000,33.1106
2022-11-17,37.6600,37.8800,37.2400,37.4800,5340700,32.6060
2022-11-18,37.8400,38.7300,37.6000,38.5800,7599100,33.5630
2022-11-21,38.5100,38.8300,38.3500,38.7000,5784300,33.6674
2022-11-22,39.0500,39.5200,38.9200,39.4500,7653600,34.3198
2022-11-23,39.3000,39.8800,39.2100,39.8700,6215600,34.6852
2022-11-25,39.9800,40.2700,39.9400,40.0700,3381200,34.8592
2022-11-28,40.0300,40.4100,39.8300,40.2300,10027700,34.9984
2022-11-29,40.0100,40.1100,39.6100,40.0000,7992500,34.7983
2022-11-30,39.9500,41.3900,39.8900,41.3700,13045600,35.9902
2022-12-01,41.6600,42.0400,41.1800,41.5300,7897000,36.1293
2022-12-02,41.1800,41.4700,40.7900,41.4500,5736200,36.0598
2022-12-05,41.1800,41.7900,41.0700,41.7500,8675600,36.3207
2022-12-06,41.7600,43.0000,41.7600,42.8700,19809300,37.2951
2022-12-07,42.8700,42.9400,42.1300,42.3100,14466700,36.8079
2022-12-08,42.2200,42.3800,41.5700,41.7700,9186700,36.3381
2022-12-09,41.8300,42.0800,41.4100,41.4200,5334200,36.0336
2022-12-12,41.5900,42.5300,41.1800,42.5000,5326100,36.9732
2022-12-13,43.2900,43.5100,42.1900,42.5400,8747600,37.0080
2022-12-14,42.6900,43.6500,42.4700,42.8200,7271200,37.2516
2022-12-15,42.7000,42.7900,41.9900,42.3800,6088400,36.8688
2022-12-16,41.8500,42.0200,40.8400,41.9300,18680200,36.4773
2022-12-19,41.8200,42.3200,41.5800,41.7700,6261000,36.3381
2022-12-20,41.7800,42.3300,41.4300,42.0600,7406600,36.5904
2022-12-21,42.3600,42.7200,42.2000,42.6300,4721800,37.0863
2022-12-22,42.4000,42.5500,41.8600,42.5200,6052400,36.9906
2022-12-23,42.4800,43.0800,42.3800,43.0400,3317900,37.4430
2022-12-27,43.1700,43.2700,42.8600,43.1500,6136100,37.5387
2022-12-28,43.2500,43.4900,42.8500,42.9400,3852600,37.3560
2022-12-29,43.1700,43.4600,43.0400,43.1300,3207500,37.5213
2022-12-30,43.1400,43.3100,42.8500,43.2300,6185300,37.6083
2023-01-03,43.2500,43.3500,42.4300,43.1600,5156700,37.5474
2023-01-04,43.3900,43.9600,43.2200,43.7300,4379600,38.0432
2023-01-05,43.4100,43.4800,42.2900,42.7800,8060600,37.2168
2023-01-06,43.2400,43.9200,43.1400,43.6700,6971900,37.9910
2023-01-09,43.5800,44.3700,43.3400,44.1500,9541700,38.4086
2023-01-10,43.8600,44.0600,43.1700,43.6900,4502800,38.0084
2023-01-11,43.6800,44.2400,43.5700,44.1400,5144200,38.3999
2023-01-12,44.0100,44.1000,43.2900,43.3800,6937200,37.7388
2023-01-13,43.1300,43.5400,42.8900,43.3800,5776500,37.7388
2023-01-17,43.2400,43.4800,42.9800,43.1600,4599700,37.5474
2023-01-18,43.1600,43.2500,42.1200,42.2300,4586900,36.7383
2023-01-19,42.1800,42.2500,41.6800,42.0400,5570900,36.5730
2023-01-20,42.0000,42.3900,41.4600,42.3400,5209700,36.8340
2023-01-23,42.0900,42.3900,41.7400,41.8200,4702700,36.3816
2023-01-24,41.8600,41.9600,41.2400,41.5100,3871400,36.1119
2023-01-25,41.2200,41.5600,40.9500,41.4200,5448600,36.0336
2023-01-26,41.3600,41.6900,41.1900,41.6000,3704400,36.1902
2023-01-27,41.5100,41.8100,41.2800,41.6900,4773100,36.2685
2023-01-30,41.5800,42.2800,41.4900,41.7500,3836300,36.3207
2023-01-31,41.8500,42.2500,41.6100,42.1900,5133800,36.7035
2023-02-01,41.9100,42.6000,41.6400,42.3000,6373800,36.7992
2023-02-02,42.1900,42.9500,41.7900,41.8900,9351000,36.4425
2023-02-03,41.5200,41.6000,40.0900,40.9000,6980200,35.5813
2023-02-06,40.8800,41.0400,40.2900,40.9600,6949200,35.6335
2023-02-07,40.8400,41.0200,40.3000,40.8200,5374200,35.5117
2023-02-08,40.4800,40.5000,39.9000,40.2400,6619000,35.0071
2023-02-09,40.2700,40.5500,39.6900,39.9900,6727800,34.7896
2023-02-10,40.1700,40.7600,39.8900,40.7100,8818000,35.4160
2023-02-13,40.7200,41.1900,40.6500,41.1900,5163700,35.8336
2023-02-14,41.8200,42.7900,41.5200,42.0300,8258600,36.5643
2023-02-15,41.7800,42.8200,41.7100,42.6700,8479400,37.1211
2023-02-16,42.2700,42.7800,41.8900,42.4900,6338900,36.9645
2023-02-17,42.9400,43.3400,42.5200,43.0500,9366900,37.4517
2023-02-21,42.6800,42.8800,42.0800,42.2300,6675900,36.7383
2023-02-22,42.1300,42.5200,41.6900,41.8400,6907200,36.3990
2023-02-23,41.8400,41.9600,41.4600,41.8400,5860900,36.3990
2023-02-24,41.1000,41.4200,40.9100,41.3200,7671700,36.2586
2023-02-27,41.5500,42.2200,41.3400,41.4300,5390100,36.3552
2023-02-28,41.2700,41.3800,40.3400,40.3900,22622100,35.4425
2023-03-01,40.0700,40.1900,39.4900,39.7500,7707800,34.8809
2023-03-02,39.6300,40.4100,39.5300,40.3800,8843800,35.4338
2023-03-03,40.4900,41.4200,40.3200,41.3800,7547100,36.3113
2023-03-06,41.4500,41.6300,41.0300,41.4900,6484400,36.4078
2023-03-07,41.6400,41.8300,40.6100,41.0000,8039500,35.9778
2023-03-08,41.0400,41.3600,40.7600,41.2500,4665600,36.1972
2023-03-09,41.3200,41.6100,40.5000,40.5900,5046400,35.6181
2023-03-10,40.8000,40.9000,39.8400,40.1800,6166200,35.2583
2023-03-13,40.0800,41.5200,40.0000,41.3900,10910900,36.3200
2023-03-14,41.6300,41.7500,40.8900,41.3400,7436100,36.2762
2023-03-15,41.0300,42.1300,40.6600,41.8400,10791200,36.7149
2023-03-16,41.5800,42.1900,41.2000,42.1500,8506700,36.9870
2023-03-17,42.0300,42.2600,41.3500,42.1400,28178200,36.9782
2023-03-20,42.1400,42.3900,41.7800,41.8200,12383300,36.6974
2023-03-21,41.9500,42.0300,40.2400,40.6800,10248800,35.6970
2023-03-22,40.3400,40.7900,39.6600,39.6800,9537200,34.8195
2023-03-23,39.6400,40.3000,38.9800,39.2000,8451800,34.3983
2023-03-24,39.1300,40.2500,39.0600,40.2400,6985000,35.3109
2023-03-27,40.4700,40.9100,40.4000,40.5200,5372000,35.5566
2023-03-28,40.5400,41.2300,40.4500,40.8200,6953400,35.8199
2023-03-29,40.9300,41.3600,40.9200,41.1500,6126600,36.1095
2023-03-30,41.4200,41.9100,41.2200,41.4500,5341200,36.3727
2023-03-31,41.5500,41.9300,41.3500,41.8900,5378200,36.7588
2023-04-03,41.8100,42.1700,41.4400,41.8100,5013200,36.6886
2023-04-04,41.7600,42.0700,41.6100,41.8600,4131800,36.7325
2023-04-05,42.0100,43.0800,42.0100,42.9300,7595100,37.6714
2023-04-06,43.1300,43.3300,42.7700,43.0600,8745500,37.7855
2023-04-10,42.9300,43.2800,42.4300,43.2600,5005600,37.9610
2023-04-11,43.3500,43.4300,43.0700,43.2600,4589300,37.9610
2023-04-12,43.3000,43.5000,42.9600,43.0800,7717300,37.8030
2023-04-13,42.9500,43.0300,41.9500,42.8900,12061400,37.6363
2023-04-14,42.4200,42.6000,41.9200,42.1300,6651200,36.9694
2023-04-17,42.3200,42.7200,42.2000,42.6700,5737300,37.4433
2023-04-18,42.8000,43.0400,42.5800,42.8500,4393600,37.6012
2023-04-19,42.7500,43.1100,42.7500,43.0400,3377000,37.7679
2023-04-20,43.0800,43.1400,42.6600,43.0000,4304800,37.7328
2023-04-21,43.2200,43.3200,42.8300,43.2200,4430100,37.9259
2023-04-24,43.1900,43.6200,42.8200,43.4500,4687400,38.1277
2023-04-25,43.3000,43.7100,43.3000,43.6100,3007200,38.2681
2023-04-26,43.3200,43.5400,42.6100,42.7900,5213800,37.5486
2023-04-27,42.9200,43.2700,42.6300,42.7800,6959400,37.5398
2023-04-28,42.7800,43.0300,42.3700,42.4400,11350500,37.2414
2023-05-01,42.4500,43.4000,42.3900,43.1800,8188500,37.8908
2023-05-02,43.1600,43.3500,42.3800,42.5700,6183900,37.3555
2023-05-03,42.8700,43.2300,42.2000,42.3300,6138800,37.1449
2023-05-04,42.4200,43.0700,41.5300,42.5600,6322000,37.3467
2023-05-05,42.5800,43.0500,42.4800,42.8500,3849800,37.6012
2023-05-08,42.8700,43.3300,42.6300,42.7700,4748600,37.5310
2023-05-09,42.6000,42.8100,42.1900,42.6200,5559000,37.3994
2023-05-10,42.7600,43.0500,42.4300,42.9200,5421000,37.6626
2023-05-11,42.8400,43.0200,42.2300,42.4800,5803400,37.2765
2023-05-12,42.4300,42.6900,41.4300,41.7500,8934200,36.9491
2023-05-15,42.0000,42.0000,40.4400,40.7600,6569300,36.0729
2023-05-16,40.7600,40.8100,39.3300,39.3700,8434600,34.8428
2023-05-17,39.3500,39.8000,39.0500,39.2600,6907300,34.7454
2023-05-18,39.1000,39.4500,38.8800,39.3900,6997500,34.8605
2023-05-19,39.4400,40.0000,39.4100,39.8700,11999300,35.2853
2023-05-22,40.1600,40.4700,39.7700,40.1200,6120700,35.5065
2023-05-23,40.1100,40.7600,39.8500,40.4400,13712000,35.7897
2023-05-24,40.5400,40.6600,40.0800,40.1500,4638900,35.5331
2023-05-25,39.7600,39.9200,39.1600,39.5100,7033000,34.9667
2023-05-26,39.4700,39.4700,38.8000,39.3900,5801900,34.8605
2023-05-30,39.3900,39.7400,39.2500,39.3400,8406300,34.8162
2023-05-31,39.3400,39.7500,38.9600,39.6500,8580200,35.0906
2023-06-01,39.8700,39.8700,39.2000,39.4800,7079300,34.9401
2023-06-02,39.3100,40.0200,39.0000,39.6900,6612200,35.1260
2023-06-05,39.7300,40.3200,39.7000,39.9800,4107800,35.3826
2023-06-06,40.0900,40.2100,39.7200,39.7500,6981200,35.1791
2023-06-07,39.8500,40.5000,39.5300,40.3400,7281100,35.7012
2023-06-08,39.8500,40.3400,39.7400,40.1300,8726400,35.5154
2023-06-09,40.2000,40.3500,39.8900,40.0800,5851000,35.4711
2023-06-12,40.0900,40.1800,39.7300,39.9100,4738300,35.3207
2023-06-13,39.9100,40.0800,39.6300,39.8000,6149900,35.2233
2023-06-14,40.0000,40.3400,39.8500,40.1200,5336000,35.5065
2023-06-15,40.3900,40.9100,40.2500,40.8200,5717300,36.1260
2023-06-16,40.8600,41.4300,40.7900,41.2100,9595000,36.4712
2023-06-20,41.2100,41.2300,40.6900,40.7400,5585900,36.0552
2023-06-21,40.5400,40.9200,40.0100,40.9100,4536600,36.2057
2023-06-22,40.9700,41.1000,40.3800,40.5400,3243600,35.8782
2023-06-23,40.6500,40.7900,39.8400,39.8700,6851200,35.2853
2023-06-26,40.0900,40.7500,39.9100,40.5700,4784100,35.9048
2023-06-27,40.6400,40.9500,40.4700,40.8200,6876700,36.1260
2023-06-28,40.7100,40.7600,39.9400,40.0900,4246900,35.4800
2023-06-29,39.8000,40.3200,39.6700,40.1100,4549000,35.4977
2023-06-30,40.4100,40.8900,40.3900,40.7400,5990700,36.0552
2023-07-03,40.6200,41.1000,40.4500,41.0500,2197600,36.3296
2023-07-05,40.9400,41.7000,40.8700,41.4800,6694300,36.7101
2023-07-06,41.1100,41.1600,40.6700,41.0600,4484900,36.3384
2023-07-07,41.1600,41.2300,40.7900,40.9600,5644200,36.2499
2023-07-10,41.1000,41.3000,40.7000,40.9800,5716300,36.2676
2023-07-11,41.1100,41.7400,41.0100,41.7100,3841800,36.9137
2023-07-12,41.7000,42.3000,41.4600,42.0500,6163800,37.2146
2023-07-13,41.8800,42.2500,41.7900,42.1800,4729300,37.3296
2023-07-14,42.0800,42.2000,41.5900,42.0200,3915000,37.1880
2023-07-17,42.0000,42.0900,41.5600,41.7800,5080800,36.9756
2023-07-18,41.7300,42.0200,40.8500,41.2800,7124500,36.5331
2023-07-19,41.3600,42.0300,41.3100,41.5100,5667700,36.7367
2023-07-20,41.8100,42.3400,41.4800,42.0100,5578100,37.1792
2023-07-21,42.2700,42.8100,42.0100,42.5500,16583800,37.6571
2023-07-24,42.7100,42.9700,42.4700,42.8300,4607600,37.9049
2023-07-25,42.6800,43.2000,42.6700,43.0200,3928500,38.0730
2023-07-26,42.9800,43.5300,42.8800,43.2000,3553500,38.2323
2023-07-27,43.1200,43.2800,41.8500,41.9600,5815600,37.1349
2023-07-28,42.0800,42.3400,41.5300,41.7000,8594800,36.9048
2023-07-31,41.5000,42.0800,41.3400,41.8600,6893200,37.0464
2023-08-01,41.8100,42.0100,41.4500,41.4700,5352700,36.7013
2023-08-02,41.1700,41.6500,41.0300,41.5000,6935800,36.7278
2023-08-03,41.1500,41.2500,40.4300,40.5000,4357800,35.8428
2023-08-04,40.7300,40.9700,39.5500,39.9200,4777700,35.3295
2023-08-07,39.8400,40.2400,39.8400,39.9700,5013300,35.3738
2023-08-08,39.7700,40.1200,39.4900,40.0800,5565500,35.4711
2023-08-09,40.0300,40.5200,39.8800,40.2500,5648500,35.6216
2023-08-10,40.4200,40.6200,40.1200,40.1900,4205000,35.5685
2023-08-11,40.2600,40.6400,40.0700,40.5100,3302700,35.8517
2023-08-14,40.1200,40.2200,39.8300,40.0800,3798500,35.7892
2023-08-15,39.8700,39.8800,39.5100,39.5900,3716900,35.3516
2023-08-16,39.7600,39.8900,39.6000,39.8100,5557200,35.5481
2023-08-17,39.8800,40.3100,39.7900,39.9600,4263700,35.6820
2023-08-18,40.0800,40.2600,39.9100,40.0100,5361800,35.7267
2023-08-21,40.0100,40.0500,39.4000,39.7400,6239800,35.4856
2023-08-22,39.7500,40.1500,39.6400,40.0000,3982500,35.7177
2023-08-23,40.4000,40.4300,40.0800,40.2500,3236600,35.9410
2023-08-24,40.3100,40.9000,40.0300,40.0800,3766200,35.7892
2023-08-25,40.1200,40.5800,40.0700,40.3000,3412900,35.9856
2023-08-28,40.4900,40.6300,40.1700,40.2500,3167000,35.9410
2023-08-29,40.3000,40.6900,40.2100,40.5000,3606000,36.1642
2023-08-30,40.4200,40.6700,40.2700,40.4200,2260000,36.0928
2023-08-31,40.4900,40.6000,40.1200,40.1200,8455200,35.8249
2023-09-01,40.3500,40.4700,39.6200,39.9900,3931300,35.7088
2023-09-05,39.9900,40.0000,39.1800,39.5100,3584100,35.2802
2023-09-06,39.5600,39.9000,39.4700,39.8600,5607400,35.5927
2023-09-07,40.2300,40.9500,40.1000,40.5700,4917900,36.2267
2023-09-08,40.6600,40.9300,40.4600,40.5800,4545800,36.2356
2023-09-11,40.5800,41.1000,40.5400,40.5800,3597000,36.2356
2023-09-12,40.5000,40.6500,40.2300,40.5600,5485900,36.2178
2023-09-13,40.6400,41.3200,40.6300,41.1300,4013700,36.7268
2023-09-14,41.3600,41.9300,41.2900,41.8400,3764700,37.3607
2023-09-15,41.8800,42.1600,41.5900,41.6500,10297200,37.1911
2023-09-18,41.7800,41.8200,41.2200,41.4900,3536300,37.0482
2023-09-19,41.4100,41.4800,40.9600,41.0700,4230600,36.6732
2023-09-20,41.3300,41.3700,40.7600,40.8300,4908800,36.4589
2023-09-21,40.7700,41.1000,40.4500,40.4600,6719900,36.1285
2023-09-22,40.4600,40.5600,39.8600,40.2100,3759900,35.9053
2023-09-25,40.0400,40.3200,39.7500,40.3000,3849300,35.9856
2023-09-26,40.0900,40.1000,39.0900,39.1500,5592700,34.9587
2023-09-27,39.1200,39.2300,38.5500,38.8000,5320900,34.6462
2023-09-28,38.8200,38.9200,37.7800,37.8800,6134000,33.8247
2023-09-29,38.0800,38.4000,37.5100,37.7900,6834100,33.7443
2023-10-02,37.5900,37.6500,36.2800,36.6100,9033600,32.6907
2023-10-03,36.2000,37.1800,35.7100,37.0500,8591300,33.0836
2023-10-04,37.0400,37.5000,36.6900,37.4100,6822900,33.4050
2023-10-05,37.3900,37.5300,36.8000,37.4100,5266400,33.4050
2023-10-06,37.0800,38.1700,36.3500,38.0800,6224100,34.0033
2023-10-09,38.1000,38.7400,38.0200,38.7000,5558200,34.5569
2023-10-10,38.6100,39.3300,38.6100,39.2800,4880800,35.0748
2023-10-11,39.4500,40.1700,39.2500,40.0400,6456800,35.7534
2023-10-12,39.8900,40.1700,39.3300,39.8300,4770500,35.5659
2023-10-13,40.1600,40.6700,39.8400,39.9500,6173800,35.6731
2023-10-16,40.1500,40.3400,39.7300,40.1700,6931700,35.8695
2023-10-17,39.8800,40.2200,39.6500,40.0600,5631800,35.7713
2023-10-18,40.0500,40.2400,39.6400,39.9100,4937800,35.6374
2023-10-19,39.7700,40.3700,39.6500,39.7700,4372400,35.5124
2023-10-20,39.6700,40.0400,39.2800,39.3000,5034700,35.0927
2023-10-23,38.6200,38.8900,37.9000,38.4000,6526400,34.2890
2023-10-24,38.8200,39.2500,38.7500,38.8600,5210600,34.6998
2023-10-25,38.8200,39.3300,38.7900,39.0000,5973400,34.8248
2023-10-26,39.1600,39.8000,39.1000,39.1500,6967700,34.9587
2023-10-27,39.0100,39.1700,38.2200,38.4300,5213100,34.3158
2023-10-30,38.5500,38.9300,38.2200,38.4500,5177900,34.3337
2023-10-31,38.5100,38.9700,38.4200,38.9400,5971300,34.7712
2023-11-01,39.0100,39.8300,38.7600,39.5300,7721800,35.2980
2023-11-02,39.8700,41.0900,39.4900,40.7000,6467900,36.3428
2023-11-03,41.3100,41.4800,40.5400,40.5600,5902900,36.2178
2023-11-06,40.4600,40.7200,39.9900,40.0200,6858400,35.7356
2023-11-07,40.0200,40.0600,39.6300,39.7400,5491100,35.4856
2023-11-08,39.5700,39.6800,39.0900,39.5800,5553300,35.3427
2023-11-09,39.6700,39.9800,39.2300,39.2500,3867500,35.0480
2023-11-10,39.5000,39.6000,39.1000,39.4300,4495800,35.2088
2023-11-13,39.2800,39.4700,38.7600,38.8000,5511300,34.6462
2023-11-14,39.2000,39.7900,39.1400,39.5900,6434700,35.6827
2023-11-15,39.4300,40.1900,39.3700,39.6700,6703800,35.7548
2023-11-16,40.0300,40.3600,39.4200,39.4800,10366500,35.5836
2023-11-17,39.7000,39.7200,38.8900,38.9500,10869000,35.1059
2023-11-20,38.9100,39.2400,38.5500,39.0800,7680200,35.2230
2023-11-21,38.9400,39.0700,38.3500,38.8800,5053400,35.0428
2023-11-22,38.9800,39.0700,38.6200,38.8600,6251000,35.0247
2023-11-24,38.9300,39.2400,38.7400,39.1900,2523100,35.3222
2023-11-27,39.1900,39.2600,38.8500,39.1400,6884700,35.2771
2023-11-28,39.1900,39.5700,38.9300,39.1600,5652500,35.2951
2023-11-29,39.2700,39.3300,38.2500,38.3900,5268300,34.6011
2023-11-30,38.4100,38.6000,38.1700,38.5100,11572700,34.7093
2023-12-01,38.5800,39.0100,38.2200,38.9900,7382800,35.1419
2023-12-04,38.7700,39.0100,38.5500,38.7300,8158300,34.9076
2023-12-05,38.7900,38.8000,38.2100,38.5000,7114900,34.7003
2023-12-06,38.7400,39.4500,38.6300,39.4100,7815800,35.5205
2023-12-07,39.5200,39.8800,39.1500,39.3400,7687100,35.4574
2023-12-08,39.3700,39.3800,38.9800,39.2100,7433400,35.3402
2023-12-11,39.3500,39.6300,39.1000,39.5200,7793000,35.6196
2023-12-12,39.6600,39.6600,39.1800,39.4400,5695700,35.5475
2023-12-13,39.4900,41.0800,39.3400,41.0000,7994500,36.9535
2023-12-14,41.2200,41.4300,37.4600,37.9000,26399000,34.1595
2023-12-15,37.4400,37.5000,35.3200,35.4900,38846600,31.9874
2023-12-18,35.3900,35.5900,34.2200,34.4500,23411000,31.0500
2023-12-19,34.4300,35.4200,34.0500,35.4100,16414300,31.9152
2023-12-20,35.4500,35.6000,34.8100,34.8100,10523500,31.3745
2023-12-21,34.9200,35.2500,34.8100,35.0700,8332500,31.6088
2023-12-22,35.2400,35.8200,35.2000,35.2600,5795200,31.7800
2023-12-26,35.1900,35.6300,35.1800,35.5300,3900300,32.0234
2023-12-27,35.5600,35.6600,35.1000,35.4100,6882000,31.9152
2023-12-28,35.4000,35.9900,35.3400,35.8500,5832800,32.3118
2023-12-29,35.7000,35.9500,35.5700,35.9000,4634200,32.3569
2024-01-02,35.7500,36.6700,35.5800,36.4700,7584600,32.8706
2024-01-03,36.5300,36.6700,35.9000,36.1800,6784000,32.6092
2024-01-04,36.0900,36.3200,35.9700,36.0200,5443600,32.4650
2024-01-05,35.9100,36.5000,35.7400,36.3100,4980000,32.7264
2024-01-08,36.0500,36.7400,35.9500,36.6900,6027200,33.0689
2024-01-09,36.4700,36.5900,36.2300,36.4400,6096200,32.8436
2024-01-10,36.6300,36.7800,36.4000,36.6400,5345800,33.0239
2024-01-11,36.4100,36.5700,35.9800,36.2100,6882000,32.6363
2024-01-12,36.5000,36.5900,36.0500,36.0700,4096900,32.5101
2024-01-16,35.9100,35.9900,35.4600,35.7000,7465100,32.1766
2024-01-17,35.5100,36.0600,35.2800,35.5900,7004100,32.0775
2024-01-18,35.3600,35.4400,34.8800,35.3000,6258100,31.8161
2024-01-19,35.1900,35.3900,34.8100,35.0400,9295200,31.5818
2024-01-22,34.9400,35.3800,34.6600,34.8600,5031600,31.4195
2024-01-23,34.9100,35.1200,34.5100,34.7500,6110200,31.3204
2024-01-24,34.8500,34.9900,34.0300,34.0800,7287600,30.7165
2024-01-25,34.4300,34.9000,34.0800,34.9000,12960400,31.4556
2024-01-26,34.9100,35.0300,34.6600,35.0100,6182300,31.5547
2024-01-29,34.9700,35.3000,34.6600,35.2900,5454500,31.8071
2024-01-30,35.0100,35.1500,34.6500,35.0500,6400500,31.5908
2024-01-31,35.2300,35.3000,34.5300,34.8100,13440600,31.3745
2024-02-01,34.8100,35.0600,34.4600,35.0200,5605700,31.5637
2024-02-02,34.7000,34.7000,33.9400,34.3500,5819500,30.9599
2024-02-05,33.9400,34.2300,33.5800,33.6200,6336100,30.3019
2024-02-06,33.6200,34.1500,33.4600,33.9100,6444500,30.5633
2024-02-07,34.1100,34.2600,33.6600,34.1000,6946600,30.7345
2024-02-08,33.9800,33.9800,33.5300,33.7500,5935400,30.4191
2024-02-09,33.6400,33.9000,33.3500,33.8400,6520400,30.5002
2024-02-12,33.7900,34.5000,33.5800,34.3800,7862500,30.9869
2024-02-13,34.4200,34.6600,33.5000,34.1900,9168800,30.8156
2024-02-14,34.2500,34.4900,34.0400,34.1200,6822200,30.7526
2024-02-15,34.3100,34.9400,34.3000,34.8600,5052500,31.4195
2024-02-16,34.7600,35.1400,34.4300,34.9100,7831000,31.4646
2024-02-20,34.9000,35.3400,34.6800,34.7300,6695100,31.3024
2024-02-21,35.6800,36.4600,35.5000,36.2100,12104100,32.6363
2024-02-22,36.0300,36.2000,35.3800,36.0300,7518300,32.4741
2024-02-23,35.8800,36.4100,35.8600,36.1300,4552300,32.5642
2024-02-26,36.0700,36.0700,35.2900,35.6300,6997400,32.1135
2024-02-27,35.8800,36.4000,35.7300,36.2100,6158500,32.6363
2024-02-28,36.0500,36.3300,35.6700,35.8000,5618800,32.2668
2024-02-29,35.9400,36.2800,35.6200,35.8400,11354100,32.3028
2024-03-01,35.2200,35.6200,34.9800,35.4900,4949000,32.3301
2024-03-04,35.3400,36.2800,35.2700,36.2000,5248600,32.9769
2024-03-05,36.2500,36.9900,36.1300,36.2700,9773800,33.0407
2024-03-06,36.3200,36.7300,36.3200,36.6700,5743400,33.4051
2024-03-07,37.0000,37.2600,36.7000,36.8300,5659300,33.5508
2024-03-08,37.0000,37.0800,36.5300,36.9600,6904700,33.6693
2024-03-11,37.0900,37.3900,36.7400,37.1900,5064000,33.8788
2024-03-12,37.0000,37.1100,36.7800,37.0100,11600300,33.7148
2024-03-13,37.2100,37.4200,36.9500,36.9900,8789100,33.6966
2024-03-14,36.9500,37.0800,36.3700,36.5700,9924900,33.3140
2024-03-15,36.5500,36.9300,36.2100,36.4800,17634800,33.2320
2024-03-18,36.5400,36.9800,36.3800,36.6000,7371100,33.3413
2024-03-19,36.5100,37.0000,36.5000,36.8100,6947300,33.5326
2024-03-20,36.6300,37.1300,36.3500,36.5600,5654600,33.3049
2024-03-21,36.6400,37.1800,36.5300,37.0300,6612800,33.7330
2024-03-22,37.2800,37.2800,36.6800,36.7000,5160900,33.4324
2024-03-25,36.7500,36.9600,36.5700,36.8500,5381600,33.5690
2024-03-26,36.7700,36.9600,36.5200,36.5600,5883000,33.3049
2024-03-27,36.8500,37.3200,36.7700,37.3100,7988300,33.9881
2024-03-28,37.2300,37.7000,37.1800,37.5700,5855300,34.2249
2024-04-01,37.7000,37.7000,37.0600,37.2300,4857000,33.9152
2024-04-02,37.0700,37.6800,37.0500,37.5800,7306800,34.2341
2024-04-03,37.6200,37.6900,37.2000,37.2100,4792200,33.8970
2024-04-04,37.5600,37.6500,36.9500,37.2200,4348600,33.9061
2024-04-05,36.9800,37.4500,36.5100,37.3400,3957500,34.0154
2024-04-08,37.3500,37.8100,37.2400,37.7800,5059100,34.4162
2024-04-09,37.9000,37.9900,37.7000,37.8700,3782700,34.4982
2024-04-10,37.2100,37.2100,36.6300,36.9100,5370200,33.6237
2024-04-11,37.1100,37.2900,36.5800,36.8000,4696900,33.5235
2024-04-12,36.8000,36.9600,36.1900,36.4800,4985000,33.2320
2024-04-15,36.7800,36.8300,36.0700,36.2700,3752500,33.0407
2024-04-16,36.3000,36.3500,35.7500,35.7500,5114400,32.5670
2024-04-17,35.9000,36.5200,35.9000,36.4200,4716900,33.1773
2024-04-18,36.6200,36.7400,36.2800,36.6800,4395500,33.4142
2024-04-19,36.7700,37.6500,36.5000,37.5500,6126500,34.2067
2024-04-22,37.6100,37.9500,37.2200,37.6700,5174400,34.3160
2024-04-23,37.4400,37.9500,37.3200,37.5600,5700300,34.2158
2024-04-24,36.8500,37.9000,36.8000,37.7700,5061400,34.4071
2024-04-25,37.9700,38.0400,37.2100,37.6600,3958500,34.3069
2024-04-26,37.4200,37.6000,37.2600,37.3200,5439500,33.9972
2024-04-29,37.5600,37.7500,37.4300,37.7200,3301800,34.3616
2024-04-30,37.4600,37.8000,37.0300,37.5800,6200200,34.2341
2024-05-01,37.2900,38.2000,37.2600,37.8400,7489100,34.4709
2024-05-02,38.4500,38.4500,37.3300,37.8900,5575100,34.5164
2024-05-03,38.0900,38.1500,36.9600,37.4100,6774400,34.0792
2024-05-06,37.4700,37.6000,37.0800,37.5500,5850300,34.2067
2024-05-07,37.6800,37.9300,37.2900,37.9100,9499800,34.5347
2024-05-08,37.8400,38.0100,37.5700,37.8200,7411600,34.4527
2024-05-09,37.8000,38.3500,37.7200,38.3300,5308600,34.9173
2024-05-10,37.9500,38.0900,37.5400,37.6700,8898300,34.6597
2024-05-13,37.8800,38.2900,37.8200,38.1300,8883400,35.0829
2024-05-14,38.4000,38.5100,38.1300,38.4000,10192100,35.3313
2024-05-15,38.6900,38.9900,38.5600,38.7300,5570800,35.6349
2024-05-16,38.7300,38.9700,38.4700,38.6200,5369900,35.5337
2024-05-17,38.5900,38.7300,38.3200,38.5800,6088700,35.4969
2024-05-20,38.6900,38.6900,38.3500,38.4600,4560500,35.3865
2024-05-21,38.4200,38.7600,38.2700,38.5200,7711100,35.4417
2024-05-22,38.4100,38.5700,37.8300,37.9000,7480200,34.8713
2024-05-23,37.7400,37.8000,36.9900,37.0300,4691100,34.0708
2024-05-24,37.0000,37.1100,36.6500,36.6900,4187700,33.7580
2024-05-28,36.6800,37.1700,36.6100,36.7800,5891500,33.8408
2024-05-29,36.4300,36.6200,36.1300,36.1800,5635700,33.2887
2024-05-30,36.3000,36.7800,36.2000,36.7300,5189100,33.7948
2024-05-31,36.8500,37.6000,36.7700,37.5500,12030100,34.5492
2024-06-03,37.5500,37.5800,37.1000,37.2000,3995600,34.2272
2024-06-04,37.0000,37.5300,36.9000,37.3600,4529500,34.3744
2024-06-05,37.2200,37.2600,36.6800,36.7900,4781900,33.8500
2024-06-06,36.6600,37.1600,36.3600,36.5200,4758100,33.6016
2024-06-07,36.1500,36.5100,36.1400,36.1700,3199500,33.2795
2024-06-10,36.2700,36.5400,36.0200,36.2100,7102700,33.3163
2024-06-11,35.8300,36.4500,35.7200,36.2100,9487300,33.3163
2024-06-12,36.3900,36.4800,34.7300,34.7500,11084600,31.9730
2024-06-13,34.7400,35.5400,34.6200,35.4100,11503200,32.5803
2024-06-14,35.3000,35.5500,35.0700,35.5400,8863500,32.6999
2024-06-17,35.3200,35.6600,35.1000,35.1700,10260800,32.3594
2024-06-18,35.1300,35.3600,34.8000,34.8900,9493200,32.1018
2024-06-20,34.8400,35.2200,34.8200,34.9400,13699000,32.1478
2024-06-21,35.0500,35.3000,34.6400,34.7800,18869000,32.0006
2024-06-24,34.6700,35.4300,34.6700,35.3300,9125800,32.5066
2024-06-25,35.2600,35.3600,34.7700,34.8200,8065900,32.0374
2024-06-26,34.7700,34.8300,34.4900,34.8000,7809100,32.0190
2024-06-27,34.7700,35.0000,34.5200,34.7000,5575300,31.9270
2024-06-28,34.6700,34.8400,34.4600,34.6100,23274000,31.8442
2024-07-01,34.7600,34.8600,34.2600,34.5500,6675800,31.7890
2024-07-02,34.7300,34.7700,34.3800,34.5300,4633400,31.7706
2024-07-03,34.4600,34.8700,34.4600,34.7300,2614700,31.9546
2024-07-05,34.6600,34.7400,34.2400,34.3100,5644900,31.5682
2024-07-08,34.3400,34.3400,34.0100,34.2400,5002600,31.5038
2024-07-09,34.0900,34.6400,34.0900,34.4300,7413400,31.6786
2024-07-10,34.5500,34.8100,34.3400,34.6900,4998800,31.9178
2024-07-11,34.8600,35.5100,34.7300,35.3200,6385300,32.4975
2024-07-12,35.4900,35.6600,35.2100,35.2400,8292800,32.4238
2024-07-15,34.9500,35.4200,34.8200,35.3500,8756800,32.5251
2024-07-16,35.5700,35.7200,35.3400,35.5200,6030100,32.6815
2024-07-17,35.7900,36.6000,35.6500,36.4300,7026400,33.5187
2024-07-18,36.3100,36.9200,36.2000,36.2400,5929400,33.3439
2024-07-19,36.2600,36.2600,35.9200,36.1300,4532700,33.2427
2024-07-22,36.2600,36.2900,36.0400,36.2500,4941200,33.3531
2024-07-23,36.1600,36.2300,35.8400,35.8700,3172700,33.0035
2024-07-24,36.1700,36.5300,36.0000,36.4700,5649800,33.5556
2024-07-25,36.7500,37.2800,36.3700,36.4800,7116900,33.5648
2024-07-26,36.6100,36.8800,36.5300,36.7500,4552500,33.8132
2024-07-29,36.7500,37.0500,36.6500,36.8900,4989200,33.9420
2024-07-30,36.8400,37.3300,36.7200,37.2200,7458300,34.2456
2024-07-31,37.3900,37.5300,36.9100,37.2000,6849800,34.2272
2024-08-01,36.9600,38.3400,36.9600,38.2600,7254700,35.2025
2024-08-02,38.7200,39.0200,38.0200,38.7700,9077700,35.6717
2024-08-05,39.7800,39.8800,37.4400,37.5200,6955600,34.5216
2024-08-06,37.6000,37.9900,37.4800,37.5900,6324900,34.5860
2024-08-07,37.5600,38.3300,37.4800,37.8400,6224700,34.8161
2024-08-08,37.5900,38.0100,37.4400,37.5400,7354000,34.5400
2024-08-09,37.6600,37.6600,36.9700,37.4800,6680100,34.4848
2024-08-12,37.0200,37.1200,36.7700,36.9000,6707800,34.2989
2024-08-13,37.0500,37.1700,36.7800,37.1300,6332300,34.5127
2024-08-14,37.0100,37.4200,36.8300,37.0300,5450200,34.4198
2024-08-15,36.8700,37.5300,36.8000,37.5000,10776900,34.8566
2024-08-16,37.5300,37.7400,37.2000,37.6100,5962300,34.9589
2024-08-19,37.6900,37.7200,37.4900,37.6100,3423300,34.9589
2024-08-20,37.6500,37.7800,37.4000,37.5400,3612300,34.8938
2024-08-21,37.5900,38.1700,37.5700,37.8700,5166300,35.2006
2024-08-22,37.7500,37.9600,37.6900,37.8800,5728000,35.2099
2024-08-23,38.0000,38.0900,37.7000,37.7900,3723700,35.1262
2024-08-26,37.9700,38.1800,37.9000,37.9700,2891400,35.2935
2024-08-27,38.0000,38.0600,37.6300,37.6800,4543400,35.0240
2024-08-28,37.7100,38.2800,37.6400,37.8900,5015200,35.2191
2024-08-29,38.0000,38.0500,37.5400,38.0300,3705600,35.3493
2024-08-30,37.9900,38.2000,37.8200,38.0900,6379500,35.4050
2024-09-03,38.1200,38.6900,38.0000,38.4900,7145000,35.7769
2024-09-04,38.6700,39.2600,38.6500,38.8900,6121000,36.1487
2024-09-05,39.1100,39.2500,38.2800,38.4200,7460600,35.7118
2024-09-06,38.4500,38.6600,38.1700,38.2000,4624700,35.5073
2024-09-09,38.3800,38.8700,38.2000,38.7300,6209500,35.9999
2024-09-10,38.8500,39.2100,38.7200,39.0500,7849100,36.2974
2024-09-11,38.8900,39.3800,38.6300,39.3000,11191000,36.5298
2024-09-12,39.3900,39.9300,39.1200,39.8600,19881400,37.0503
2024-09-13,39.9300,40.2700,39.6900,40.2300,6605700,37.3942
2024-09-16,40.4100,40.6300,40.2000,40.4300,7764100,37.5801
2024-09-17,40.3600,40.5200,40.1100,40.2000,6829500,37.3663
2024-09-18,40.1800,40.2300,39.2900,39.5000,6921700,36.7157
2024-09-19,39.3400,39.4500,38.8800,39.2900,6675400,36.5205
2024-09-20,39.6500,40.7600,39.5200,40.2700,18779400,37.4314
2024-09-23,40.4500,40.4500,40.0800,40.4000,5674200,37.5522
2024-09-24,40.2500,40.4900,39.7500,39.9900,9059200,37.1711
2024-09-25,40.2200,40.2300,39.6200,39.9900,6309400,37.1711
2024-09-26,39.8200,40.2900,39.8100,39.9300,3108100,37.1154
2024-09-27,40.1400,40.5600,40.0600,40.3800,5899100,37.5336
2024-09-30,40.3800,40.6800,40.0800,40.5500,8333400,37.6917
2024-10-01,40.5500,41.0500,40.4400,40.7700,7394600,37.8961
2024-10-02,40.5900,41.1200,40.5800,40.9500,4703000,38.0635
2024-10-03,41.0000,41.0300,40.6200,40.7800,4137800,37.9054
2024-10-04,40.4000,40.5900,40.0600,40.2100,7512300,37.3756
2024-10-07,39.9900,40.0000,39.5000,39.5400,4301500,36.7528
2024-10-08,39.6800,39.9900,39.5300,39.6100,4679300,36.8179
2024-10-09,39.5000,39.7800,39.3600,39.6000,3616300,36.8086
2024-10-10,39.6100,39.8700,39.2400,39.2700,4011700,36.5019
2024-10-11,39.2400,39.9300,39.2400,39.7400,5000200,36.9387
2024-10-14,39.7400,40.1000,39.7100,39.9300,5496800,37.1154
2024-10-15,40.1700,40.8100,40.0800,40.5600,6077300,37.7009
2024-10-16,40.6100,41.0200,40.5100,40.9700,7927700,38.0820
2024-10-17,41.0300,41.1900,40.6700,40.7700,6409600,37.8961
2024-10-18,40.7400,41.1400,40.4500,40.9500,6103500,38.0635
2024-10-21,40.9000,41.0200,40.4900,40.5000,4938700,37.6452
2024-10-22,40.3800,40.6500,40.2700,40.5300,5737700,37.6731
2024-10-23,40.3900,40.7800,40.3900,40.7400,6339800,37.8683
2024-10-24,40.8000,41.0000,40.5300,40.7100,5217900,37.8404
2024-10-25,40.9700,41.0100,39.9800,40.0700,5418500,37.2455
2024-10-28,40.1700,40.5100,40.1700,40.2300,4288800,37.3942
2024-10-29,39.8900,40.0000,39.4500,39.5500,7521100,36.7621
2024-10-30,39.5300,40.0600,39.2100,39.7000,9458400,36.9016
2024-10-31,39.6700,39.8300,39.2700,39.3000,9240500,36.5298
2024-11-01,39.2400,39.5900,38.1100,38.1500,7671500,35.4608
2024-11-04,38.0700,38.4000,37.7600,37.9700,7614600,35.2935
2024-11-05,37.9700,38.4900,37.7600,38.4700,4591500,35.7583
2024-11-06,38.2500,38.6000,37.8500,38.3200,11397800,35.6188
2024-11-07,38.3300,38.4900,38.0200,38.0900,5879300,35.4050
2024-11-08,37.9200,38.3200,37.8300,38.1100,4985400,35.7806
2024-11-11,38.0900,38.5100,38.0100,38.4000,6534100,36.0529
2024-11-12,38.2700,38.5400,38.0500,38.1600,3814700,35.8275
2024-11-13,38.2400,38.4000,37.8100,38.1400,6174700,35.8088
2024-11-14,38.2300,38.3900,38.0800,38.1200,4663200,35.7900
2024-11-15,38.1100,39.1900,38.1100,39.1100,9038600,36.7195
2024-11-18,39.0500,39.3900,38.7400,39.2300,7261100,36.8321
2024-11-19,39.0700,39.2200,38.7100,39.1000,6070100,36.7101
2024-11-20,39.2000,39.2400,38.2600,38.7300,5551000,36.3627
2024-11-21,38.7200,39.3600,38.5000,39.3100,7606200,36.9073
2024-11-22,39.3600,39.5600,38.6800,38.7100,4039000,36.3439
2024-11-25,38.9500,39.2700,38.6900,39.1300,7013400,36.7383
2024-11-26,39.1800,39.5800,39.1600,39.4900,5591700,37.0763
2024-11-27,39.4100,39.8900,39.3700,39.5100,4227000,37.0950
2024-11-29,39.5000,39.6900,39.3400,39.5600,2407400,37.1420
2024-12-02,39.4800,39.5400,38.2900,38.3700,5682500,36.0247
2024-12-03,38.3900,38.7300,38.1200,38.1400,6606100,35.8088
2024-12-04,38.0700,38.2000,37.5300,37.8500,4176500,35.5365
2024-12-05,37.9400,38.2400,37.8100,37.9800,4712300,35.6585
2024-12-06,37.9000,38.0400,37.7300,37.8500,6946400,35.5365
2024-12-09,37.7900,37.9700,37.4100,37.4400,6064800,35.1516
2024-12-10,37.5300,37.5300,36.9100,37.3200,5332600,35.0389
2024-12-11,37.3200,37.3900,36.6000,36.7600,6684900,34.5131
2024-12-12,37.0000,37.1100,36.6700,36.8300,7086600,34.5788
2024-12-13,36.6700,37.0500,36.5800,36.8700,7873200,34.6164
2024-12-16,36.8900,36.9600,36.2000,36.2200,5540700,34.0061
2024-12-17,36.0900,36.6300,35.9400,36.5200,7372900,34.2878
2024-12-18,36.5000,36.7800,36.4100,36.5600,9095400,34.3253
2024-12-19,36.6200,37.7300,36.4900,37.1900,14685700,34.9168
2024-12-20,37.0900,37.2600,36.5500,37.0200,20813900,34.7572
2024-12-23,36.9900,37.3900,36.8000,37.3300,6073300,35.0483
2024-12-24,37.3300,37.5500,37.1900,37.5200,1853400,35.2267
2024-12-26,37.3600,37.5300,37.2800,37.4500,4142900,35.1609
2024-12-27,37.2100,37.6300,37.1200,37.4300,3669400,35.1422
2024-12-30,37.4500,37.7200,37.0600,37.6300,4145100,35.3299
2024-12-31,37.7300,37.7900,37.3900,37.6400,5347900,35.3393
2025-01-02,37.9100,38.1300,37.5100,37.6600,4578400,35.3581
2025-01-03,37.9600,38.2000,37.6300,38.0500,4268100,35.7243
2025-01-06,37.7600,38.0900,37.5200,37.8000,6817000,35.4895
2025-01-07,37.9100,38.4000,37.4400,37.5300,5120000,35.2361
2025-01-08,37.4800,38.2300,37.2000,38.1900,5669800,35.8557
2025-01-10,38.0500,38.4800,37.2900,37.3000,7691800,35.0201
2025-01-13,37.5600,37.7400,37.1300,37.5600,5923000,35.2642
2025-01-14,37.6300,38.0800,37.3200,37.9200,6747000,35.6022
2025-01-15,38.3000,38.5800,37.9000,38.0200,5659200,35.6961
2025-01-16,37.9600,39.3700,37.9000,39.3400,5591800,36.9354
2025-01-17,39.6000,39.6600,39.1900,39.4200,6140500,37.0105
2025-01-21,39.9500,40.6700,39.8200,40.4400,5610400,37.9682
2025-01-22,40.2200,40.3500,39.1600,39.2200,7661000,36.8228
2025-01-23,39.3900,39.5700,39.0600,39.2400,5944700,36.8415
2025-01-24,39.2000,39.4900,38.8500,39.3800,5362600,36.9730
2025-01-27,39.8000,40.8500,39.6500,40.7000,12159400,38.2123
2025-01-28,40.7700,40.7700,39.7100,39.8100,9471900,37.3767
2025-01-29,39.7800,40.1500,39.4700,39.5700,5796500,37.1514
2025-01-30,39.9000,40.2500,39.8300,40.0200,5755800,37.5739
2025-01-31,40.0000,40.2300,39.8900,40.0000,7144100,37.5551
2025-02-03,39.8600,40.7600,39.6700,40.5700,7638500,38.0902
2025-02-04,40.3000,40.6800,39.8500,40.5400,5255100,38.0621
2025-02-05,40.6700,41.2600,40.6500,41.0400,5584900,38.5315
2025-02-06,41.1700,41.2400,40.7500,41.1200,5674300,38.6066
2025-02-07,41.0200,41.4700,40.9800,41.3100,5794000,38.7850
2025-02-10,41.4400,41.8800,41.1300,41.8000,7279100,39.2451
2025-02-11,41.6500,42.4600,41.4700,42.3600,8935800,39.7708
2025-02-12,40.8800,43.0900,40.8100,42.8900,10307900,40.2684
2025-02-13,42.8700,43.4500,42.5400,42.9700,7562100,40.3435
2025-02-14,42.9500,43.1500,42.7400,42.8500,8593000,40.2309
2025-02-18,42.8700,42.8700,42.3800,42.7000,11062900,40.0900
2025-02-19,42.6400,42.7800,42.2100,42.6500,7994000,40.0431
2025-02-20,42.4900,43.2300,42.4600,43.1700,6945000,40.5313
2025-02-21,43.2000,43.6900,43.0600,43.3900,13604600,40.7379
2025-02-24,43.3100,44.0100,43.0800,43.3500,8053400,41.0790
2025-02-25,43.5600,44.2400,43.3600,44.0400,8813500,41.7329
2025-02-26,43.9700,44.2600,43.6400,44.0600,11508600,41.7518
2025-02-27,43.8900,44.3200,43.6500,43.7900,6560700,41.4960
2025-02-28,44.2300,44.4600,43.7200,44.2000,12319500,41.8845
2025-03-03,44.0500,44.6200,44.0000,44.5500,7793100,42.2161
2025-03-04,44.8500,45.2000,43.6400,43.6800,9783900,41.3917
2025-03-05,43.4100,43.8200,43.2200,43.3600,6838800,41.0885
2025-03-06,43.3700,43.3800,42.6200,42.8800,6291500,40.6336
2025-03-07,42.7600,43.4100,42.7000,43.1100,6670200,40.8516
2025-03-10,43.3100,44.3000,43.2500,43.7600,8806200,41.4675
2025-03-11,43.8200,43.9800,43.2600,43.4000,6799900,41.1264
2025-03-12,42.9500,43.1600,42.5500,42.6100,9286700,40.3778
2025-03-13,42.8400,43.5100,42.7500,43.4700,5983600,41.1927
2025-03-14,43.4600,44.2400,43.1600,44.1900,8133600,41.8750
2025-03-17,44.2000,44.6600,43.9900,44.3900,8074400,42.0645
2025-03-18,44.4000,44.4600,43.8000,44.4200,5343200,42.0930
2025-03-19,44.4200,44.5200,44.0700,44.4400,6408700,42.1119
2025-03-20,44.4200,44.7000,44.2200,44.5900,6306800,42.2541
2025-03-21,44.5400,44.7700,43.5700,43.8000,15732200,41.5054
2025-03-24,43.9800,44.3900,43.5500,43.5800,6491400,41.2970
2025-03-25,43.4100,43.4700,42.6100,42.7600,6354100,40.5199
2025-03-26,42.8600,44.2400,42.7800,44.0200,8549500,41.7139
2025-03-27,43.9300,44.6500,43.9100,44.2500,7009400,41.9319
2025-03-28,44.5200,44.9700,44.2800,44.7100,8286400,42.3678
2025-03-31,45.3300,46.2200,45.3300,46.0800,14993400,43.6660
2025-04-01,45.7600,46.2800,45.6200,45.9200,10432000,43.5144
2025-04-02,45.8400,46.4700,45.8400,45.9700,6833300,43.5618
2025-04-03,46.8400,47.6000,46.5500,47.2300,12659100,44.7557
2025-04-04,48.0600,48.1100,45.0900,45.3500,13937200,42.9742
2025-04-07,44.9900,45.4600,43.9500,44.6900,17543600,42.3488
2025-04-08,44.5200,45.4100,44.0200,44.4900,22010000,42.1593
2025-04-09,44.0500,45.1800,42.8500,44.3000,20037600,41.9792
2025-04-10,44.3300,45.6000,44.2300,45.1200,13452300,42.7563
2025-04-11,45.2100,46.1900,44.6900,46.0000,9451200,43.5902
2025-04-14,45.8300,47.0000,45.7000,46.8600,8091500,44.4051
2025-04-15,46.5300,47.0900,46.4300,46.7400,7444700,44.2914
2025-04-16,46.8900,47.4900,46.3300,46.5100,8354100,44.0735
2025-04-17,46.8800,47.9300,46.7200,47.2600,7496300,44.7842
2025-04-21,47.4800,47.4800,45.7100,46.2300,6868000,43.8081
2025-04-22,46.7500,47.5300,46.5900,47.3700,7382100,44.8884
2025-04-23,46.9400,47.2400,46.2400,46.8000,8389700,44.3483
2025-04-24,46.6400,46.7400,46.2400,46.3300,6241700,43.9029
2025-04-25,46.3300,46.4000,45.9000,46.2200,6271500,43.7987
2025-04-28,46.3800,46.6400,45.8300,46.4800,7142400,44.0450
2025-04-29,46.4600,46.9200,46.2400,46.8500,4245100,44.3957
2025-04-30,47.0500,47.2500,46.1100,46.9000,7678800,44.4430
2025-05-01,46.6300,47.1300,46.4900,46.6000,5583100,44.1588
2025-05-02,46.9100,46.9500,46.0800,46.4800,5880700,44.0450
2025-05-05,46.4000,46.4800,45.5600,46.0000,3902700,43.5902
2025-05-06,45.9900,46.6100,45.8700,46.2900,6446700,43.8650
2025-05-07,46.3400,46.7400,46.1600,46.3400,6131300,43.9124
2025-05-08,46.1100,46.3200,45.0300,45.1000,6328800,42.7373
2025-05-09,45.1500,45.3300,44.8000,45.2100,4695200,42.8416
2025-05-12,44.3100,44.5000,43.3400,43.6100,9911000,41.6943
2025-05-13,43.5900,43.7700,42.9000,42.9700,9604200,41.0824
2025-05-14,42.6700,42.7200,41.7100,42.2500,12273000,40.3940
2025-05-15,42.6300,43.5400,42.5000,43.4300,8463800,41.5222
2025-05-16,43.1000,44.1200,43.0200,44.0900,7844100,42.1532
2025-05-19,43.8700,44.4300,43.6600,44.3900,6429400,42.4400
2025-05-20,44.3100,44.6200,44.2300,44.2600,6025600,42.3157
2025-05-21,44.1400,44.4700,44.0100,44.1900,6893500,42.2488
2025-05-22,44.1400,44.1700,43.1700,43.4200,6790500,41.5126
2025-05-23,43.9000,43.9000,42.9900,43.6700,9679500,41.7516
2025-05-27,43.8300,44.1500,43.5300,43.9100,8395500,41.9811
2025-05-28,43.7300,43.8400,43.0900,43.2800,4359200,41.3788
2025-05-29,43.1200,43.8300,43.0100,43.7000,5312400,41.7803
2025-05-30,43.8100,43.9800,43.4800,43.8200,20942200,41.8951
2025-06-02,43.5800,43.8100,43.2700,43.7900,4313000,41.8664
2025-06-03,43.7900,43.8900,42.9000,43.4600,7448100,41.5509
2025-06-04,43.4600,43.5200,42.7300,42.7500,5537300,40.8721
2025-06-05,42.7500,43.0900,42.4900,42.8600,5804400,40.9772
2025-06-06,42.9500,43.0300,42.3600,42.6200,7264600,40.7478
2025-06-09,42.4000,42.6800,42.1100,42.2000,8034400,40.3462
2025-06-10,42.2800,42.9200,42.1500,42.9200,6366100,41.0346
2025-06-11,42.7700,43.0400,42.5600,42.8800,6526100,40.9964
2025-06-12,43.0300,43.7400,43.0000,43.6400,7719700,41.7230
2025-06-13,43.5700,43.6900,43.1400,43.2500,5163800,41.3501
2025-06-16,43.2500,43.4900,42.4400,42.6800,4796200,40.8051
2025-06-17,42.7500,42.7500,42.2600,42.3900,3676700,40.5279
2025-06-18,42.5100,42.5500,42.1800,42.3700,4343100,40.5088
2025-06-20,42.5200,42.8700,42.3300,42.6000,12635000,40.7287
2025-06-23,42.9000,43.2900,42.7600,43.2000,5131200,41.3023
2025-06-24,43.0500,43.3000,42.8600,43.1000,4835400,41.2067
2025-06-25,42.9200,42.9400,42.2300,42.2900,4607400,40.4323
2025-06-26,42.4100,42.7100,42.2300,42.5100,4543400,40.6426
2025-06-27,42.6000,43.0900,42.3900,42.9100,7322600,41.0250
2025-06-30,42.6900,43.4600,42.6700,43.4200,7186300,41.5126
2025-07-01,43.9000,44.0500,43.2400,43.4100,7123400,41.5031
2025-07-02,43.1500,43.3200,42.5400,42.9200,5127700,41.0346
2025-07-03,43.0000,43.3300,42.8900,43.1300,3602300,41.2354
2025-07-07,43.1800,43.2300,42.9200,43.1700,4155700,41.2736
2025-07-08,42.8500,43.1400,42.5000,43.0000,6406800,41.1111
2025-07-09,43.0000,43.2600,42.8200,43.1400,4522300,41.2449
2025-07-10,43.0200,43.6800,42.8600,43.6300,4369200,41.7134
2025-07-11,43.3400,43.7600,43.0900,43.5100,5077200,41.5987
2025-07-14,43.4900,43.8000,43.0700,43.4300,4363100,41.5222
2025-07-15,43.3500,43.3600,42.7500,42.9500,5059800,41.0633
2025-07-16,42.9500,43.0400,42.4700,42.8500,4581700,40.9677
2025-07-17,42.7000,43.2300,42.7000,42.9500,4914000,41.0633
2025-07-18,43.0100,43.5500,42.8900,43.4000,5669700,41.4935
2025-07-21,43.4000,43.9600,43.3400,43.7300,5093500,41.8090
2025-07-22,43.9100,44.7400,43.8200,44.4500,4628800,42.4974
2025-07-23,44.6400,44.6400,43.4500,43.4900,7289400,41.5796
2025-07-24,43.4900,43.9700,43.3700,43.7400,4661500,41.8186
2025-07-25,43.8500,44.0300,43.7100,43.9900,3894400,42.0576
2025-07-28,43.9100,43.9300,43.2500,43.4100,5928700,41.5031
2025-07-29,43.5800,44.3300,43.3300,44.3000,5226500,42.3540
2025-07-30,44.3500,44.6700,44.1100,44.2600,6648300,42.3157
2025-07-31,43.9500,44.9700,43.9000,44.9400,11537100,42.9659
2025-08-01,45.5100,45.5100,44.1400,44.6700,9211400,42.7077
2025-08-04,44.7400,45.3600,44.6000,45.1700,7356400,43.1858
2025-08-05,45.0800,45.4000,44.5700,44.6900,5787900,42.7268
2025-08-06,44.8600,45.4000,44.5200,45.0600,7263600,43.0806
2025-08-07,45.1600,45.6800,45.0200,45.5400,7454600,43.5395
2025-08-08,45.6500,45.7800,45.2200,45.3200,3803900,43.3292
2025-08-11,44.9100,45.1400,44.5600,44.7100,4396400,43.1266
2025-08-12,44.8600,44.8600,44.0600,44.6100,5345100,43.0301
2025-08-13,44.5400,45.2500,44.5200,45.2300,5881600,43.6282
2025-08-14,45.2400,45.2600,44.6200,44.6500,6822400,43.0687
2025-08-15,44.6100,44.9000,44.3400,44.5800,5730200,43.0012
2025-08-18,44.6000,44.7100,43.8700,44.0000,6591700,42.4417
2025-08-19,44.1200,44.7700,44.0100,44.7400,5753000,43.1555
2025-08-20,44.9000,45.4700,44.7400,44.8800,5922900,43.2906
2025-08-21,44.7200,45.0500,44.5200,44.6400,5169300,43.0591
2025-08-22,45.0500,45.1200,44.5400,44.9600,3730000,43.3678
2025-08-25,44.9100,44.9800,44.5700,44.6000,3777900,43.0205
2025-08-26,44.6000,44.8000,44.2700,44.4200,9450400,42.8469
2025-08-27,44.3500,44.5200,44.2000,44.3900,6119000,42.8179
2025-08-28,44.3300,44.3300,43.6700,43.7600,5393200,42.2103
2025-08-29,43.7900,43.8900,43.5400,43.6800,4003400,42.1331
2025-09-02,43.6300,43.7100,43.1600,43.3700,5047800,41.8341
2025-09-03,43.5800,43.6200,42.9000,43.3800,7992600,41.8437
2025-09-04,43.7000,43.9800,43.1200,43.3400,5274500,41.8051
2025-09-05,43.6300,43.6800,43.1600,43.4300,4423000,41.8919
2025-09-08,43.5300,43.5300,42.7500,43.0200,4169400,41.4965
2025-09-09,43.0200,43.3700,42.8700,43.0900,3657800,41.5640
2025-09-10,43.0500,43.4500,42.8900,43.3200,4251300,41.7858
2025-09-11,43.2500,43.5400,43.0700,43.5000,5044400,41.9595
2025-09-12,43.3500,43.6300,43.2100,43.3800,4244900,41.8437
2025-09-15,43.3700,43.6700,43.1400,43.4300,5441600,41.8919
2025-09-16,43.3800,43.5600,42.7100,42.7300,6252300,41.2167
2025-09-17,42.9600,43.3300,42.8400,43.2300,6037100,41.6990
2025-09-18,42.9500,43.3800,42.5800,43.1100,3894500,41.5833
2025-09-19,43.2000,43.5600,42.8200,43.4100,12225900,41.8726
2025-09-22,43.3500,43.5700,43.2300,43.4000,4538000,41.8630
2025-09-23,43.2400,44.2800,43.2400,44.2300,4590200,42.6636
2025-09-24,44.2300,44.5300,44.1400,44.2300,5460500,42.6636
2025-09-25,44.4700,44.6700,43.7400,43.7800,5140200,42.2295
2025-09-26,43.9900,44.2500,43.8100,44.0900,6805800,42.5286
2025-09-29,43.9400,44.3600,43.5000,44.2700,5964200,42.7022
2025-09-30,44.3100,45.0600,44.2500,45.0100,6770400,43.4160
2025-10-01,45.4800,45.5800,44.9600,45.0600,7776400,43.4642
2025-10-02,44.8800,45.1100,44.5500,44.9700,11435700,43.3774
2025-10-03,44.9400,45.6400,44.8900,45.3400,4745800,43.7343
2025-10-06,45.3100,45.7300,45.1200,45.6900,6290500,44.0719
2025-10-07,46.3000,47.0600,45.8900,46.7900,6846400,45.1329
2025-10-08,46.9000,46.9200,46.0600,46.6200,5218800,44.9690
2025-10-09,46.7500,46.9700,46.5200,46.6600,4504400,45.0075
2025-10-10,46.7400,47.3500,46.6500,47.0700,5979700,45.4030
2025-10-13,46.9800,47.1000,46.5000,46.8500,5192400,45.1908
2025-10-14,47.3200,47.6300,47.1700,47.3800,5195700,45.7020
2025-10-15,47.4600,47.8800,47.3800,47.8300,5960600,46.1361
2025-10-16,47.7300,48.0700,47.2600,47.3600,5269000,45.6828
2025-10-17,47.5500,48.0700,47.3600,47.7800,7553500,46.0879
2025-10-20,48.0500,48.2900,47.6900,48.2400,4466700,46.5316
2025-10-21,48.2500,48.3900,47.5700,48.0000,5343500,46.3001
2025-10-22,47.9400,48.5100,47.7800,48.1100,6652400,46.4062
2025-10-23,48.2800,48.4000,47.4200,47.6000,11514900,45.9143
2025-10-24,47.8500,48.1100,47.5400,48.0400,6295900,46.3387
2025-10-27,47.8900,48.0900,47.6000,48.0700,7681000,46.3676
2025-10-28,48.1900,48.1900,47.5600,47.7000,7730300,46.0107
2025-10-29,47.4400,47.8600,46.9900,47.2000,11932600,45.5284
2025-10-30,47.3100,47.6600,47.0000,47.0700,6539200,45.4030
2025-10-31,46.7300,46.8300,46.0500,46.1200,8716400,44.4867
2025-11-03,45.8600,46.4000,45.2900,46.2000,9713700,44.5638
2025-11-04,47.4400,48.0000,45.6000,46.3800,13496600,44.7375
2025-11-05,46.6100,46.8900,46.1300,46.1500,9720500,44.5156
2025-11-06,46.1500,46.5000,45.6700,45.7100,6482900,44.0912
2025-11-07,45.9600,46.8000,45.8200,46.2100,7715600,44.5735
2025-11-10,45.7500,46.0700,45.0700,45.4600,7480500,44.2329
2025-11-11,45.6100,45.7500,45.2800,45.4400,6757200,44.2135
2025-11-12,45.4500,46.2200,45.3100,45.9300,8593500,44.6902
2025-11-13,45.8700,46.2600,45.3800,45.4500,7267400,44.2232
2025-11-14,45.5300,46.2000,45.1900,45.9400,9104300,44.7000
2025-11-17,46.2000,46.8900,46.0100,46.6000,6633800,45.3422
2025-11-18,46.5900,46.8500,46.2100,46.3800,7873000,45.1281
2025-11-19,46.3500,46.4600,45.4100,45.5600,7332800,44.3302
2025-11-20,45.6700,45.9600,45.2800,45.4100,7564100,44.1843
2025-11-21,45.4600,46.1000,45.3800,45.7500,7010900,44.5151
2025-11-24,45.9900,46.5300,45.2900,46.2300,16557300,44.9822
2025-11-25,46.2700,46.3600,45.4500,45.7800,6968800,44.5443
2025-11-26,45.9300,46.6200,45.9300,46.5700,5576200,45.3130
2025-11-28,46.5600,47.1700,46.4000,47.1200,3792800,45.8481
2025-12-01,46.2200,46.5700,45.4200,45.6900,11970300,44.4567
2025-12-02,45.6800,45.6800,44.8700,45.0000,10580600,43.7853
2025-12-03,45.0400,45.3500,44.2200,44.5400,11092600,43.3378
2025-12-04,44.3700,44.4700,43.6300,43.9100,9420000,42.7248
2025-12-05,44.1300,44.2200,43.7700,43.8100,7619800,42.6275
2025-12-08,43.9700,43.9700,43.1900,43.3300,8091100,42.1604
2025-12-09,43.5200,43.8300,43.4400,43.7600,7428500,42.5788
2025-12-10,43.7600,43.8700,43.2500,43.2800,6328500,42.1118
2025-12-11,43.5100,43.7500,42.9700,43.0900,4946900,41.9269
2025-12-12,43.3500,43.6200,43.1200,43.5700,5989100,42.3939
2025-12-15,43.8700,44.1100,43.6700,43.8700,7162200,42.6858
2025-12-16,43.9500,44.0100,43.5000,43.7600,6985800,42.5788
2025-12-17,43.8600,44.4300,43.6900,44.2200,7973700,43.0264
2025-12-18,44.2700,44.4500,44.0000,44.2800,6533700,43.0848
2025-12-19,44.1400,44.7100,43.6100,43.6600,15426900,42.4815
2025-12-22,43.4800,43.7300,43.3100,43.5500,4866200,42.3745
2025-12-23,43.5800,43.5900,43.2200,43.4600,6461300,42.2869
2025-12-24,43.2900,43.5500,43.2000,43.5200,2946400,42.3453
2025-12-26,43.5200,43.6700,43.3100,43.5600,2595600,42.3842
2025-12-29,43.6700,44.0000,43.6000,43.6300,3380800,42.4523
2025-12-30,43.6400,43.9600,43.5800,43.9200,3421800,42.7345
2025-12-31,43.9400,43.9500,43.5500,43.5900,3374200,42.4134
