Date,Open,High,Low,Close,Volume,Adj Close
2016-01-04,31.5200,31.6300,31.2200,31.5000,4524900,20.1255
2016-01-05,31.6300,31.6400,30.9400,31.5400,5204200,20.1511
2016-01-06,31.3200,32.0100,31.1800,31.8500,3822700,20.3492
2016-01-07,31.5200,31.7700,30.8900,31.0000,4218400,19.8061
2016-01-08,31.0200,31.7700,30.9800,31.5900,5032000,20.1830
2016-01-11,31.7000,32.2500,31.6100,32.0700,5003400,20.4897
2016-01-12,32.2000,32.2900,31.5900,32.1800,5130600,20.5600
2016-01-13,32.2100,32.4000,31.4100,31.5000,3781000,20.1255
2016-01-14,31.6000,32.8000,31.3400,32.5600,4568100,20.8028
2016-01-15,32.1700,32.4700,31.3900,31.8300,5544400,20.3364
2016-01-19,31.9200,32.5800,31.7100,32.4900,4446500,20.7581
2016-01-20,32.2600,32.3400,30.6700,31.1200,5776800,19.8828
2016-01-21,31.1500,31.6400,30.6200,31.3000,5237200,19.9978
2016-01-22,31.5800,32.3800,31.3500,32.2800,3477500,20.6239
2016-01-25,32.2800,32.3200,31.7800,31.8200,3435700,20.3300
2016-01-26,31.8600,32.5200,31.7700,32.0800,2931400,20.4961
2016-01-27,31.9600,32.3400,31.6000,31.9200,2282400,20.3939
2016-01-28,31.9500,32.4000,31.7900,32.1400,4022000,20.5344
2016-01-29,32.4200,33.1100,32.3500,33.0600,4361600,21.1222
2016-02-01,32.9900,33.2800,32.9000,33.0500,4077500,21.1158
2016-02-02,32.7000,33.1200,32.6100,32.9700,4781800,21.0647
2016-02-03,32.8200,33.7200,32.6200,33.5200,5704900,21.6526
2016-02-04,33.5400,33.6100,33.2000,33.2500,3988200,21.4782
2016-02-05,33.0800,34.2100,32.9100,33.7000,5779700,21.7688
2016-02-08,33.5100,33.9000,32.6800,33.2000,5823700,21.4459
2016-02-09,33.0400,33.5000,32.7300,33.3200,3205700,21.5234
2016-02-10,33.1800,33.8000,32.8600,33.6300,2842400,21.7236
2016-02-11,33.3100,33.5700,32.5600,32.8100,2849200,21.1939
2016-02-12,32.8500,33.1100,32.5300,32.8800,3537200,21.2391
2016-02-16,33.0900,33.4700,32.7900,33.4600,3599900,21.6138
2016-02-17,33.2000,33.3500,32.1700,32.2700,5985400,20.8451
2016-02-18,32.5100,34.1300,32.3700,33.9300,6542400,21.9174
2016-02-19,33.8200,33.8200,32.8000,32.9700,5481600,21.2973
2016-02-22,33.1500,33.4200,32.9300,33.3300,3127700,21.5298
2016-02-23,33.3200,33.5900,32.9300,33.0400,3624000,21.3425
2016-02-24,33.0000,33.1700,32.4000,32.7000,5005900,21.1229
2016-02-25,32.9300,33.9900,32.7800,33.9500,4621300,21.9303
2016-02-26,33.9400,34.0600,32.6500,32.8200,4848200,21.2004
2016-02-29,32.8200,33.7200,32.6500,33.4700,4294600,21.6203
2016-03-01,33.5800,33.7900,33.2700,33.4500,3581400,21.6073
2016-03-02,33.3000,33.7400,32.5700,33.7100,2619300,21.7753
2016-03-03,33.6600,34.1300,33.3400,33.9800,2634200,21.9497
2016-03-04,33.7300,34.7400,33.5300,34.5600,2739400,22.3244
2016-03-07,34.4300,35.1400,34.3400,35.1100,2645900,22.6796
2016-03-08,35.1200,35.7700,34.7100,35.5600,3952800,22.9703
2016-03-09,35.5200,36.4500,35.4900,35.8000,4088700,23.1253
2016-03-10,35.6800,36.2300,35.6000,35.9700,3787000,23.2352
2016-03-11,36.0800,36.3600,35.6900,35.7000,3409600,23.0607
2016-03-14,35.7100,35.7600,35.4300,35.5900,2420900,22.9897
2016-03-15,35.5200,35.7000,35.2500,35.5900,2849500,22.9897
2016-03-16,35.4200,36.1600,35.2200,35.9000,3759100,23.1899
2016-03-17,36.0400,36.3500,35.8400,36.1700,2665800,23.3644
2016-03-18,36.1600,36.2000,35.7500,35.7600,4883900,23.0995
2016-03-21,35.7300,36.0700,35.4100,35.8500,3416800,23.1576
2016-03-22,35.8800,36.1800,35.6100,35.7600,3058000,23.0995
2016-03-23,35.7300,36.0800,35.5200,35.9800,2830700,23.2416
2016-03-24,35.8500,36.2500,35.7800,36.1600,2968400,23.3579
2016-03-28,36.1600,36.3500,35.6700,35.7400,2097100,23.0866
2016-03-29,35.8300,36.3800,35.6400,36.3400,4563900,23.4742
2016-03-30,36.4100,36.5400,35.7700,35.7900,5504800,23.1189
2016-03-31,35.9400,36.5200,35.5100,35.9700,7360500,23.2352
2016-04-01,35.9800,36.2900,35.6600,36.0300,6258400,23.2739
2016-04-04,35.9900,36.1300,35.5800,35.6800,4869600,23.0478
2016-04-05,35.5700,35.6900,34.8500,35.0700,5229400,22.6538
2016-04-06,35.0300,35.0900,34.5500,34.5900,5030400,22.3437
2016-04-07,34.5600,35.0400,34.5200,34.7600,4113900,22.4535
2016-04-08,34.8900,35.6900,34.8800,35.1200,4890800,22.6861
2016-04-11,35.3300,35.8100,35.2900,35.3600,3686200,22.8411
2016-04-12,35.5200,36.0000,35.4000,35.7500,3634200,23.0930
2016-04-13,35.7800,35.8000,35.4900,35.6500,2968300,23.0285
2016-04-14,35.6000,35.8000,35.3900,35.4100,2719100,22.8734
2016-04-15,35.3900,35.7700,35.2300,35.6600,3247500,23.0349
2016-04-18,35.5700,35.8900,35.4800,35.8500,2505600,23.1576
2016-04-19,35.9500,36.0300,35.3400,35.5000,4850200,22.9316
2016-04-20,35.5100,35.7000,34.7400,34.7600,4538800,22.4535
2016-04-21,34.7300,34.8400,33.5800,33.9100,6653200,21.9045
2016-04-22,34.1600,34.6500,34.0000,34.4700,4620700,22.2662
2016-04-25,34.3100,34.5300,34.0800,34.4500,4145200,22.2533
2016-04-26,34.5400,34.8700,34.3700,34.3900,4329700,22.2145
2016-04-27,34.8600,36.3200,34.6700,36.0500,11943200,23.2868
2016-04-28,36.0500,36.0500,31.6800,32.4700,19368800,20.9743
2016-04-29,32.4500,33.1000,32.2100,32.5900,8463000,21.0518
2016-05-02,32.6800,33.2400,32.6200,33.0500,6075200,21.3490
2016-05-03,33.1400,34.0200,33.1400,33.5600,8498700,21.6784
2016-05-04,33.1300,33.7700,32.8700,33.6500,4849400,21.9722
2016-05-05,33.6900,33.9400,33.3200,33.5100,2972400,21.8808
2016-05-06,33.4400,33.4400,32.9600,33.0900,4061600,21.6066
2016-05-09,33.1900,33.6500,33.0700,33.5500,3735400,21.9069
2016-05-10,33.6000,34.0500,33.5700,33.8900,3728500,22.1289
2016-05-11,34.0200,34.1700,33.7500,33.9500,3427800,22.1681
2016-05-12,33.9200,34.1900,33.7500,33.9700,4641100,22.1812
2016-05-13,33.8300,33.9700,33.4000,33.4800,4770000,21.8612
2016-05-16,33.5500,33.6200,33.3100,33.3500,3553400,21.7763
2016-05-17,33.2800,33.3900,32.8600,32.9800,3978900,21.5347
2016-05-18,32.7400,33.0400,31.9200,32.1500,5244400,20.9928
2016-05-19,31.9600,32.3700,31.8300,32.3500,3386300,21.1234
2016-05-20,32.4600,32.4600,32.1000,32.2900,2342400,21.0842
2016-05-23,32.3700,32.4000,32.0400,32.0600,3186300,20.9340
2016-05-24,32.1200,32.3600,31.9400,32.0900,2562900,20.9536
2016-05-25,31.7400,32.2600,31.3700,32.1100,4992900,20.9667
2016-05-26,32.2000,32.4900,32.0700,32.3500,3806900,21.1234
2016-05-27,32.4500,32.6100,32.2700,32.4800,2556000,21.2083
2016-05-31,32.5200,32.8600,32.4200,32.8100,3454900,21.4237
2016-06-01,32.9100,33.2000,32.8000,33.0700,2949800,21.5935
2016-06-02,32.9700,33.3800,32.9000,33.3100,2780100,21.7502
2016-06-03,33.5700,33.8600,33.4200,33.8200,2509500,22.0832
2016-06-06,33.7400,33.9400,33.5300,33.7800,3216600,22.0571
2016-06-07,33.7400,34.2200,33.6900,34.0700,3685800,22.2465
2016-06-08,34.0400,34.2100,33.8800,34.1300,2913600,22.2857
2016-06-09,34.1100,34.2900,33.9700,34.2500,2242500,22.3640
2016-06-10,34.2400,34.3500,33.5800,33.7000,2934900,22.0049
2016-06-13,33.6800,33.8600,33.5300,33.6600,2504700,21.9788
2016-06-14,33.7200,33.7900,33.4700,33.7500,2264300,22.0375
2016-06-15,33.7900,33.8800,33.5800,33.6500,2157800,21.9722
2016-06-16,33.6900,34.0700,33.6100,33.9900,1999800,22.1942
2016-06-17,33.9800,34.2900,33.8600,34.2900,3059100,22.3901
2016-06-20,34.3000,34.3800,33.7000,33.7400,4193500,22.0310
2016-06-21,33.7400,33.8700,33.2200,33.5400,4035400,21.9004
2016-06-22,33.3600,33.4600,33.0200,33.0400,4095600,21.5739
2016-06-23,33.1400,33.2400,32.8400,33.1600,4121800,21.6523
2016-06-24,32.7500,33.4500,32.6800,32.8800,4732300,21.4694
2016-06-27,32.8200,33.1600,32.6000,33.1100,3152200,21.6196
2016-06-28,33.2400,33.7400,32.8700,33.7300,4651000,22.0245
2016-06-29,33.8900,34.2400,33.8200,34.1900,3770500,22.3248
2016-06-30,34.2100,34.9200,33.9400,34.9100,4170000,22.7950
2016-07-01,35.0200,35.2900,34.8300,35.1300,3250200,22.9386
2016-07-05,35.0800,35.2300,35.0000,35.1800,2236700,22.9713
2016-07-06,35.1700,35.6900,34.9800,35.6200,3982600,23.2586
2016-07-07,35.5200,35.5800,35.1300,35.3300,3462400,23.0692
2016-07-08,35.2600,36.0400,35.0100,36.0200,3732600,23.5198
2016-07-11,35.8800,36.1500,35.6100,36.1100,3575900,23.5785
2016-07-12,35.8500,36.4500,35.8500,36.1900,5632300,23.6308
2016-07-13,36.4600,36.4900,36.2000,36.4400,3989300,23.7940
2016-07-14,36.2300,36.4000,35.8300,35.8500,3796200,23.4088
2016-07-15,35.9200,36.2100,35.9200,36.1900,2758800,23.6308
2016-07-18,36.1500,36.3300,36.1100,36.2900,1852100,23.6961
2016-07-19,36.3500,36.3500,35.9500,36.1800,2521600,23.6242
2016-07-20,36.1800,36.2500,35.9500,35.9800,2975900,23.4936
2016-07-21,35.8800,36.0100,35.7400,35.9600,3912200,23.4806
2016-07-22,35.9600,36.5900,35.8700,36.5100,5034000,23.8397
2016-07-25,36.5100,36.6000,36.2600,36.6000,3608400,23.8985
2016-07-26,36.3500,36.4500,35.6700,35.8900,6262000,23.4349
2016-07-27,35.8800,35.9800,34.8400,35.2000,3823800,22.9843
2016-07-28,35.2300,35.5100,35.1300,35.3700,5190800,23.0953
2016-07-29,35.2200,35.2500,34.5800,34.9200,4983500,22.8015
2016-08-01,34.7700,34.9000,34.2300,34.3100,4792900,22.4032
2016-08-02,34.1300,34.1400,33.2500,33.3100,5901500,21.7502
2016-08-03,32.9400,33.2800,32.7700,33.0600,4119700,21.8228
2016-08-04,33.0700,33.2500,32.8200,32.9300,2405800,21.7370
2016-08-05,32.9100,32.9500,32.3700,32.4300,2764100,21.4070
2016-08-08,33.0000,33.2200,32.7000,32.8700,4739900,21.6974
2016-08-09,32.8200,32.9900,32.7400,32.8400,2403600,21.6776
2016-08-10,32.9600,33.0100,32.6000,32.7100,3072800,21.5918
2016-08-11,32.7300,32.8900,32.6700,32.8800,2171400,21.7040
2016-08-12,33.0300,33.3100,32.8800,33.1200,5532000,21.8624
2016-08-15,33.0700,33.3500,32.8800,32.8900,3405300,21.7106
2016-08-16,32.8500,32.8700,32.4100,32.4200,2495400,21.4004
2016-08-17,32.3900,32.9000,32.1500,32.8400,3839600,21.6776
2016-08-18,32.8300,33.1200,32.7200,33.1200,4054200,21.8624
2016-08-19,33.0600,33.0600,32.5300,32.6900,2638500,21.5786
2016-08-22,32.7000,32.8000,32.5100,32.6300,1915200,21.5390
2016-08-23,32.7400,33.0800,32.7400,32.9200,2843700,21.7304
2016-08-24,32.8300,33.0700,32.6400,33.0000,2633700,21.7832
2016-08-25,32.9900,33.2500,32.8800,32.9300,2052500,21.7370
2016-08-26,33.0700,33.3500,32.2700,32.3200,3756700,21.3344
2016-08-29,32.5100,32.7800,32.3800,32.6000,1840100,21.5192
2016-08-30,32.6000,32.7400,32.1300,32.2100,2510900,21.2617
2016-08-31,32.1900,32.7500,32.1200,32.7300,4190400,21.6050
2016-09-01,32.6700,32.7700,32.2700,32.4500,4637100,21.4202
2016-09-02,32.4900,33.0000,32.4900,32.8200,2326900,21.6644
2016-09-06,32.9400,33.1100,32.7700,33.0500,2766000,21.8162
2016-09-07,33.0300,33.2800,32.8300,33.1300,2237600,21.8690
2016-09-08,33.0200,33.6700,32.9800,33.6400,3108500,22.2057
2016-09-09,33.2800,33.3500,32.6300,32.6400,5017800,21.5456
2016-09-12,32.6200,33.4700,32.5800,33.2800,3339500,21.9681
2016-09-13,33.1000,33.1900,32.4600,32.7000,3745200,21.5852
2016-09-14,32.8300,33.0100,32.4600,32.6200,3062400,21.5324
2016-09-15,32.6100,32.9700,32.4800,32.8400,2111000,21.6776
2016-09-16,32.6300,33.0300,32.4600,32.9900,3507100,21.7766
2016-09-19,33.0900,33.7700,33.0000,33.7400,3757300,22.2717
2016-09-20,33.8200,33.9700,33.6100,33.7400,2909000,22.2717
2016-09-21,33.7500,34.6200,33.7100,34.5700,3175100,22.8196
2016-09-22,34.7900,34.9600,34.5900,34.8400,3278400,22.9978
2016-09-23,34.6200,34.8700,34.4200,34.4900,4010200,22.7668
2016-09-26,34.3400,34.8200,34.3400,34.5800,3341700,22.8262
2016-09-27,34.7000,34.8300,33.5600,33.6700,5301400,22.2255
2016-09-28,33.7800,33.8800,33.2800,33.5400,3954400,22.1397
2016-09-29,33.5400,33.6300,33.0700,33.1700,2556300,21.8954
2016-09-30,33.3600,33.5000,32.9000,33.0800,3504000,21.8360
2016-10-03,33.0700,33.0700,32.2300,32.3000,4786700,21.3212
2016-10-04,32.3800,32.4200,31.4100,31.6300,4667100,20.8789
2016-10-05,31.6400,31.8600,31.2100,31.3900,12571500,20.7205
2016-10-06,31.3400,31.7600,31.1600,31.4700,4321100,20.7733
2016-10-07,31.6800,31.9500,31.3200,31.3200,3572600,20.6743
2016-10-10,31.4100,31.7900,31.3900,31.7300,2389300,20.9449
2016-10-11,31.7300,31.7700,31.1500,31.2200,2293500,20.6083
2016-10-12,31.2700,31.7200,30.2900,31.3600,13766500,20.7007
2016-10-13,31.7900,31.8300,31.2600,31.5600,4795800,20.8327
2016-10-14,31.5200,32.0400,31.4300,31.5100,3228600,20.7997
2016-10-17,31.7300,32.4100,31.7200,32.2300,6129400,21.2750
2016-10-18,32.7500,33.3100,32.4800,33.1600,7351100,21.8888
2016-10-19,32.9600,33.2700,32.5600,33.1500,5856100,21.8822
2016-10-20,33.2000,33.4200,32.7900,32.8500,4609100,21.6842
2016-10-21,32.7000,33.3600,32.6300,33.1900,4060800,21.9086
2016-10-24,33.3500,33.4900,33.0200,33.3400,2383300,22.0077
2016-10-25,33.5700,33.7300,33.3500,33.6200,3997800,22.1925
2016-10-26,33.6000,34.0300,33.3500,33.9600,4233300,22.4169
2016-10-27,33.8900,34.0300,33.4600,33.9000,3827400,22.3773
2016-10-28,33.9500,34.2100,33.6700,33.9600,6192900,22.4169
2016-10-31,34.0800,34.5000,34.0200,34.2900,5212000,22.6348
2016-11-01,34.3400,34.3400,33.3800,33.4700,3963400,22.0935
2016-11-02,33.3700,33.4500,32.8200,33.3600,4395000,22.0209
2016-11-03,32.8700,33.3800,32.6600,33.2900,4561900,22.2144
2016-11-04,33.2800,34.2200,33.1300,33.5700,5324000,22.4012
2016-11-07,33.8900,34.4800,33.4700,34.4100,7564700,22.9618
2016-11-08,34.4000,34.8300,34.1700,34.5000,4316000,23.0218
2016-11-09,33.9200,34.0200,33.3800,33.4900,4126100,22.3478
2016-11-10,33.3600,33.3700,31.7900,31.8500,7318800,21.2535
2016-11-11,31.8800,32.3100,31.5000,31.6200,5239000,21.1000
2016-11-14,31.4600,31.9400,31.0800,31.8400,6102800,21.2468
2016-11-15,31.9900,32.4200,31.8700,32.0900,4640500,21.4136
2016-11-16,32.1200,32.2400,31.5800,31.8700,3781800,21.2668
2016-11-17,31.7200,32.1500,31.7200,31.9600,2693200,21.3269
2016-11-18,31.9300,32.1000,31.3300,31.4000,4396600,20.9532
2016-11-21,31.6300,31.9900,31.5100,31.9100,3203300,21.2935
2016-11-22,31.9400,32.1000,31.8100,31.9000,2782300,21.2868
2016-11-23,31.5600,31.8100,31.2700,31.4900,4595600,21.0132
2016-11-25,31.5900,32.1700,31.5900,32.1400,2063200,21.4470
2016-11-28,32.2700,32.6200,32.1700,32.5900,3943300,21.7473
2016-11-29,32.4800,32.7500,32.3600,32.5500,3151300,21.7206
2016-11-30,32.2000,32.2000,31.2900,31.2900,5668500,20.8798
2016-12-01,31.1400,31.2000,30.8300,30.9900,3272300,20.6796
2016-12-02,31.0000,31.2400,30.3500,30.5700,5280300,20.3993
2016-12-05,30.5400,30.5600,30.1400,30.5000,5709500,20.3526
2016-12-06,30.6200,30.6400,30.1400,30.3700,5763700,20.2659
2016-12-07,30.4100,30.5000,29.8900,30.0600,7314300,20.0590
2016-12-08,29.9800,30.7000,29.3300,30.5300,6336200,20.3726
2016-12-09,30.6000,31.1000,30.5800,30.7300,3913200,20.5061
2016-12-12,30.5700,31.1400,30.5400,31.0600,4061500,20.7263
2016-12-13,31.1400,31.6200,31.1400,31.6100,3646800,21.0933
2016-12-14,31.7400,32.3000,31.2000,31.2900,8340500,20.8798
2016-12-15,31.1700,31.3500,30.8600,31.3200,5667000,20.8998
2016-12-16,31.3000,31.9800,31.2500,31.7800,10195800,21.2068
2016-12-19,31.9200,31.9500,31.4100,31.6500,4557300,21.1200
2016-12-20,31.5000,31.6500,31.0500,31.2900,5218000,20.8798
2016-12-21,31.3300,31.9500,31.2700,31.4200,4233700,20.9665
2016-12-22,31.3700,31.5100,31.1500,31.2200,3144500,20.8331
2016-12-23,31.3300,31.4200,31.1300,31.2700,2494700,20.8664
2016-12-27,31.1600,31.3200,31.0500,31.2800,2110400,20.8731
2016-12-28,31.3100,31.3900,30.8200,30.8400,2558100,20.5795
2016-12-29,30.8400,31.3100,30.8400,31.1200,2927900,20.7663
2016-12-30,31.1700,31.2900,30.8900,30.9700,2523200,20.6662
2017-01-03,30.9700,31.1400,30.4300,30.9500,3757200,20.6529
2017-01-04,30.9900,31.2900,30.9400,30.9700,3242000,20.6662
2017-01-05,30.9400,31.0500,30.5700,30.8500,3947600,20.5862
2017-01-06,30.7100,31.2400,30.7100,31.1300,3485000,20.7730
2017-01-09,31.2100,31.2300,30.9300,31.0100,4802300,20.6929
2017-01-10,30.8400,30.8500,30.1200,30.3700,7195300,20.2659
2017-01-11,30.3300,30.9400,30.3300,30.7300,5283000,20.5061
2017-01-12,30.7300,30.9100,30.5600,30.6800,4247200,20.4727
2017-01-13,30.6400,30.7200,30.4100,30.6100,3889300,20.4260
2017-01-17,30.8600,31.3600,30.7000,31.1500,4092600,20.7864
2017-01-18,31.0800,31.2300,30.6600,30.7600,3481500,20.5261
2017-01-19,30.6400,30.7300,30.2400,30.3100,4519400,20.2258
2017-01-20,30.3500,30.5200,29.9100,30.0400,4713900,20.0457
2017-01-23,30.1500,30.2600,29.5700,29.6100,3936000,19.7587
2017-01-24,29.6700,29.8500,29.5100,29.5800,3838100,19.7387
2017-01-25,29.5400,30.0100,29.5200,29.8000,5785900,19.8855
2017-01-26,29.7800,29.9300,29.6700,29.8200,5205200,19.8988
2017-01-27,29.8900,30.0200,29.7200,29.9900,3356000,20.0123
2017-01-30,30.1400,30.1400,29.6100,29.8200,4584500,19.8988
2017-01-31,29.8300,30.3700,29.7500,30.3200,4811400,20.2325
2017-02-01,30.0900,30.3200,29.7100,29.8400,4357000,19.9122
2017-02-02,29.9000,30.0000,29.6200,29.9500,5426500,19.9856
2017-02-03,29.6700,30.0300,29.5800,29.8900,3374100,20.1882
2017-02-06,29.9800,30.1500,29.8100,29.8800,4332700,20.1815
2017-02-07,29.9200,30.0400,29.7700,29.9900,2773900,20.2558
2017-02-08,30.0300,30.0700,29.8300,30.0400,4244000,20.2895
2017-02-09,30.0400,30.0900,29.6500,29.8800,4046000,20.1815
2017-02-10,29.8600,30.5200,29.8100,30.4500,3805500,20.5665
2017-02-13,30.5200,30.7200,30.3900,30.5300,5644900,20.6205
2017-02-14,30.5400,30.6400,30.1600,30.3600,2566500,20.5057
2017-02-15,30.1300,30.4600,30.1100,30.4000,2828700,20.5327
2017-02-16,30.3800,30.6400,30.2700,30.6200,3805300,20.6813
2017-02-17,30.6600,31.0400,30.5500,31.0100,4410400,20.9447
2017-02-21,30.9200,31.3500,30.8400,31.3300,5193500,21.1608
2017-02-22,30.8100,31.0200,30.3500,30.7900,6792900,20.7961
2017-02-23,30.9700,31.6200,30.9600,31.3900,5776100,21.2014
2017-02-24,31.5600,32.3500,31.4900,32.3200,6126800,21.8295
2017-02-27,32.3500,32.3500,31.7600,31.8100,4398200,21.4850
2017-02-28,31.8100,32.5400,31.7700,32.4300,5503100,21.9038
2017-03-01,32.0900,32.0900,31.3900,31.5600,7326100,21.3162
2017-03-02,31.4500,32.0000,31.4000,31.6400,3980100,21.3702
2017-03-03,31.6800,31.7500,31.3300,31.7400,3620200,21.4378
2017-03-06,31.9200,31.9200,31.1600,31.3200,4357900,21.1541
2017-03-07,31.2200,31.4200,31.0300,31.1800,4515700,21.0595
2017-03-08,30.9200,31.1600,30.4700,31.1100,4198600,21.0122
2017-03-09,31.0500,32.5300,31.0400,31.1000,4161100,21.0055
2017-03-10,31.2100,31.5600,30.9000,31.2600,3846900,21.1136
2017-03-13,31.2300,31.4500,30.9300,31.1000,2735100,21.0055
2017-03-14,31.0400,31.0800,30.7800,31.0000,3435100,20.9379
2017-03-15,31.0900,31.7100,31.0200,31.5900,3906400,21.3364
2017-03-16,31.4700,31.5800,31.0000,31.1300,3865500,21.0257
2017-03-17,31.2200,31.4800,31.1900,31.3600,8680700,21.1811
2017-03-20,31.2000,31.4200,30.8700,30.9600,3960500,20.9109
2017-03-21,30.9300,31.5000,30.8100,31.3600,4362900,21.1811
2017-03-22,31.5000,31.8100,31.3600,31.4100,4159400,21.2149
2017-03-23,31.3900,31.5000,31.1100,31.2000,3360400,21.0730
2017-03-24,31.4000,31.5300,31.2400,31.3400,3171000,21.1676
2017-03-27,31.5000,31.5900,31.0700,31.3900,2457600,21.2014
2017-03-28,31.3000,31.6400,31.2500,31.6100,2877600,21.3499
2017-03-29,31.5400,31.8500,31.4000,31.5700,3458700,21.3229
2017-03-30,31.4900,31.5000,31.2300,31.3700,3646400,21.1878
2017-03-31,31.4200,31.9300,31.3800,31.8200,5805900,21.4918
2017-04-03,31.7200,31.7400,31.2300,31.4600,3753600,21.2486
2017-04-04,31.4900,31.8200,31.1900,31.7300,3992500,21.4310
2017-04-05,31.6300,31.8600,31.5500,31.7800,2590500,21.4648
2017-04-06,31.6600,31.8200,31.6000,31.7600,3060700,21.4513
2017-04-07,31.8900,31.9400,31.3000,31.3200,5747600,21.1541
2017-04-10,31.3200,31.6200,31.2000,31.6000,3235300,21.3432
2017-04-11,31.5200,31.6500,31.3300,31.4400,2588300,21.2351
2017-04-12,31.4000,31.6400,31.2600,31.6100,2718700,21.3499
2017-04-13,31.6100,31.7200,31.2600,31.2700,3432200,21.1203
2017-04-17,31.3000,31.4700,31.0600,31.4300,3007100,21.2284
2017-04-18,31.4500,31.5700,31.2200,31.4700,2988700,21.2554
2017-04-19,31.4500,31.4800,30.7800,30.8500,4920400,20.8366
2017-04-20,30.8500,30.8600,30.5700,30.6600,4598900,20.7083
2017-04-21,30.6400,30.8300,30.5600,30.6100,4208200,20.6745
2017-04-24,30.6000,30.7500,30.1600,30.7100,5218400,20.7421
2017-04-25,30.5900,30.8300,30.4600,30.6100,4051000,20.6745
2017-04-26,30.6000,31.1500,30.4800,30.5200,5786100,20.6137
2017-04-27,30.5200,30.7400,30.4400,30.5200,4538600,20.6137
2017-04-28,30.6800,30.9000,29.3300,29.9400,9610000,20.2220
2017-05-01,29.9800,30.0200,29.4100,29.4600,6328500,19.8978
2017-05-02,29.5300,29.7200,28.9700,29.0300,7207000,19.6074
2017-05-03,28.6800,29.0800,28.2100,28.9500,8991800,19.7989
2017-05-04,28.8900,29.0700,28.7800,28.8700,4818600,19.7442
2017-05-05,28.9100,29.1000,28.7900,28.8300,4303700,19.7168
2017-05-08,28.8800,29.1200,28.7000,29.0600,4652000,19.8741
2017-05-09,28.9400,29.2000,28.7500,28.7600,6631600,19.6689
2017-05-10,28.8300,29.0000,28.6500,28.8500,3227700,19.7305
2017-05-11,28.8500,28.8700,28.6100,28.8100,4804400,19.7031
2017-05-12,28.8600,28.9100,28.5700,28.7200,2578900,19.6416
2017-05-15,28.6900,29.0600,28.6900,28.9300,4446500,19.7852
2017-05-16,28.8700,28.9600,28.5900,28.6900,3272800,19.6210
2017-05-17,28.6900,28.8900,28.4700,28.5900,2710200,19.5527
2017-05-18,28.4300,28.8300,28.1400,28.1600,5121900,19.2586
2017-05-19,28.1500,28.2500,27.9300,28.2400,4897000,19.3133
2017-05-22,28.1800,28.5400,28.1800,28.4400,3050700,19.4501
2017-05-23,28.4400,28.6500,28.3800,28.5000,3222600,19.4911
2017-05-24,28.5500,28.6900,28.4100,28.6700,2678700,19.6074
2017-05-25,28.6200,28.9700,28.5800,28.8600,3512300,19.7373
2017-05-26,28.8900,28.9700,28.6500,28.9200,2475900,19.7783
2017-05-30,28.8700,29.4200,28.7900,29.1900,3148500,19.9630
2017-05-31,29.1300,29.3800,29.0500,29.2400,3308900,19.9972
2017-06-01,29.2300,29.4000,29.0600,29.3900,2940100,20.0998
2017-06-02,29.5900,29.6300,29.3300,29.4500,2794700,20.1408
2017-06-05,29.3400,29.4500,29.0500,29.1100,2830200,19.9083
2017-06-06,29.1700,29.2400,28.9500,29.0600,4209200,19.8741
2017-06-07,29.0800,29.2800,29.0800,29.1400,2805000,19.9288
2017-06-08,29.1400,29.1400,28.6600,28.8700,3636000,19.7442
2017-06-09,28.8500,29.1100,28.6900,29.1100,2933800,19.9083
2017-06-12,29.1400,29.6300,29.1100,29.5100,4892900,20.1818
2017-06-13,29.4000,29.4400,29.0300,29.3700,3483600,20.0861
2017-06-14,29.6000,29.8100,29.4300,29.5900,3415200,20.2366
2017-06-15,29.5100,29.8100,29.4400,29.7900,3829300,20.3733
2017-06-16,29.8500,30.3000,29.8200,29.9300,12165600,20.4691
2017-06-19,30.0000,30.1400,29.6500,29.8700,3720400,20.4280
2017-06-20,29.8500,30.0000,29.8300,29.8700,2884800,20.4280
2017-06-21,29.8200,29.8300,29.1200,29.4300,5344300,20.1271
2017-06-22,29.3800,29.6800,29.1500,29.1800,2940800,19.9562
2017-06-23,29.1500,29.3200,28.7900,28.9100,4799500,19.7715
2017-06-26,29.0100,30.2100,28.9800,30.0900,7131300,20.5785
2017-06-27,30.0200,30.1300,29.5900,29.7200,5086100,20.3255
2017-06-28,29.8200,30.0900,29.0700,29.1000,4798600,19.9014
2017-06-29,28.9000,29.0600,28.7200,28.8200,4171900,19.7099
2017-06-30,28.8700,29.4300,28.8300,29.1600,5200000,19.9425
2017-07-03,29.2400,29.4400,29.0400,29.0600,1929100,19.8741
2017-07-05,29.1000,29.3600,28.9300,29.2100,4757600,19.9767
2017-07-06,29.1800,29.4300,29.1400,29.3100,4930600,20.0451
2017-07-07,29.3100,29.4300,29.1100,29.2500,3148500,20.0040
2017-07-10,29.2400,29.6300,29.2200,29.3100,3805000,20.0451
2017-07-11,29.3500,29.3800,29.1200,29.2800,4665400,20.0245
2017-07-12,29.5300,29.8600,29.5000,29.7300,3707300,20.3323
2017-07-13,29.7300,29.8300,29.3800,29.6600,5687400,20.2844
2017-07-14,29.9100,30.6700,29.8600,30.2000,7637400,20.6537
2017-07-17,30.2100,30.4700,30.0300,30.2400,5336000,20.6811
2017-07-18,30.3200,30.4700,30.1800,30.4500,3770200,20.8247
2017-07-19,30.5400,30.9600,30.3800,30.8300,7007000,21.0846
2017-07-20,30.9000,31.3800,30.7000,31.2300,7000500,21.3581
2017-07-21,31.1600,31.8400,31.0800,31.7400,7311200,21.7069
2017-07-24,31.7400,31.7500,31.2400,31.2500,5705900,21.3718
2017-07-25,31.2500,31.3600,30.8500,30.8700,4536100,21.1119
2017-07-26,30.8600,31.1000,30.6600,31.1000,5624300,21.2692
2017-07-27,31.0500,31.4100,30.8000,31.2500,5909200,21.3718
2017-07-28,31.1300,32.3500,31.0600,32.1500,10070800,21.9873
2017-07-31,32.1000,32.1400,31.6900,31.9100,5072100,21.8232
2017-08-01,32.0100,32.0900,31.8100,31.9300,4034900,21.8369
2017-08-02,31.8000,32.3000,31.6200,32.2100,4887500,22.0284
2017-08-03,31.9300,32.0700,31.6800,32.0600,5394900,22.1736
2017-08-04,31.8300,32.1800,31.7800,32.0700,3875900,22.1805
2017-08-07,32.0000,32.0700,31.7600,31.7900,3599400,21.9869
2017-08-08,31.7200,32.0600,31.6900,31.9500,3422200,22.0975
2017-08-09,32.0200,32.0200,31.5700,31.6100,3041600,21.8624
2017-08-10,31.6400,32.1800,31.5900,32.0400,4237900,22.1598
2017-08-11,31.9100,32.2500,31.7900,32.1700,3904700,22.2497
2017-08-14,32.5100,32.5800,32.2200,32.4800,3564500,22.4641
2017-08-15,32.2900,32.7500,32.2600,32.7000,2957400,22.6162
2017-08-16,32.7000,32.8800,32.5400,32.6900,3787100,22.6093
2017-08-17,32.6800,33.0000,32.6400,32.6500,4429600,22.5817
2017-08-18,32.6300,33.0800,32.4900,32.8300,3306000,22.7062
2017-08-21,32.8700,33.0300,32.7500,32.9200,2855500,22.7684
2017-08-22,32.9000,33.0200,32.7300,32.9000,2610700,22.7546
2017-08-23,32.9000,33.0200,32.7100,32.9300,2469300,22.7753
2017-08-24,32.8900,32.9800,32.6400,32.6700,2770800,22.5955
2017-08-25,32.7500,32.9200,32.5600,32.6900,3779600,22.6093
2017-08-28,32.7700,32.8900,32.6200,32.8000,2285900,22.6854
2017-08-29,32.9100,32.9800,32.6100,32.6600,2394000,22.5886
2017-08-30,32.6800,32.8200,32.5400,32.6000,3458100,22.5471
2017-08-31,32.6300,32.7300,32.5100,32.5800,3853300,22.5333
2017-09-01,32.6500,32.7400,32.4000,32.4200,2581900,22.4226
2017-09-05,32.6600,32.6600,32.2300,32.5200,3226800,22.4918
2017-09-06,32.6000,32.6600,32.2500,32.3000,2388200,22.3396
2017-09-07,32.3600,32.5700,32.0600,32.1200,4814000,22.2151
2017-09-08,32.1400,32.2200,31.7500,32.2100,4649800,22.2774
2017-09-11,32.1700,32.5800,32.1500,32.5100,3403500,22.4848
2017-09-12,32.5100,32.5300,31.5600,31.7600,3336000,21.9661
2017-09-13,31.6600,31.7200,31.2200,31.4800,5821100,21.7725
2017-09-14,31.4100,31.6400,31.1400,31.6400,3859100,21.8831
2017-09-15,31.3000,31.6500,31.2700,31.6200,5434200,21.8693
2017-09-18,31.6200,31.7000,30.8500,31.2500,4440100,21.6134
2017-09-19,31.2900,31.4100,31.1600,31.3700,3938900,21.6964
2017-09-20,31.4200,31.4700,30.9300,31.1900,3658300,21.5719
2017-09-21,31.2400,31.4300,31.1000,31.1500,2445800,21.5442
2017-09-22,31.2400,31.2900,30.8800,30.8900,2699300,21.3644
2017-09-25,30.9000,31.1300,30.7800,31.1100,3211500,21.5166
2017-09-26,31.0100,31.0600,30.7700,30.8300,4357900,21.3229
2017-09-27,30.6700,30.7700,30.0300,30.0600,5710000,20.7904
2017-09-28,30.0000,30.3300,29.8100,30.0700,3703200,20.7973
2017-09-29,30.1600,30.9500,30.1000,30.8300,7725700,21.3229
2017-10-02,30.9200,31.1100,30.6500,30.8500,4121400,21.3367
2017-10-03,30.8200,31.1800,30.6500,31.0200,3659200,21.4543
2017-10-04,31.0100,31.4100,30.8500,31.3500,3514600,21.6826
2017-10-05,31.3900,31.5300,31.2200,31.3300,3345300,21.6687
2017-10-06,31.2200,31.4200,30.9800,31.3800,4478900,21.7033
2017-10-09,31.3800,31.5000,31.2800,31.4100,2433100,21.7241
2017-10-10,31.4200,31.6500,31.3800,31.5900,3519600,21.8485
2017-10-11,31.5600,31.8800,31.5600,31.8300,4329300,22.0145
2017-10-12,31.8700,32.5600,31.7700,32.4500,4196700,22.4433
2017-10-13,32.5100,32.8100,32.2800,32.4900,4332900,22.4710
2017-10-16,32.4100,32.5300,32.0400,32.0600,5436900,22.1736
2017-10-17,32.1600,32.2700,31.9800,32.1700,3881200,22.2497
2017-10-18,32.1200,32.2000,31.7900,31.9900,3909300,22.1252
2017-10-19,32.1300,32.3100,31.9100,32.3000,3206700,22.3396
2017-10-20,32.2400,32.2800,31.9200,32.1300,3053800,22.2220
2017-10-23,32.1800,32.2000,32.0300,32.1300,1944700,22.2220
2017-10-24,32.1100,32.1400,31.9000,32.0100,2671300,22.1390
2017-10-25,31.9000,31.9700,31.3400,31.8500,4901000,22.0284
2017-10-26,31.9900,32.1700,31.6600,31.7800,3028600,21.9800
2017-10-27,32.1000,32.4900,31.6200,32.3000,5708800,22.3396
2017-10-30,32.3900,32.7000,32.2600,32.6700,6294900,22.5955
2017-10-31,32.7100,33.1200,32.6700,32.9500,3714700,22.7892
2017-11-01,32.9300,32.9500,32.5000,32.5600,3430800,22.5194
2017-11-02,32.5900,32.7300,32.2800,32.6000,2867200,22.5471
2017-11-03,32.5600,32.8700,32.4600,32.7500,3110200,22.6508
2017-11-06,32.4300,33.2600,32.3900,32.7700,5491100,22.9166
2017-11-07,32.8100,33.2300,32.7100,33.1400,4937700,23.1753
2017-11-08,33.0800,33.8900,33.0400,33.7300,4221500,23.5879
2017-11-09,33.5700,33.9900,33.5100,33.6000,3248000,23.4970
2017-11-10,33.3700,33.9800,33.3700,33.8800,3961500,23.6928
2017-11-13,33.8600,34.5000,33.8300,34.2100,4124200,23.9236
2017-11-14,34.1300,35.0600,34.1300,35.0500,5251500,24.5110
2017-11-15,35.1200,35.2200,34.4300,34.7800,5353000,24.3222
2017-11-16,34.7600,34.8600,34.5800,34.6400,1862200,24.2243
2017-11-17,34.5700,35.0200,34.5000,34.6500,4260700,24.2313
2017-11-20,34.6500,34.7300,34.4500,34.5500,3077600,24.1614
2017-11-21,34.5900,34.5900,34.1800,34.2300,3256400,23.9376
2017-11-22,34.2600,34.4000,34.1200,34.2400,2856700,23.9446
2017-11-24,34.2700,34.4200,33.9300,33.9400,2533200,23.7348
2017-11-27,34.0400,34.0600,33.7300,33.9400,4417100,23.7348
2017-11-28,33.9100,33.9600,33.3700,33.5400,6057800,23.4550
2017-11-29,33.4200,33.7500,33.3800,33.6700,4447100,23.5460
2017-11-30,33.7100,34.2400,33.6700,34.1400,4660200,23.8746
2017-12-01,34.2900,34.3300,33.2700,33.7600,4432200,23.6089
2017-12-04,33.8200,33.8200,32.5100,32.5800,8799800,22.7837
2017-12-05,32.5800,32.7500,32.2400,32.3500,5046100,22.6229
2017-12-06,32.4500,32.5700,32.1400,32.3700,3343200,22.6368
2017-12-07,32.3600,32.7400,32.2100,32.7200,4849000,22.8816
2017-12-08,32.7100,32.8700,32.5200,32.8300,3548200,22.9585
2017-12-11,32.8000,33.2300,32.8000,33.1400,4390600,23.1753
2017-12-12,33.0500,33.2700,32.6600,32.6600,4266900,22.8396
2017-12-13,32.7400,32.7600,32.2700,32.2700,4284600,22.5669
2017-12-14,32.1500,32.2900,31.9200,32.1200,4042800,22.4620
2017-12-15,32.2200,32.4100,31.7600,31.8300,7756100,22.2592
2017-12-18,31.9600,32.0000,31.4100,31.5100,4881100,22.0354
2017-12-19,31.4700,31.5400,30.9500,31.0100,4921800,21.6858
2017-12-20,30.9800,31.1200,30.5900,30.5900,3340100,21.3921
2017-12-21,30.4600,30.9000,30.2600,30.5900,3600300,21.3921
2017-12-22,30.6300,30.7900,30.3700,30.4800,2657000,21.3151
2017-12-26,30.5000,30.6700,30.3000,30.3200,1908200,21.2033
2017-12-27,30.3700,30.4800,30.2300,30.3200,2258400,21.2033
2017-12-28,30.3300,30.4900,30.1800,30.4500,1932000,21.2942
2017-12-29,30.4800,30.7100,30.4000,30.6200,2323400,21.4130
2018-01-02,30.7200,30.8600,30.3800,30.8200,4084400,21.5529
2018-01-03,30.6600,31.0100,30.2200,30.3800,3772800,21.2452
2018-01-04,30.3700,30.7700,30.2700,30.3200,3195400,21.2033
2018-01-05,30.3400,30.5600,30.0800,30.1100,4564300,21.0564
2018-01-08,30.1100,30.5700,30.1000,30.3900,6862800,21.2522
2018-01-09,30.3800,30.5500,30.0200,30.0600,4145300,21.0214
2018-01-10,30.0000,30.2800,29.6600,29.8200,4755200,20.8536
2018-01-11,29.8300,30.3600,29.7500,30.2400,5618400,21.1473
2018-01-12,30.1800,30.3600,29.9900,30.0700,3989100,21.0284
2018-01-16,30.1900,30.2500,29.6800,29.9200,4599200,20.9235
2018-01-17,29.9000,30.2600,29.7000,29.9200,4773100,20.9235
2018-01-18,29.8600,29.9300,29.3500,29.5600,5686600,20.6718
2018-01-19,29.6500,29.9200,29.3400,29.4000,6574500,20.5599
2018-01-22,32.1400,34.1300,31.7300,32.4500,30608600,22.6928
2018-01-23,32.6100,32.6400,31.9900,32.0000,17914400,22.3781
2018-01-24,31.9000,31.9300,31.0300,31.1000,15246700,21.7487
2018-01-25,31.2400,32.3000,31.2100,32.0900,21936700,22.4410
2018-01-26,32.4900,33.0000,31.8000,32.0900,19393600,22.4410
2018-01-29,32.1500,32.3700,31.8000,32.1700,16728800,22.4970
2018-01-30,32.0500,32.4000,31.7600,32.3200,13242100,22.6019
2018-01-31,32.2500,32.9500,32.1000,32.9000,15400300,23.0075
2018-02-01,32.9000,33.0000,32.4400,32.6200,7683400,22.8117
2018-02-02,32.4900,32.7400,32.0600,32.1100,7225900,22.4550
2018-02-05,32.0200,32.3900,31.5400,31.6000,6006100,22.0984
2018-02-06,30.9000,31.3100,30.1300,30.8900,7664200,21.8508
2018-02-07,30.8600,31.3300,30.7700,30.8100,6409300,21.7942
2018-02-08,30.7000,31.3200,30.4900,30.6400,8581600,21.6740
2018-02-09,30.7600,31.5600,30.7100,31.2900,8359600,22.1337
2018-02-12,31.3800,31.6800,31.0900,31.5000,7463100,22.2823
2018-02-13,31.6200,32.2100,31.2600,32.1000,10011000,22.7067
2018-02-14,31.9000,32.3000,31.5900,31.9500,7642000,22.6006
2018-02-15,32.0400,32.8700,31.9600,32.7900,7773000,23.1948
2018-02-16,32.8900,33.3000,32.7100,33.0300,4806400,23.3646
2018-02-20,32.8300,33.0600,32.4300,32.8000,5779100,23.2019
2018-02-21,33.5100,33.8600,32.7400,32.7600,12353100,23.1736
2018-02-22,32.8000,33.4000,32.5900,32.9200,5658400,23.2868
2018-02-23,32.9900,33.8400,32.9200,33.8000,5105700,23.9093
2018-02-26,33.9000,34.0600,33.5500,33.6700,4850100,23.8173
2018-02-27,33.7800,33.9100,32.8700,32.9000,5445000,23.2726
2018-02-28,32.9700,33.0300,32.3300,32.3300,6759500,22.8694
2018-03-01,32.3400,32.8600,32.1000,32.3100,7098800,22.8553
2018-03-02,32.2600,32.5900,32.0300,32.2800,9225000,22.8340
2018-03-05,32.2000,32.7200,32.1100,32.6300,9118600,23.0816
2018-03-06,32.5500,32.6500,31.7700,31.8500,5186100,22.5299
2018-03-07,31.7600,31.8700,31.2900,31.5900,5005300,22.3460
2018-03-08,31.7400,31.9100,31.5000,31.8000,3894900,22.4945
2018-03-09,31.8000,32.6600,31.6800,32.6500,8118800,23.0958
2018-03-12,32.7000,32.8900,32.5500,32.7000,6814400,23.1311
2018-03-13,32.7900,33.2300,32.7900,32.9900,5127600,23.3363
2018-03-14,33.0400,33.4700,32.9700,33.4200,6060500,23.6404
2018-03-15,33.4500,33.9300,33.4100,33.6800,5669200,23.8244
2018-03-16,33.6800,34.0100,33.6300,33.8900,12514000,23.9729
2018-03-19,33.9000,34.0100,33.5400,33.7900,6738900,23.9022
2018-03-20,33.8200,34.1000,33.6700,33.7400,7894100,23.8668
2018-03-21,33.7500,34.2300,33.7300,34.0600,5436100,24.0932
2018-03-22,33.9800,34.6400,33.9800,34.4500,7572200,24.3690
2018-03-23,34.4400,34.5100,33.7300,33.7400,5021900,23.8668
2018-03-26,33.7800,34.0000,33.5300,33.9900,9011700,24.0437
2018-03-27,34.0600,35.0300,33.9400,34.5300,6219900,24.4256
2018-03-28,34.6500,34.9000,34.2600,34.3900,7195700,24.3266
2018-03-29,34.3400,34.6800,33.9200,34.0100,10424400,24.0578
2018-04-02,34.0200,34.3600,33.6300,33.8600,5680600,23.9517
2018-04-03,33.7700,34.1600,33.5000,34.0300,3269300,24.0719
2018-04-04,33.8500,34.2900,33.6600,34.1800,3956600,24.1781
2018-04-05,34.1800,34.4100,33.6400,34.3500,4503500,24.2983
2018-04-06,34.3100,34.5700,34.0700,34.2000,3919200,24.1922
2018-04-09,34.2000,34.4000,33.9200,34.1400,2674000,24.1498
2018-04-10,34.3300,34.4500,34.1900,34.3900,3619200,24.3266
2018-04-11,34.3400,34.6100,34.1800,34.5000,2855400,24.4044
2018-04-12,34.5100,34.6500,33.9800,34.0900,3010800,24.1144
2018-04-13,34.2000,34.6000,34.1300,34.4100,3156600,24.3408
2018-04-16,34.5300,34.7800,34.4200,34.6100,5121200,24.4822
2018-04-17,34.7500,35.1700,34.6400,35.0600,3964100,24.8005
2018-04-18,35.1800,35.5200,35.0700,35.1000,3369300,24.8288
2018-04-19,35.0700,35.2500,34.6500,34.8700,3541500,24.6661
2018-04-20,34.9400,34.9600,34.3900,34.4400,4231200,24.3620
2018-04-23,34.4600,35.5600,34.1800,34.5000,6854200,24.4044
2018-04-24,34.7500,34.7700,34.1800,34.2900,8441900,24.2559
2018-04-25,34.2500,34.2900,33.6600,34.1600,5859900,24.1639
2018-04-26,34.1800,34.3300,33.8700,34.2900,5580700,24.2559
2018-04-27,34.2400,34.5000,34.1300,34.3000,3856800,24.2629
2018-04-30,34.8700,34.8700,34.2500,34.4000,5732500,24.3337
2018-05-01,34.2400,34.4000,33.7700,33.8800,3752800,23.9658
2018-05-02,33.8800,34.1900,33.7800,34.0100,4204900,24.0578
2018-05-03,33.9100,34.0500,33.3900,33.8800,4066700,23.9658
2018-05-04,33.5900,34.2200,33.5300,34.1100,3985900,24.3877
2018-05-07,34.4500,34.6500,34.0500,34.1300,4924000,24.4020
2018-05-08,33.9700,34.0400,33.0800,33.2400,7280100,23.7656
2018-05-09,33.2600,33.5200,33.1800,33.5200,4953400,23.9658
2018-05-10,33.6800,34.0100,33.5900,33.9100,2873800,24.2447
2018-05-11,33.9500,34.1700,33.8100,34.0600,1958500,24.3519
2018-05-14,34.0400,34.0900,33.5900,33.7500,3937700,24.1303
2018-05-15,33.5700,33.7600,33.1700,33.6300,3156100,24.0445
2018-05-16,33.7000,33.7700,33.4100,33.6700,4535000,24.0731
2018-05-17,33.6400,33.6900,33.1700,33.2500,3855600,23.7728
2018-05-18,33.2300,33.4900,32.9300,33.1800,3412200,23.7228
2018-05-21,33.2600,33.4500,33.0700,33.4200,4335000,23.8943
2018-05-22,33.3500,33.6100,33.2000,33.5600,3561700,23.9944
2018-05-23,33.6200,33.9800,33.5100,33.8500,3478000,24.2018
2018-05-24,33.9100,34.1700,33.7900,33.9400,3884200,24.2661
2018-05-25,34.0100,34.1900,33.8500,34.1000,2176500,24.3805
2018-05-29,34.0900,34.2300,33.7000,34.0600,3864300,24.3519
2018-05-30,33.9300,34.4100,33.7400,34.2300,2714200,24.4735
2018-05-31,34.2200,34.7500,34.1000,34.4200,7741400,24.6093
2018-06-01,34.4200,34.4900,33.8400,34.2000,2755800,24.4520
2018-06-04,34.3100,34.4100,33.7300,33.8200,2165500,24.1803
2018-06-05,33.8600,34.2000,33.8100,33.9400,4559700,24.2661
2018-06-06,33.9100,34.1100,33.0200,33.1700,3291200,23.7156
2018-06-07,33.1300,33.6600,33.0300,33.3400,2741800,23.8371
2018-06-08,33.4000,33.4800,33.2300,33.3200,2893300,23.8228
2018-06-11,33.3500,33.4700,32.9200,32.9700,2575200,23.5726
2018-06-12,32.9700,33.4300,32.9600,33.3200,3014400,23.8228
2018-06-13,33.3700,33.8400,33.2200,33.6300,4921600,24.0445
2018-06-14,33.7000,34.3400,33.6100,34.2700,5916600,24.5021
2018-06-15,34.6700,34.9100,33.8200,34.7000,8589100,24.8095
2018-06-18,34.6100,34.9800,34.5100,34.7400,4119200,24.8381
2018-06-19,34.7800,35.1400,34.6400,34.9200,3538800,24.9668
2018-06-20,35.0100,35.1100,34.7200,34.8900,2766200,24.9454
2018-06-21,35.0000,35.3400,34.8900,35.1500,2598500,25.1312
2018-06-22,35.1500,35.3500,35.0200,35.0900,3629000,25.0884
2018-06-25,35.2100,36.2900,35.1700,36.2000,6082400,25.8820
2018-06-26,36.1500,36.5100,36.0000,36.0600,3554800,25.7819
2018-06-27,36.0300,36.5500,35.8900,36.4700,5202500,26.0750
2018-06-28,36.3900,36.7100,35.9900,36.1900,4327900,25.8748
2018-06-29,36.0800,36.1100,35.6400,35.9100,4169200,25.6746
2018-07-02,35.8900,36.3100,35.8200,36.2200,3946800,25.8963
2018-07-03,36.1900,36.7400,36.0400,36.4300,2398100,26.0464
2018-07-05,36.4500,36.6900,36.2700,36.6600,2864300,26.2109
2018-07-06,36.6600,37.0000,36.6300,36.7700,2687000,26.2895
2018-07-09,36.7900,36.8000,35.1200,35.3200,5805200,25.2528
2018-07-10,35.1100,35.8000,34.9700,35.3900,4601100,25.3028
2018-07-11,35.5300,36.1100,35.5300,35.9000,3570200,25.6675
2018-07-12,35.9700,36.0400,35.3100,35.6500,3940700,25.4887
2018-07-13,35.6500,35.8700,35.4600,35.8400,2202800,25.6246
2018-07-16,35.7500,36.3300,35.6400,36.1500,3791000,25.8462
2018-07-17,36.2200,36.5500,36.1000,36.2600,3499200,25.9249
2018-07-18,36.2700,36.2800,35.5600,35.6600,3604500,25.4959
2018-07-19,35.7200,36.0600,35.5300,35.6400,7858300,25.4816
2018-07-20,35.5300,35.6000,34.8800,35.3100,3220600,25.2456
2018-07-23,35.3800,35.4700,34.8300,34.8300,5019000,24.9025
2018-07-24,34.8300,34.8600,34.3000,34.5500,5055600,24.7023
2018-07-25,34.4900,35.1200,34.4900,34.7200,4046900,24.8238
2018-07-26,34.9500,35.2200,34.9100,35.2100,2472400,25.1741
2018-07-27,35.2400,35.4100,34.8600,35.0100,2088100,25.0311
2018-07-30,34.8100,35.0000,34.7300,34.9000,4592900,24.9525
2018-07-31,35.0700,35.5200,34.9800,35.4300,5607400,25.3314
2018-08-01,35.9000,36.5600,35.3700,36.4600,7429900,26.0679
2018-08-02,36.4000,36.7900,35.7700,36.4200,4375800,26.0393
2018-08-03,36.3700,36.6900,36.0900,36.5500,3798800,26.1322
2018-08-06,36.2900,36.5100,36.1400,36.2400,2791600,26.1683
2018-08-07,36.1700,36.2700,35.8800,36.1500,2984300,26.1033
2018-08-08,36.0800,36.2200,35.8900,36.0000,2427500,25.9950
2018-08-09,36.0100,36.3400,35.9300,36.3000,2387800,26.2116
2018-08-10,36.3600,36.6600,36.1300,36.2400,1848900,26.1683
2018-08-13,36.2600,36.4000,36.0700,36.3600,2144300,26.2550
2018-08-14,36.3000,36.5700,36.2800,36.3800,3823300,26.2694
2018-08-15,36.4900,36.9000,36.3400,36.6500,2175000,26.4644
2018-08-16,36.5900,37.0800,36.5000,37.0700,2413100,26.7676
2018-08-17,37.0400,37.5200,36.9100,37.3000,3163900,26.9337
2018-08-20,37.3000,37.4300,37.0400,37.0800,3865800,26.7749
2018-08-21,36.9800,37.0300,36.6700,36.7900,1653300,26.5655
2018-08-22,36.9100,36.9100,36.3900,36.5500,1679100,26.3922
2018-08-23,36.6000,36.9600,36.5200,36.7800,2139000,26.5582
2018-08-24,36.8000,37.0900,36.6400,37.0500,1473600,26.7532
2018-08-27,37.0900,37.1200,36.5400,36.8400,1907400,26.6016
2018-08-28,37.0000,37.2600,36.6900,37.1600,3981500,26.8326
2018-08-29,37.2200,37.4800,37.1300,37.4700,3198100,27.0565
2018-08-30,37.5700,37.6900,37.2700,37.3800,3149000,26.9915
2018-08-31,37.4000,37.7400,37.2300,37.3800,2848000,26.9915
2018-09-04,37.4200,37.7300,37.4200,37.5700,2917100,27.1287
2018-09-05,37.5900,37.9200,37.5300,37.8000,2479600,27.2948
2018-09-06,37.8500,38.0900,37.7400,37.9600,2955100,27.4103
2018-09-07,37.7200,37.9400,37.4600,37.5100,3367200,27.0854
2018-09-10,37.6900,38.2900,37.6900,38.1300,5056100,27.5331
2018-09-11,38.1100,38.3700,37.8100,37.9800,2627300,27.4247
2018-09-12,37.9400,38.0000,37.4200,37.7500,2921400,27.2587
2018-09-13,37.8100,37.8300,37.4400,37.7900,3061800,27.2875
2018-09-14,37.7000,37.8900,37.3300,37.8300,2510500,27.3164
2018-09-17,37.9200,38.0500,37.7700,37.9300,2347300,27.3886
2018-09-18,37.7400,37.9500,37.7000,37.8600,4597600,27.3381
2018-09-19,37.9000,37.9400,36.5600,36.8000,3887200,26.5727
2018-09-20,36.7100,37.0800,36.4800,36.8600,4265200,26.6160
2018-09-21,36.8000,37.0500,36.5200,36.9000,11661900,26.6449
2018-09-24,36.8400,37.0100,36.7000,36.8600,3789600,26.6160
2018-09-25,36.7800,36.7800,35.9100,36.3800,4207800,26.2694
2018-09-26,36.4900,36.5000,35.8800,35.9100,3372900,25.9300
2018-09-27,36.0100,36.6900,35.9400,36.5300,2648900,26.3777
2018-09-28,36.6500,37.2500,36.5700,37.1700,3763500,26.8398
2018-10-01,37.1300,37.1600,36.8400,37.0100,2631400,26.7243
2018-10-02,37.2500,37.6500,37.0300,37.4300,2756700,27.0276
2018-10-03,37.3900,37.5900,36.3500,36.7000,2674000,26.5005
2018-10-04,36.7100,37.3000,36.5300,37.1400,3709300,26.8182
2018-10-05,37.1100,38.0300,37.1100,37.9800,5333900,27.4247
2018-10-08,38.0000,38.3600,37.8300,38.0500,5813100,27.4753
2018-10-09,38.1600,38.5200,37.9800,38.3500,3127900,27.6919
2018-10-10,38.2600,38.7000,38.0300,38.0500,3346800,27.4753
2018-10-11,38.2800,38.3400,37.0500,37.2100,3890900,26.8687
2018-10-12,37.1300,37.3500,36.8000,37.2500,2300900,26.8976
2018-10-15,37.3200,37.8400,37.2900,37.4100,2757200,27.0131
2018-10-16,37.4300,38.0600,37.3700,37.8000,3080500,27.2948
2018-10-17,37.7800,38.0000,37.6500,37.9200,2936500,27.3814
2018-10-18,37.9300,38.2500,37.7800,38.0600,3650500,27.4825
2018-10-19,38.0400,38.9900,38.0100,38.8500,4203600,28.0529
2018-10-22,38.8300,38.9500,38.5000,38.6200,3305300,27.8869
2018-10-23,38.6400,38.9300,37.8100,38.2400,3328500,27.6125
2018-10-24,38.3900,39.0100,38.2000,38.7100,4540100,27.9519
2018-10-25,38.5300,38.6200,37.7700,37.8900,4227000,27.3597
2018-10-26,38.0600,38.2400,36.3200,36.7100,7817500,26.5077
2018-10-29,36.8500,37.7200,36.8500,37.2600,5213800,26.9048
2018-10-30,37.4200,37.8400,36.9200,37.2300,4877100,26.8832
2018-10-31,37.1000,37.7400,36.6500,37.2800,5618800,26.9193
2018-11-01,37.2600,37.2800,36.5300,37.1700,5531500,26.8398
2018-11-02,37.2700,37.3500,36.8300,37.1200,3857700,26.8037
2018-11-05,37.2800,37.7600,37.1300,37.4800,4368000,27.0637
2018-11-06,37.1400,37.5300,36.8900,37.4600,3116400,27.3116
2018-11-07,37.4600,37.8400,37.3800,37.7500,3392800,27.5230
2018-11-08,37.7500,38.0300,37.2800,37.7000,3955800,27.4866
2018-11-09,37.6700,38.1100,37.6300,38.0000,3639700,27.7053
2018-11-12,38.0400,39.3800,38.0000,38.7900,4099000,28.2813
2018-11-13,38.8000,38.8800,38.1400,38.6800,2752800,28.2011
2018-11-14,38.4900,38.7900,38.1600,38.3300,3958100,27.9459
2018-11-15,38.2100,38.9200,37.8600,38.8200,5721300,28.3031
2018-11-16,39.2500,39.3600,38.6400,38.7700,3203000,28.2667
2018-11-19,38.7400,39.2700,38.4000,38.5400,5198100,28.0990
2018-11-20,38.7100,38.8400,37.4900,37.9500,5944000,27.6688
2018-11-21,37.6100,37.7400,37.0800,37.3000,4497400,27.1949
2018-11-23,37.3300,37.6700,37.0200,37.5000,1629300,27.3407
2018-11-26,37.5000,37.7400,37.1300,37.6900,2953100,27.4793
2018-11-27,37.6800,37.9900,37.4000,37.8900,3098700,27.6251
2018-11-28,38.0000,38.1100,37.4100,37.6000,3736100,27.4137
2018-11-29,37.5200,37.5400,36.6500,37.1500,5133300,27.0856
2018-11-30,37.1800,37.9500,37.1200,37.8300,6353500,27.5814
2018-12-03,37.8700,38.6400,37.6900,38.5900,3825400,28.1355
2018-12-04,38.7100,39.2300,38.4700,38.5500,6133200,28.1063
2018-12-06,38.6900,39.1100,37.9900,39.0800,5537700,28.4927
2018-12-07,38.9900,39.4100,38.4900,39.2300,3541500,28.6021
2018-12-10,39.3000,39.6700,38.6900,39.5400,3783600,28.8281
2018-12-11,39.5500,39.8200,39.0400,39.6100,3119100,28.8791
2018-12-12,39.6600,39.8800,39.2200,39.2300,12897500,28.6021
2018-12-13,39.2000,39.8300,39.0200,39.4400,9558000,28.7552
2018-12-14,39.4700,39.7800,38.9000,39.1200,11758600,28.5219
2018-12-17,39.2200,39.3300,37.5700,37.7200,5668000,27.5011
2018-12-18,37.8800,38.1800,37.3200,37.6300,7470500,27.4355
2018-12-19,37.5100,38.0600,37.2400,37.3600,7416200,27.2387
2018-12-20,37.4100,37.8100,36.9000,37.4000,7329600,27.2678
2018-12-21,37.3200,38.4200,36.9400,37.1900,8925900,27.1147
2018-12-24,37.2000,37.3800,35.5700,35.8400,2594500,26.1305
2018-12-26,35.8400,36.6300,35.3300,36.6000,3697100,26.6846
2018-12-27,36.5500,37.0300,35.7700,37.0300,4305300,26.9981
2018-12-28,37.0900,37.6100,36.9700,37.2600,3497300,27.1658
2018-12-31,37.3400,37.5700,36.9300,37.5500,5770100,27.3772
2019-01-02,37.3900,37.5400,36.5200,36.7200,3990600,26.7721
2019-01-03,36.7400,37.0800,36.4900,36.7100,3603000,26.7648
2019-01-04,36.2900,37.3000,36.2900,37.1700,4453500,27.1001
2019-01-07,37.1200,37.6800,37.0100,37.6400,5800400,27.4428
2019-01-08,37.5900,38.1900,37.4300,38.1800,5718800,27.8365
2019-01-09,38.0300,38.2200,37.7200,37.9500,6366300,27.6688
2019-01-10,37.9900,38.6200,37.8400,38.5800,4081400,28.1282
2019-01-11,38.5700,38.5700,38.0900,38.3700,3506900,27.9750
2019-01-14,38.1300,38.2100,37.2900,38.0000,4998500,27.7053
2019-01-15,37.9500,38.4700,37.8200,38.1200,5188600,27.7928
2019-01-16,37.9500,38.6000,37.7300,38.4800,4644600,28.0553
2019-01-17,38.4000,38.8900,38.3300,38.7100,4620600,28.2229
2019-01-18,38.8000,39.1800,38.5500,38.8700,3806400,28.3396
2019-01-22,38.9900,39.0700,38.4500,38.7500,2972200,28.2521
2019-01-23,38.9300,39.4000,38.7700,39.3700,5007300,28.7041
2019-01-24,39.3700,39.4300,39.0100,39.2800,3442800,28.6385
2019-01-25,39.1100,39.3800,38.7300,38.7900,3054500,28.2813
2019-01-28,38.6600,38.9200,38.1700,38.5900,5495000,28.1355
2019-01-29,38.7100,38.9500,38.3800,38.5600,3336500,28.1136
2019-01-30,38.4400,38.8600,38.4100,38.7500,3547100,28.2521
2019-01-31,38.7500,39.2900,38.4600,39.2000,7394500,28.5802
2019-02-01,39.1400,39.3200,38.5600,38.7800,7887300,28.2740
2019-02-04,38.1500,38.6000,38.1100,38.5400,8885700,28.0990
2019-02-05,38.5400,38.7500,38.3400,38.6900,10002500,28.2084
2019-02-06,38.3200,38.8200,38.2800,38.6600,6429400,28.4661
2019-02-07,38.6700,39.3600,38.4500,39.3100,6999900,28.9447
2019-02-08,39.1800,39.5500,39.1300,39.4900,4231200,29.0772
2019-02-11,39.4200,39.5900,39.1900,39.3500,3528100,28.9741
2019-02-12,39.4300,39.7800,39.2000,39.5200,3809600,29.0993
2019-02-13,39.5100,39.6400,39.3700,39.5100,5048700,29.0919
2019-02-14,39.5500,39.6900,39.1800,39.4500,3397800,29.0478
2019-02-15,39.6800,39.7900,39.2700,39.5900,6692600,29.1508
2019-02-19,39.5900,39.6600,39.4000,39.6000,4519400,29.1582
2019-02-20,39.0300,39.6500,38.6400,39.5900,6189200,29.1508
2019-02-21,39.4700,40.1000,39.2200,40.0500,4820100,29.4896
2019-02-22,40.0500,40.7300,40.0400,40.7200,3804300,29.9829
2019-02-25,40.6900,40.8400,40.3000,40.4300,4906800,29.7694
2019-02-26,40.5300,40.9600,40.2500,40.7800,6306900,30.0271
2019-02-27,40.4800,40.8100,40.4800,40.7200,6164700,29.9829
2019-02-28,40.7600,40.9000,40.4200,40.7500,6837600,30.0050
2019-03-01,40.6900,40.9800,40.4800,40.9000,5018200,30.1154
2019-03-04,41.0000,41.0900,40.4600,40.7400,6495200,29.9976
2019-03-05,40.7100,40.9000,40.3700,40.4200,5065500,29.7620
2019-03-06,40.5300,40.8800,40.3300,40.7200,3737800,29.9829
2019-03-07,40.8200,41.2300,40.6400,40.7800,3492400,30.0271
2019-03-08,40.8300,40.9400,40.4800,40.8900,3332800,30.1081
2019-03-11,41.0000,41.3800,40.9700,41.3600,3555200,30.4541
2019-03-12,41.4300,41.7200,41.3600,41.5800,3561800,30.6161
2019-03-13,41.5200,41.7800,41.4900,41.6200,3791300,30.6456
2019-03-14,41.7000,41.7500,41.1900,41.2100,4062400,30.3437
2019-03-15,41.3300,41.3300,40.7500,41.2300,10690400,30.3584
2019-03-18,41.2300,41.3000,41.0100,41.2400,3814800,30.3658
2019-03-19,41.2000,41.2000,40.1700,40.4100,5154700,29.7546
2019-03-20,40.5300,40.9600,40.2700,40.5900,6252600,29.8872
2019-03-21,40.5900,41.3000,40.5500,41.2400,2980000,30.3658
2019-03-22,41.2800,42.0000,41.1500,41.7700,3805200,30.7560
2019-03-25,41.7700,41.8800,41.5800,41.8600,3407100,30.8223
2019-03-26,41.9300,42.1300,41.7600,42.0000,3284300,30.9254
2019-03-27,42.0500,42.0700,41.5400,41.7200,4854800,30.7192
2019-03-28,41.7800,41.9500,41.1600,41.4000,4550700,30.4836
2019-03-29,41.4200,41.6200,41.2200,41.6100,5481600,30.6382
2019-04-01,41.5300,41.6100,41.0900,41.4500,3686100,30.5204
2019-04-02,41.5100,41.5600,41.1300,41.3400,3406900,30.4394
2019-04-03,41.2400,41.4000,40.9400,41.0900,4049200,30.2553
2019-04-04,41.1900,41.2100,39.2700,39.4400,12163100,29.0404
2019-04-05,40.4000,41.0500,40.0000,40.9700,13492200,30.1670
2019-04-08,40.9500,41.0000,40.2800,40.4200,5707200,29.7620
2019-04-09,40.3200,40.8700,40.1500,40.8500,3467300,30.0786
2019-04-10,40.8400,41.1900,40.7200,40.8300,4799600,30.0639
2019-04-11,40.7900,41.2200,40.7200,41.2100,4130000,30.3437
2019-04-12,41.0200,41.4100,40.8900,41.3700,2557800,30.4615
2019-04-15,41.3500,41.5500,41.1800,41.2800,2854400,30.3952
2019-04-16,41.1900,41.4000,40.4300,40.4600,3910800,29.7914
2019-04-17,40.5100,40.5100,40.0800,40.2300,3115000,29.6221
2019-04-18,40.2300,40.8000,40.1500,40.5000,4477100,29.8209
2019-04-22,40.5400,40.7500,40.3500,40.5900,2942400,29.8872
2019-04-23,40.6000,40.8200,40.2100,40.7400,4088400,29.9976
2019-04-24,40.8700,41.6300,40.6300,40.8600,3941600,30.0860
2019-04-25,40.5700,41.4200,40.5500,41.1500,3142000,30.2995
2019-04-26,41.2900,41.6800,41.2900,41.4800,2819800,30.5425
2019-04-29,41.4900,41.5400,41.1800,41.3600,2800300,30.4541
2019-04-30,41.3600,42.0900,41.2100,42.0300,4589900,30.9475
2019-05-01,41.8300,42.2400,41.8300,41.9500,3545600,30.8886
2019-05-02,42.0000,42.1700,41.5300,41.9700,3880200,30.9033
2019-05-03,42.1500,42.5300,42.0000,42.5000,3956300,31.2935
2019-05-06,41.8600,42.1900,41.8000,41.9000,4577900,31.1301
2019-05-07,41.8900,42.1400,41.7800,42.0300,3077200,31.2267
2019-05-08,41.9400,41.9400,41.3900,41.4400,5984400,30.7883
2019-05-09,41.4800,41.7000,41.1900,41.3600,2600900,30.7289
2019-05-10,41.3400,42.1500,41.1400,42.1300,2829800,31.3010
2019-05-13,41.9100,42.5000,41.8800,42.4500,3667700,31.5387
2019-05-14,42.3600,42.4700,41.9300,42.1000,2748000,31.2787
2019-05-15,42.1600,42.2100,41.8200,41.8300,2597900,31.0781
2019-05-16,41.8100,42.3100,41.6700,42.1600,2655900,31.3232
2019-05-17,41.8400,42.6300,41.8400,42.4700,3145000,31.5536
2019-05-20,42.6500,42.8900,42.3600,42.5900,3805800,31.6427
2019-05-21,42.6400,42.7500,42.3700,42.3900,2986300,31.4941
2019-05-22,42.4600,42.6700,42.1600,42.6400,4032400,31.6799
2019-05-23,42.6600,43.2200,42.5700,43.1500,3866100,32.0588
2019-05-24,43.1200,43.2400,42.8200,42.8600,2666900,31.8433
2019-05-28,42.8800,42.8900,41.5900,41.6400,5841200,30.9369
2019-05-29,41.7500,41.7500,40.4200,40.9900,5302200,30.4540
2019-05-30,40.9400,41.3200,40.8400,40.9600,2256000,30.4317
2019-05-31,41.1000,41.4400,40.9500,41.2400,3368000,30.6397
2019-06-03,41.4200,41.7400,41.1000,41.6800,2802600,30.9666
2019-06-04,41.7300,41.8900,40.9700,41.8400,2275500,31.0855
2019-06-05,42.0200,43.2500,41.9800,43.0700,4374500,31.9994
2019-06-06,43.1700,43.5400,43.0400,43.3900,3257800,32.2371
2019-06-07,43.6700,44.1100,43.0300,43.0400,4339900,31.9771
2019-06-10,43.0400,43.1700,42.6900,43.0200,1983400,31.9622
2019-06-11,43.0100,43.1300,42.4400,42.7500,2085600,31.7616
2019-06-12,42.7400,43.3800,42.7400,43.3700,2119800,32.2222
2019-06-13,43.4600,43.6600,43.1400,43.3500,2404000,32.2074
2019-06-14,43.4200,44.0600,43.2900,43.9700,2612200,32.6680
2019-06-17,43.9800,44.1000,43.6100,43.7000,2295800,32.4674
2019-06-18,44.0600,44.0600,43.1600,43.5100,3519000,32.3262
2019-06-19,43.2700,43.6900,42.8100,43.4500,6020700,32.2817
2019-06-20,43.6500,43.9200,43.1200,43.6700,2862900,32.4451
2019-06-21,43.6900,44.1100,43.3800,43.6800,5969100,32.4526
2019-06-24,43.7200,43.8100,43.3900,43.6100,2124800,32.4005
2019-06-25,43.5800,43.7300,43.4100,43.4600,3193400,32.2891
2019-06-26,43.3900,43.4700,42.4700,42.5300,3092100,31.5981
2019-06-27,42.5700,42.7700,42.4300,42.5100,2890600,31.5833
2019-06-28,42.4500,42.8900,42.3800,42.8100,6589500,31.8062
2019-07-01,42.8900,43.0500,42.3900,42.7400,2740000,31.7542
2019-07-02,42.8400,43.5100,42.8300,43.4300,2670200,32.2668
2019-07-03,43.6400,44.0600,43.5600,43.8200,1866800,32.5566
2019-07-05,43.5300,43.8300,42.9700,43.7300,1773000,32.4897
2019-07-08,43.7900,43.9300,43.3200,43.5500,1830100,32.3560
2019-07-09,43.5500,43.6200,43.1500,43.5400,2330600,32.3485
2019-07-10,43.6600,43.7900,43.4000,43.4900,1836500,32.3114
2019-07-11,43.4300,43.7900,43.0600,43.5900,2242300,32.3857
2019-07-12,43.6300,43.7100,43.1800,43.4100,3496400,32.2520
2019-07-15,43.3300,43.8600,43.2300,43.8600,3525100,32.5863
2019-07-16,43.7200,43.8900,43.2800,43.5500,2200700,32.3560
2019-07-17,43.7200,44.1300,43.6900,43.7300,2175600,32.4897
2019-07-18,43.7800,44.0500,43.2400,44.0300,2542100,32.7126
2019-07-19,43.8900,44.2000,43.4900,43.4900,2016700,32.3114
2019-07-22,43.4600,43.7300,43.1600,43.6000,2441600,32.3931
2019-07-23,43.5800,43.6200,43.2300,43.3200,8221700,32.1851
2019-07-24,44.1900,44.2000,43.1500,43.6200,4656600,32.4080
2019-07-25,43.4400,44.0500,43.2800,43.8700,5466100,32.5937
2019-07-26,44.0000,44.2000,43.7100,44.0600,5713300,32.7349
2019-07-29,44.2500,44.4800,44.1200,44.4700,4863200,33.0395
2019-07-30,44.4500,44.7500,43.8200,44.4800,5951300,33.0469
2019-07-31,44.4600,44.5900,43.8400,43.9700,8288700,32.6680
2019-08-01,43.8500,44.6600,43.6300,44.3800,7174700,32.9726
2019-08-02,44.5700,44.6200,44.0700,44.2500,9274400,32.8760
2019-08-05,44.2100,44.2400,43.0800,43.4400,11384700,32.2742
2019-08-06,43.3000,43.5700,42.6900,43.4200,4558800,32.5441
2019-08-07,43.3800,43.8700,42.8800,43.5700,2991400,32.6565
2019-08-08,43.5800,44.3700,43.3100,44.2500,2392100,33.1662
2019-08-09,44.3100,44.6200,44.1400,44.2000,3083400,33.1287
2019-08-12,44.2500,44.6100,44.1100,44.5100,2488300,33.3610
2019-08-13,44.0800,44.5000,43.9500,44.1800,3188800,33.1137
2019-08-14,43.8900,44.2200,43.4400,43.5300,3596000,32.6265
2019-08-15,43.5200,44.3200,43.5200,44.1200,4132300,33.0687
2019-08-16,44.1600,44.7400,44.0700,44.6800,4707000,33.4885
2019-08-19,44.6600,45.2800,44.5500,45.1300,4479100,33.8257
2019-08-20,45.1900,45.1900,44.6800,44.9300,3097200,33.6758
2019-08-21,44.8500,45.5100,44.8400,45.4800,4256200,34.0881
2019-08-22,45.4200,45.7700,45.2600,45.7000,3703900,34.2530
2019-08-23,45.6900,45.9000,44.7800,44.9900,5017400,33.7208
2019-08-26,45.1700,45.4700,45.0400,45.3900,3583300,34.0206
2019-08-27,45.6400,45.7800,45.3900,45.4300,4036900,34.0506
2019-08-28,45.5500,45.8500,45.1800,45.5200,4650500,34.1181
2019-08-29,45.8200,46.0300,45.5900,45.9400,3983800,34.4329
2019-08-30,46.1000,46.1400,45.7800,46.0000,4033700,34.4778
2019-09-03,46.0200,46.5700,45.8600,46.5400,4112800,34.8826
2019-09-04,46.8000,47.0500,46.4000,46.8400,3875200,35.1074
2019-09-05,46.5600,46.7300,46.3200,46.5200,2777300,34.8676
2019-09-06,46.5800,46.8000,46.4600,46.6800,2254900,34.9875
2019-09-09,46.5900,46.9300,46.4500,46.9200,3634900,35.1674
2019-09-10,46.8100,46.8700,46.2700,46.7400,5953200,35.0325
2019-09-11,46.5800,47.5900,46.4100,47.5900,3527200,35.6696
2019-09-12,47.6300,48.1000,47.3800,47.6300,2680500,35.6996
2019-09-13,47.5500,47.7900,47.2500,47.3700,2223700,35.5047
2019-09-16,47.4000,47.6100,47.2500,47.5600,2130600,35.6471
2019-09-17,47.5400,48.1700,47.5400,48.0900,3753800,36.0443
2019-09-18,48.2000,48.2700,47.8000,48.1100,2660400,36.0593
2019-09-19,48.2600,48.2600,47.9800,48.1100,2366300,36.0593
2019-09-20,48.0200,48.1500,47.2700,47.3900,11015800,35.5196
2019-09-23,47.4300,47.9300,47.3500,47.7600,3024100,35.7970
2019-09-24,47.8800,48.6800,47.8300,48.4500,4051300,36.3141
2019-09-25,48.4000,48.8800,48.2400,48.8300,4044400,36.5990
2019-09-26,48.9200,49.0700,48.6300,48.7300,2936900,36.5240
2019-09-27,48.6200,48.8500,48.0300,48.4300,3375000,36.2992
2019-09-30,48.4600,48.6000,47.9300,48.2300,6644800,36.1493
2019-10-01,48.0000,48.1300,47.6900,47.8900,3422200,35.8944
2019-10-02,47.8000,47.9300,47.1200,47.3100,2882900,35.4597
2019-10-03,47.3500,47.8100,47.2100,47.7400,3399700,35.7820
2019-10-04,47.9500,48.3400,47.6600,48.2300,1990000,36.1493
2019-10-07,48.0500,48.2100,47.7800,48.0300,4201800,35.9994
2019-10-08,48.0800,48.0800,47.5000,47.6200,3474800,35.6920
2019-10-09,47.7800,47.9600,47.6000,47.8200,2533600,35.8420
2019-10-10,47.5900,48.1600,47.4500,47.9000,2136200,35.9019
2019-10-11,47.8000,48.2700,47.7300,47.8900,2708300,35.8944
2019-10-14,47.9300,47.9500,47.3200,47.4100,2122500,35.5346
2019-10-15,47.4600,47.7700,47.3600,47.6000,2599400,35.6771
2019-10-16,47.4400,47.8200,47.2300,47.8000,3086100,35.8270
2019-10-17,47.9300,48.2800,47.7700,48.1100,2341100,36.0593
2019-10-18,47.9800,48.5200,47.8300,48.3800,3488200,36.2617
2019-10-21,48.5700,48.6300,48.1200,48.5000,2729000,36.3516
2019-10-22,48.6000,48.6700,48.2500,48.3600,2573900,36.2467
2019-10-23,48.5900,48.7100,48.2300,48.4100,4456100,36.2842
2019-10-24,48.1300,48.5200,48.1000,48.2900,5092700,36.1942
2019-10-25,48.4100,48.4600,47.6300,48.0100,3834000,35.9844
2019-10-28,47.8600,48.1800,47.2100,47.2700,4501400,35.4297
2019-10-29,47.2100,47.7300,47.1900,47.5800,4907900,35.6621
2019-10-30,47.6200,48.1900,47.5200,47.8400,5655600,35.8569
2019-10-31,47.9100,48.3300,47.7800,48.3200,4639600,36.2167
2019-11-01,48.4500,48.6000,48.1800,48.3600,4608800,36.2467
2019-11-04,49.0000,49.0100,47.7200,48.0000,6826300,35.9769
2019-11-05,47.6700,48.0900,46.9800,47.3200,7319400,35.4672
2019-11-06,46.9100,47.4600,46.9000,47.1100,9065900,35.5956
2019-11-07,46.6900,46.9800,46.3600,46.7200,9812200,35.3010
2019-11-08,46.5700,46.7000,46.2200,46.5900,4341200,35.2027
2019-11-11,46.6000,46.7100,45.9900,46.0300,5079600,34.7796
2019-11-12,46.1100,46.5300,46.0700,46.3000,4928400,34.9836
2019-11-13,46.4800,47.1200,46.4800,46.9200,2819400,35.4521
2019-11-14,46.9300,47.0800,46.7300,46.7400,4415600,35.3161
2019-11-15,46.8600,47.0600,46.6300,47.0400,4621400,35.5427
2019-11-18,47.1800,47.4500,46.6200,46.7700,7869500,35.3387
2019-11-19,46.8300,46.8300,46.4000,46.4300,4241700,35.0818
2019-11-20,46.5000,46.8900,46.3700,46.8700,6151900,35.4143
2019-11-21,46.9300,46.9800,46.4200,46.6400,3360400,35.2405
2019-11-22,46.6600,47.4400,46.5900,47.3400,6129800,35.7694
2019-11-25,47.5000,47.8000,47.0800,47.7200,4607700,36.0566
2019-11-26,47.6900,47.8400,47.5600,47.7700,6644700,36.0943
2019-11-27,47.7900,47.8300,47.3300,47.7900,5445000,36.1094
2019-11-29,48.0000,48.1900,47.5700,47.6900,1463500,36.0339
2019-12-02,47.4200,47.6800,47.1200,47.5200,3556400,35.9054
2019-12-03,47.5700,47.9900,47.5500,47.7400,2884700,36.0717
2019-12-04,47.8000,48.3000,47.7800,48.1900,3159700,36.4117
2019-12-05,48.1100,48.4300,47.9800,48.4100,2488900,36.5779
2019-12-06,48.3900,48.6400,48.3000,48.3800,2287400,36.5552
2019-12-09,48.3900,48.4000,48.0800,48.1200,3322400,36.3588
2019-12-10,48.0700,48.2600,47.8200,47.9900,2807400,36.2606
2019-12-11,48.0200,48.1400,47.6800,48.0200,2967800,36.2832
2019-12-12,47.9600,48.2900,47.6800,47.8500,2593400,36.1548
2019-12-13,47.7500,48.0500,47.4300,47.9500,3382900,36.2303
2019-12-16,48.1100,48.5200,47.8300,48.5100,4100900,36.6535
2019-12-17,48.6100,48.7500,48.2300,48.2800,3699500,36.4797
2019-12-18,48.4500,48.6400,48.1200,48.5200,3141400,36.6610
2019-12-19,48.4900,48.7200,48.2900,48.7100,4581100,36.8046
2019-12-20,48.9000,49.0500,48.6400,48.8200,5295300,36.8877
2019-12-23,48.8300,48.9400,48.2300,48.3900,2546100,36.5628
2019-12-24,48.4200,48.5500,48.3000,48.4800,958300,36.6308
2019-12-26,48.4500,48.6200,48.3300,48.5100,1778000,36.6535
2019-12-27,48.4900,48.5400,48.2700,48.3900,2587100,36.5628
2019-12-30,48.2900,48.4900,48.1600,48.4900,1883300,36.6384
2019-12-31,48.4900,48.6100,48.1800,48.6000,2929700,36.7215
2020-01-02,48.5600,48.5600,47.2000,47.5300,4639300,35.9130
2020-01-03,47.4000,47.6600,47.3200,47.4600,2970900,35.8601
2020-01-06,47.5000,47.7100,47.3300,47.5500,2474900,35.9281
2020-01-07,47.3200,47.6900,47.2400,47.5200,2187700,35.9054
2020-01-08,47.6500,47.8600,47.5100,47.6200,2700000,35.9810
2020-01-09,47.5600,47.9800,47.5300,47.8700,2249100,36.1699
2020-01-10,48.0000,48.2800,47.6000,47.6400,4093200,35.9961
2020-01-13,47.7000,48.0700,47.7000,47.7700,2537200,36.0943
2020-01-14,47.7200,48.0600,47.4500,48.0400,3167800,36.2983
2020-01-15,48.1700,48.6600,48.1500,48.4500,2789400,36.6081
2020-01-16,48.1600,48.9700,48.1600,48.7800,3425700,36.8575
2020-01-17,48.8700,49.1400,48.5000,49.0600,3251200,37.0690
2020-01-21,48.9100,49.3200,48.8400,49.3000,2854100,37.2504
2020-01-22,49.5300,49.9100,49.4400,49.8900,3359100,37.6962
2020-01-23,49.8400,50.3700,49.7600,50.3500,3138600,38.0437
2020-01-24,50.3200,50.7500,50.0800,50.4700,2428700,38.1344
2020-01-27,50.4200,50.7700,50.0300,50.2600,2647000,37.9757
2020-01-28,50.3200,50.8300,50.2700,50.6900,2614700,38.3006
2020-01-29,50.7200,51.0700,50.5600,50.9700,2948400,38.5122
2020-01-30,50.8900,51.0400,50.5100,50.9800,4560600,38.5197
2020-01-31,50.9600,51.0500,50.3800,50.7900,5893300,38.3762
2020-02-03,50.9600,51.5300,50.8400,51.5000,3456000,38.9127
2020-02-04,51.5100,52.2600,51.3500,51.4900,4569100,38.9051
2020-02-05,51.4300,52.0600,51.4000,51.9100,3103400,39.2224
2020-02-06,51.5300,51.6400,51.2300,51.2500,3346500,39.0169
2020-02-07,51.0300,51.5200,50.7900,51.2300,2784800,39.0017
2020-02-10,51.2500,51.4200,50.8800,51.3600,4385400,39.1006
2020-02-11,51.5300,51.6900,51.3600,51.5400,2588700,39.2377
2020-02-12,51.5300,51.7500,51.3000,51.4800,2566100,39.1920
2020-02-13,51.5800,52.0400,51.3900,51.9800,2374400,39.5727
2020-02-14,52.0200,52.2400,51.8600,52.2300,2453900,39.7630
2020-02-18,52.3900,52.5200,52.1300,52.2700,2501800,39.7934
2020-02-19,52.2600,52.2900,51.9900,52.1500,2511900,39.7021
2020-02-20,52.1300,52.2000,51.7100,51.7900,2594500,39.4280
2020-02-21,51.7000,51.8800,51.3900,51.5700,5933300,39.2605
2020-02-24,51.2200,51.4800,50.6200,50.6300,4427600,38.5449
2020-02-25,50.7100,50.8700,48.8300,48.8900,4461100,37.2202
2020-02-26,48.9200,49.3800,48.2900,48.3000,4162500,36.7710
2020-02-27,48.0600,48.3600,46.2300,46.2300,5322800,35.1952
2020-02-28,45.2300,45.2300,43.5700,44.5300,9412800,33.9009
2020-03-02,44.7900,47.4200,44.6700,47.3200,5894500,36.0250
2020-03-03,47.2000,48.1700,45.8200,45.9200,7906700,34.9591
2020-03-04,46.6600,48.5100,46.2700,48.5000,5367300,36.9233
2020-03-05,47.5200,48.2700,46.5600,47.1300,6141800,35.8803
2020-03-06,45.7300,46.6900,44.7300,46.4800,5994900,35.3855
2020-03-09,43.5200,44.2500,39.2500,42.9300,10151900,32.6828
2020-03-10,43.9400,45.1700,42.9200,44.9500,7231900,34.2207
2020-03-11,43.6900,44.3500,42.4800,43.1300,8592200,32.8351
2020-03-12,40.1500,41.6100,37.9500,38.5200,7357000,29.3255
2020-03-13,40.6900,41.2500,38.7200,41.2400,6070100,31.3962
2020-03-16,37.7000,39.7600,33.8700,34.3000,6701900,26.1128
2020-03-17,35.2600,40.4900,32.9100,40.1100,9171700,30.5360
2020-03-18,37.4900,38.6900,33.5600,37.2000,7253200,28.3206
2020-03-19,37.3200,37.3600,33.5000,35.9900,5291200,27.3994
2020-03-20,35.9700,36.7000,33.9800,34.2800,5393500,26.0975
2020-03-23,34.0200,35.7500,32.0000,33.1900,6180400,25.2677
2020-03-24,34.2100,36.0200,33.9100,35.4800,5400200,27.0111
2020-03-25,35.3300,37.2900,33.5800,35.5000,5194400,27.0263
2020-03-26,35.4700,39.2700,35.4200,38.6700,4915500,29.4397
2020-03-27,37.3600,40.3300,37.1100,38.6000,5803000,29.3864
2020-03-30,39.1900,40.9100,38.3100,40.4900,6295900,30.8253
2020-03-31,40.0300,40.8300,39.1100,40.0700,7704500,30.5055
2020-04-01,38.3300,39.3200,38.1400,38.8600,6979900,29.5843
2020-04-02,38.2300,40.5200,38.2300,40.0000,4823500,30.4522
2020-04-03,39.5800,40.2700,37.5600,37.9500,3445000,28.8915
2020-04-06,39.3700,41.9000,39.3700,41.3600,5157800,31.4876
2020-04-07,42.4300,42.7600,40.3900,40.4700,6177600,30.8100
2020-04-08,40.7200,43.5900,40.4000,43.2300,3674700,32.9112
2020-04-09,43.7700,45.3200,43.7700,44.7500,5735700,34.0684
2020-04-13,44.1100,44.5000,43.0600,43.9300,3006200,33.4441
2020-04-14,44.8600,45.7700,44.6000,45.4700,3512100,34.6166
2020-04-15,44.3200,44.6500,43.6300,43.9500,2454200,33.4594
2020-04-16,43.9900,44.9600,43.3800,44.8600,2752700,34.1522
2020-04-17,45.7300,46.3600,44.8000,46.2100,2451700,35.1799
2020-04-20,45.8200,45.8200,44.3200,44.4900,2836900,33.8705
2020-04-21,43.7700,43.9400,42.6300,43.2000,3796200,32.8884
2020-04-22,44.0700,44.5500,43.1700,44.2200,2465200,33.6649
2020-04-23,44.4500,44.6400,42.7800,43.0300,3190600,32.7590
2020-04-24,39.9900,43.3000,39.3400,42.3200,5716700,32.2184
2020-04-27,42.6000,43.8800,42.4400,43.5100,4457800,33.1244
2020-04-28,44.0100,44.2200,42.4500,42.6400,4192300,32.4621
2020-04-29,43.3200,43.8400,42.2600,42.3500,3153600,32.2413
2020-04-30,42.0100,42.2200,40.6200,41.2700,3106600,31.4191
2020-05-01,40.8800,40.8800,40.2200,40.8400,3313700,31.0917
2020-05-04,40.8300,41.3200,40.3100,41.1900,3289900,31.3582
2020-05-05,41.4700,42.2800,41.4400,41.6800,2805600,31.7312
2020-05-06,41.3700,41.5700,39.9300,40.0000,3960100,30.7398
2020-05-07,40.4800,40.7400,40.0100,40.2100,3281000,30.9012
2020-05-08,40.7400,40.9100,40.1300,40.6000,2609700,31.2009
2020-05-11,40.3600,40.7100,39.6600,40.4200,2901700,31.0626
2020-05-12,40.5400,40.8000,39.5600,39.6000,3945300,30.4324
2020-05-13,39.4300,39.5500,38.7200,39.0500,3772500,30.0098
2020-05-14,38.6500,40.1300,38.1400,39.9600,4154900,30.7091
2020-05-15,39.5700,39.9400,38.6300,39.2900,7448100,30.1942
2020-05-18,40.4200,41.2800,40.3900,41.1100,3001900,31.5929
2020-05-19,40.9200,41.1100,40.3300,40.3600,2477800,31.0165
2020-05-20,40.6900,40.8400,40.1400,40.2800,3012400,30.9550
2020-05-21,40.1100,40.7300,40.0300,40.4300,2947400,31.0703
2020-05-22,40.3300,40.7300,40.2300,40.6400,2802500,31.2317
2020-05-26,41.4300,41.6200,40.6400,40.7100,2348200,31.2855
2020-05-27,41.2300,41.3800,40.5600,41.3600,5103700,31.7850
2020-05-28,42.0500,42.8200,41.7500,42.6900,3658700,32.8071
2020-05-29,42.5400,42.8600,42.0700,42.2600,4659100,32.4766
2020-06-01,42.1300,42.9500,41.9000,42.7600,2427100,32.8609
2020-06-02,42.9900,43.0800,42.2800,43.0700,2844200,33.0991
2020-06-03,43.4200,43.9100,43.1800,43.4900,2927700,33.4219
2020-06-04,43.2200,43.3000,41.9600,42.3600,3406800,32.5535
2020-06-05,42.8800,43.8600,42.7800,43.2700,3603600,33.2528
2020-06-08,43.1200,44.1000,42.8700,43.9800,3009000,33.7985
2020-06-09,43.6300,43.6300,42.7800,42.8900,2883500,32.9608
2020-06-10,43.0700,43.1900,42.1500,42.2500,2604500,32.4690
2020-06-11,41.6400,41.6400,40.2200,40.5000,3900500,31.1241
2020-06-12,41.3700,41.4700,39.7700,40.4300,3934600,31.0703
2020-06-15,39.5100,40.7400,38.8700,40.4700,4195900,31.1010
2020-06-16,41.6200,41.7600,40.2700,40.5100,5088900,31.1318
2020-06-17,40.6400,40.6700,39.8100,40.2500,3825600,30.9320
2020-06-18,40.0000,40.5700,39.8600,40.5100,3441100,31.1318
2020-06-19,41.1000,41.1000,38.9600,38.9800,8571000,29.9560
2020-06-22,39.0700,39.7400,38.5300,39.7000,4596200,30.5093
2020-06-23,40.1500,40.1500,38.6800,38.7800,3753200,29.8023
2020-06-24,38.4800,38.6200,37.3100,37.7800,4855700,29.0338
2020-06-25,37.6100,37.6600,36.9900,37.5300,3710600,28.8417
2020-06-26,37.3400,37.6300,36.6600,36.8500,6094100,28.3191
2020-06-29,37.2200,37.9900,37.0900,37.9900,3265600,29.1952
2020-06-30,38.0100,38.9300,37.8400,38.7800,5988200,29.8023
2020-07-01,38.8700,40.0000,38.6500,39.8800,4357100,30.6476
2020-07-02,40.2500,40.3200,39.7600,39.9200,2897300,30.6784
2020-07-06,40.0900,40.7700,39.7700,40.1800,4223500,30.8782
2020-07-07,39.8200,40.4100,39.5400,40.2500,4239300,30.9320
2020-07-08,40.1700,40.7100,39.8800,40.6300,4635600,31.2240
2020-07-09,40.3800,40.4300,39.7000,40.1900,3781500,30.8859
2020-07-10,40.1900,41.3500,40.1200,41.2700,2784900,31.7158
2020-07-13,41.1800,41.4900,40.6500,40.8400,2663300,31.3854
2020-07-14,40.8200,41.3800,40.6000,40.9200,7743700,31.4469
2020-07-15,41.6300,41.7800,40.8100,40.8200,4429000,31.3700
2020-07-16,40.8000,41.4300,40.6600,41.2900,2647100,31.7312
2020-07-17,41.4800,42.3500,41.3500,42.1400,3370500,32.3844
2020-07-20,41.9100,42.0200,41.2400,41.2600,2761600,31.7082
2020-07-21,41.6400,41.6500,33.6000,34.2500,41029600,26.3210
2020-07-22,29.0100,29.7000,22.8500,27.0900,135941100,20.8186
2020-07-23,27.7100,28.8000,26.9600,27.4000,53410400,21.0568
2020-07-24,27.9400,30.1500,27.8300,29.4800,38414300,22.6553
2020-07-27,29.7500,30.3600,28.2500,29.2800,21554400,22.5016
2020-07-28,29.0000,30.2600,28.8800,29.1400,15827800,22.3940
2020-07-29,29.4100,29.7300,28.4200,28.6400,13114200,22.0097
2020-07-30,28.4200,29.2900,28.2500,28.8700,10784000,22.1865
2020-07-31,28.7000,29.2000,28.3800,29.0000,16410200,22.2864
2020-08-03,28.9000,29.2900,28.4800,29.1900,8256100,22.4324
2020-08-04,29.2600,29.9100,29.0600,29.6400,8252300,22.7782
2020-08-05,29.8900,29.8900,28.6600,28.9400,8269100,22.2403
2020-08-06,28.4600,29.4000,28.3400,29.1800,6547700,22.7310
2020-08-07,28.9500,29.6500,28.9200,29.4400,9346500,22.9336
2020-08-10,29.6000,30.3900,29.5900,30.0600,9298400,23.4166
2020-08-11,30.1800,30.3200,29.3600,29.9000,11447800,23.2919
2020-08-12,29.9000,30.2100,29.6500,29.8700,5568800,23.2685
2020-08-13,29.8200,30.2300,29.4200,29.6000,5798300,23.0582
2020-08-14,29.6000,29.7600,29.2200,29.3300,3809400,22.8479
2020-08-17,29.2200,29.4100,28.8400,28.9400,4853000,22.5441
2020-08-18,28.8600,29.1600,28.6600,28.8800,4098300,22.4973
2020-08-19,28.9000,28.9500,28.4900,28.6400,5462700,22.3104
2020-08-20,28.4600,28.7500,28.2100,28.3600,6680500,22.0923
2020-08-21,28.4400,28.4500,27.9200,28.1100,7311900,21.8975
2020-08-24,28.2500,28.3900,27.9100,28.3100,4674100,22.0533
2020-08-25,28.4000,28.4600,27.9000,27.9400,4907800,21.7651
2020-08-26,27.7700,28.1700,27.4300,28.0100,6497500,21.8196
2020-08-27,28.1000,28.3000,27.9400,28.1000,3938300,21.8897
2020-08-28,28.2200,28.4500,27.9900,28.3100,4403500,22.0533
2020-08-31,28.4000,28.7100,28.2500,28.5900,4799600,22.2714
2020-09-01,28.3200,28.6500,28.0000,28.2600,5492400,22.0144
2020-09-02,28.2800,29.3000,28.2300,29.1400,7339600,22.6999
2020-09-03,29.4400,29.9700,29.0400,29.3900,6132700,22.8946
2020-09-04,29.5400,29.8400,29.0800,29.4000,6115400,22.9024
2020-09-08,29.5000,29.7000,29.0700,29.1300,4193400,22.6921
2020-09-09,29.3500,29.5100,29.0800,29.1400,4385800,22.6999
2020-09-10,29.1000,29.4600,28.6800,29.0500,4513000,22.6298
2020-09-11,29.0200,29.3700,29.0000,29.3300,2635600,22.8479
2020-09-14,29.3500,29.8800,29.2800,29.6600,3526700,23.1050
2020-09-15,29.7400,29.8700,29.1700,29.3500,3535600,22.8635
2020-09-16,29.1800,30.0200,29.1500,29.7600,2886100,23.1829
2020-09-17,29.4900,29.9400,28.9100,29.8000,2988200,23.2140
2020-09-18,29.7000,29.7800,28.9500,28.9600,6810100,22.5597
2020-09-21,28.6900,29.0100,28.3900,28.6300,3870300,22.3026
2020-09-22,28.6300,28.8300,28.5000,28.5700,3733200,22.2559
2020-09-23,28.6300,28.8600,27.3000,27.5800,9369500,21.4847
2020-09-24,27.6800,28.3900,27.5800,28.1600,6268500,21.9365
2020-09-25,28.0900,28.7300,27.9600,28.6000,3314600,22.2792
2020-09-28,28.8700,28.8900,28.4300,28.4500,3233000,22.1624
2020-09-29,28.5300,28.7300,28.1200,28.6000,2530200,22.2792
2020-09-30,28.7300,28.9800,28.4800,28.7100,5065600,22.3649
2020-10-01,28.8000,29.0200,28.4500,28.7600,2805900,22.4039
2020-10-02,28.5700,29.7600,28.4000,29.5200,4010300,22.9959
2020-10-05,29.6600,30.0400,29.4200,29.9100,2878500,23.2997
2020-10-06,29.9500,30.7700,29.8200,30.4100,5304200,23.6892
2020-10-07,30.5800,30.7700,30.3700,30.5600,3910600,23.8061
2020-10-08,30.6700,31.3600,30.6000,31.2800,3400200,24.3669
2020-10-09,31.3600,31.5800,31.0600,31.2200,4404700,24.3202
2020-10-12,31.1300,31.5300,31.0800,31.2600,5462700,24.3514
2020-10-13,31.0600,31.4200,30.8700,31.3100,4297000,24.3903
2020-10-14,31.3800,31.6900,30.3700,31.4300,4531700,24.4838
2020-10-15,31.2000,31.6900,31.1500,31.5100,2823400,24.5461
2020-10-16,31.5700,31.9900,31.3300,31.6900,3910500,24.6863
2020-10-19,31.7000,32.1600,31.5700,31.7300,7021900,24.7175
2020-10-20,32.2500,32.4200,31.7800,31.8300,5675300,24.7954
2020-10-21,31.6600,32.3500,31.6500,32.3300,8604900,25.1849
2020-10-22,32.3700,33.2700,32.2500,33.0300,6097900,25.7302
2020-10-23,33.1500,33.3500,32.8300,33.3000,4412400,25.9405
2020-10-26,33.0400,33.4200,32.7400,33.3200,7173200,25.9561
2020-10-27,33.3800,33.6100,33.0800,33.3900,5270000,26.0106
2020-10-28,33.0000,33.0600,31.5500,31.7600,7772400,24.7408
2020-10-29,31.6900,32.3000,31.0600,31.8100,8632800,24.7798
2020-10-30,30.6600,31.4800,29.5700,29.7200,20289700,23.1517
2020-11-02,30.0500,30.7500,29.7200,29.9300,7242900,23.3153
2020-11-03,30.3600,30.5100,29.9600,30.1200,4528600,23.4633
2020-11-04,29.9000,30.1900,29.0400,29.0600,6083500,22.6376
2020-11-05,29.1500,29.9800,29.1200,29.3900,5825700,23.2061
2020-11-06,29.4300,29.8400,29.0000,29.0700,6045500,22.9534
2020-11-09,30.0500,31.0600,29.3800,29.5200,8229300,23.3087
2020-11-10,29.7100,29.8700,29.1100,29.3100,8517400,23.1429
2020-11-11,29.3200,29.8100,29.1500,29.7900,5508300,23.5219
2020-11-12,29.6100,29.6900,28.8200,29.3300,8673300,23.1587
2020-11-13,29.6100,29.7500,29.2900,29.5100,3894600,23.3008
2020-11-16,29.9400,29.9400,28.1700,28.5000,11704600,22.5033
2020-11-17,28.5000,29.0500,28.3900,28.7400,7713400,22.6928
2020-11-18,28.8600,29.1400,28.4200,28.5500,7562500,22.5428
2020-11-19,28.5300,29.0700,28.3200,29.0400,5780900,22.9297
2020-11-20,28.3900,28.4500,27.3100,28.0000,23115000,22.1085
2020-11-23,28.0500,28.1400,27.6800,27.7100,5827100,21.8796
2020-11-24,27.7900,27.9000,26.6300,26.6600,14354200,21.0505
2020-11-25,26.6400,26.7900,26.1700,26.5600,7620900,20.9715
2020-11-27,26.5800,26.8600,26.4900,26.7200,2388000,21.0979
2020-11-30,26.6000,26.9100,26.2900,26.5600,8524800,20.9715
2020-12-01,26.4600,27.2100,26.2700,27.1700,9232000,21.4532
2020-12-02,27.1000,27.3400,26.8500,27.3200,4078900,21.5716
2020-12-03,27.3200,27.9300,27.0500,27.9000,5808700,22.0296
2020-12-04,27.9000,29.0800,27.8500,28.9500,7880300,22.8586
2020-12-07,28.9200,29.5700,28.8000,29.4700,8768600,23.2692
2020-12-08,29.2500,30.4400,29.2100,30.2600,7772200,23.8930
2020-12-09,30.4500,31.0800,30.3800,30.6400,9564600,24.1931
2020-12-10,30.7000,30.8300,30.0700,30.2200,4980900,23.8614
2020-12-11,30.1000,30.7500,30.0900,30.3800,4884400,23.9878
2020-12-14,30.7000,31.0800,30.3100,30.3500,3878400,23.9641
2020-12-15,30.4300,31.4100,30.2700,31.4000,4551100,24.7931
2020-12-16,31.4500,31.7000,30.8400,30.9100,5221700,24.4062
2020-12-17,31.1300,31.3300,30.4900,30.5000,3767400,24.0825
2020-12-18,30.4400,30.8400,30.1200,30.3400,9010500,23.9562
2020-12-21,30.0200,30.0800,29.5400,29.9900,6369700,23.6798
2020-12-22,29.9000,30.0900,29.7000,29.9500,4139600,23.6482
2020-12-23,30.1800,30.2800,29.2900,29.2900,4820400,23.1271
2020-12-24,29.3900,29.7500,29.2000,29.6800,1935900,23.4350
2020-12-28,29.7700,30.3800,29.4800,29.6200,4125400,23.3877
2020-12-29,29.6900,30.0900,29.5200,29.7100,4872200,23.4587
2020-12-30,29.7600,30.1500,29.7200,30.1100,2667200,23.7746
2020-12-31,29.9700,30.6400,29.8700,30.6100,2740000,24.1694
2021-01-04,30.6100,30.6600,29.3500,29.5100,5216300,23.3008
2021-01-05,29.5000,29.9000,29.2500,29.8400,4482700,23.5614
2021-01-06,29.8200,30.4700,29.8000,30.3000,7262200,23.9246
2021-01-07,30.3800,30.4300,29.6200,29.6300,4700200,23.3956
2021-01-08,29.6600,30.0000,29.5300,29.9100,3207100,23.6167
2021-01-11,29.9000,30.5400,29.8600,30.2000,5586600,23.8456
2021-01-12,30.1600,30.5400,29.9500,30.4900,4413900,24.0746
2021-01-13,30.6000,30.9400,30.5100,30.7900,3194500,24.3115
2021-01-14,30.8000,31.4100,30.6500,31.2500,4649500,24.6747
2021-01-15,31.1200,31.7400,30.7600,31.6700,4234200,25.0063
2021-01-19,31.9000,31.9500,31.0200,31.1100,6089700,24.5642
2021-01-20,31.0000,31.3800,30.7000,31.3300,4008800,24.7379
2021-01-21,31.1200,31.4500,31.0400,31.0700,3139900,24.5326
2021-01-22,31.0800,31.4300,30.8000,31.2700,2895400,24.6905
2021-01-25,31.1100,31.8800,31.0700,31.8600,3962900,25.1564
2021-01-26,31.9400,32.1300,31.6400,31.9300,5214400,25.2116
2021-01-27,31.5500,31.7600,30.7400,30.8600,6183900,24.3668
2021-01-28,30.8500,31.3400,30.6700,30.8600,3283500,24.3668
2021-01-29,30.8000,31.0900,30.3900,30.7600,7042400,24.2878
2021-02-01,30.7100,31.2500,30.2200,31.1800,4870300,24.6194
2021-02-02,31.3200,32.4400,31.0300,31.9100,5320800,25.1958
2021-02-03,31.8000,32.5700,31.7300,32.4000,5679300,25.5827
2021-02-04,32.0600,32.4800,31.7600,32.2300,5397700,25.7586
2021-02-05,32.3500,32.6500,32.0300,32.2800,4434200,25.7985
2021-02-08,32.2500,32.7700,31.9500,32.1300,5512300,25.6786
2021-02-09,32.1700,32.5300,31.9300,32.5300,3660200,25.9983
2021-02-10,32.7100,32.7100,31.5600,31.7500,5120200,25.3749
2021-02-11,31.8800,31.9300,31.0000,31.1200,4589700,24.8714
2021-02-12,31.0300,31.4000,31.0000,31.2400,2494800,24.9673
2021-02-16,31.3900,32.1200,31.1700,31.9300,5212900,25.5188
2021-02-17,31.9700,32.0300,31.5000,31.9500,5297100,25.5348
2021-02-18,31.5900,35.3900,31.5900,34.2500,18824000,27.3730
2021-02-19,34.0000,34.2500,33.4200,34.0300,6317600,27.1971
2021-02-22,34.2500,34.4400,33.5300,33.8800,3407900,27.0773
2021-02-23,34.0900,34.2200,33.5300,33.5300,4190800,26.7975
2021-02-24,33.5600,34.3300,33.5500,34.2500,4958000,27.3730
2021-02-25,34.2400,34.5500,33.4100,33.5100,4660800,26.7816
2021-02-26,33.6700,33.8100,33.0900,33.1400,4230600,26.4858
2021-03-01,33.6400,34.0600,33.3900,33.4100,3292300,26.7016
2021-03-02,33.3400,33.4700,32.8000,32.8100,3247700,26.2221
2021-03-03,32.8200,32.9600,32.2700,32.9000,4283000,26.2940
2021-03-04,33.0000,33.4700,32.7200,33.2200,5488800,26.5498
2021-03-05,33.4600,33.5000,32.5200,33.2100,5516500,26.5418
2021-03-08,33.4800,33.5800,33.1800,33.3700,4057200,26.6697
2021-03-09,33.7200,34.4300,33.6400,34.1800,5601500,27.3170
2021-03-10,34.2700,34.8700,34.2500,34.5500,3756500,27.6127
2021-03-11,34.3700,34.7600,34.1400,34.6500,4867300,27.6926
2021-03-12,34.8400,35.0100,34.4600,34.9300,4095100,27.9164
2021-03-15,35.1100,35.3700,34.8000,35.2500,2960600,28.1722
2021-03-16,35.1400,36.8800,35.0900,35.5600,4756800,28.4199
2021-03-17,35.7900,36.1100,35.1000,35.2000,3474400,28.1322
2021-03-18,35.1600,35.4900,34.5900,34.6300,4233100,27.6767
2021-03-19,34.6600,35.3900,34.1500,34.8600,11060200,27.8605
2021-03-22,34.5400,34.9300,34.3200,34.3700,3089100,27.4689
2021-03-23,34.3500,34.6600,34.1700,34.3900,3982400,27.4849
2021-03-24,34.3400,34.9700,34.3000,34.3300,3908200,27.4369
2021-03-25,34.5000,34.5500,33.8900,34.2500,2754500,27.3730
2021-03-26,34.2700,34.5900,33.9300,34.2700,3053700,27.3890
2021-03-29,34.1800,35.1700,34.1800,35.0100,3519800,27.9804
2021-03-30,34.7900,35.0800,34.3900,34.4900,3303800,27.5648
2021-03-31,34.6000,34.8100,34.4000,34.6900,3724600,27.7246
2021-04-01,34.5600,34.6500,34.0500,34.3100,3901500,27.4209
2021-04-05,34.3800,34.9200,34.2900,34.8000,3358700,27.8125
2021-04-06,34.7400,34.8200,34.5600,34.8000,5174500,27.8125
2021-04-07,34.8800,35.1800,34.7200,35.0300,7387900,27.9964
2021-04-08,35.1200,35.2100,34.6900,34.9900,4979800,27.9644
2021-04-09,35.0600,35.2000,34.6600,34.7700,1994800,27.7886
2021-04-12,34.7700,34.9400,34.6000,34.6900,2355800,27.7246
2021-04-13,34.7000,35.2400,34.5400,35.1600,2899800,28.1002
2021-04-14,35.0600,35.2700,34.9400,35.1600,2004400,28.1002
2021-04-15,35.1600,35.5800,35.1300,35.5200,2365400,28.3880
2021-04-16,35.7000,35.8900,35.4600,35.6900,2741200,28.5238
2021-04-19,35.9500,35.9500,35.4800,35.8000,2003400,28.6117
2021-04-20,35.7800,36.4000,35.7800,36.2800,4509700,28.9954
2021-04-21,36.4600,36.8700,36.2900,36.7900,3736600,29.4030
2021-04-22,36.7400,36.7700,36.2500,36.3500,3369800,29.0513
2021-04-23,36.4100,37.5300,36.3400,36.7000,6012200,29.3310
2021-04-26,36.7500,36.9200,36.4800,36.6900,4098900,29.3230
2021-04-27,36.7600,37.1400,36.6000,36.8700,3890700,29.4669
2021-04-28,37.0000,37.4600,36.8200,37.4200,3160100,29.9065
2021-04-29,37.4200,37.8000,37.3300,37.7200,2391800,30.1462
2021-04-30,37.8000,37.9400,37.5100,37.9200,3680300,30.3061
2021-05-03,38.0000,38.7200,37.8400,38.3200,5370300,30.6258
2021-05-04,38.3100,38.3800,37.5800,37.7900,6825500,30.2022
2021-05-05,37.7500,37.9500,37.2100,37.8800,3918000,30.2741
2021-05-06,37.6500,37.6900,36.8300,37.4200,3654400,30.2176
2021-05-07,37.5100,37.7700,37.3300,37.5200,2047600,30.2983
2021-05-10,37.6500,38.0300,37.6100,37.6500,2085200,30.4033
2021-05-11,37.5600,37.6000,36.9700,37.2000,3172900,30.0399
2021-05-12,37.1800,37.2400,36.3600,36.4400,2784400,29.4262
2021-05-13,36.5900,37.7100,36.5100,37.4800,4194300,30.2660
2021-05-14,37.4100,37.8300,37.4100,37.6100,2825100,30.3710
2021-05-17,37.8200,37.9300,37.5300,37.7100,3759900,30.4518
2021-05-18,37.5500,37.8500,37.4500,37.6700,1996900,30.4195
2021-05-19,37.6300,37.6700,37.0200,37.4000,2232400,30.2014
2021-05-20,37.3800,38.0400,37.3800,37.6900,2375800,30.4356
2021-05-21,37.7600,38.0200,37.6200,38.0100,1920100,30.6940
2021-05-24,38.1500,38.2000,37.9000,37.9200,2327500,30.6213
2021-05-25,37.9400,38.1000,37.5100,37.6200,2521600,30.3791
2021-05-26,37.6500,37.8000,37.5000,37.5800,2341200,30.3468
2021-05-27,37.7400,38.0100,37.5600,37.8700,2870100,30.5810
2021-05-28,37.8900,37.9900,37.6700,37.9100,2089300,30.6133
2021-06-01,38.1500,38.1500,37.7600,38.0200,2955700,30.7021
2021-06-02,38.1200,38.4200,37.8500,38.1400,2958900,30.7990
2021-06-03,37.9400,38.6400,37.9000,38.4700,2360200,31.0655
2021-06-04,38.5000,38.6400,38.2300,38.3300,2452500,30.9524
2021-06-07,38.4100,38.6600,38.3000,38.5700,1977800,31.1462
2021-06-08,38.5600,38.5900,38.1200,38.2700,2012100,30.9040
2021-06-09,38.3600,38.6400,38.1800,38.4900,3174800,31.0816
2021-06-10,38.5700,38.6400,38.3600,38.6300,2365600,31.1947
2021-06-11,38.6300,38.8100,38.4600,38.7600,2088200,31.2997
2021-06-14,38.8800,38.9500,38.5800,38.7900,1525900,31.3239
2021-06-15,38.8400,39.2300,38.7500,38.8800,2316100,31.3966
2021-06-16,38.9300,39.0800,38.0100,38.1500,3624800,30.8071
2021-06-17,38.1500,38.3400,37.6700,37.7200,2414000,30.4598
2021-06-18,37.8400,37.8900,37.0400,37.1300,6189300,29.9834
2021-06-21,37.2900,37.8600,37.1500,37.7900,2645700,30.5164
2021-06-22,37.7100,38.0000,37.4800,37.5000,1988100,30.2822
2021-06-23,37.2700,37.3500,36.8500,36.9500,3420300,29.8380
2021-06-24,37.0200,37.2400,36.9400,37.1800,1920200,30.0238
2021-06-25,37.1100,37.7300,37.0900,37.6900,2584100,30.4356
2021-06-28,37.8000,38.2500,37.6700,38.0600,3571100,30.7344
2021-06-29,38.1500,38.1800,37.4400,37.5400,2195000,30.3145
2021-06-30,37.4800,37.6200,36.9600,37.2100,3445500,30.0480
2021-07-01,37.2300,37.8300,37.1300,37.6600,2692700,30.4114
2021-07-02,37.7000,37.8400,37.3700,37.4800,1749600,30.2660
2021-07-06,37.3800,37.7200,37.0000,37.6700,2598900,30.4195
2021-07-07,37.6200,37.8900,37.3800,37.8600,2412900,30.5729
2021-07-08,37.5100,37.8200,37.3400,37.4200,2175800,30.2176
2021-07-09,37.6500,37.6500,37.1500,37.5300,2394700,30.3064
2021-07-12,37.3900,37.5700,37.1700,37.4800,3024800,30.2660
2021-07-13,37.4400,37.5900,36.9400,37.0200,3054000,29.8946
2021-07-14,37.0000,37.2400,36.8700,37.0500,2623900,29.9188
2021-07-15,36.9500,37.4500,36.9400,37.4200,2574000,30.2176
2021-07-16,37.5200,38.0400,37.3900,37.7900,5491000,30.5164
2021-07-19,37.5300,37.8000,36.9100,37.3600,4221800,30.1691
2021-07-20,37.4900,37.9600,37.4700,37.6200,3652000,30.3791
2021-07-21,37.7000,37.8100,37.4600,37.5400,2995000,30.3145
2021-07-22,39.0000,39.7400,38.8700,39.1500,12047100,31.6146
2021-07-23,38.5000,39.3700,38.2100,38.4700,7695100,31.0655
2021-07-26,38.5900,39.1800,38.3000,38.7600,6124700,31.2997
2021-07-27,38.7100,39.1100,38.2100,38.8700,6111900,31.3885
2021-07-28,38.9600,38.9900,37.9600,38.1400,3265500,30.7990
2021-07-29,38.1900,38.3100,37.8500,38.0500,2632600,30.7263
2021-07-30,37.9700,38.7100,37.9500,38.3200,6733400,30.9444
2021-08-02,38.3200,38.6900,38.1800,38.4600,3467900,31.0574
2021-08-03,38.5700,38.8100,38.1800,38.5400,2760200,31.1220
2021-08-04,38.4100,38.4800,37.7300,38.0400,3254100,30.7182
2021-08-05,37.7800,37.9900,37.2400,37.9700,4001300,30.9793
2021-08-06,37.9900,38.1300,37.7800,37.8300,1768700,30.8651
2021-08-09,37.7900,38.0600,37.6200,37.8600,3368700,30.8896
2021-08-10,37.9100,38.0400,37.7100,37.8500,2190800,30.8814
2021-08-11,37.9700,38.3900,37.8300,38.1600,2300200,31.1343
2021-08-12,38.0100,38.3900,37.9200,38.3100,1418500,31.2567
2021-08-13,38.5000,38.7400,38.2500,38.6400,1752800,31.5260
2021-08-16,38.6700,39.1400,38.5400,38.8300,3347900,31.6810
2021-08-17,38.8500,38.8700,38.2100,38.6500,2807100,31.5341
2021-08-18,38.6700,38.6700,37.9800,38.2200,2822600,31.1833
2021-08-19,38.2700,39.1000,38.1800,38.9400,3761600,31.7707
2021-08-20,38.8500,39.1000,38.5800,39.0900,2242700,31.8931
2021-08-23,39.1300,39.1800,38.6000,38.8100,2394900,31.6647
2021-08-24,38.7700,38.8100,38.3100,38.6300,2373900,31.5178
2021-08-25,38.6400,39.2100,38.4400,39.0000,1849000,31.8197
2021-08-26,39.0100,39.0100,38.4500,38.5400,1614900,31.4444
2021-08-27,38.5300,38.7700,38.4000,38.5700,1679500,31.4689
2021-08-30,38.4900,38.8000,38.4400,38.6500,1333600,31.5341
2021-08-31,38.6200,38.9500,38.5000,38.8700,2132500,31.7136
2021-09-01,39.1300,39.6200,39.0300,39.4300,2341400,32.1705
2021-09-02,39.5000,39.9400,39.4400,39.9200,2243000,32.5703
2021-09-03,39.7400,39.8100,39.4600,39.5900,2979400,32.3011
2021-09-07,39.5400,39.5400,38.3900,38.4700,3734600,31.3873
2021-09-08,38.4200,39.0300,38.3000,38.9400,2832200,31.7707
2021-09-09,38.7900,38.9400,38.3500,38.3700,2238000,31.3057
2021-09-10,38.3300,38.3700,37.6700,37.6900,2157900,30.7509
2021-09-13,37.9400,38.0200,37.1900,37.4300,2923000,30.5387
2021-09-14,37.6500,37.9400,37.3200,37.4500,3568200,30.5551
2021-09-15,37.3300,38.0200,37.2500,37.8000,3260700,30.8406
2021-09-16,37.8300,37.9800,37.3000,37.3100,1646500,30.4408
2021-09-17,37.3100,37.8000,36.6300,36.7300,6896100,29.9676
2021-09-20,36.5800,36.9200,36.1100,36.5200,4107800,29.7963
2021-09-21,36.6300,37.1000,36.5400,36.6500,2535700,29.9024
2021-09-22,36.8900,37.0300,36.6000,36.8600,2076000,30.0737
2021-09-23,37.0100,37.2800,36.6700,36.7500,2694900,29.9839
2021-09-24,36.7900,37.0400,36.7300,36.8300,1759200,30.0492
2021-09-27,36.8300,37.3800,36.6800,36.7200,2055000,29.9595
2021-09-28,36.7400,36.8500,36.3800,36.4300,2451600,29.7229
2021-09-29,36.4500,36.7900,36.2400,36.3000,3864400,29.6168
2021-09-30,36.3300,36.3700,35.5600,35.6200,3379900,29.0620
2021-10-01,35.8700,36.2300,35.7100,35.8500,2482700,29.2496
2021-10-04,35.8400,36.1500,35.6900,36.0100,4279800,29.3802
2021-10-05,36.1500,36.4100,36.0300,36.2200,2194300,29.5515
2021-10-06,36.0600,36.7300,35.7900,36.6800,2487200,29.9268
2021-10-07,36.7200,36.9700,36.3400,36.4300,2576600,29.7229
2021-10-08,36.3200,36.5100,36.1900,36.2200,1701500,29.5515
2021-10-11,36.0200,36.2500,35.6500,35.7700,3828800,29.1844
2021-10-12,35.9400,35.9800,35.5600,35.7100,3478900,29.1354
2021-10-13,35.5700,35.8700,35.4200,35.6400,2711500,29.0783
2021-10-14,35.7300,36.5400,35.7300,36.5200,3248800,29.7963
2021-10-15,36.5600,36.7300,36.3700,36.6200,3098500,29.8779
2021-10-18,36.4700,36.5500,35.9400,36.1700,3850100,29.5107
2021-10-19,36.3800,36.9900,36.2600,36.8700,2560700,30.0819
2021-10-20,37.0000,37.4700,37.0000,37.3300,2565200,30.4572
2021-10-21,37.2200,37.5900,37.0700,37.2300,4926500,30.3756
2021-10-22,37.2400,37.8400,37.2300,37.7500,2843900,30.7998
2021-10-25,37.8200,37.8200,37.2100,37.3700,4238300,30.4898
2021-10-26,37.4300,37.8000,37.3000,37.7000,3343300,30.7590
2021-10-27,37.7800,37.8500,37.3100,37.5900,2280000,30.6693
2021-10-28,37.6200,37.9400,37.5700,37.9000,2497500,30.9222
2021-10-29,37.6200,39.7200,37.6200,38.5300,5722300,31.4362
2021-11-01,38.5900,38.8400,38.2300,38.8000,2577900,31.6565
2021-11-02,39.8000,39.8200,38.7700,39.3000,5162600,32.0645
2021-11-03,39.1700,39.4300,39.0900,39.2500,3515400,32.0237
2021-11-04,38.8400,39.1600,38.6300,38.9100,3194500,32.0649
2021-11-05,39.0900,39.3100,38.9700,39.0700,2536100,32.1967
2021-11-08,39.6200,39.7300,38.3700,38.5100,5992200,31.7352
2021-11-09,38.5900,38.7600,37.8900,38.3000,3939900,31.5622
2021-11-10,38.2700,38.9800,38.2700,38.9600,4022500,32.1061
2021-11-11,38.7900,39.0700,38.5700,39.0300,1927700,32.1638
2021-11-12,39.0300,39.0500,38.6000,39.0000,4223000,32.1390
2021-11-15,39.1800,39.4600,38.9900,39.4500,2264500,32.5099
2021-11-16,39.4800,39.7700,39.3900,39.5800,4172600,32.6170
2021-11-17,39.5500,39.5700,38.6700,39.0800,3281700,32.2050
2021-11-18,39.0000,39.2600,38.2900,38.6100,2799600,31.8176
2021-11-19,38.6300,38.7300,37.9900,38.5300,3108600,31.7517
2021-11-22,38.5300,39.0500,38.4500,38.7300,3038000,31.9165
2021-11-23,38.8200,39.0600,38.5400,38.9400,1737600,32.0896
2021-11-24,38.9600,39.0400,38.7100,38.9100,1406400,32.0649
2021-11-26,38.4500,38.6400,37.7900,37.9100,2624200,31.2408
2021-11-29,38.2000,39.1200,38.2000,39.0500,4180900,32.1802
2021-11-30,38.7600,38.7600,37.6300,37.6600,6638800,31.0348
2021-12-01,38.0500,38.6700,37.7000,37.7300,4125500,31.0925
2021-12-02,37.9000,38.8400,37.8100,38.6200,3669100,31.8259
2021-12-03,38.8000,38.9500,38.2500,38.8400,3338800,32.0072
2021-12-06,39.0000,39.6900,38.8000,39.2500,7268800,32.3451
2021-12-07,39.2600,39.6800,39.2100,39.4600,2666500,32.5181
2021-12-08,39.6000,39.6300,39.0500,39.4000,2148700,32.4687
2021-12-09,39.3500,39.6400,38.9600,39.4000,5132200,32.4687
2021-12-10,39.6000,39.9400,39.4100,39.6200,2560000,32.6500
2021-12-13,39.6000,40.4100,39.5100,40.1700,4960500,33.1032
2021-12-14,40.1300,40.2400,39.6500,39.9800,2583200,32.9466
2021-12-15,39.9900,40.3000,39.6500,39.9400,4207300,32.9137
2021-12-16,39.9500,40.6200,39.8900,40.3100,2555400,33.2186
2021-12-17,40.2400,40.4900,39.9500,40.0800,4627000,33.0290
2021-12-20,39.7400,40.3000,39.5600,40.2800,2452400,33.1939
2021-12-21,40.5000,40.7000,40.0600,40.2400,3064500,33.1609
2021-12-22,40.2400,40.7100,40.2200,40.5200,2041000,33.3916
2021-12-23,40.5700,40.7100,40.4600,40.5300,1861200,33.3999
2021-12-27,40.4600,40.4800,39.9900,40.4500,1560400,33.3340
2021-12-28,40.4700,41.0100,40.4400,40.9900,1877400,33.7790
2021-12-29,41.0600,41.2600,40.9100,41.1800,1285200,33.9355
2021-12-30,41.3100,41.6000,41.1400,41.3600,2386500,34.0839
2021-12-31,41.3100,41.7500,41.2600,41.5900,1266500,34.2734
2022-01-03,41.6100,41.6100,40.8300,41.2400,3168800,33.9850
2022-01-04,41.2700,41.5300,41.0200,41.0800,3451000,33.8531
2022-01-05,40.9900,41.3400,40.7500,40.8000,3626600,33.6224
2022-01-06,40.8200,41.2200,40.7000,40.9400,2275500,33.7377
2022-01-07,41.1900,41.6800,40.9900,41.4100,4266900,34.1251
2022-01-10,41.2700,41.6100,41.0600,41.5200,4782200,34.2157
2022-01-11,41.5500,41.7300,41.0000,41.3600,4580900,34.0839
2022-01-12,41.2700,41.5700,41.0400,41.4100,3404700,34.1251
2022-01-13,41.3300,41.7000,41.1200,41.5900,2929000,34.2734
2022-01-14,41.5400,41.7000,40.9700,41.5700,4173100,34.2569
2022-01-18,41.3500,41.8100,40.7600,41.5900,5393900,34.2734
2022-01-19,41.5900,41.9400,41.4100,41.4200,2880600,34.1333
2022-01-20,41.5500,42.0300,41.3600,41.4300,4221800,34.1416
2022-01-21,41.5200,41.9100,41.1700,41.3300,4916100,34.0591
2022-01-24,41.1200,41.3800,40.1000,41.3100,5155000,34.0427
2022-01-25,40.8900,41.7100,40.6900,41.3200,4603800,34.0509
2022-01-26,41.2700,41.8600,40.7500,41.1600,3776300,33.9190
2022-01-27,41.4500,41.7000,40.6800,41.2600,4677200,34.0014
2022-01-28,41.1300,41.7700,40.8500,41.7500,3484400,34.4053
2022-01-31,41.4000,41.9800,41.3200,41.9600,9046800,34.5783
2022-02-01,41.8400,41.9600,41.2500,41.8100,3301800,34.4547
2022-02-02,41.7000,42.4300,41.6300,42.3300,4465300,34.8832
2022-02-03,42.2300,42.6900,42.0500,42.6000,3887500,35.1057
2022-02-04,41.9600,42.1200,41.2600,41.3600,5192900,34.3988
2022-02-07,41.3500,41.6200,41.1900,41.4400,3943600,34.4653
2022-02-08,41.6400,42.0900,41.4600,41.9600,3492100,34.8978
2022-02-09,42.1600,42.3500,41.9700,42.2100,2888000,35.1057
2022-02-10,41.9500,42.1100,41.3200,41.4200,3557100,34.4487
2022-02-11,41.9900,42.4900,41.4400,41.5600,9063000,34.5651
2022-02-14,41.6100,41.7900,39.4600,40.7400,6496100,33.8831
2022-02-15,41.0800,41.1500,40.1700,40.4400,3998300,33.6336
2022-02-16,40.4200,41.1700,40.3400,41.0800,3793000,34.1659
2022-02-17,40.9300,41.2100,40.5700,41.1200,2736300,34.1992
2022-02-18,41.1000,41.6000,40.7700,40.9800,8212600,34.0827
2022-02-22,41.0600,41.4400,40.6900,40.9500,5141900,34.0578
2022-02-23,40.9800,41.1700,39.5600,39.6200,6703900,32.9516
2022-02-24,39.4700,39.9600,38.7700,39.8500,5794700,33.1429
2022-02-25,40.2700,41.4400,40.1100,41.3600,4016800,34.3988
2022-02-28,41.1300,41.9400,40.9800,41.8500,6363700,34.8063
2022-03-01,41.8500,42.1300,41.0100,41.3200,4481100,34.3655
2022-03-02,41.4400,41.8600,41.3800,41.6700,4114600,34.6566
2022-03-03,41.8000,42.6100,41.7800,42.4200,5149100,35.2804
2022-03-04,42.2000,42.9700,41.9300,42.8800,5619500,35.6630
2022-03-07,42.9900,44.6000,42.8200,44.5700,8965200,37.0685
2022-03-08,44.5600,44.9800,43.8800,44.3100,8186700,36.8523
2022-03-09,44.6200,44.7800,44.0300,44.0800,7068200,36.6610
2022-03-10,43.8000,44.1900,43.3000,44.0300,4788500,36.6194
2022-03-11,43.9600,44.3900,43.6600,43.9700,3358300,36.5695
2022-03-14,44.4600,44.8000,43.9500,44.2500,3816100,36.8024
2022-03-15,44.5800,44.6200,43.8800,44.1900,3182000,36.7525
2022-03-16,44.1200,44.4100,43.2300,43.8800,5056700,36.4946
2022-03-17,43.9600,44.3900,43.7600,44.0500,4743700,36.6360
2022-03-18,44.0300,44.2000,43.0900,43.1400,13233400,35.8792
2022-03-21,43.3100,43.8100,43.3100,43.6000,4794700,36.2618
2022-03-22,43.8500,43.8600,43.1600,43.5500,3355300,36.2202
2022-03-23,43.5500,43.8400,43.2500,43.5100,3325700,36.1869
2022-03-24,43.3900,44.1600,43.3900,43.9100,3017600,36.5196
2022-03-25,44.0100,44.8700,43.9100,44.8400,3397100,37.2931
2022-03-28,44.8400,45.1100,44.4700,45.0900,3105300,37.5010
2022-03-29,45.0900,45.4700,44.6500,45.4600,4210600,37.8087
2022-03-30,45.4900,45.8100,45.2300,45.8000,4380300,38.0915
2022-03-31,45.8300,46.4000,45.8300,45.8600,4439900,38.1414
2022-04-01,45.7600,46.6500,45.5900,46.5900,4140400,38.7485
2022-04-04,46.2500,46.4600,45.7400,46.3100,4379800,38.5157
2022-04-05,46.4700,47.1700,46.4600,46.6400,3189700,38.7901
2022-04-06,46.9100,47.9900,46.6400,47.9300,4386300,39.8630
2022-04-07,47.9500,47.9700,47.3400,47.4800,4722000,39.4887
2022-04-08,47.7400,47.7900,47.2600,47.4700,2320600,39.4804
2022-04-11,47.4200,47.7100,46.8500,46.8800,2847300,38.9897
2022-04-12,46.7400,47.3800,46.6400,47.1400,2405500,39.2060
2022-04-13,47.2000,47.2800,46.7400,47.1600,2347000,39.2226
2022-04-14,47.3800,47.5900,47.0600,47.4000,2745500,39.4222
2022-04-18,47.3400,47.6000,47.1400,47.2900,2022000,39.3307
2022-04-19,47.5500,47.6100,47.2600,47.5000,2815800,39.5054
2022-04-20,47.9800,48.6300,47.8600,48.4600,3605700,40.3038
2022-04-21,48.3300,48.8500,48.0900,48.1200,2659700,40.0210
2022-04-22,47.3800,47.5000,46.0000,46.0100,5208500,38.2661
2022-04-25,46.1900,46.1900,44.7800,45.4400,3751100,37.7921
2022-04-26,45.5700,45.7700,44.9700,44.9800,3254200,37.4095
2022-04-27,45.2600,45.4200,44.4500,44.7400,2863900,37.2099
2022-04-28,44.8300,45.0100,44.4000,44.7400,3159600,37.2099
2022-04-29,44.6200,44.6900,43.2100,43.3100,4623500,36.0206
2022-05-02,43.5100,43.8600,42.4100,42.9400,3137000,35.7129
2022-05-03,43.1900,43.8900,42.9900,43.1400,4073800,35.8792
2022-05-04,43.5000,43.6800,42.5500,43.6500,4545700,36.3034
2022-05-05,43.1700,43.4500,42.0500,42.4800,3315100,35.6488
2022-05-06,42.1300,42.8100,42.0300,42.6800,3307700,35.8166
2022-05-09,42.5000,42.6200,41.7700,42.1700,4689200,35.3886
2022-05-10,42.1900,43.1300,41.4900,42.0500,4817700,35.2879
2022-05-11,42.0800,43.4000,42.0800,42.3600,3922300,35.5481
2022-05-12,42.1700,42.6500,41.5600,42.2100,3475900,35.4222
2022-05-13,42.5400,42.6600,41.9100,42.5100,2609800,35.6740
2022-05-16,42.1100,42.5400,41.4600,41.7500,3238200,35.0362
2022-05-17,41.8600,42.7600,41.5000,42.7300,3368000,35.8586
2022-05-18,42.8700,42.9800,42.0800,42.2700,2780100,35.4726
2022-05-19,42.1900,42.3800,41.4700,42.0200,3599700,35.2628
2022-05-20,42.1500,42.5700,41.6300,42.3700,4034000,35.5565
2022-05-23,42.7900,43.1500,42.3300,42.7000,2402400,35.8334
2022-05-24,42.7800,43.3400,42.1000,43.2600,2954700,36.3034
2022-05-25,43.2400,43.5500,43.0400,43.1700,3128000,36.2278
2022-05-26,43.4100,43.6600,43.2500,43.3200,1936400,36.3537
2022-05-27,43.2700,43.7000,43.1600,43.4300,3037800,36.4460
2022-05-31,43.0600,43.2700,42.7300,42.9600,3537700,36.0516
2022-06-01,43.0000,43.2000,42.1500,42.5600,3210700,35.7159
2022-06-02,42.7400,42.9000,41.4600,42.3400,4794800,35.5313
2022-06-03,42.1800,42.4100,41.8000,41.8800,3234900,35.1453
2022-06-06,42.0100,42.0600,41.7100,41.8300,2941100,35.1033
2022-06-07,41.7600,41.9600,41.4600,41.8800,4140400,35.1453
2022-06-08,41.7900,42.0800,41.3100,41.3800,3824000,34.7257
2022-06-09,41.4400,41.6100,40.7400,40.7800,4500900,34.2222
2022-06-10,40.2300,40.9700,40.1700,40.6000,6761200,34.0711
2022-06-13,40.1800,40.3000,38.6900,38.9000,5725300,32.6445
2022-06-14,38.9500,39.0600,37.8700,38.3900,6034700,32.2165
2022-06-15,38.6200,38.8700,36.7300,37.2400,10795200,31.2514
2022-06-16,37.0100,37.0100,36.1100,36.3300,4953300,30.4878
2022-06-17,36.4200,36.4600,35.3200,35.9100,8361800,30.1353
2022-06-21,35.9100,36.3100,35.6400,35.9700,10017200,30.1857
2022-06-22,35.8800,36.5000,35.8500,36.2200,5332900,30.3955
2022-06-23,36.4600,37.0100,36.2600,36.9600,3652800,31.0165
2022-06-24,37.1000,37.6700,36.9200,37.2900,4496200,31.2934
2022-06-27,37.3100,38.2600,37.2400,38.1500,3275200,32.0151
2022-06-28,38.3800,38.7000,37.7800,37.7900,2223800,31.7130
2022-06-29,37.9600,38.2700,37.7200,38.2300,2177900,32.0822
2022-06-30,38.0500,38.8400,37.8800,38.3900,3404700,32.2165
2022-07-01,38.7000,39.4400,38.3600,39.3300,3460600,33.0053
2022-07-05,39.0900,39.2000,36.9500,37.6300,3081200,31.5787
2022-07-06,37.5600,37.9100,37.1400,37.4400,2928500,31.4193
2022-07-07,37.5500,37.8800,37.2200,37.2300,2732300,31.2430
2022-07-08,37.2600,37.4000,36.8500,37.1300,2512800,31.1591
2022-07-11,37.0200,37.5400,36.8600,37.4200,1524400,31.4025
2022-07-12,37.1400,37.9100,37.1100,37.4100,2272200,31.3941
2022-07-13,37.0500,37.6400,37.0100,37.1900,2500300,31.2095
2022-07-14,36.5700,37.4100,36.5700,37.3700,2672100,31.3605
2022-07-15,37.6400,37.7000,37.0800,37.4700,1817800,31.4445
2022-07-18,37.4900,37.7800,37.1800,37.3900,2108400,31.3773
2022-07-19,37.5800,38.0800,37.4700,37.9000,2456500,31.8053
2022-07-20,38.0300,38.1500,37.5700,37.6900,2703500,31.6291
2022-07-21,37.6900,37.8400,37.2500,37.8200,2483800,31.7382
2022-07-22,38.0500,38.4800,38.0000,38.3200,1927100,32.1577
2022-07-25,38.2000,38.7200,38.1100,38.6200,2007400,32.4095
2022-07-26,38.6500,39.3000,38.6000,39.0900,3030200,32.8039
2022-07-27,39.1200,39.7500,38.4800,39.3300,4273300,33.0053
2022-07-28,39.4400,40.1800,39.1300,40.1400,3538700,33.6851
2022-07-29,40.1700,41.4100,40.1300,41.1000,4607600,34.4907
2022-08-01,41.0000,41.1000,40.1800,40.5200,3812900,34.0040
2022-08-02,40.6200,40.7900,39.5900,39.6800,4066100,33.2991
2022-08-03,39.7000,39.7000,39.0000,39.4000,4853100,33.0641
2022-08-04,39.0200,39.1800,38.5600,38.7500,4153400,32.8437
2022-08-05,38.7400,38.9300,38.0200,38.3700,4194600,32.5216
2022-08-08,38.7200,38.9400,38.0500,38.2700,5281700,32.4369
2022-08-09,38.3800,39.0300,38.2400,38.9500,11156300,33.0132
2022-08-10,39.1700,39.5500,38.8900,39.5300,3627800,33.5048
2022-08-11,39.6700,40.5900,39.4800,40.0700,5704900,33.9625
2022-08-12,40.2900,40.8500,40.1300,40.8300,3898800,34.6067
2022-08-15,40.8700,41.2600,40.6200,41.2100,1975700,34.9288
2022-08-16,41.1800,41.4300,40.9100,41.0200,2081700,34.7677
2022-08-17,40.8700,41.2900,40.8400,40.8900,1780500,34.6575
2022-08-18,40.8500,41.4700,40.8500,41.1900,1848900,34.9118
2022-08-19,41.1700,41.3300,40.8700,41.2700,2238800,34.9796
2022-08-22,41.0000,41.0300,40.2500,40.4400,2092900,34.2761
2022-08-23,40.5400,40.5900,40.3100,40.4800,1743100,34.3100
2022-08-24,40.4800,41.0000,40.2500,40.6000,2729400,34.4117
2022-08-25,40.5900,40.9300,40.4200,40.9300,1551100,34.6914
2022-08-26,41.0000,41.0000,40.0300,40.1900,3442500,34.0642
2022-08-29,40.0000,40.5500,39.6700,40.1800,1913600,34.0557
2022-08-30,40.1200,40.2900,39.6000,39.7300,1979800,33.6743
2022-08-31,39.6800,40.2800,39.5200,39.5500,3355400,33.5218
2022-09-01,39.5900,40.2600,39.5300,40.1700,2595700,34.0473
2022-09-02,40.3400,40.7900,39.8100,39.9100,2076100,33.8269
2022-09-06,39.9800,40.4100,39.5900,39.7200,2887500,33.6659
2022-09-07,39.9400,41.2200,39.9400,41.1500,2683200,34.8779
2022-09-08,40.8900,41.2700,40.6900,41.0300,3856000,34.7762
2022-09-09,41.2000,41.6700,40.9600,41.5100,3353900,35.1830
2022-09-12,41.5600,41.8900,41.2100,41.7600,2896500,35.3949
2022-09-13,41.3100,41.8000,40.9300,41.1500,5321200,34.8779
2022-09-14,41.1700,41.7200,41.1000,41.4400,4764900,35.1237
2022-09-15,41.3400,41.3400,40.3800,40.4200,4121100,34.2592
2022-09-16,40.5800,41.4900,40.4200,41.2000,16633700,34.9203
2022-09-19,41.0400,41.9200,40.7300,41.8600,4208300,35.4797
2022-09-20,41.6100,41.6500,40.5700,41.3800,4186600,35.0728
2022-09-21,41.6100,42.0400,40.9700,41.0000,6123800,34.7508
2022-09-22,41.0200,41.0200,40.3600,40.4900,3306700,34.3185
2022-09-23,40.1200,40.1300,39.6300,40.0500,4062300,33.9456
2022-09-26,39.9800,40.1000,38.2300,38.7700,3349400,32.8607
2022-09-27,38.9600,39.1000,38.0300,38.2100,2997000,32.3860
2022-09-28,38.7000,38.8700,38.1600,38.6700,2780300,32.7759
2022-09-29,38.5100,38.5800,37.1500,37.1800,4284300,31.5130
2022-09-30,37.3400,37.5100,36.7100,37.0000,6156700,31.3604
2022-10-03,37.6600,38.0500,37.2300,37.6500,4638100,31.9114
2022-10-04,37.8000,39.0800,37.6700,38.9500,3733400,33.0132
2022-10-05,38.4000,38.4200,37.3000,37.7700,3624400,32.0131
2022-10-06,37.5900,37.6700,36.6800,36.8500,4220800,31.2333
2022-10-07,36.8500,36.9100,35.8500,36.1000,4125800,30.5976
2022-10-10,36.3000,36.9900,36.2400,36.8000,5720200,31.1909
2022-10-11,36.7500,37.4200,36.5400,36.7200,5949900,31.1231
2022-10-12,36.7400,36.7400,36.0000,36.1500,4033000,30.6400
2022-10-13,35.7500,37.2800,35.6000,37.1200,5693300,31.4622
2022-10-14,37.4600,37.8200,36.1300,36.1700,6503700,30.6570
2022-10-17,36.5800,37.1800,36.4500,36.9200,3052700,31.2926
2022-10-18,37.3600,37.6600,36.9200,37.3100,2742100,31.6232
2022-10-19,36.8400,37.3700,36.6500,36.9200,3150100,31.2926
2022-10-20,36.8600,36.8800,35.8100,36.0800,2675700,30.5807
2022-10-21,36.0500,36.6400,35.7700,36.4100,5001800,30.8604
2022-10-24,36.7500,37.0200,36.4200,36.8800,2678300,31.2587
2022-10-25,36.8800,37.7100,36.8400,37.5800,4042400,31.8520
2022-10-26,37.8400,37.8900,36.1900,36.3800,5790700,30.8350
2022-10-27,36.7500,37.6300,36.6900,37.2500,4534300,31.5723
2022-10-28,37.4000,38.1500,37.2700,38.0800,3694600,32.2758
2022-10-31,38.0100,38.0700,37.4600,37.7100,6060200,31.9622
2022-11-01,37.9400,38.4500,37.8100,38.4200,3732100,32.5640
2022-11-02,38.3400,39.1600,37.9800,37.9800,3353500,32.1911
2022-11-03,37.5600,38.5400,37.2800,38.2100,2440400,32.3860
2022-11-04,38.0600,38.1500,37.1100,37.9000,3059300,32.4545
2022-11-07,37.9300,37.9300,36.6900,37.3700,4328000,32.0007
2022-11-08,37.4600,37.8600,37.2300,37.6600,3903600,32.2490
2022-11-09,37.3100,37.6100,36.9400,37.1800,2415700,31.8380
2022-11-10,38.1400,39.0500,37.6700,38.9900,2301100,33.3879
2022-11-11,39.0100,39.0200,37.7600,37.9600,3297000,32.5059
2022-11-14,38.0100,38.0100,37.2000,37.2000,4160300,31.8551
2022-11-15,37.5900,38.3700,37.5700,38.1500,5943000,32.6686
2022-11-16,38.0800,38.5500,37.9800,38.0500,2796500,32.5830
2022-11-17,37.6600,37.8000,37.1800,37.6500,2491100,32.2404
2022-11-18,37.9600,38.5000,37.7800,38.4800,3828600,32.9512
2022-11-21,38.4700,38.8700,38.4000,38.6100,2857200,33.0625
2022-11-22,38.8800,39.1300,38.5300,38.9800,1621000,33.3793
2022-11-23,38.8400,39.5200,38.8400,39.5100,1636200,33.8332
2022-11-25,39.6000,39.8700,39.6000,39.8600,669700,34.1329
2022-11-28,39.5400,39.7300,39.3500,39.6300,2435600,33.9360
2022-11-29,39.3600,39.8500,39.1900,39.8000,2398400,34.0815
2022-11-30,39.5900,41.3100,39.3600,41.2400,4631200,35.3146
2022-12-01,41.6600,41.9600,41.1600,41.3800,4643300,35.4345
2022-12-02,40.9500,41.5700,40.7900,41.5200,3138200,35.5544
2022-12-05,41.1900,41.5300,41.1100,41.3300,2616100,35.3917
2022-12-06,41.2900,41.6700,40.9900,41.5700,2790700,35.5972
2022-12-07,41.4800,41.9600,41.3000,41.7000,3064100,35.7085
2022-12-08,41.7000,42.0000,41.5200,41.7000,2712000,35.7085
2022-12-09,41.6400,41.9800,41.3600,41.4800,3210400,35.5201
2022-12-12,41.9200,42.2600,41.4900,42.2400,2860400,36.1710
2022-12-13,42.8900,42.9600,41.7700,42.2400,2797000,36.1710
2022-12-14,42.3500,42.8400,42.0400,42.3400,3569400,36.2566
2022-12-15,42.1900,42.3000,41.8000,42.0000,3119700,35.9654
2022-12-16,41.3200,41.5000,40.1900,40.9300,10734700,35.0492
2022-12-19,40.9900,41.4100,40.7000,41.0100,2194100,35.1177
2022-12-20,41.0600,41.4200,40.7900,41.2500,2489900,35.3232
2022-12-21,41.3700,41.7300,41.2600,41.7200,2627800,35.7257
2022-12-22,41.6900,41.6900,40.8300,41.4000,1905400,35.4516
2022-12-23,41.4000,42.0000,41.3700,42.0000,1493700,35.9654
2022-12-27,42.0400,42.3100,41.8700,42.2600,1092400,36.1881
2022-12-28,42.3900,42.5500,41.9600,42.0700,1547800,36.0254
2022-12-29,42.2800,42.4100,42.1000,42.2500,1167700,36.1795
2022-12-30,42.2000,42.3100,41.5900,41.9400,1670000,35.9140
2023-01-03,41.9700,42.1100,41.4100,42.0300,2777300,35.9911
2023-01-04,42.1500,42.5400,41.9400,42.3400,3139400,36.2566
2023-01-05,42.1000,42.1400,41.4400,41.6800,4797600,35.6914
2023-01-06,42.0800,42.3900,41.9400,42.3700,2349300,36.2823
2023-01-09,42.2800,42.5600,41.9900,42.4000,3173700,36.3080
2023-01-10,42.2600,42.6700,41.7800,42.5900,4356200,36.4707
2023-01-11,42.5000,42.9300,42.3800,42.8600,3092800,36.7019
2023-01-12,42.9200,43.1800,42.7300,43.0900,3257700,36.8988
2023-01-13,43.1400,43.1400,42.5700,42.7300,4147800,36.5906
2023-01-17,42.8900,43.3100,42.7500,42.9900,5005700,36.8132
2023-01-18,43.1100,43.1100,41.9500,42.1200,7578700,36.0682
2023-01-19,42.0700,42.2100,41.5400,41.9000,4626500,35.8798
2023-01-20,41.9900,42.2300,41.0000,42.2000,6142500,36.1367
2023-01-23,41.4600,41.9400,41.0600,41.1400,5870300,35.2290
2023-01-24,41.2000,41.6000,40.9100,41.1800,5116300,35.2633
2023-01-25,40.9200,41.0700,40.6000,41.0000,4920500,35.1091
2023-01-26,40.9200,41.4000,40.7900,41.3900,2085400,35.4431
2023-01-27,41.3600,41.5800,41.1300,41.2300,1573300,35.3061
2023-01-30,41.1000,41.5100,41.0600,41.3000,2513800,35.3660
2023-01-31,41.3400,41.3400,40.6000,40.9500,5723400,35.0663
2023-02-01,40.7400,41.3100,40.4300,41.1400,4235800,35.2290
2023-02-02,41.1400,41.7600,40.9000,41.0000,6050600,35.1091
2023-02-03,41.0300,41.0900,39.3000,39.5200,6981600,33.8418
2023-02-06,39.0100,39.7500,38.7800,39.7100,5329200,34.3434
2023-02-07,39.5500,40.2300,39.3900,40.0700,4830800,34.6547
2023-02-08,39.8900,39.9000,39.3000,39.3700,2828100,34.0493
2023-02-09,39.5500,39.8300,39.2500,39.3500,4145500,34.0320
2023-02-10,39.4800,39.9600,39.4100,39.9000,2247000,34.5077
2023-02-13,39.8600,40.3900,39.8600,40.3900,2955900,34.9315
2023-02-14,40.1900,41.2300,39.4900,40.1700,5000300,34.7412
2023-02-15,40.3800,40.7800,40.2300,40.7600,3517200,35.2515
2023-02-16,40.4100,40.7700,40.1500,40.5700,3831900,35.0871
2023-02-17,40.7000,41.3800,40.6500,41.0300,3426600,35.4850
2023-02-21,40.8500,40.9300,40.2900,40.4900,2350600,35.0180
2023-02-22,40.6400,40.6400,39.8100,39.8900,2634000,34.4991
2023-02-23,39.8900,39.9500,39.2300,39.4800,2702500,34.1445
2023-02-24,39.2100,39.8500,38.9300,39.8000,3232900,34.4212
2023-02-27,40.0500,40.4800,39.8300,39.9100,3723700,34.5163
2023-02-28,39.9900,40.1800,39.5200,39.5400,5820300,34.1964
2023-03-01,39.2600,39.3600,38.5300,38.7400,4978000,33.5045
2023-03-02,38.6300,39.1000,38.3200,39.0800,4347300,33.7985
2023-03-03,39.3600,39.7700,38.8600,39.7600,2973200,34.3866
2023-03-06,39.7600,40.0900,39.6700,39.9800,3059700,34.5769
2023-03-07,40.0000,40.0600,38.8600,39.1600,2493600,33.8677
2023-03-08,39.2300,39.7900,39.1100,39.7100,2713600,34.3434
2023-03-09,39.8600,40.0700,39.0300,39.1500,2660100,33.8591
2023-03-10,39.1600,39.2300,38.0100,38.0900,4260200,32.9423
2023-03-13,37.8800,39.5300,37.6700,38.8000,4123100,33.5564
2023-03-14,39.1800,39.5500,38.6700,39.1900,4439700,33.8937
2023-03-15,38.9500,39.9500,38.8200,39.7200,3069700,34.3520
2023-03-16,39.6700,40.1700,39.2200,40.1500,3246300,34.7239
2023-03-17,39.9700,39.9700,39.4400,39.7800,8566600,34.4039
2023-03-20,39.9100,40.6300,39.6800,40.3200,2619800,34.8709
2023-03-21,40.3300,40.4000,38.7600,39.3800,2573800,34.0580
2023-03-22,39.1700,39.3700,38.3300,38.3600,2377600,33.1758
2023-03-23,38.2700,38.4700,37.5700,37.7500,3442600,32.6483
2023-03-24,37.7600,39.2000,37.7200,39.1700,2339000,33.8764
2023-03-27,39.5000,39.6500,38.8500,39.0300,5970300,33.7553
2023-03-28,38.9900,39.2100,38.4300,38.6200,4131000,33.4007
2023-03-29,38.8500,39.6000,38.7600,39.2900,6052500,33.9801
2023-03-30,39.5000,39.9100,39.4800,39.5800,3435200,34.2309
2023-03-31,39.6800,40.1000,39.5600,40.0600,3226200,34.6461
2023-04-03,40.0000,40.1300,39.5900,39.8000,3968400,34.4212
2023-04-04,39.8100,40.1500,39.6000,40.1000,2863300,34.6807
2023-04-05,40.3000,41.6200,40.2200,41.6100,4142500,35.9866
2023-04-06,41.7700,41.8800,41.3000,41.7000,3640300,36.0644
2023-04-10,41.5900,41.5900,41.0600,41.4600,2115800,35.8569
2023-04-11,41.4600,41.8600,41.2700,41.8500,2770000,36.1942
2023-04-12,41.8700,41.9900,41.3500,41.4600,3660600,35.8569
2023-04-13,41.1400,41.4300,40.3800,41.2000,3298000,35.6320
2023-04-14,40.8300,41.0500,40.6000,40.8400,2092700,35.3207
2023-04-17,40.9100,41.1300,40.5000,40.8600,4082900,35.3380
2023-04-18,40.6900,40.8800,40.4600,40.4800,2960100,35.0093
2023-04-19,40.6100,40.9000,40.5000,40.8000,2337600,35.2861
2023-04-20,40.9400,41.0100,40.3800,40.5300,2196000,35.0526
2023-04-21,40.8900,41.0100,40.5000,40.6100,2152100,35.1217
2023-04-24,40.7000,40.9700,40.4200,40.8500,2827000,35.3293
2023-04-25,40.8100,41.1700,40.7300,41.1400,1954400,35.5801
2023-04-26,40.7700,41.1500,40.3900,40.6800,3487300,35.1823
2023-04-27,40.8100,41.1300,40.7200,41.1200,2649100,35.5628
2023-04-28,41.1500,41.1500,39.6300,39.8000,5304800,34.4212
2023-05-01,39.2500,40.3900,38.8400,39.0100,15462500,33.7380
2023-05-02,38.9800,38.9800,38.0100,38.7500,16998200,33.5131
2023-05-03,38.9000,39.2500,38.4900,38.9300,8208200,33.6688
2023-05-04,38.6300,39.0300,38.2100,38.9100,4927000,33.9920
2023-05-05,38.7500,39.7200,38.6900,39.7000,5792600,34.6822
2023-05-08,39.5900,39.8200,38.9800,39.0900,4607200,34.1493
2023-05-09,38.9800,39.1200,38.6100,38.9100,3662800,33.9920
2023-05-10,39.2700,39.6800,39.1000,39.5700,4488000,34.5686
2023-05-11,39.5500,39.8300,39.2000,39.3900,4692800,34.4114
2023-05-12,39.6600,39.7600,39.2800,39.4600,3399300,34.4725
2023-05-15,39.5500,39.6200,38.6700,38.8100,2423200,33.9047
2023-05-16,38.9600,38.9600,38.0900,38.1400,2362600,33.3194
2023-05-17,38.1900,38.3500,37.7400,38.3300,4010900,33.4853
2023-05-18,38.1300,38.1400,37.5500,37.9800,3889900,33.1796
2023-05-19,38.1800,38.4200,37.7500,37.7600,3282500,32.9874
2023-05-22,37.8200,38.0300,37.5600,37.8900,2148900,33.1009
2023-05-23,37.8900,38.2000,37.7500,37.9000,2095200,33.1097
2023-05-24,37.8700,38.0000,37.6900,37.7200,3080900,32.9524
2023-05-25,37.6100,37.7800,36.7100,37.0200,4131200,32.3409
2023-05-26,36.8900,36.8900,36.4500,36.7100,2813500,32.0701
2023-05-30,36.7100,37.0700,36.6400,37.0000,2880700,32.3234
2023-05-31,37.0800,37.5400,36.7100,37.3900,5362300,32.6641
2023-06-01,37.4300,37.4700,36.7400,37.1800,5888700,32.4807
2023-06-02,36.9700,37.8800,36.9600,37.7000,3804300,32.9350
2023-06-05,37.7600,38.1800,37.7600,38.1400,2913400,33.3194
2023-06-06,38.2900,38.4400,37.6700,37.7900,3510900,33.0136
2023-06-07,37.9500,38.6400,37.5700,38.5000,4296300,33.6339
2023-06-08,38.3700,39.0000,38.0600,38.9500,4700700,34.0270
2023-06-09,38.9900,39.0800,38.5600,38.6100,3963800,33.7299
2023-06-12,38.7400,38.7600,38.3500,38.7500,2499400,33.8523
2023-06-13,38.3900,38.8300,38.3600,38.7500,2886800,33.8523
2023-06-14,38.9000,39.0800,38.6600,38.8200,3752900,33.9134
2023-06-15,38.8700,39.2200,38.6800,39.1100,1928100,34.1667
2023-06-16,39.4500,39.6600,39.0000,39.0700,6888100,34.1318
2023-06-20,39.0400,39.4800,38.9300,39.2900,3532200,34.3240
2023-06-21,39.1300,39.5200,38.5900,39.4500,3261300,34.4638
2023-06-22,39.5300,39.6000,38.9600,39.2200,2566400,34.2628
2023-06-23,39.3400,39.3800,38.3400,38.4900,4874000,33.6251
2023-06-26,38.6000,38.9700,38.4400,38.7700,3410400,33.8697
2023-06-27,38.9200,39.0500,38.6200,38.8600,2718700,33.9484
2023-06-28,38.8500,38.8500,38.2400,38.3400,2467800,33.4941
2023-06-29,38.0000,38.6800,37.8900,38.6100,2804700,33.7299
2023-06-30,38.7500,38.9800,38.5100,38.8800,2595600,33.9658
2023-07-03,38.7000,39.0800,38.6600,39.0200,1245500,34.0881
2023-07-05,38.8700,39.8700,38.7800,39.5400,2841300,34.5424
2023-07-06,39.1900,39.2300,38.7200,39.1000,2371600,34.1580
2023-07-07,38.9100,39.0500,38.5600,38.7700,1914900,33.8697
2023-07-10,38.7000,38.7600,38.1600,38.5700,2114000,33.6950
2023-07-11,38.6500,38.9600,38.4300,38.9200,1604200,34.0008
2023-07-12,39.1200,39.6400,38.9500,39.4500,2511300,34.4638
2023-07-13,39.4100,39.8500,39.2400,39.8500,2424400,34.8132
2023-07-14,39.6300,39.8800,39.3400,39.7500,3586700,34.7259
2023-07-17,39.6900,39.7900,39.2300,39.2400,1980400,34.2803
2023-07-18,39.2200,39.5900,38.4900,38.8500,1989400,33.9396
2023-07-19,38.8300,39.3500,38.8300,39.1700,2092400,34.2192
2023-07-20,39.3400,39.8000,39.1100,39.6700,2115800,34.6560
2023-07-21,39.9000,40.2400,39.8000,40.0900,3341000,35.0229
2023-07-24,40.0600,40.2100,39.7400,40.0000,2081600,34.9443
2023-07-25,39.9000,40.2400,39.7900,40.0500,1838200,34.9879
2023-07-26,39.9800,40.4200,39.8400,40.0200,2071800,34.9617
2023-07-27,39.8900,40.0400,39.0500,39.2400,2340400,34.2803
2023-07-28,39.4700,39.6400,39.0400,39.3400,1671600,34.3677
2023-07-31,39.6000,39.6900,39.2700,39.3900,4000600,34.4114
2023-08-01,39.5000,39.6700,38.9100,38.9900,3017700,34.0619
2023-08-02,38.7700,38.8100,38.2200,38.6200,4459200,33.7387
2023-08-03,38.2600,38.3300,37.1700,37.1700,5332500,32.4720
2023-08-04,36.9700,37.3500,36.0300,36.3000,5665900,32.0482
2023-08-07,36.0900,36.6900,36.0900,36.1200,4115000,31.8892
2023-08-08,36.0400,36.5200,35.7300,36.4800,4136100,32.2071
2023-08-09,36.3800,36.5300,36.0100,36.1900,4600300,31.9511
2023-08-10,36.4900,36.7800,36.2000,36.3000,2711700,32.0482
2023-08-11,36.3400,36.8800,36.2500,36.8700,3956700,32.5514
2023-08-14,36.8000,36.9700,36.6400,36.8600,5256300,32.5426
2023-08-15,36.6100,36.9600,36.0200,36.0300,4151800,31.8098
2023-08-16,36.1900,36.3900,35.9600,36.2400,2480800,31.9952
2023-08-17,36.2000,36.5200,35.8700,35.8700,2310100,31.6685
2023-08-18,35.7800,36.3300,35.7800,36.1700,2185800,31.9334
2023-08-21,36.0600,36.2900,35.5800,35.8900,2251200,31.6862
2023-08-22,35.9600,36.1600,35.7600,36.0600,1840400,31.8363
2023-08-23,36.2400,36.4100,36.0500,36.3800,2270200,32.1188
2023-08-24,36.3500,36.8400,36.0300,36.0400,2829900,31.8186
2023-08-25,36.1000,36.4700,36.0200,36.2700,1890700,32.0217
2023-08-28,36.3600,36.5500,36.2200,36.3800,1235000,32.1188
2023-08-29,36.3900,36.5600,36.2600,36.4600,1980800,32.1894
2023-08-30,36.3400,36.6800,36.1700,36.2900,2073400,32.0393
2023-08-31,36.4300,36.6000,36.0600,36.0700,2906000,31.8451
2023-09-01,36.3200,36.3200,35.3100,35.6900,2819800,31.5096
2023-09-05,35.4400,35.6100,34.7700,34.9600,3527800,30.8651
2023-09-06,35.0000,35.1700,34.6900,35.0900,3638000,30.9799
2023-09-07,35.3200,35.7000,35.0300,35.4600,3746600,31.3066
2023-09-08,35.4400,35.8000,35.3700,35.6200,2850300,31.4478
2023-09-11,35.6400,35.9800,35.4900,35.5800,3032900,31.4125
2023-09-12,35.5200,35.9400,35.3600,35.8700,2981700,31.6685
2023-09-13,35.8600,36.3500,35.7800,36.1600,3073200,31.9246
2023-09-14,36.4100,36.9000,36.3200,36.8900,4211800,32.5691
2023-09-15,36.8700,37.0900,36.7400,36.9100,9503200,32.5867
2023-09-18,37.0300,37.0300,36.3700,36.7700,2272000,32.4631
2023-09-19,36.8000,37.0400,36.5900,36.8000,4448400,32.4896
2023-09-20,37.0300,37.0300,36.3800,36.5600,3159000,32.2777
2023-09-21,36.6000,36.6300,36.1400,36.2000,2786400,31.9599
2023-09-22,36.0000,36.2800,35.9300,36.0500,2920200,31.8275
2023-09-25,35.7900,35.9500,35.6600,35.9200,2216600,31.7127
2023-09-26,35.8100,35.8300,35.2600,35.3100,3691800,31.1741
2023-09-27,35.2300,35.4400,35.0200,35.2400,5475000,31.1123
2023-09-28,35.4700,35.4700,34.4500,34.5700,6501600,30.5208
2023-09-29,34.9800,35.1000,34.0100,34.1800,4533400,30.1765
2023-10-02,33.9000,34.0000,32.4100,32.6000,6489300,28.7816
2023-10-03,32.4000,33.7800,32.1800,33.6100,8440000,29.6733
2023-10-04,33.6100,33.7500,33.0300,33.5900,4711000,29.6556
2023-10-05,33.5300,33.9800,33.1400,33.7800,4748300,29.8233
2023-10-06,33.3500,34.3200,32.9800,34.2500,5237900,30.2383
2023-10-09,34.2400,34.7900,34.1800,34.7700,2733700,30.6974
2023-10-10,34.7600,35.1100,34.6600,35.0200,3070100,30.9181
2023-10-11,35.1300,35.5000,34.9800,35.4600,2607800,31.3066
2023-10-12,35.3800,35.4600,34.9800,35.3000,5601500,31.1653
2023-10-13,35.6400,35.7400,35.3100,35.6000,4039200,31.4302
2023-10-16,35.7400,36.2300,35.5500,36.1600,2442700,31.9246
2023-10-17,35.8900,36.2100,35.8000,36.0800,2484800,31.8539
2023-10-18,36.0600,36.1000,35.5900,35.8200,3081000,31.6244
2023-10-19,35.8500,36.0800,35.5400,35.6600,3740700,31.4831
2023-10-20,35.7100,35.8800,35.2700,35.2800,5252400,31.1476
2023-10-23,34.9500,35.4100,34.7300,34.9900,4014400,30.8916
2023-10-24,35.3600,35.8000,35.1600,35.7000,3498000,31.5185
2023-10-25,35.6400,35.8500,35.5200,35.7600,3168600,31.5714
2023-10-26,35.8000,36.3500,35.8000,36.0600,3460100,31.8363
2023-10-27,35.7000,35.8500,34.9100,35.1300,4503500,31.0152
2023-10-30,35.3300,35.6200,35.0300,35.4000,2774600,31.2536
2023-10-31,35.5700,35.6700,35.2800,35.6000,2795500,31.4302
2023-11-01,35.7200,36.3400,35.4700,36.0500,3075300,31.8275
2023-11-02,36.0800,36.7700,36.0800,36.5700,2989700,32.2866
2023-11-03,37.0500,37.1500,36.7500,36.8200,3727700,32.5073
2023-11-06,36.4500,36.5100,35.9300,35.9700,2491500,32.1144
2023-11-07,36.0800,36.2000,35.8100,36.1000,2526900,32.2305
2023-11-08,35.9600,36.0100,35.3100,35.6900,2207000,31.8644
2023-11-09,35.7000,35.9500,35.3500,35.3900,1952400,31.5966
2023-11-10,35.6200,35.6500,35.2700,35.3000,2176100,31.5162
2023-11-13,35.2900,35.3600,34.9200,35.1200,2742300,31.3555
2023-11-14,35.7500,36.6600,35.7200,36.6300,4494600,32.7037
2023-11-15,36.5300,37.0500,36.5100,36.8200,3440600,32.8733
2023-11-16,37.0600,37.3000,36.9100,37.0400,3328000,33.0697
2023-11-17,37.2200,37.3200,36.9800,37.1800,3294800,33.1947
2023-11-20,36.9800,37.4700,36.6100,37.4300,3734900,33.4179
2023-11-21,37.4600,37.6800,37.1400,37.6600,3232900,33.6233
2023-11-22,37.7800,37.7800,37.3500,37.5400,3015500,33.5162
2023-11-24,37.6200,37.7000,37.4300,37.6400,1091500,33.6054
2023-11-27,37.6800,37.6800,37.3200,37.5000,2906200,33.4804
2023-11-28,37.5800,37.8500,37.2800,37.3100,5313600,33.3108
2023-11-29,37.3500,37.4700,36.7900,36.9800,5079700,33.0162
2023-11-30,37.0800,37.1300,36.6000,36.9400,4435200,32.9805
2023-12-01,36.9300,37.3800,36.6900,37.3600,4185600,33.3554
2023-12-04,37.0400,37.4100,36.9800,37.1700,4062200,33.1858
2023-12-05,37.1700,37.1700,36.7600,37.0500,3345100,33.0787
2023-12-06,37.2100,37.4800,36.8600,37.4500,3532700,33.4358
2023-12-07,37.5300,37.5300,37.0000,37.3000,4221700,33.3019
2023-12-08,37.2700,37.3900,36.7400,37.0800,4199600,33.1054
2023-12-11,37.0000,37.4900,36.9100,37.2600,3762800,33.2662
2023-12-12,37.2500,37.2600,36.6600,36.9800,3425200,33.0162
2023-12-13,36.9900,38.5600,36.8000,38.5100,4953000,34.3822
2023-12-14,38.7300,38.8200,37.7800,37.8700,6452100,33.8108
2023-12-15,37.7000,37.7300,36.8000,36.9800,8110800,33.0162
2023-12-18,37.0000,37.2000,36.7300,36.8200,2924700,32.8733
2023-12-19,36.9200,37.1000,36.6700,36.9200,2476200,32.9626
2023-12-20,36.8100,36.9400,36.1800,36.1900,3233800,32.3108
2023-12-21,36.2500,36.5400,36.0500,36.3300,2887400,32.4358
2023-12-22,36.5000,36.7800,36.2000,36.2300,4446000,32.3466
2023-12-26,36.2200,36.5300,36.1700,36.3400,2764300,32.4448
2023-12-27,36.2500,36.3700,36.0800,36.3200,2367200,32.4269
2023-12-28,36.2300,36.6800,36.1400,36.5900,2029200,32.6680
2023-12-29,36.4700,36.7000,36.3800,36.6600,2728600,32.7305
2024-01-02,36.4700,37.4300,36.4000,37.4000,2994800,33.3912
2024-01-03,37.4300,37.8300,37.2500,37.7600,4079300,33.7126
2024-01-04,37.9200,38.2600,37.6300,37.7900,3715100,33.7393
2024-01-05,37.7500,38.2300,37.5600,38.1300,3621500,34.0429
2024-01-08,38.1300,38.3900,37.8500,38.3800,2841200,34.2661
2024-01-09,38.2400,38.5900,38.0300,38.5200,8050400,34.3911
2024-01-10,38.5800,38.8100,38.3700,38.7400,3048900,34.5875
2024-01-11,38.7000,38.7800,37.7800,38.0200,4540400,33.9447
2024-01-12,38.2500,38.4400,38.1200,38.3700,3968600,34.2572
2024-01-16,38.1200,38.2300,37.6700,37.8500,4977600,33.7929
2024-01-17,37.6900,38.1000,37.1600,37.3300,5538300,33.3287
2024-01-18,37.1400,37.3200,36.9600,37.1100,5382400,33.1322
2024-01-19,37.2400,37.2500,36.6800,37.0100,3736700,33.0430
2024-01-22,37.0700,37.3400,36.6700,36.6900,4172500,32.7573
2024-01-23,36.6400,36.8800,36.4800,36.7200,5877600,32.7840
2024-01-24,37.0400,37.0500,35.8800,35.9600,5257000,32.1055
2024-01-25,36.3600,36.5100,35.7400,36.5000,3963000,32.5876
2024-01-26,36.6000,36.6400,36.2100,36.3800,3379600,32.4805
2024-01-29,36.3900,36.8300,36.2000,36.7800,2789300,32.8376
2024-01-30,36.7000,37.0100,36.4000,36.7600,2877100,32.8197
2024-01-31,37.0500,37.2300,36.5200,36.6800,3447500,32.7483
2024-02-01,36.5200,37.3600,36.2900,37.3200,2880800,33.3197
2024-02-02,36.9700,37.1300,36.4500,36.7900,3897900,32.8465
2024-02-05,36.4100,36.6600,36.1500,36.2200,3883600,32.3376
2024-02-06,35.7500,35.9900,35.6300,35.8100,2636100,32.3376
2024-02-07,35.9500,36.0400,35.6500,35.8300,2514300,32.3557
2024-02-08,35.6200,35.8500,35.4100,35.7900,4550300,32.3196
2024-02-09,36.0000,37.5400,36.0000,37.3100,9712600,33.6922
2024-02-12,37.3800,37.7800,36.9100,37.7700,3692500,34.1076
2024-02-13,37.5800,37.7500,36.6200,36.9500,4063500,33.3671
2024-02-14,37.0100,37.1000,36.7800,36.9300,3404100,33.3490
2024-02-15,37.0300,37.3900,36.9300,37.3000,3930900,33.6832
2024-02-16,37.1600,37.4200,36.8100,37.3900,3477000,33.7644
2024-02-20,37.4100,37.6400,37.1100,37.1500,4110500,33.5477
2024-02-21,37.3100,37.8400,37.0700,37.8200,3159200,34.1527
2024-02-22,37.6200,37.6200,37.2500,37.3000,3278600,33.6832
2024-02-23,37.3900,37.6500,37.2900,37.4000,4298300,33.7735
2024-02-26,37.2500,37.2500,36.4200,36.4800,2995800,32.9427
2024-02-27,36.6500,36.9100,36.3700,36.8700,2336700,33.2948
2024-02-28,36.8100,37.0300,36.7500,36.8400,2315200,33.2678
2024-02-29,37.0000,37.1700,36.5400,36.6100,3085800,33.0601
2024-03-01,36.5400,36.6000,36.0100,36.5000,2730000,32.9607
2024-03-04,36.2600,37.3400,36.2600,37.2700,2570300,33.6561
2024-03-05,37.4700,37.7700,36.8800,37.0100,3440500,33.4213
2024-03-06,37.4200,37.6500,37.2000,37.4600,2293100,33.8276
2024-03-07,37.8200,37.9100,37.5900,37.8400,2196000,34.1708
2024-03-08,37.9500,38.1700,37.6200,38.0900,2694600,34.3965
2024-03-11,38.0700,38.5500,38.0700,38.5300,2579400,34.7939
2024-03-12,38.3100,38.5700,37.8100,37.8900,2879700,34.2159
2024-03-13,38.1600,38.4200,37.9200,38.0900,2325300,34.3965
2024-03-14,37.9700,38.0800,37.7300,38.0200,2513000,34.3333
2024-03-15,37.7700,38.3300,37.7700,37.9500,5657300,34.2701
2024-03-18,37.9500,38.2300,37.8500,38.2100,3113900,34.5049
2024-03-19,38.3100,38.4900,38.1500,38.3000,2041800,34.5862
2024-03-20,38.2900,38.5300,38.0100,38.2600,2487300,34.5501
2024-03-21,38.3400,38.6400,38.1700,38.2700,2176600,34.5591
2024-03-22,38.6000,38.6500,38.0800,38.2100,1665800,34.5049
2024-03-25,38.4400,38.4900,38.2000,38.3600,1462500,34.6404
2024-03-26,38.2500,38.3900,37.7800,37.7900,2190200,34.1256
2024-03-27,38.0500,38.5500,37.9500,38.4600,3799700,34.7307
2024-03-28,38.4500,38.7100,38.3300,38.6200,3248200,34.8752
2024-04-01,38.6700,38.6800,37.9800,38.3700,2844100,34.6494
2024-04-02,38.4000,38.7300,38.3700,38.4700,3459900,34.7397
2024-04-03,38.4100,38.4900,37.9400,38.1400,3172000,34.4417
2024-04-04,38.4500,38.4700,37.9000,38.2700,4250100,34.5591
2024-04-05,38.0000,38.1900,37.7500,38.0100,3193700,34.3243
2024-04-08,38.0800,38.3900,37.9600,38.3700,2418600,34.6494
2024-04-09,38.5000,38.6500,38.2400,38.4700,2468900,34.7397
2024-04-10,38.0800,38.1400,37.5600,37.8400,2922900,34.1708
2024-04-11,38.0600,38.0600,37.5600,37.6200,2110200,33.9721
2024-04-12,37.5900,37.8600,37.2700,37.4100,2001900,33.7825
2024-04-15,37.6200,37.8300,37.1400,37.4000,2638900,33.7735
2024-04-16,37.2800,37.4200,36.8100,36.8300,2577300,33.2587
2024-04-17,36.9800,37.5200,36.9200,37.4500,2552500,33.8186
2024-04-18,37.6000,37.7400,37.2300,37.6300,1779000,33.9812
2024-04-19,37.8700,38.4200,37.7600,38.1700,2710000,34.4688
2024-04-22,38.0600,38.3900,37.9200,38.2100,2389500,34.5049
2024-04-23,38.2000,38.4800,38.0700,38.1200,1944700,34.4236
2024-04-24,37.8900,38.3800,37.6900,38.3000,2491200,34.5862
2024-04-25,38.2300,38.6600,37.8500,38.5700,3289700,34.8300
2024-04-26,38.2000,38.7000,37.8400,38.1300,5476300,34.4327
2024-04-29,38.3300,38.9400,38.3000,38.7800,4019300,35.0196
2024-04-30,38.5700,38.7200,38.2100,38.3400,3680300,34.6223
2024-05-01,38.2400,39.0200,38.1800,38.7000,2862300,34.9474
2024-05-02,38.9500,39.3300,38.6700,39.0900,2762700,35.2996
2024-05-03,39.3500,39.4300,38.7500,39.2400,2137500,35.4350
2024-05-06,38.9900,39.0500,38.6300,38.9500,2068800,35.5583
2024-05-07,39.2100,39.3800,38.9600,39.3500,2963100,35.9235
2024-05-08,39.2200,39.6100,39.2000,39.4700,2283600,36.0330
2024-05-09,39.4700,39.8900,39.3700,39.8400,2023000,36.3708
2024-05-10,39.9300,40.0900,39.6500,39.9400,2055900,36.4621
2024-05-13,40.0000,40.2000,39.6800,39.6900,1643500,36.2338
2024-05-14,39.9600,40.0200,39.6100,39.8400,1884300,36.3708
2024-05-15,40.1800,40.6500,40.1000,40.2600,3158400,36.7542
2024-05-16,40.2300,40.5500,40.1300,40.2200,2426300,36.7177
2024-05-17,40.1200,40.2800,39.8900,40.0400,2516400,36.5534
2024-05-20,40.0900,40.0900,39.8800,40.0600,1579400,36.5716
2024-05-21,40.0800,40.5300,40.0600,40.4300,1879100,36.9094
2024-05-22,40.2600,40.4400,39.8700,39.9000,1892500,36.4256
2024-05-23,39.6300,39.7200,39.1200,39.1400,2675900,35.7317
2024-05-24,39.1700,39.3300,38.9000,38.9700,1892000,35.5765
2024-05-28,38.9900,39.2200,38.7300,38.7900,2270600,35.4122
2024-05-29,38.5100,38.6900,38.3500,38.5300,1970600,35.1749
2024-05-30,38.7200,39.0600,38.5800,38.9900,2366100,35.5948
2024-05-31,39.0800,40.3100,38.9300,40.2600,4458000,36.7542
2024-06-03,40.1100,40.3400,39.7500,40.1700,2421900,36.6720
2024-06-04,40.0500,40.2800,39.7300,40.2100,2144200,36.7086
2024-06-05,40.0700,40.1500,39.4100,39.4400,1945300,36.0056
2024-06-06,39.3100,39.6700,39.0300,39.1000,2399000,35.6952
2024-06-07,38.8200,39.1900,38.7100,38.8200,1768900,35.4396
2024-06-10,38.7000,39.0300,38.5100,38.9300,2576300,35.5400
2024-06-11,38.6300,39.0000,38.4800,38.8200,1995400,35.4396
2024-06-12,39.1700,39.1700,38.5200,38.6500,2265700,35.2844
2024-06-13,38.7000,38.8800,38.3100,38.6800,1511900,35.3118
2024-06-14,38.5000,38.8400,38.3700,38.7700,1783900,35.3940
2024-06-17,38.4400,38.6700,38.2100,38.2400,1864600,34.9101
2024-06-18,38.1400,38.4600,38.0900,38.1700,1980300,34.8462
2024-06-20,38.0900,38.4800,38.0000,38.2300,1765200,34.9010
2024-06-21,38.2200,38.6400,38.1000,38.2700,5179400,34.9375
2024-06-24,38.2700,38.9600,38.1600,38.5000,3158900,35.1475
2024-06-25,38.5000,38.5300,38.1900,38.3800,2439500,35.0379
2024-06-26,38.1900,38.6200,38.0300,38.5400,2066900,35.1840
2024-06-27,38.5100,38.6800,38.3300,38.5300,2408200,35.1749
2024-06-28,38.6300,38.6700,38.1300,38.2700,4419300,34.9375
2024-07-01,38.5300,38.8000,38.1500,38.3100,2173300,34.9740
2024-07-02,38.4400,38.5200,38.0700,38.2500,4093100,34.9192
2024-07-03,38.3500,38.5800,38.2400,38.4400,1249400,35.0927
2024-07-05,38.4400,38.6800,38.2600,38.5800,1827700,35.2205
2024-07-08,38.5900,38.7100,38.4200,38.5900,2012300,35.2296
2024-07-09,38.5500,38.8200,38.3400,38.6500,2034100,35.2844
2024-07-10,38.8200,38.9600,38.5600,38.9200,2484500,35.5309
2024-07-11,39.0800,39.6000,38.9600,39.4700,2562000,36.0330
2024-07-12,39.6200,39.8200,39.3400,39.5200,2954200,36.0786
2024-07-15,39.2300,39.3800,38.8300,38.8600,2200400,35.4761
2024-07-16,38.9300,39.1600,38.7900,38.9700,2205100,35.5765
2024-07-17,39.0900,39.8800,39.0500,39.5000,2859200,36.0604
2024-07-18,39.2300,39.9100,39.2100,39.4600,2302300,36.0239
2024-07-19,39.6600,39.7100,39.2400,39.5900,2004200,36.1426
2024-07-22,39.6500,39.8400,39.5000,39.8000,1393500,36.3343
2024-07-23,39.8300,39.9600,39.6100,39.8800,1786400,36.4073
2024-07-24,40.0800,40.5200,39.8800,40.4200,2417200,36.9003
2024-07-25,40.6200,41.0500,40.2200,40.4500,3091800,36.9277
2024-07-26,40.5900,41.0500,40.5300,40.9400,2054200,37.3750
2024-07-29,41.0100,41.5900,40.8600,41.5200,3114600,37.9045
2024-07-30,41.3900,41.9000,41.2900,41.8000,3958700,38.1601
2024-07-31,42.0700,42.1400,41.3600,41.9100,4662200,38.2605
2024-08-01,42.1900,42.8000,42.1300,42.7200,3223600,39.0000
2024-08-02,43.2500,43.6500,42.1900,42.6800,4172300,38.9635
2024-08-05,43.0100,43.1600,41.8400,41.8800,4581100,38.2331
2024-08-06,41.9200,42.6600,41.8900,42.1400,3439300,38.4705
2024-08-07,41.8400,42.3800,41.6700,41.9100,3282300,38.6503
2024-08-08,41.7200,42.1700,41.5500,41.8900,3422900,38.6319
2024-08-09,41.9400,42.0500,41.4300,41.9700,2887200,38.7057
2024-08-12,41.9700,42.2100,41.8400,42.2000,2564200,38.9178
2024-08-13,42.2800,42.4300,41.8900,42.2900,2631200,39.0008
2024-08-14,42.2000,42.5500,41.8400,42.2800,2397800,38.9916
2024-08-15,41.8700,42.4900,41.7000,42.3200,3146600,39.0285
2024-08-16,42.5000,42.7300,42.3100,42.5700,2524200,39.2590
2024-08-19,42.6600,42.9200,42.5200,42.8600,2209000,39.5264
2024-08-20,42.8700,43.2600,42.8700,43.1900,3136200,39.8308
2024-08-21,43.1900,43.4100,43.1000,43.1800,2008500,39.8216
2024-08-22,43.2000,43.3100,42.9900,43.2000,1788400,39.8400
2024-08-23,43.3800,43.4400,43.0900,43.1900,1492100,39.8308
2024-08-26,43.2700,43.6000,43.2100,43.4200,1668300,40.0429
2024-08-27,43.3600,43.5400,43.0900,43.1800,1577800,39.8216
2024-08-28,43.3700,43.8400,43.3000,43.7800,2430000,40.3749
2024-08-29,43.8500,43.9500,43.2900,43.6100,2549400,40.2181
2024-08-30,43.6900,44.0700,43.6400,43.9200,2882500,40.5040
2024-09-03,43.9700,44.5100,43.8200,44.3100,2392500,40.8637
2024-09-04,44.4300,44.8000,44.2500,44.5400,2242700,41.0758
2024-09-05,44.8300,44.9700,44.3500,44.4700,2978500,41.0112
2024-09-06,44.5500,44.6100,44.1300,44.1900,2108400,40.7530
2024-09-09,44.2000,44.4800,44.0700,44.4800,2750000,41.0204
2024-09-10,44.5100,44.6100,44.1400,44.2700,2005100,40.8268
2024-09-11,44.1800,44.2100,43.8200,44.1500,2262500,40.7161
2024-09-12,44.2200,44.4000,43.9000,44.0600,2225200,40.6331
2024-09-13,44.0600,44.5200,43.8700,44.4700,2443500,41.0112
2024-09-16,44.6800,44.7800,44.1500,44.3400,2656200,40.8913
2024-09-17,44.2200,44.2800,43.5000,43.6900,6515100,40.2919
2024-09-18,43.7000,43.9500,43.2300,43.4900,4111400,40.1074
2024-09-19,43.2500,43.3900,42.9400,43.2300,3047700,39.8677
2024-09-20,43.4900,44.0700,43.1900,44.0000,7857200,40.5778
2024-09-23,44.2200,44.2500,43.8600,44.0300,3191700,40.6054
2024-09-24,43.8900,44.3700,43.5400,43.6500,2381600,40.2550
2024-09-25,43.7200,43.9100,43.4800,43.7900,2666700,40.3841
2024-09-26,43.5400,43.8900,43.4400,43.6100,2268100,40.2181
2024-09-27,43.8500,44.1500,43.6700,44.0500,2271100,40.6239
2024-09-30,44.2600,44.4400,44.0100,44.3500,2852200,40.9006
2024-10-01,44.4700,44.5800,44.2400,44.5100,2336600,41.0481
2024-10-02,44.1900,44.4100,43.9500,44.0500,3774000,40.6239
2024-10-03,44.1400,44.1400,43.4000,43.4200,4031600,40.0429
2024-10-04,42.8900,43.5100,42.7700,43.4600,2998800,40.0798
2024-10-07,43.2700,43.3300,42.8300,42.8700,3343600,39.5357
2024-10-08,43.1000,43.2000,42.7100,42.7300,2323500,39.4066
2024-10-09,42.7900,42.9200,42.3600,42.5500,2514700,39.2406
2024-10-10,42.6500,42.8700,42.2000,42.3300,2049800,39.0377
2024-10-11,42.4000,42.8700,42.3500,42.7100,2053600,39.3881
2024-10-14,42.7500,43.2200,42.7500,43.1700,1968400,39.8123
2024-10-15,43.4000,43.8700,43.3000,43.5000,2315900,40.1167
2024-10-16,43.6000,43.9800,43.5300,43.9000,3053500,40.4856
2024-10-17,43.9500,43.9500,43.4400,43.4900,2598700,40.1074
2024-10-18,43.4900,43.8600,43.3000,43.6600,2096800,40.2642
2024-10-21,43.7600,43.9800,43.3900,43.7000,2096700,40.3011
2024-10-22,43.5600,43.8800,43.3000,43.8400,2101700,40.4302
2024-10-23,43.7100,44.2800,43.6700,44.2700,2503100,40.8268
2024-10-24,44.3500,44.4900,43.9900,44.0900,2475800,40.6608
2024-10-25,44.2600,44.3600,43.3600,43.4100,2327600,40.0337
2024-10-28,43.6700,43.8500,43.5500,43.6800,2277600,40.2827
2024-10-29,43.3600,43.4600,42.7900,42.8300,3853800,39.4988
2024-10-30,43.0600,43.0600,41.8900,42.1700,5933600,38.8901
2024-10-31,42.1000,42.3700,41.8100,41.8300,4017200,38.5765
2024-11-01,41.7500,42.0700,41.5300,41.7300,5641900,38.4843
2024-11-04,41.5900,41.8600,41.3400,41.5500,2475000,38.3183
2024-11-05,41.4400,41.9500,41.2800,41.9000,2693900,38.6411
2024-11-06,41.8800,42.0400,41.5400,41.5800,3358400,38.3460
2024-11-07,41.2800,41.4900,40.9500,41.2300,3067100,38.4159
2024-11-08,41.3500,41.8100,41.3200,41.5400,2812900,38.7047
2024-11-11,41.5000,42.1200,41.3300,41.7200,2218500,38.8724
2024-11-12,41.7200,41.8600,41.4200,41.5000,2690200,38.6675
2024-11-13,41.6900,41.7800,41.1200,41.2200,3729000,38.4066
2024-11-14,41.1900,41.2900,40.7700,40.8300,3430600,38.0432
2024-11-15,40.6900,41.5500,40.6600,41.5100,4002100,38.6768
2024-11-18,41.3600,41.8500,41.3200,41.6900,2724400,38.8445
2024-11-19,41.4700,41.5900,41.2100,41.5800,2439300,38.7420
2024-11-20,41.4000,41.7500,41.3500,41.7300,2392100,38.8818
2024-11-21,41.8900,42.2000,41.5800,42.2000,1966100,39.3197
2024-11-22,42.2300,42.2900,41.7700,41.7900,2163400,38.9377
2024-11-25,41.9100,42.2800,41.7300,42.0500,2557500,39.1799
2024-11-26,42.0800,42.2900,41.9700,42.2800,1801100,39.3942
2024-11-27,42.4800,42.8700,42.4000,42.6200,2217300,39.7110
2024-11-29,42.6300,42.8500,42.5200,42.5500,1662100,39.6458
2024-12-02,42.5800,42.6200,41.5500,41.5900,2713700,38.7513
2024-12-03,41.8600,41.9200,41.3900,41.4000,2306200,38.5743
2024-12-04,41.4900,41.6100,41.1900,41.2800,1801300,38.4625
2024-12-05,41.2800,41.6000,41.2600,41.3400,2010000,38.5184
2024-12-06,41.2700,41.3500,40.9300,40.9700,1898400,38.1736
2024-12-09,40.9000,41.0800,40.7600,40.8100,2061400,38.0246
2024-12-10,40.8000,40.8300,40.1900,40.4900,2679900,37.7264
2024-12-11,40.5500,40.5700,40.0700,40.1200,2682100,37.3816
2024-12-12,40.5900,40.8300,40.2500,40.3200,2710900,37.5680
2024-12-13,40.3200,40.5000,40.1600,40.2700,1622400,37.5214
2024-12-16,40.3100,40.3800,39.9000,39.9000,2636900,37.1767
2024-12-17,39.7000,40.1700,39.6300,39.8400,2712300,37.1208
2024-12-18,39.7200,39.9000,39.1200,39.1400,3583600,36.4685
2024-12-19,39.2000,39.7700,39.0400,39.1600,3540200,36.4872
2024-12-20,38.9700,39.8700,38.8100,39.7900,7995100,37.0742
2024-12-23,39.7500,39.8400,39.4900,39.7300,3578100,37.0183
2024-12-24,39.7000,39.9600,39.6200,39.8900,819600,37.1673
2024-12-26,39.7400,39.9400,39.7000,39.8000,1450000,37.0835
2024-12-27,39.5300,39.9000,39.4500,39.6700,1864000,36.9624
2024-12-30,39.5400,39.7300,39.2900,39.6400,2113800,36.9344
2024-12-31,39.6400,39.8700,39.5100,39.7800,2501400,37.0648
2025-01-02,40.0500,40.2200,39.7500,39.9100,1968200,37.1860
2025-01-03,40.0900,40.2800,39.8800,39.9200,1990100,37.1953
2025-01-06,39.7700,39.8300,39.1600,39.2700,3010600,36.5897
2025-01-07,39.3900,39.6600,39.1800,39.3100,1968900,36.6269
2025-01-08,39.2700,39.8300,39.0300,39.7700,2548300,37.0555
2025-01-10,39.5400,39.8300,38.5600,38.7200,4248400,36.0772
2025-01-13,38.9100,39.1900,38.5000,39.1600,2818800,36.4872
2025-01-14,39.2200,39.3300,39.0100,39.1700,3222000,36.4965
2025-01-15,39.7200,39.7800,39.1700,39.2200,2468400,36.5431
2025-01-16,39.1500,40.0900,39.1500,40.0800,2881600,37.3444
2025-01-17,39.9400,40.1900,39.7000,39.8900,4082900,37.1673
2025-01-21,40.1100,40.4500,40.0400,40.2800,2375900,37.5307
2025-01-22,40.1800,40.1800,39.3800,39.4200,2241700,36.7294
2025-01-23,39.1400,39.2900,38.7600,39.0200,4905500,36.3567
2025-01-24,38.8900,39.2300,38.8900,39.2100,3570500,36.5338
2025-01-27,39.7600,40.9000,39.5300,40.8800,5477500,38.0898
2025-01-28,40.7500,41.0300,39.8300,40.1900,4678400,37.4469
2025-01-29,40.2500,40.3100,39.6400,39.6700,5014600,36.9624
2025-01-30,40.0900,40.1000,39.2900,39.7200,4522400,37.0089
2025-01-31,39.7100,39.9100,39.5800,39.8000,4584000,37.0835
2025-02-03,39.7000,40.0700,39.3500,40.0000,4063300,37.2698
2025-02-04,39.7800,40.0600,39.4200,39.9500,4404400,37.2232
2025-02-05,40.2400,40.5100,39.9700,40.2200,5807600,37.4748
2025-02-06,40.3400,40.4500,39.8300,40.1300,5338900,37.3910
2025-02-07,39.6800,40.3200,39.5700,40.1600,4045300,37.8194
2025-02-10,40.2100,40.2100,39.6100,39.8600,2799100,37.5369
2025-02-11,39.7100,40.4700,39.3700,40.4400,3420500,38.0831
2025-02-12,39.8800,40.1200,39.8700,40.0000,3499300,37.6688
2025-02-13,40.1300,40.3400,39.9000,40.2600,2794900,37.9136
2025-02-14,40.2600,40.6200,39.9700,40.0000,3046700,37.6688
2025-02-18,40.0100,40.7000,39.9200,40.6300,3512000,38.2620
2025-02-19,40.6500,40.8000,40.4200,40.6600,2258000,38.2903
2025-02-20,40.6200,41.4400,40.4100,41.3800,4478600,38.9683
2025-02-21,41.3100,42.4400,41.2100,42.2900,7878700,39.8253
2025-02-24,42.4400,42.9100,42.0800,42.8800,7003600,40.3809
2025-02-25,42.8800,43.6100,42.6200,43.5000,5955900,40.9648
2025-02-26,43.2700,43.5800,42.9600,43.0500,7534600,40.5410
2025-02-27,40.8100,41.3900,38.4700,38.5400,26980800,36.2939
2025-02-28,38.7300,38.8000,37.9100,38.7700,10194900,36.5105
2025-03-03,38.7500,39.6700,38.6800,39.6100,12532200,37.3015
2025-03-04,39.7900,40.0600,39.2200,39.2800,9243100,36.9907
2025-03-05,39.0000,39.3000,38.3100,38.5300,5785100,36.2844
2025-03-06,38.5500,38.5500,37.9200,38.2700,5414200,36.0396
2025-03-07,38.2500,38.9700,38.0900,38.5600,8999400,36.3127
2025-03-10,38.7100,39.5100,38.4700,39.3700,7370000,37.0755
2025-03-11,39.3800,39.6600,39.0600,39.1500,6693600,36.8683
2025-03-12,38.9200,39.0300,38.0200,38.2100,7299400,35.9831
2025-03-13,38.3000,39.1800,38.1800,39.1400,4973000,36.8589
2025-03-14,38.9000,39.8700,38.7500,39.8300,4587600,37.5087
2025-03-17,39.8300,40.1500,39.6000,39.8300,5663200,37.5087
2025-03-18,39.6700,39.9700,39.5000,39.9000,3902200,37.5746
2025-03-19,39.9000,40.0300,39.4100,39.5600,4836100,37.2544
2025-03-20,39.7900,40.0000,39.5300,39.8100,5150400,37.4898
2025-03-21,39.5700,39.8400,39.3500,39.5600,7459300,37.2544
2025-03-24,39.5200,39.6500,38.9800,39.0000,3700900,36.7270
2025-03-25,39.0700,39.0700,37.6300,37.9500,6010100,35.7382
2025-03-26,38.0800,38.5900,38.0500,38.4800,5134800,36.2374
2025-03-27,38.4000,39.5600,38.3700,39.4500,6893800,37.1508
2025-03-28,39.7500,40.3700,39.4700,40.0600,7014800,37.7253
2025-03-31,40.3900,40.6200,40.0400,40.4200,6431000,38.0643
2025-04-01,40.4200,40.4800,39.9700,40.4000,3611300,38.0455
2025-04-02,40.4500,40.7100,40.0400,40.5800,3397800,38.2150
2025-04-03,40.9000,41.3500,40.6100,41.0500,4763400,38.6576
2025-04-04,41.1200,41.1600,39.2300,39.3700,6632100,37.0755
2025-04-07,39.1500,39.6200,38.3500,38.7100,7792100,36.4539
2025-04-08,39.2400,39.3000,38.1400,38.3100,8695700,36.0773
2025-04-09,38.0900,39.6000,37.5800,39.3800,8710000,37.0849
2025-04-10,39.2900,40.4300,39.0300,40.0900,7618600,37.7535
2025-04-11,40.1400,40.8200,39.8800,40.6000,4344200,38.2338
2025-04-14,40.7700,41.3100,40.4000,41.1200,3886900,38.7235
2025-04-15,41.2000,41.5800,41.0000,41.0400,2622200,38.6482
2025-04-16,41.3300,41.4200,40.6800,40.8000,3202800,38.4221
2025-04-17,40.9900,42.4100,40.8600,42.0200,8445300,39.5710
2025-04-21,41.8500,42.1300,41.2200,41.8000,6472700,39.3639
2025-04-22,42.0300,43.0100,42.0300,42.7100,6895900,40.2208
2025-04-23,42.7200,43.0200,42.0300,42.5700,7528000,40.0890
2025-04-24,42.6000,43.0000,42.1100,42.2800,7356300,39.8159
2025-04-25,42.5400,42.8000,42.0600,42.3400,5278300,39.8724
2025-04-28,42.2900,42.8100,42.0600,42.7200,5096300,40.2302
2025-04-29,42.6300,43.1600,42.4500,43.0700,4527800,40.5598
2025-04-30,43.0700,43.1900,42.3000,42.8800,5607900,40.3809
2025-05-01,42.9700,43.1200,42.6000,42.7500,4704700,40.2585
2025-05-02,42.9500,43.2200,42.6900,43.0900,3779600,40.5787
2025-05-05,43.4000,43.4400,42.6000,43.0900,3127700,40.5787
2025-05-06,43.1500,43.4700,43.0100,43.1700,3626200,40.6540
2025-05-07,42.7100,43.2400,42.6000,42.9500,3152200,40.8681
2025-05-08,42.8300,42.9800,42.3800,42.4900,3159100,40.4304
2025-05-09,42.5700,42.7400,42.2800,42.5100,2162500,40.4494
2025-05-12,42.1900,42.3300,41.5700,41.7200,5177300,39.6977
2025-05-13,41.7200,41.9000,41.1500,41.2300,4443300,39.2315
2025-05-14,41.1400,41.2900,40.6200,41.1400,6368900,39.1458
2025-05-15,41.4900,42.4600,41.4000,42.4400,6339700,40.3828
2025-05-16,42.3500,42.6800,42.1300,42.6800,4494900,40.6112
2025-05-19,42.5100,42.8500,42.4200,42.8500,3148300,40.7730
2025-05-20,42.8500,43.0400,42.6100,42.7300,3858500,40.6588
2025-05-21,42.6700,42.7300,42.2100,42.2700,2873800,40.2211
2025-05-22,42.1700,42.3200,41.8600,41.9900,3692900,39.9546
2025-05-23,42.4400,42.4400,41.5100,42.1100,4250800,40.0688
2025-05-27,42.3900,42.4000,42.0000,42.1000,3535300,40.0593
2025-05-28,41.8400,41.9800,41.0100,41.1900,3811200,39.1934
2025-05-29,41.0500,41.8000,40.9700,41.7000,3303700,39.6787
2025-05-30,41.6700,42.0500,41.4500,41.9400,4922400,39.9071
2025-06-02,41.5900,41.7300,41.2800,41.5000,2960900,39.4884
2025-06-03,41.5000,41.5800,41.0000,41.2400,4795400,39.2410
2025-06-04,41.2800,41.3900,40.8500,40.8700,2796500,38.8889
2025-06-05,40.8900,40.9700,40.6300,40.7300,2418400,38.7557
2025-06-06,40.6500,40.8500,40.4200,40.6500,2722200,38.6796
2025-06-09,39.9500,40.5700,39.7300,39.8200,13326900,37.8898
2025-06-10,39.7400,40.1400,39.4500,40.1100,14783000,38.1658
2025-06-11,40.0900,40.2700,39.9300,40.2100,5705400,38.2609
2025-06-12,40.3600,40.8300,40.2700,40.6700,6274900,38.6986
2025-06-13,40.7600,40.9000,40.2300,40.3400,3850500,38.3846
2025-06-16,40.4200,40.5500,39.5900,39.7900,5819000,37.8613
2025-06-17,39.7600,39.9800,39.2800,39.7200,6457500,37.7947
2025-06-18,39.8000,39.8300,39.6000,39.7400,3306400,37.8137
2025-06-20,39.7600,40.1700,39.7400,39.9100,5596300,37.9755
2025-06-23,40.0000,40.4100,39.9400,40.3200,4255500,38.3656
2025-06-24,40.2800,40.7200,40.2100,40.5100,4366000,38.5464
2025-06-25,40.3500,40.4400,39.9100,39.9200,3770900,37.9850
2025-06-26,40.0700,40.1900,39.7000,39.9300,4549700,37.9945
2025-06-27,39.9800,40.2700,39.7400,39.9000,6653800,37.9660
2025-06-30,39.7600,40.2800,39.6900,40.2600,6173600,38.3085
2025-07-01,40.3000,40.6000,39.9200,40.3800,5381400,38.4227
2025-07-02,40.1200,40.2500,39.6700,39.7600,5212200,37.8327
2025-07-03,39.7300,39.9500,39.4300,39.8800,2417100,37.9469
2025-07-07,39.8300,39.9600,39.5900,39.8400,3535300,37.9089
2025-07-08,39.7100,39.9900,39.3400,39.8900,4738300,37.9564
2025-07-09,39.8900,40.2300,39.7200,40.1500,3009800,38.2038
2025-07-10,39.9800,40.5900,39.9800,40.5300,3030000,38.5654
2025-07-11,40.2000,40.5500,40.0700,40.3900,2197700,38.4322
2025-07-14,40.3600,40.6500,40.1300,40.4600,2988500,38.4988
2025-07-15,40.4600,40.8400,40.2800,40.4300,7023400,38.4703
2025-07-16,40.4300,40.5100,40.0100,40.3000,4042300,38.3466
2025-07-17,40.1800,40.7900,40.1700,40.5500,3283500,38.5844
2025-07-18,40.5900,40.9700,40.5000,40.7800,2733500,38.8033
2025-07-21,40.7700,41.2600,40.7000,41.0800,2687300,39.0888
2025-07-22,41.2800,41.8000,41.2100,41.5800,3485100,39.5645
2025-07-23,41.5500,41.6800,41.0300,41.1900,2785600,39.1934
2025-07-24,41.2800,41.6700,41.1700,41.4000,3201200,39.3932
2025-07-25,41.3600,42.1000,41.3600,41.9400,5689800,39.9071
2025-07-28,41.8700,41.9400,41.3700,41.4100,4313500,39.4028
2025-07-29,41.5300,41.8600,41.3000,41.8000,5618400,39.7738
2025-07-30,42.0000,42.2500,41.6400,41.7900,4612500,39.7643
2025-07-31,41.9200,42.7600,41.8700,42.7100,6440800,40.6397
2025-08-01,43.0000,43.2700,42.7100,43.1900,5117800,41.0965
2025-08-04,43.2600,43.8500,43.0200,43.8400,4202400,41.7150
2025-08-05,43.8000,44.1600,43.3800,43.5200,4382300,41.4105
2025-08-06,43.5400,43.7400,43.3800,43.4400,5131700,41.3344
2025-08-07,42.9200,43.6400,42.9000,43.4400,3257500,41.7622
2025-08-08,43.6000,43.6200,43.1400,43.2600,2753400,41.5891
2025-08-11,43.4100,43.4800,43.1300,43.3300,2593200,41.6564
2025-08-12,43.3800,43.6300,43.1700,43.6100,3566500,41.9256
2025-08-13,43.7000,43.9700,43.3900,43.9500,2895200,42.2525
2025-08-14,43.9300,43.9300,43.5200,43.6600,3755400,41.9737
2025-08-15,43.6400,43.7600,43.3000,43.4700,3283100,41.7910
2025-08-18,43.5100,43.5500,42.8100,42.8300,4097800,41.1757
2025-08-19,42.8500,43.4300,42.7300,43.4200,3703000,41.7429
2025-08-20,43.5000,44.0600,43.4700,43.5800,3559500,41.8968
2025-08-21,43.5600,43.6600,43.3400,43.4800,2289700,41.8006
2025-08-22,43.7300,43.9400,43.4600,43.7900,2959200,42.0987
2025-08-25,44.1800,44.4000,43.5700,43.6400,4963600,41.9544
2025-08-26,43.7300,43.8500,43.4000,43.5900,5017500,41.9064
2025-08-27,43.6300,43.8700,43.5800,43.7700,3238200,42.0794
2025-08-28,43.7700,43.8000,43.3800,43.5600,3073800,41.8775
2025-08-29,43.4200,43.8300,43.4200,43.6200,4028000,41.9352
2025-09-02,43.4900,43.6500,43.2000,43.4700,3152900,41.7910
2025-09-03,43.3100,43.4900,43.0600,43.4000,2305100,41.7237
2025-09-04,43.6600,43.8100,43.1600,43.4700,2769600,41.7910
2025-09-05,43.5800,43.7200,43.2300,43.4800,2504100,41.8006
2025-09-08,43.5200,43.7200,43.0100,43.3100,4080700,41.6372
2025-09-09,43.1300,43.4900,43.0700,43.3600,2622700,41.6853
2025-09-10,43.1500,43.2900,42.8700,43.2400,4671500,41.5699
2025-09-11,43.1500,43.6500,42.9700,43.5900,3323100,41.9064
2025-09-12,43.5100,43.8400,43.4100,43.8000,2766600,42.1083
2025-09-15,43.7300,43.9300,43.5800,43.5900,2275500,41.9064
2025-09-16,43.4600,43.6200,43.0500,43.0500,2913200,41.3872
2025-09-17,43.3200,43.6000,43.2100,43.4400,2693300,41.7622
2025-09-18,43.1000,43.6700,43.0500,43.4300,2049900,41.7526
2025-09-19,43.4400,43.5400,43.1200,43.2100,6051600,41.5411
2025-09-22,43.2700,43.4600,43.0000,43.3300,3743500,41.6564
2025-09-23,43.3700,43.8200,43.1900,43.8000,3144700,42.1083
2025-09-24,43.9200,44.2400,43.8400,44.0800,2663800,42.3775
2025-09-25,44.2400,44.5800,43.8700,44.2400,5207700,42.5313
2025-09-26,44.5000,45.4700,44.4100,45.4300,8222100,43.6753
2025-09-29,45.1600,45.4600,44.6600,45.4100,5956600,43.6561
2025-09-30,45.4000,46.1300,45.3700,45.8200,7014000,44.0502
2025-10-01,45.9200,46.1100,45.7500,45.9700,3506800,44.1945
2025-10-02,45.8000,46.2700,45.4400,45.4600,4474900,43.7041
2025-10-03,45.5900,46.2200,45.5300,45.9300,3785400,44.1560
2025-10-06,45.8800,46.3900,45.8300,46.3700,3634500,44.5790
2025-10-07,46.4600,46.9200,46.1700,46.4100,5774500,44.6175
2025-10-08,46.6200,47.3500,46.4600,46.6800,6453400,44.8770
2025-10-09,47.0500,47.2100,46.6500,46.6700,5700200,44.8674
2025-10-10,46.9700,47.3700,46.8000,46.9100,4033500,45.0981
2025-10-13,46.6000,47.0200,46.4700,46.9700,4144400,45.1558
2025-10-14,47.0900,47.6600,47.0200,47.5300,4724100,45.6942
2025-10-15,47.5600,47.8300,47.4600,47.6900,5281300,45.8480
2025-10-16,47.8500,47.9900,46.7700,46.7900,6657000,44.9828
2025-10-17,47.0000,47.1600,46.7900,46.9700,4005800,45.1558
2025-10-20,47.0800,47.3000,46.7700,47.2300,3678700,45.4058
2025-10-21,47.4300,47.4300,46.7400,47.0800,3917000,45.2616
2025-10-22,47.0300,47.4100,46.7900,47.2900,7007600,45.4635
2025-10-23,47.6300,48.2000,46.2100,46.5200,7559600,44.7232
2025-10-24,46.9300,46.9900,46.4100,46.6400,4875400,44.8386
2025-10-27,46.5400,46.7100,46.0700,46.4400,5697500,44.6463
2025-10-28,46.4000,46.5300,46.0600,46.1600,3186500,44.3771
2025-10-29,46.0000,46.3300,45.6800,45.8000,7853600,44.0310
2025-10-30,45.9400,46.4500,45.9000,46.2200,3394300,44.4348
2025-10-31,45.9500,46.2300,45.7200,45.8300,4276400,44.0599
2025-11-03,45.7000,46.1200,45.1500,46.0400,4189500,44.2617
2025-11-04,46.2600,46.2900,45.9100,46.1500,4382400,44.3675
2025-11-05,46.2200,46.3000,45.5600,45.6900,4282800,43.9253
2025-11-06,45.9400,46.2000,45.7700,45.8700,3311700,44.0983
2025-11-07,45.4800,45.9600,45.1300,45.9000,5516400,44.5594
2025-11-10,45.6000,46.1500,45.4700,46.1300,4404000,44.7827
2025-11-11,46.1300,46.5200,45.9400,46.2800,2873600,44.9283
2025-11-12,46.2100,46.5200,46.0200,46.3300,4895000,44.9769
2025-11-13,46.2100,46.3300,45.6800,45.7100,2804700,44.3750
2025-11-14,45.7400,46.1900,45.4900,45.9400,3077400,44.5983
2025-11-17,46.1500,46.5600,46.0800,46.5600,4024900,45.2002
2025-11-18,46.8000,46.9600,46.4400,46.6100,6391400,45.2487
2025-11-19,46.5000,46.8000,45.6500,46.2400,8390900,44.8895
2025-11-20,46.4100,46.8600,46.3000,46.5700,5611400,45.2099
2025-11-21,46.7000,47.0500,46.3300,46.8900,5949200,45.5205
2025-11-24,46.8700,47.4100,46.2900,47.3400,6767100,45.9574
2025-11-25,47.3400,47.5400,46.7900,46.9200,3604400,45.5496
2025-11-26,47.0500,47.5400,47.0100,47.3600,3776900,45.9768
2025-11-28,47.0600,47.7200,47.0600,47.7200,2267400,46.3263
2025-12-01,47.2900,47.5300,46.3600,46.4300,4590200,45.0740
2025-12-02,46.6000,46.6400,45.5900,45.6600,4925100,44.3265
2025-12-03,45.7400,45.9500,45.1700,45.2300,6086400,43.9090
2025-12-04,45.1900,45.5500,44.9900,45.1400,5139200,43.8216
2025-12-05,45.0500,45.3100,44.8100,44.9100,4692800,43.5984
2025-12-08,44.9000,44.9600,44.5500,44.7500,4919700,43.4430
2025-12-09,44.7800,45.4200,44.7500,44.7700,4327400,43.4624
2025-12-10,44.9000,44.9400,44.3700,44.4000,4434500,43.1033
2025-12-11,44.7900,44.8100,43.9300,44.0800,4898700,42.7926
2025-12-12,44.1800,44.6700,44.0400,44.2600,4069600,42.9673
2025-12-15,44.5300,44.6500,44.2300,44.6100,3565900,43.3071
2025-12-16,44.5000,44.7200,43.8800,44.0300,4930200,42.7441
2025-12-17,44.0000,44.5200,43.9000,44.5000,6494700,43.2003
2025-12-18,44.6400,44.8100,44.4600,44.6200,4422000,43.3168
2025-12-19,44.6200,44.6700,44.2200,44.2300,11952100,42.9382
2025-12-22,44.2100,44.5000,43.9100,44.4200,2899600,43.1227
2025-12-23,44.4000,44.6800,44.2600,44.6400,3739200,43.3362
2025-12-24,44.6800,44.9100,44.6100,44.8500,1274300,43.5401
2025-12-26,44.8200,44.9500,44.6800,44.8500,1505800,43.5401
2025-12-29,44.8900,45.2000,44.8500,44.8900,4741400,43.5789
2025-12-30,44.8400,45.0300,44.8000,44.9600,2526000,43.6469
2025-12-31,45.0000,45.0400,44.7400,44.7700,2110500,43.4624
