Date,Open,High,Low,Close,Volume,Adj Close
2016-01-04,25.7175,25.9125,25.5850,25.8925,7716400,19.6176
2016-01-05,25.9225,26.2350,25.5500,26.1450,8915200,19.8089
2016-01-06,25.9725,26.1675,25.8750,26.0600,6983200,19.7445
2016-01-07,25.7975,26.2650,25.7575,26.1750,12870800,19.8316
2016-01-08,26.2175,26.4750,26.1875,26.2925,14382000,19.9207
2016-01-11,26.3300,26.6500,26.2775,26.3950,16397200,19.9983
2016-01-12,26.4425,26.5200,26.0850,26.3450,8618800,19.9604
2016-01-13,26.4200,26.4725,25.9350,26.1550,10292800,19.8165
2016-01-14,26.2025,26.6925,26.0950,26.4225,9981600,20.0192
2016-01-15,26.3600,26.4725,26.0200,26.3150,15260000,19.9377
2016-01-19,26.3650,27.0600,26.2825,26.9525,15298400,20.4207
2016-01-20,26.7150,26.8850,25.8375,26.3275,13866000,19.9472
2016-01-21,26.3575,26.4450,25.9650,26.2600,8786400,19.8960
2016-01-22,26.4500,26.6700,26.2525,26.6500,9400400,20.1915
2016-01-25,26.6800,26.7575,26.3675,26.6050,8533200,20.1574
2016-01-26,26.6500,26.9325,26.4650,26.6400,12272000,20.1839
2016-01-27,26.7200,26.9500,26.5525,26.6825,10999600,20.2161
2016-01-28,26.4400,27.1925,26.3825,27.0750,14686000,20.5135
2016-01-29,27.3475,27.9650,27.2000,27.9275,24626400,21.1594
2016-02-01,27.9100,28.3600,27.6975,28.2450,15117200,21.4000
2016-02-02,28.0125,28.5175,28.0000,28.4775,11020400,21.5761
2016-02-03,28.5325,28.8775,28.4200,28.6875,13532000,21.7352
2016-02-04,28.4800,28.7400,28.1375,28.3800,11712800,21.5023
2016-02-05,28.3250,28.5350,28.0550,28.4025,11007200,21.5193
2016-02-08,28.4100,28.6525,28.2000,28.5425,10296800,21.6254
2016-02-09,28.5025,28.9875,28.4125,28.8375,13775600,21.8489
2016-02-10,28.1550,28.5300,27.8525,28.4350,13794400,21.5439
2016-02-11,28.2575,28.4900,27.9700,27.9750,13052800,21.1954
2016-02-12,28.0300,28.0825,27.6500,27.9175,11447200,21.1518
2016-02-16,28.1125,28.2400,27.8025,28.0875,9395200,21.2807
2016-02-17,28.0650,28.0675,27.8175,27.8575,10793200,21.1064
2016-02-18,27.9600,28.6950,27.9225,28.5825,13084800,21.6557
2016-02-19,28.6250,28.8625,28.4000,28.6875,13488000,21.7352
2016-02-22,28.7750,29.1325,28.6875,28.9250,10462000,21.9152
2016-02-23,28.8325,29.1350,28.7125,29.0300,9229200,21.9947
2016-02-24,28.6650,29.0275,28.6150,29.0000,13355200,22.1379
2016-02-25,29.0925,29.2450,28.7800,28.9600,8776400,22.1073
2016-02-26,28.8250,28.9525,28.0475,28.1300,9756800,21.4737
2016-02-29,28.0925,28.4850,28.0125,28.2050,10503600,21.5310
2016-03-01,28.3575,28.4300,27.9900,28.1500,9832800,21.4890
2016-03-02,28.0600,28.2150,27.3350,28.0900,11023600,21.4432
2016-03-03,28.1200,28.1350,27.4900,27.9050,13735600,21.3020
2016-03-04,27.8025,28.6350,27.6625,28.5725,11726400,21.8115
2016-03-07,28.5150,28.6825,28.3725,28.6125,8543200,21.8421
2016-03-08,28.6225,28.9250,28.5425,28.8625,8272400,22.0329
2016-03-09,28.8350,29.1025,28.8350,29.0650,7436400,22.1875
2016-03-10,29.2075,29.2425,28.6325,28.9225,6253200,22.0787
2016-03-11,29.0700,29.0950,28.8425,28.9550,6350000,22.1035
2016-03-14,29.0575,29.1925,28.8200,28.9600,6013600,22.1073
2016-03-15,28.9625,29.1675,28.8250,28.9000,9315600,22.0615
2016-03-16,28.8850,29.3800,28.6100,29.2800,7542000,22.3516
2016-03-17,29.3200,29.6375,29.1275,29.5825,8162800,22.5825
2016-03-18,29.6850,29.7200,29.3925,29.6250,21650800,22.6150
2016-03-21,29.4675,29.5975,29.1525,29.3925,6316800,22.4375
2016-03-22,29.3400,29.5400,29.1800,29.2600,5932000,22.3364
2016-03-23,29.1750,29.5250,29.1050,29.4225,6684000,22.4604
2016-03-24,29.3725,29.6550,29.3200,29.6200,9832000,22.6112
2016-03-28,29.5875,29.7250,29.3400,29.3950,5526400,22.4394
2016-03-29,29.4875,29.7825,29.2950,29.7525,5559200,22.7123
2016-03-30,29.7875,29.8425,29.5250,29.6250,5168000,22.6150
2016-03-31,29.5600,29.7000,29.4625,29.5850,8025600,22.5845
2016-04-01,29.5225,29.7475,29.3650,29.6775,8320800,22.6551
2016-04-04,29.7575,29.7950,29.4850,29.6800,5239600,22.6570
2016-04-05,29.5750,29.7250,29.0375,29.0875,8802800,22.2047
2016-04-06,29.0800,29.1850,28.8950,29.1775,6557200,22.2734
2016-04-07,29.0925,29.3275,28.9975,29.0475,5359600,22.1741
2016-04-08,28.9975,29.3600,28.9975,29.2025,4268800,22.2925
2016-04-11,29.2650,29.4075,29.0075,29.0575,4226000,22.1818
2016-04-12,29.1200,29.3150,29.0175,29.2625,5726400,22.3383
2016-04-13,29.3475,29.3975,28.9400,29.1200,4754400,22.2295
2016-04-14,29.0425,29.2325,28.7500,29.0375,6168000,22.1665
2016-04-15,29.1250,29.4000,29.0375,29.3575,6431600,22.4108
2016-04-18,29.3575,29.4425,29.1175,29.4425,5816000,22.4757
2016-04-19,29.5200,29.6000,29.3050,29.5250,7352000,22.5386
2016-04-20,29.5150,29.5800,28.8600,28.8775,5898800,22.0444
2016-04-21,28.8075,28.8125,28.1100,28.2275,9754800,21.5482
2016-04-22,28.3625,28.6325,28.3100,28.6100,6966800,21.8402
2016-04-25,28.5775,28.6175,28.4625,28.6175,4530800,21.8459
2016-04-26,28.6800,28.9100,28.5500,28.8800,7878000,22.0463
2016-04-27,28.9200,29.5050,28.8500,29.2225,10262400,22.3077
2016-04-28,28.9500,29.4325,28.7825,29.1175,8615200,22.2276
2016-04-29,29.0525,29.4375,28.7875,29.3950,9361200,22.4394
2016-05-02,29.4575,29.6900,29.3200,29.5150,7651600,22.5310
2016-05-03,29.5850,29.7375,29.3600,29.6050,5263200,22.5997
2016-05-04,29.5050,30.1100,29.4350,29.8650,6705600,22.7982
2016-05-05,29.8550,30.1100,29.4900,29.7125,8386400,22.6818
2016-05-06,29.7650,29.7750,29.3750,29.6225,5848800,22.6131
2016-05-09,29.6600,29.7725,29.5325,29.7225,4924800,22.6894
2016-05-10,29.8200,29.9975,29.7275,29.9000,4637200,22.8249
2016-05-11,29.9425,30.0875,29.6250,29.9225,5758800,22.8421
2016-05-12,29.9675,30.3475,29.8175,30.2875,7977200,23.1207
2016-05-13,30.2275,30.3325,29.9250,30.1900,5877200,23.0463
2016-05-16,30.0850,30.3775,29.9525,30.3700,5292800,23.1837
2016-05-17,30.2750,30.3225,29.7350,29.9450,8535200,22.8593
2016-05-18,29.7975,30.2025,29.3525,29.5050,9197200,22.5234
2016-05-19,29.2825,29.6125,29.1250,29.6025,8242800,22.5978
2016-05-20,29.6500,29.8450,29.4675,29.8325,8964400,22.7734
2016-05-23,29.8625,29.8750,29.4675,29.4975,4948400,22.5177
2016-05-24,29.5625,30.0175,29.5200,29.9725,7466000,22.8803
2016-05-25,29.9000,29.9925,29.7150,29.7750,5688000,22.7295
2016-05-26,29.5525,29.9750,29.5500,29.9550,4618800,23.0352
2016-05-27,29.9750,30.0225,29.8025,29.9600,4366800,23.0390
2016-05-31,29.9600,30.2175,29.8625,30.0300,13375600,23.0928
2016-06-01,30.0300,30.2075,29.9025,30.0375,6606800,23.0986
2016-06-02,29.9575,30.0500,29.6750,29.9525,5515600,23.0332
2016-06-03,30.2125,30.5925,30.1600,30.4500,7846400,23.4158
2016-06-06,30.5200,30.6750,30.2925,30.4375,5638800,23.4062
2016-06-07,30.5075,30.6200,30.2675,30.2775,6731600,23.2832
2016-06-08,30.2425,30.7475,30.2075,30.7300,7323600,23.6311
2016-06-09,30.7425,31.0350,30.7175,30.9950,5551600,23.8349
2016-06-10,30.9800,31.2125,30.7800,30.9575,5889600,23.8061
2016-06-13,30.9675,31.0850,30.8400,30.8975,4673200,23.7599
2016-06-14,30.9300,31.2550,30.7200,31.2450,6342400,24.0272
2016-06-15,31.1575,31.1725,30.8275,30.9600,7671200,23.8080
2016-06-16,31.0425,31.2675,30.9600,31.2125,6134800,24.0022
2016-06-17,31.2575,31.3075,30.9325,31.2750,11624400,24.0502
2016-06-20,31.2250,31.2750,30.8025,31.0600,6514000,23.8849
2016-06-21,31.1350,31.2425,30.8925,31.0675,7440400,23.8907
2016-06-22,31.1000,31.1325,30.8725,30.9100,5465200,23.7696
2016-06-23,30.9325,30.9525,30.7425,30.9525,5585600,23.8022
2016-06-24,30.5325,31.2725,30.3125,30.9500,16309600,23.8003
2016-06-27,30.9625,32.0550,30.9625,31.9700,13596000,24.5847
2016-06-28,31.8825,32.1400,31.5725,32.1150,10236400,24.6962
2016-06-29,32.2100,32.3225,31.8225,31.9375,9655200,24.5597
2016-06-30,31.9925,32.6075,31.8475,32.6000,12484800,25.0691
2016-07-01,32.8175,32.8175,32.1450,32.4325,6346800,24.9403
2016-07-05,32.4300,32.8300,32.3775,32.7175,10086000,25.1595
2016-07-06,32.6675,32.9950,32.3675,32.7225,9991600,25.1634
2016-07-07,32.6250,32.7025,31.9925,32.0825,7687600,24.6712
2016-07-08,32.0225,32.4950,31.6650,32.4825,7956400,24.9788
2016-07-11,32.3525,32.4350,32.0225,32.4225,5507600,24.9327
2016-07-12,32.2625,32.4975,31.8150,31.8325,9178400,24.4790
2016-07-13,31.9675,32.1375,31.8525,32.0425,8285600,24.6404
2016-07-14,31.8200,32.0250,31.6350,31.8100,9823200,24.4616
2016-07-15,31.8850,32.0725,31.7725,31.8950,5394000,24.5270
2016-07-18,31.9350,32.1675,31.8975,32.0625,8186400,24.6558
2016-07-19,31.9775,32.0775,31.8125,32.0225,6388800,24.6251
2016-07-20,32.1425,32.1625,31.7875,31.8025,6747200,24.4559
2016-07-21,31.7500,32.1150,31.5975,32.0650,6518000,24.6577
2016-07-22,32.0025,32.5375,31.9375,32.4525,6752800,24.9557
2016-07-25,32.3250,32.4500,32.1575,32.3725,5101600,24.8942
2016-07-26,32.3475,32.4025,32.0000,32.1075,7142000,24.6904
2016-07-27,32.0400,32.1725,31.3875,31.7925,9644000,24.4482
2016-07-28,31.7550,32.0250,31.6375,31.8550,7392800,24.4962
2016-07-29,31.8175,32.1275,31.8175,32.0725,9340000,24.6635
2016-08-01,32.0500,32.2025,31.9750,32.1250,8235600,24.7039
2016-08-02,31.9375,32.0800,31.7100,31.9075,6613200,24.5366
2016-08-03,31.8975,32.1150,31.7650,32.0225,20291600,24.6251
2016-08-04,31.9600,32.0975,31.7625,31.8625,9086000,24.5020
2016-08-05,31.6950,31.7900,31.3275,31.4975,7072800,24.2213
2016-08-08,31.5600,31.7525,31.3950,31.4975,7976400,24.2213
2016-08-09,31.5050,31.6525,31.4125,31.5175,6860800,24.2367
2016-08-10,31.5475,31.6350,31.4150,31.5925,4592400,24.2944
2016-08-11,31.5925,31.7725,31.5250,31.7550,6036000,24.4194
2016-08-12,31.8250,31.9275,31.6825,31.6975,6001600,24.3751
2016-08-15,31.7800,31.8250,31.3200,31.3300,4743200,24.0925
2016-08-16,31.3025,31.3025,30.9975,30.9975,6435200,23.8368
2016-08-17,30.9950,31.5000,30.7525,31.4500,8080000,24.1848
2016-08-18,31.3250,31.7600,31.3250,31.7400,10607600,24.4078
2016-08-19,31.6400,31.6400,31.1000,31.2700,9796400,24.0464
2016-08-22,31.3625,31.4250,31.1825,31.2600,6145200,24.0387
2016-08-23,31.3300,31.4325,31.0550,31.0675,4941600,23.8907
2016-08-24,30.9875,31.1200,30.8650,31.0375,4933200,23.8676
2016-08-25,31.0850,31.2125,31.0100,31.1275,4957600,23.9368
2016-08-26,30.9850,31.2325,30.3725,30.4050,7512400,23.5457
2016-08-29,30.4675,30.7975,30.4025,30.5850,8560400,23.6851
2016-08-30,30.5650,30.7350,30.2625,30.3050,6802400,23.4683
2016-08-31,30.2925,30.4175,30.1550,30.2350,8194000,23.4141
2016-09-01,30.1875,30.3100,30.0550,30.2500,8328800,23.4257
2016-09-02,30.5025,30.9225,30.3275,30.7825,9426000,23.8381
2016-09-06,30.9375,31.3225,30.8900,31.3225,9724000,24.2562
2016-09-07,31.7400,31.7400,31.1050,31.2650,9802400,24.2117
2016-09-08,31.0675,31.4425,31.0675,31.3450,6993600,24.2737
2016-09-09,31.0875,31.1375,30.1875,30.2150,10747200,23.3986
2016-09-12,30.2500,30.8950,30.1625,30.8225,10174000,23.8690
2016-09-13,30.7000,30.8050,30.2725,30.3850,7679200,23.5303
2016-09-14,30.5000,30.7300,30.3800,30.5250,7883600,23.6387
2016-09-15,30.5000,30.7600,30.3550,30.6825,5134400,23.7606
2016-09-16,30.5625,30.8850,30.4300,30.8300,13406000,23.8749
2016-09-19,30.9125,31.2225,30.8550,31.1850,4990400,24.1498
2016-09-20,31.2100,31.4400,31.2100,31.2675,8329600,24.2137
2016-09-21,31.2950,31.9675,31.2625,31.9600,7809600,24.7499
2016-09-22,32.1025,32.2175,31.9225,32.0075,6233200,24.7867
2016-09-23,31.3900,31.9225,31.0125,31.6875,9808400,24.5389
2016-09-26,31.6375,31.7450,31.4525,31.5575,5540800,24.4382
2016-09-27,31.7725,32.1475,31.6375,31.6975,9823200,24.5466
2016-09-28,31.8300,31.8625,31.3300,31.6200,6843200,24.4866
2016-09-29,31.4725,31.4850,30.6850,30.9250,11084800,23.9484
2016-09-30,31.0750,31.2200,30.4400,30.5800,12255200,23.6813
2016-10-03,30.6150,30.6700,30.0600,30.2825,6773600,23.4509
2016-10-04,30.2850,30.2850,29.5250,29.7250,9205200,23.0191
2016-10-05,29.7675,30.0375,29.6025,29.6350,8268800,22.9494
2016-10-06,29.5300,29.7775,29.3800,29.5075,10979600,22.8507
2016-10-07,29.9725,30.8150,29.9175,30.4350,19343200,23.5690
2016-10-10,30.4650,30.7350,30.3125,30.6950,8225600,23.7703
2016-10-11,30.5375,30.6200,30.1950,30.2875,7655600,23.4547
2016-10-12,30.3350,30.7850,30.3025,30.7450,7682400,23.8090
2016-10-13,30.7325,31.2925,30.6300,31.1575,8133200,24.1285
2016-10-14,31.0875,31.2600,30.9725,31.0075,5538000,24.0123
2016-10-17,31.0875,31.1175,30.9050,31.0150,4531600,24.0181
2016-10-18,31.2525,31.3625,30.9175,31.2775,5262800,24.2214
2016-10-19,31.2250,31.3425,31.0325,31.1450,6226400,24.1188
2016-10-20,31.1450,31.4025,30.9775,31.0325,7426000,24.0317
2016-10-21,30.8825,31.0475,30.7225,30.9275,4504800,23.9504
2016-10-24,31.0525,31.1350,30.8725,31.0950,5948000,24.0801
2016-10-25,31.0350,31.4000,30.9750,31.3800,5546800,24.3008
2016-10-26,31.3925,31.6300,31.2150,31.5500,5264000,24.4324
2016-10-27,31.4625,31.6000,31.0825,31.2800,6072400,24.2233
2016-10-28,31.3325,31.6125,31.2275,31.4325,7975200,24.3414
2016-10-31,31.7625,32.1150,31.4425,32.0000,12201200,24.7809
2016-11-01,32.0475,32.0700,31.3625,31.4725,6615200,24.3724
2016-11-02,30.8250,31.0700,30.5475,30.9200,24144400,23.9446
2016-11-03,30.9250,31.0975,30.7325,30.9600,8894000,23.9755
2016-11-04,31.1075,31.1750,30.7875,30.7950,8741600,23.8477
2016-11-07,30.9500,31.1675,30.7000,31.1650,11381600,24.1343
2016-11-08,31.1775,31.3575,31.0250,31.2925,8492000,24.2330
2016-11-09,30.2925,30.2925,29.0450,29.3725,28179200,22.7462
2016-11-10,29.1975,29.2300,28.0875,28.7650,29856000,22.2757
2016-11-11,28.6400,28.8825,28.1925,28.3850,16962000,21.9814
2016-11-14,28.2275,28.6400,27.6225,28.6100,26612000,22.1557
2016-11-15,28.5750,28.8350,28.4375,28.7575,17999600,22.2699
2016-11-16,28.8200,28.9000,28.2950,28.5725,16990000,22.1266
2016-11-17,28.4775,28.7850,28.4725,28.6950,8694400,22.2215
2016-11-18,28.9125,28.9125,28.3650,28.5225,12270400,22.0879
2016-11-21,28.6100,28.6575,28.4225,28.5875,9200000,22.1383
2016-11-22,28.4575,28.6825,28.3975,28.4575,10324800,22.2065
2016-11-23,28.2250,28.4575,28.1825,28.3550,9386000,22.1266
2016-11-25,28.4800,28.7925,28.4725,28.6900,4609200,22.3880
2016-11-28,28.8125,29.1650,28.7500,29.0750,18561200,22.6884
2016-11-29,29.0750,29.6325,29.0450,29.3175,12683200,22.8776
2016-11-30,28.9700,28.9975,28.5400,28.5575,13353200,22.2846
2016-12-01,28.3800,28.4800,28.1575,28.2375,12088800,22.0349
2016-12-02,28.4250,28.7275,28.4025,28.6025,8462800,22.3197
2016-12-05,28.5775,28.8500,28.2950,28.7500,10162800,22.4348
2016-12-06,28.7050,28.9050,28.6175,28.6875,11771600,22.3860
2016-12-07,28.7550,29.4250,28.7000,29.4200,10788800,22.9576
2016-12-08,29.1950,29.4075,29.0850,29.2175,8990000,22.7996
2016-12-09,29.2475,29.3450,28.9350,29.1225,11916000,22.7255
2016-12-12,29.0225,29.4475,28.9650,29.3625,16726000,22.9127
2016-12-13,29.3775,29.7950,29.3700,29.7550,9606800,23.2190
2016-12-14,29.9225,30.1075,29.0000,29.0075,10513600,22.6357
2016-12-15,28.9950,29.2625,28.7125,29.2575,10830800,22.8308
2016-12-16,29.3100,29.7975,29.2800,29.7250,15695200,23.1956
2016-12-19,29.8750,29.9225,29.5775,29.8050,5144400,23.2580
2016-12-20,29.8100,29.9750,29.6900,29.8250,6166000,23.2737
2016-12-21,29.7725,29.9500,29.6275,29.6500,6073200,23.1371
2016-12-22,29.6600,29.7550,29.5400,29.7250,5002800,23.1956
2016-12-23,29.7225,29.8150,29.6350,29.8075,3570400,23.2600
2016-12-27,29.7700,29.8950,29.6425,29.8125,2621600,23.2639
2016-12-28,29.8300,29.9175,29.6175,29.6625,5213200,23.1468
2016-12-29,29.8075,30.0650,29.6300,30.0450,4048000,23.4453
2016-12-30,30.0525,30.1875,29.7750,29.8650,5696000,23.3049
2017-01-03,29.8850,29.9125,29.4500,29.6800,6101200,23.1605
2017-01-04,29.8075,29.9525,29.6450,29.7675,8541600,23.2288
2017-01-05,29.9450,29.9450,29.4375,29.7500,6155200,23.2151
2017-01-06,29.6025,29.7825,29.5025,29.6625,8810000,23.1468
2017-01-09,29.7800,29.8775,29.5250,29.5875,6061200,23.0883
2017-01-10,29.5325,29.6775,29.3325,29.6450,6372800,23.1332
2017-01-11,29.5600,29.9025,29.5600,29.8525,5600000,23.2951
2017-01-12,29.8975,29.9825,29.7150,29.8750,6534000,23.3127
2017-01-13,29.8250,29.8550,29.4700,29.7625,5775200,23.2249
2017-01-17,29.8500,30.0725,29.7950,30.0550,6962000,23.4531
2017-01-18,30.0550,30.2425,29.9600,30.0075,5786400,23.4161
2017-01-19,29.8425,30.0600,29.7125,29.8200,4725600,23.2698
2017-01-20,29.8700,29.9075,29.5875,29.8150,5106000,23.2659
2017-01-23,29.8825,29.9800,29.6650,29.6950,9114800,23.1722
2017-01-24,29.6850,29.8150,29.5925,29.7025,4850400,23.1781
2017-01-25,29.5600,29.7725,29.5275,29.7550,6880400,23.2190
2017-01-26,29.6750,29.8225,29.4775,29.6875,5508000,23.1664
2017-01-27,29.9900,30.4600,29.8325,30.3425,12540400,23.6775
2017-01-30,30.4175,30.9050,30.3850,30.6125,11280000,23.8882
2017-01-31,30.6100,31.0775,30.5400,30.9300,8781200,24.1359
2017-02-01,30.6800,30.9075,30.5225,30.6550,8219600,23.9213
2017-02-02,30.7400,30.8800,30.5300,30.8650,5004800,24.0852
2017-02-03,30.9750,31.2225,30.8875,31.0525,8227200,24.2315
2017-02-06,31.1000,31.2075,30.8825,30.9650,4192800,24.1632
2017-02-07,31.0175,31.1600,30.9350,31.0825,6258800,24.2549
2017-02-08,31.0600,31.6050,31.0600,31.5750,8594400,24.6393
2017-02-09,31.5750,31.5750,31.0450,31.1625,6426000,24.3174
2017-02-10,31.1250,31.3875,31.0625,31.3675,4821200,24.4773
2017-02-13,31.3750,31.5300,31.2850,31.5000,3542800,24.5807
2017-02-14,31.2550,31.5225,31.1300,31.5000,6450400,24.5807
2017-02-15,31.2625,31.4875,31.1400,31.3225,7062000,24.4422
2017-02-16,31.3750,31.5525,31.3100,31.5475,4990000,24.6178
2017-02-17,31.6725,31.7425,31.4900,31.7150,9351200,24.7485
2017-02-21,31.6050,32.1225,31.5000,32.0650,6306800,25.0216
2017-02-22,31.9950,32.1700,31.8600,32.1100,8544400,25.0567
2017-02-23,32.1875,32.4125,32.0500,32.2925,7606400,25.1991
2017-02-24,32.2125,32.7400,32.1250,32.7400,10271600,25.7443
2017-02-27,32.7675,32.7675,32.2950,32.4675,7332800,25.5300
2017-02-28,32.4900,32.8700,32.3875,32.7500,8994400,25.7521
2017-03-01,32.3900,32.5650,32.1525,32.3525,9072000,25.4396
2017-03-02,32.3525,32.9100,32.2500,32.7350,6120400,25.7403
2017-03-03,32.6750,32.7500,32.4525,32.7000,5286000,25.7128
2017-03-06,32.6250,32.7475,32.4400,32.6600,8208400,25.6814
2017-03-07,32.5925,32.7800,32.5600,32.6625,7964400,25.6833
2017-03-08,32.3800,32.5300,32.2200,32.3600,6328000,25.4455
2017-03-09,32.4150,32.5450,32.1775,32.1875,5044400,25.3098
2017-03-10,32.4500,32.5425,32.2525,32.5150,5922800,25.5673
2017-03-13,32.5225,32.6675,32.3625,32.6150,5837200,25.6460
2017-03-14,32.5825,32.7425,32.5075,32.6425,5369600,25.6676
2017-03-15,32.7100,33.1575,32.5925,32.9750,8121200,25.9291
2017-03-16,32.9025,32.9425,32.3950,32.4750,10442800,25.5359
2017-03-17,32.5300,32.9450,32.5225,32.5575,18648400,25.6008
2017-03-20,32.6800,32.7950,32.3850,32.4725,7566800,25.5339
2017-03-21,32.5550,33.0850,32.3975,32.9625,9536400,25.9192
2017-03-22,33.0025,33.3000,32.9450,33.1025,5535200,26.0293
2017-03-23,33.1225,33.2800,32.9425,33.0225,6200400,25.9664
2017-03-24,32.9925,33.3200,32.9300,33.2000,5728000,26.1060
2017-03-27,33.2625,33.2750,32.6600,32.7750,8160000,25.7718
2017-03-28,32.6875,32.8900,32.6275,32.8150,5511200,25.8032
2017-03-29,32.6375,32.7575,32.5550,32.6375,4426800,25.6637
2017-03-30,32.5100,32.6450,31.9450,32.0325,13592400,25.1879
2017-03-31,32.0150,32.3200,31.9550,32.0925,9346000,25.2351
2017-04-03,32.1250,32.1925,31.7725,32.1800,6970000,25.3039
2017-04-04,32.2325,32.4800,32.1025,32.3850,5436400,25.4651
2017-04-05,32.3525,32.7100,32.2500,32.6600,7146400,25.6814
2017-04-06,32.5150,32.6125,32.3500,32.4400,6118000,25.5084
2017-04-07,32.5075,32.5875,32.1925,32.2325,7067200,25.3452
2017-04-10,32.2325,32.4100,32.1425,32.3575,4207600,25.4435
2017-04-11,32.2825,32.3925,32.0775,32.3300,4214400,25.4219
2017-04-12,32.1525,32.6350,32.1250,32.6275,5874800,25.6558
2017-04-13,32.5225,32.8750,32.5025,32.6925,7746400,25.7069
2017-04-17,32.6675,32.8175,32.6175,32.7275,4508400,25.7344
2017-04-18,32.7250,33.0175,32.6125,32.9850,7822400,25.9369
2017-04-19,32.9825,32.9975,32.7150,32.8750,8320000,25.8504
2017-04-20,32.8750,32.8750,32.3050,32.7175,8054800,25.7266
2017-04-21,32.8150,33.5825,32.8150,33.2550,10480800,26.1492
2017-04-24,33.1550,33.2775,32.8575,33.1875,9744400,26.0961
2017-04-25,33.1525,33.2500,32.9650,33.2300,5167200,26.1296
2017-04-26,33.2500,33.4575,33.1625,33.2075,5967200,26.1119
2017-04-27,33.1650,33.5500,33.1575,33.3800,5624000,26.2475
2017-04-28,33.3375,33.5300,33.2675,33.3900,6652800,26.2554
2017-05-01,33.5350,33.5800,33.1950,33.2600,7204000,26.1532
2017-05-02,33.3100,33.5100,33.2675,33.5050,6858400,26.3458
2017-05-03,33.4650,33.5625,33.2925,33.3400,6574400,26.2161
2017-05-04,33.2775,33.6250,33.2750,33.5850,7013200,26.4087
2017-05-05,33.6950,33.8025,33.5575,33.5825,7312400,26.4067
2017-05-08,33.6250,33.7900,33.5425,33.7375,5804800,26.5286
2017-05-09,33.6100,33.7325,33.3725,33.4425,6190000,26.2967
2017-05-10,33.4550,33.6150,33.3550,33.5425,7498800,26.3753
2017-05-11,33.5200,33.6650,33.3975,33.6600,3581200,26.4677
2017-05-12,33.6825,33.9575,33.6650,33.8875,6115200,26.6466
2017-05-15,33.8100,34.1600,33.7625,34.0325,7712400,26.7606
2017-05-16,34.0325,34.2025,33.9475,33.9750,5438000,26.7154
2017-05-17,33.9750,34.2925,33.9750,34.1125,7484800,26.8235
2017-05-18,34.1575,34.4325,33.9300,34.2350,8878000,26.9198
2017-05-19,34.2575,34.4000,33.9000,34.3225,6914800,26.9886
2017-05-22,34.3400,34.6450,34.2500,34.5875,8549600,27.1970
2017-05-23,34.6300,35.0150,34.5950,34.7400,7788800,27.3169
2017-05-24,34.7950,35.1075,34.7550,35.0375,6207200,27.5509
2017-05-25,34.9325,35.2175,34.8100,35.1750,4765200,27.8543
2017-05-26,35.1975,35.2650,35.0925,35.1775,4430000,27.8563
2017-05-30,35.1325,35.2625,35.0600,35.1625,11000400,27.8444
2017-05-31,35.1800,35.4575,35.1800,35.3600,13267600,28.0008
2017-06-01,35.3375,35.4750,35.1800,35.4750,6446400,28.0919
2017-06-02,35.6925,35.7325,35.4325,35.6775,7339600,28.2523
2017-06-05,35.6000,35.6600,35.4475,35.4625,4325600,28.0820
2017-06-06,35.6275,35.6600,35.4300,35.4800,8223600,28.0958
2017-06-07,35.4825,35.7450,35.3600,35.6450,5715200,28.2265
2017-06-08,35.6450,35.6450,35.1575,35.3625,6776400,28.0028
2017-06-09,35.2750,35.4350,34.9875,35.0600,7172800,27.7633
2017-06-12,35.0600,35.2150,34.5375,34.8550,8946400,27.6009
2017-06-13,34.8550,35.0875,34.7400,34.9875,6944400,27.7059
2017-06-14,35.2875,35.5475,35.1500,35.2875,5689200,27.9434
2017-06-15,35.3025,35.5275,35.1650,35.4675,11065600,28.0860
2017-06-16,35.5475,35.7925,35.4800,35.7100,10408800,28.2780
2017-06-19,35.7625,35.7975,35.5325,35.5975,9268400,28.1889
2017-06-20,35.6100,35.7075,35.4800,35.4900,8612800,28.1038
2017-06-21,35.5300,35.5900,35.1050,35.2650,6520800,27.9256
2017-06-22,35.2225,35.5525,35.1700,35.3975,7685600,28.0305
2017-06-23,35.3975,36.0825,35.3425,35.7850,11007600,28.3374
2017-06-26,35.8475,36.2175,35.7800,36.0575,7911200,28.5532
2017-06-27,35.8925,36.0875,35.5050,35.5675,9662800,28.1651
2017-06-28,35.7300,35.8075,35.1875,35.2550,8363600,27.9177
2017-06-29,35.0475,35.0950,34.7400,34.9925,11584000,27.7098
2017-06-30,35.0575,35.4050,35.0175,35.0325,8531600,27.7415
2017-07-03,35.2125,35.4500,34.9050,34.9050,4121200,27.6405
2017-07-05,34.8950,34.9475,34.5625,34.7050,7705600,27.4822
2017-07-06,34.6350,34.9525,34.5000,34.8925,6964400,27.6306
2017-07-07,34.8925,35.2900,34.8450,35.1200,5514000,27.8108
2017-07-10,35.1575,35.4525,35.0675,35.2575,6750400,27.9197
2017-07-11,35.3800,35.3800,34.8825,35.1875,7593600,27.8642
2017-07-12,35.4650,35.5600,35.1650,35.1950,6771600,27.8702
2017-07-13,35.3050,35.3325,35.0475,35.1450,5557200,27.8306
2017-07-14,35.4125,35.5325,35.3300,35.4150,5052800,28.0444
2017-07-17,35.3525,35.4325,35.1875,35.2425,11244400,27.9078
2017-07-18,35.3175,35.5300,35.2475,35.3725,5471600,28.0107
2017-07-19,35.4850,35.5150,35.3325,35.4500,3773600,28.0721
2017-07-20,35.5800,35.9675,35.5000,35.8700,6280000,28.4047
2017-07-21,35.7900,36.1075,35.6425,36.0925,5413600,28.5809
2017-07-24,36.1025,36.1025,35.7800,35.7875,8410400,28.3394
2017-07-25,35.8425,35.8625,35.5300,35.7775,5401200,28.3314
2017-07-26,35.6550,36.3950,35.5725,36.3725,7041600,28.8026
2017-07-27,36.2375,36.3375,35.9900,36.1625,5680000,28.6363
2017-07-28,36.1500,36.4400,36.1125,36.2800,4625200,28.7294
2017-07-31,36.3325,36.7200,36.3150,36.5225,6780400,28.9214
2017-08-01,36.4700,36.8050,36.4600,36.6425,6042000,29.0164
2017-08-02,36.5400,36.7450,36.3450,36.6850,6688000,29.0501
2017-08-03,36.6375,36.9600,36.5850,36.8850,5674400,29.2084
2017-08-04,36.7375,36.8325,36.5200,36.6875,5915600,29.0520
2017-08-07,36.7075,36.8725,36.6225,36.7725,4819200,29.1194
2017-08-08,36.7500,36.8950,36.6750,36.8375,4750800,29.1708
2017-08-09,36.9700,37.0475,36.7375,36.8100,11042000,29.1490
2017-08-10,36.7175,37.0750,36.7050,36.9300,5367600,29.2441
2017-08-11,36.9100,37.0125,36.6625,36.7950,5086000,29.1372
2017-08-14,36.9025,37.0925,36.8450,37.0150,3908000,29.3114
2017-08-15,36.8725,37.3350,36.8725,37.2625,4777200,29.5074
2017-08-16,37.2475,37.5450,37.1950,37.4950,5415200,29.6915
2017-08-17,37.3575,37.5800,37.0850,37.1525,5450800,29.4203
2017-08-18,37.1250,37.6500,37.0125,37.4825,5754800,29.6816
2017-08-21,37.5000,37.7100,37.4200,37.6125,3898000,29.7845
2017-08-22,37.6425,37.7975,37.5050,37.7100,5402400,29.8617
2017-08-23,37.4075,37.5875,37.1875,37.4100,5781200,29.8185
2017-08-24,37.5000,37.5000,37.2350,37.3275,5164400,29.7527
2017-08-25,37.4150,37.6125,37.2500,37.5250,5036400,29.9102
2017-08-28,37.5750,37.7250,37.5100,37.7200,3499600,30.0656
2017-08-29,37.7575,37.8200,37.5350,37.6800,5597200,30.0337
2017-08-30,37.6050,37.7100,37.5425,37.6550,4246000,30.0138
2017-08-31,37.7500,37.7550,37.5525,37.6275,6826000,29.9919
2017-09-01,37.7500,37.8250,37.4150,37.5400,4287200,29.9221
2017-09-05,37.5450,37.6125,37.3250,37.5650,4299200,29.9420
2017-09-06,37.6500,37.6775,37.0625,37.0625,9138400,29.5415
2017-09-07,37.1125,37.7250,37.1100,37.3725,7742400,29.7886
2017-09-08,37.3025,37.3700,36.7650,37.0650,11796800,29.5435
2017-09-11,37.0650,37.9000,37.0025,37.8500,9118000,30.1692
2017-09-12,37.7700,37.8375,36.9825,37.2825,7717200,29.7169
2017-09-13,37.2625,37.2975,37.0125,37.0450,5824800,29.5276
2017-09-14,37.0000,37.4550,36.9125,37.3875,4588000,29.8006
2017-09-15,37.5275,37.5950,37.3000,37.5225,9065600,29.9082
2017-09-18,37.5000,37.5000,36.8450,37.0750,6562000,29.5515
2017-09-19,37.1150,37.2325,36.9300,36.9800,7026800,29.4758
2017-09-20,37.1025,37.1525,36.4750,36.6850,5489600,29.2406
2017-09-21,36.6850,36.9575,36.6175,36.6950,5647600,29.2486
2017-09-22,36.7600,36.8150,36.5500,36.5900,4904800,29.1649
2017-09-25,36.5525,36.8275,36.4575,36.7050,6024800,29.2566
2017-09-26,36.7275,37.0600,36.7275,36.9250,5562000,29.4319
2017-09-27,36.7125,36.8500,36.4275,36.5625,6888800,29.1430
2017-09-28,36.3725,36.8450,36.1750,36.7475,5395600,29.2904
2017-09-29,36.7375,36.8100,36.5825,36.6375,5267200,29.2028
2017-10-02,36.8425,36.9200,36.5875,36.6850,4581200,29.2406
2017-10-03,36.5925,36.7425,36.4050,36.7225,4008400,29.2705
2017-10-04,36.7500,37.1525,36.6500,37.1425,4390400,29.6053
2017-10-05,37.1350,37.1425,36.7650,36.9400,6817600,29.4439
2017-10-06,36.8000,36.9175,36.5675,36.8675,5110800,29.3861
2017-10-09,36.9900,37.0975,36.9225,36.9750,4396400,29.4718
2017-10-10,36.9750,37.2850,36.8600,37.2575,3512000,29.6969
2017-10-11,37.1575,37.6875,37.1575,37.4675,5319600,29.8643
2017-10-12,37.5275,37.7350,37.3500,37.6750,5221600,30.0297
2017-10-13,37.8475,38.0675,37.6100,37.6375,4461200,29.9998
2017-10-16,37.8100,37.9500,37.4750,37.8800,5396400,30.1931
2017-10-17,37.8750,38.2150,37.7575,38.1675,5164400,30.4223
2017-10-18,38.0575,38.1950,37.9175,38.1350,4298800,30.3964
2017-10-19,38.1675,38.4875,38.0500,38.4675,5249600,30.6614
2017-10-20,38.4350,38.5600,38.2450,38.5400,5750800,30.7192
2017-10-23,38.4950,38.6750,38.3325,38.5950,4873200,30.7630
2017-10-24,38.5300,38.6000,38.2975,38.5550,5718400,30.7312
2017-10-25,38.4850,38.5475,37.8400,38.4650,7509200,30.6594
2017-10-26,38.7000,39.0000,38.3400,38.3475,5894000,30.5658
2017-10-27,38.3475,39.2000,38.3450,38.9600,5807200,31.0540
2017-10-30,38.8275,39.0475,38.7225,38.8400,5413600,30.9583
2017-10-31,38.7725,38.8900,38.5775,38.7675,5310800,30.9005
2017-11-01,38.9175,38.9300,38.2725,38.3450,5747600,30.5638
2017-11-02,38.3725,38.6875,37.0925,37.4650,15917200,29.8623
2017-11-03,37.4350,38.2875,37.3750,38.1625,12337600,30.4183
2017-11-06,38.2250,38.2825,37.9125,37.9650,5631600,30.2609
2017-11-07,38.0825,38.9550,37.9800,38.8725,7872000,30.9842
2017-11-08,38.7475,38.9350,38.4775,38.7300,7970800,30.8706
2017-11-09,38.5850,38.9025,38.5250,38.8125,4779600,30.9364
2017-11-10,38.6450,38.8550,38.4625,38.7900,5143200,30.9185
2017-11-13,38.8350,39.2500,38.7100,39.1950,4000000,31.2413
2017-11-14,39.1275,39.6375,39.0625,39.6000,6055200,31.5641
2017-11-15,39.7125,39.8200,39.2575,39.3400,5320000,31.3569
2017-11-16,39.3500,39.4275,39.0875,39.3225,5458800,31.3429
2017-11-17,39.2500,39.3225,38.9725,39.0100,4312000,31.0938
2017-11-20,39.0525,39.1675,38.8275,38.9800,5787600,31.0699
2017-11-21,39.1225,39.2225,38.9400,39.0525,5325200,31.1277
2017-11-22,38.8075,38.9875,38.6400,38.7950,7773600,31.1183
2017-11-24,38.9000,39.1000,38.8700,39.0075,2544400,31.2887
2017-11-27,39.0625,39.3900,38.9775,39.2500,6070800,31.4832
2017-11-28,39.3750,39.6000,39.2675,39.4475,4949200,31.6417
2017-11-29,39.3250,39.5725,39.1250,39.4425,8354400,31.6376
2017-11-30,39.5225,39.7200,39.3425,39.5100,13614800,31.6918
2017-12-01,39.5975,39.7975,39.1075,39.3675,5712400,31.5775
2017-12-04,39.4125,39.4900,38.8800,38.9925,5603600,31.2767
2017-12-05,39.1075,39.2075,38.6125,38.9100,6810000,31.2105
2017-12-06,39.1300,39.5925,38.9475,39.4450,7935600,31.6396
2017-12-07,39.4325,39.5450,39.2525,39.5450,5808400,31.7199
2017-12-08,39.6200,39.7575,39.3475,39.7575,5248000,31.8903
2017-12-11,39.7475,39.8375,39.3600,39.8125,6435600,31.9344
2017-12-12,39.7100,39.8500,39.2050,39.2675,7953600,31.4973
2017-12-13,39.4075,39.5100,38.9500,39.1175,14412000,31.3770
2017-12-14,39.1825,39.8100,38.8925,39.4950,8908000,31.6798
2017-12-15,39.6700,39.7600,39.3075,39.6075,13972000,31.7700
2017-12-18,39.6550,39.7925,39.0275,39.0875,7763200,31.3529
2017-12-19,39.1250,39.2475,38.5100,38.5250,6260000,30.9017
2017-12-20,38.5250,38.8350,38.3725,38.4100,8838800,30.8095
2017-12-21,38.4575,38.8175,38.1700,38.6200,7148800,30.9779
2017-12-22,38.7275,38.8425,38.5750,38.6350,4315200,30.9899
2017-12-26,38.6750,38.8375,38.4975,38.5000,2894000,30.8816
2017-12-27,38.6575,38.8375,38.5300,38.8225,4305200,31.1403
2017-12-28,38.8000,39.1050,38.7875,39.0875,3426800,31.3529
2017-12-29,39.2125,39.3200,39.0025,39.0475,4746400,31.3208
2018-01-02,39.1075,39.1675,38.6050,38.7725,4766400,31.1002
2018-01-03,38.5225,38.9575,37.9450,37.9500,11008000,30.4405
2018-01-04,37.8775,38.2575,37.6575,37.7550,13629200,30.2841
2018-01-05,37.8450,37.9850,37.6500,37.9275,10318000,30.4224
2018-01-08,37.9275,38.3100,37.8775,38.2400,7225200,30.6731
2018-01-09,38.3875,38.3875,37.8275,37.9600,6527600,30.4485
2018-01-10,37.7225,37.9025,37.5400,37.6475,7042800,30.1978
2018-01-11,37.6250,37.7750,37.4425,37.6250,7550400,30.1798
2018-01-12,37.5325,37.8675,37.3150,37.5800,6386400,30.1437
2018-01-16,37.6100,37.7700,37.2675,37.6350,7471600,30.1878
2018-01-17,37.7375,38.1875,37.6450,37.9700,9304400,30.4565
2018-01-18,38.0150,38.0150,37.5550,37.6950,7951200,30.2359
2018-01-19,37.7700,37.8175,37.4850,37.5400,8988000,30.1116
2018-01-22,37.6150,37.8250,37.4000,37.5050,7438800,30.0835
2018-01-23,37.5000,38.2750,37.5000,38.1800,10592400,30.6250
2018-01-24,37.9825,38.0575,37.5200,37.7125,7874400,30.2500
2018-01-25,37.7075,38.3375,37.5000,38.2725,9845200,30.6992
2018-01-26,38.7150,39.8075,38.6750,39.4225,14587200,31.6216
2018-01-29,39.3000,39.3250,38.8725,38.9200,10057200,31.2185
2018-01-30,38.8750,39.1200,38.5725,38.7750,7823200,31.1022
2018-01-31,38.8075,39.6950,38.6550,39.6050,12930800,31.7680
2018-02-01,39.6525,39.9100,38.9175,39.0850,8848000,31.3509
2018-02-02,38.8700,39.3550,38.7700,38.9800,9291200,31.2667
2018-02-05,39.0100,39.5700,38.4625,38.5725,14612400,30.9398
2018-02-06,37.9575,38.3400,36.7875,37.3900,16941200,29.9913
2018-02-07,37.4025,37.6700,36.9725,37.0225,11514800,29.6965
2018-02-08,36.9200,37.2775,36.3175,36.3225,9683600,29.1350
2018-02-09,36.4950,37.2875,36.2750,37.0250,9090800,29.6985
2018-02-12,37.0550,37.7875,36.7150,37.5000,8123200,30.0795
2018-02-13,37.4450,37.9550,37.0625,37.7675,6312400,30.2941
2018-02-14,37.5200,37.8825,37.1975,37.5200,6436800,30.0956
2018-02-15,37.5575,38.6100,37.4600,38.6075,8742000,30.9679
2018-02-16,38.6675,39.1400,38.3950,39.0125,6546800,31.2927
2018-02-20,38.8950,39.0275,38.3100,38.4525,7792000,30.8436
2018-02-21,38.4525,38.7975,37.9000,37.9400,8582000,30.4325
2018-02-22,38.1275,38.3725,37.8300,38.0775,5802400,30.5427
2018-02-23,38.1200,39.1625,38.0950,39.0650,7286800,31.3348
2018-02-26,38.9350,39.0800,38.5325,38.6625,7758800,31.2339
2018-02-27,38.6800,38.8675,37.9200,37.9200,8176400,30.6340
2018-02-28,38.0825,38.3775,37.9400,38.0375,10905200,30.7289
2018-03-01,38.1750,38.5950,37.9950,38.3075,12315600,30.9471
2018-03-02,38.3000,38.6450,37.8350,38.2125,8696800,30.8703
2018-03-05,38.1750,38.8075,38.0175,38.7550,6870800,31.3086
2018-03-06,38.6450,38.8950,38.2125,38.3150,10504800,30.9531
2018-03-07,38.1850,38.4225,38.0150,38.2625,8304000,30.9107
2018-03-08,38.3925,38.6700,38.2350,38.5775,6678800,31.1652
2018-03-09,38.5875,38.7225,38.3200,38.7025,6500800,31.2662
2018-03-12,38.6750,38.7475,38.3850,38.5975,8162400,31.1813
2018-03-13,38.8050,39.0975,38.5075,38.6675,6522400,31.2379
2018-03-14,39.0250,39.6100,39.0100,39.5025,12254000,31.9125
2018-03-15,39.5000,39.7700,39.2250,39.5350,9372800,31.9387
2018-03-16,39.6050,40.4200,39.5650,40.2600,31720000,32.5244
2018-03-19,40.2600,40.4225,39.7000,39.9825,9596000,32.3002
2018-03-20,40.0250,40.1825,39.8775,40.1050,6401600,32.3992
2018-03-21,40.1050,40.4900,39.9175,40.0200,6814800,32.3305
2018-03-22,40.0775,41.0625,39.9500,40.4725,14222400,32.6961
2018-03-23,40.4950,40.8950,39.7975,39.8725,12314400,32.2114
2018-03-26,40.0075,40.5175,39.9725,40.3575,6942000,32.6032
2018-03-27,40.4375,41.1025,40.2500,40.6475,9727600,32.8375
2018-03-28,40.7875,40.8625,40.0100,40.5675,13328400,32.7728
2018-03-29,40.8825,41.0300,40.6800,40.8325,7818800,32.9869
2018-04-02,40.9850,41.1775,40.2575,40.5925,8113200,32.7930
2018-04-03,40.5925,40.8000,40.1825,40.5000,9571200,32.7183
2018-04-04,40.4250,40.6750,40.1125,40.5825,6724400,32.7849
2018-04-05,40.5675,41.1075,40.1875,41.0000,6187200,33.1222
2018-04-06,40.8850,41.0400,40.5575,40.6875,5771200,32.8698
2018-04-09,40.5750,40.8550,40.3400,40.5325,7316000,32.7446
2018-04-10,40.2325,40.6850,40.2325,40.4500,7605200,32.6779
2018-04-11,40.3250,40.4350,40.0625,40.2600,5022400,32.5244
2018-04-12,40.2575,40.4325,39.6625,39.7675,6236400,32.1265
2018-04-13,39.9175,40.2225,39.8750,40.0550,5483200,32.3588
2018-04-16,40.2525,40.6625,40.1800,40.5300,6602800,32.7425
2018-04-17,40.5600,40.9025,40.2875,40.8050,5316400,32.9647
2018-04-18,40.9825,41.2875,40.6975,40.7150,4332800,32.8920
2018-04-19,40.6700,40.7800,40.2650,40.6350,6535600,32.8274
2018-04-20,40.6800,40.8550,40.0350,40.1975,6915200,32.4739
2018-04-23,40.2925,40.3700,40.0750,40.2825,6576000,32.5426
2018-04-24,40.5000,40.9625,39.9025,40.5425,11652000,32.7526
2018-04-25,40.3900,40.6925,39.9750,40.0825,7904400,32.3810
2018-04-26,40.2100,40.9700,40.1475,40.8025,7402400,32.9627
2018-04-27,40.6775,41.1025,40.5800,40.9900,5682000,33.1142
2018-04-30,41.0725,41.2375,40.9500,40.9775,9057600,33.1041
2018-05-01,40.9225,40.9375,40.6925,40.8050,5028400,32.9647
2018-05-02,40.8650,41.0400,40.7125,40.8625,10694000,33.0112
2018-05-03,40.7075,41.0250,40.3800,40.7650,10460400,32.9324
2018-05-04,40.8000,41.2825,40.7675,41.0225,6462400,33.1404
2018-05-07,41.0700,41.0850,40.7225,40.8375,7877200,32.9910
2018-05-08,40.6525,40.6550,39.8850,39.9775,8817600,32.2962
2018-05-09,40.0350,40.0725,39.4650,39.5725,8864800,31.9690
2018-05-10,39.9350,40.0675,39.6250,40.0575,7849600,32.3608
2018-05-11,40.1825,40.3325,39.9875,40.1850,4292800,32.4638
2018-05-14,40.2625,40.2825,39.8425,40.0500,4741600,32.3548
2018-05-15,39.8125,39.9775,39.3875,39.7125,6076400,32.0821
2018-05-16,39.6525,39.7525,39.1650,39.2925,6155200,31.7428
2018-05-17,39.3850,39.4550,39.0075,39.1050,5956400,31.5913
2018-05-18,39.1175,39.3400,38.8050,39.1125,6256800,31.5974
2018-05-21,39.2625,40.1350,39.2500,40.0550,8385200,32.3588
2018-05-22,40.1650,40.3325,39.7925,39.8575,6550000,32.1992
2018-05-23,40.0200,40.2225,39.8475,40.0700,9017200,32.3709
2018-05-24,40.0325,40.4200,39.9950,40.3000,6408800,32.5567
2018-05-25,40.3025,40.7475,40.2700,40.6050,6498000,32.8031
2018-05-29,40.4125,41.1225,40.4125,40.9325,7674000,33.0677
2018-05-30,40.8400,41.4175,40.7625,41.3175,8811600,33.3787
2018-05-31,41.1950,41.6550,41.0600,41.4525,10660000,33.4878
2018-06-01,41.4175,41.4175,40.5050,40.7700,7797200,32.9364
2018-06-04,40.6275,40.7725,40.1725,40.2925,7173600,32.7737
2018-06-05,40.3475,40.3550,39.7375,39.8250,8493200,32.3935
2018-06-06,39.8300,39.9975,38.9450,39.0325,10116800,31.7489
2018-06-07,39.0475,39.4125,38.8650,39.0950,7104400,31.7997
2018-06-08,39.1675,39.3400,39.0500,39.2000,7227600,31.8851
2018-06-11,39.2550,39.2925,38.7650,38.8500,6426000,31.6004
2018-06-12,38.8500,39.3875,38.8175,39.3525,7450800,32.0092
2018-06-13,39.4075,39.6725,39.1800,39.2850,6272000,31.9542
2018-06-14,39.2900,39.7900,39.0575,39.7050,8846000,32.2959
2018-06-15,39.6450,39.9125,39.2125,39.8850,16682000,32.4423
2018-06-18,39.9050,40.1925,39.7875,40.1025,6415600,32.6192
2018-06-19,40.1600,40.7750,40.1600,40.7500,9922400,33.1459
2018-06-20,40.8825,40.8825,40.5400,40.6750,5251600,33.0849
2018-06-21,40.6625,41.1425,40.6250,40.8425,7038000,33.2211
2018-06-22,40.9100,41.1075,40.6950,41.0750,8840800,33.4102
2018-06-25,41.2350,41.7125,41.1000,41.6000,7033200,33.8373
2018-06-26,41.5825,42.0800,41.5825,41.6925,7905200,33.9125
2018-06-27,41.8350,42.1625,41.7400,42.0200,8846000,34.1789
2018-06-28,42.0550,42.3825,41.6400,41.7025,7838400,33.9206
2018-06-29,41.6600,42.0475,41.4675,41.7575,6784400,33.9654
2018-07-02,41.9100,42.3050,41.7525,42.2525,6444400,34.3680
2018-07-03,42.2475,42.3125,41.9050,42.1400,5366400,34.2765
2018-07-05,42.1725,42.2025,41.8575,42.1350,9321200,34.2724
2018-07-06,42.2175,42.6625,42.1525,42.5775,6277600,34.6324
2018-07-09,42.5325,42.5975,41.1825,41.3300,9356000,33.6176
2018-07-10,41.0800,42.0725,40.8775,41.8600,7404400,34.0487
2018-07-11,41.9250,42.3225,41.8500,42.1025,5583200,34.2460
2018-07-12,42.1225,42.2875,41.8450,42.1225,7370000,34.2623
2018-07-13,42.1675,42.4050,41.9750,42.3800,6308800,34.4717
2018-07-16,42.3800,42.5125,42.1800,42.3750,5545600,34.4676
2018-07-17,42.4225,42.6750,42.4075,42.5525,5195200,34.6120
2018-07-18,42.5225,42.5800,42.2525,42.3550,4843600,34.4514
2018-07-19,42.4975,42.8750,42.4250,42.5625,6447200,34.6201
2018-07-20,42.4750,42.5575,42.0875,42.4925,4944800,34.5632
2018-07-23,42.5925,42.6400,42.0725,42.2075,6605600,34.3314
2018-07-24,41.9550,42.6150,41.5550,42.5525,9324000,34.6120
2018-07-25,42.2550,42.3975,41.6275,41.9375,10608800,34.1118
2018-07-26,42.0975,42.3525,41.8425,42.0400,7826800,34.1952
2018-07-27,41.9650,42.1200,41.5550,41.7450,6894800,33.9552
2018-07-30,41.6800,41.7950,41.4375,41.5575,6059200,33.8027
2018-07-31,41.7650,41.9325,41.4850,41.8850,6672400,34.0691
2018-08-01,41.7675,42.0675,41.3625,41.9750,8429600,34.1423
2018-08-02,42.1300,42.4050,41.7050,42.3625,7048800,34.4575
2018-08-03,42.3275,42.9825,42.2125,42.7875,5184000,34.8032
2018-08-06,42.6650,43.0175,42.6425,42.7525,3531200,34.7747
2018-08-07,42.7450,42.7450,42.3875,42.6575,4073600,34.6974
2018-08-08,42.5250,42.7350,42.2975,42.5200,3776000,34.5856
2018-08-09,42.5425,42.7550,42.3975,42.7125,3419600,34.7422
2018-08-10,42.8675,43.2650,42.7000,42.7325,4484000,34.7584
2018-08-13,42.7875,43.0975,42.7500,42.8250,6452000,34.8337
2018-08-14,42.8650,43.1350,42.8225,42.9850,4366800,34.9638
2018-08-15,43.0750,43.4800,43.0050,43.1925,6485600,35.1326
2018-08-16,43.1425,43.7650,42.9650,43.6975,6614400,35.5434
2018-08-17,43.7650,43.9125,43.4600,43.7925,5126000,35.6206
2018-08-20,43.7875,43.9025,43.4700,43.5750,4678800,35.4437
2018-08-21,43.6225,43.6225,43.0400,43.1575,4931600,35.1041
2018-08-22,43.2325,43.2950,42.7800,42.9275,5132800,34.9170
2018-08-23,43.0050,43.2600,42.8525,42.9075,4972400,34.9008
2018-08-24,43.0400,43.2100,42.7700,43.1750,5074800,35.1184
2018-08-27,43.3275,43.4500,42.6500,42.8650,5547600,34.8662
2018-08-28,42.8250,42.8675,42.4300,42.6400,6960800,34.6832
2018-08-29,42.5025,42.7150,42.4750,42.6325,5860000,34.9042
2018-08-30,42.5900,42.8800,42.5700,42.7075,6477200,34.9657
2018-08-31,42.7300,42.9500,42.3500,42.5250,7193600,34.8162
2018-09-04,42.5600,42.6875,42.3025,42.5075,6797200,34.8019
2018-09-05,42.5000,42.9650,42.4125,42.9050,7756400,35.1274
2018-09-06,43.1050,43.7025,43.0450,43.4550,8914800,35.5776
2018-09-07,43.0675,43.3750,42.8725,43.0250,7582000,35.2256
2018-09-10,43.1900,43.2475,42.9125,43.0075,6013200,35.2113
2018-09-11,43.0300,43.3400,43.0250,43.0375,8125200,35.2358
2018-09-12,43.0600,43.2600,42.9300,43.1250,7226000,35.3075
2018-09-13,43.1950,43.6725,42.9775,43.6500,8164800,35.7373
2018-09-14,43.5325,43.5925,43.0025,43.4125,6674800,35.5429
2018-09-17,43.1950,43.5150,43.1050,43.4650,6198800,35.5858
2018-09-18,43.4600,43.5575,43.2050,43.3600,4172400,35.4999
2018-09-19,43.3325,43.3900,41.9325,42.2925,9291600,34.6259
2018-09-20,42.1700,42.3825,41.6050,42.3175,8137200,34.6464
2018-09-21,42.4075,42.8450,41.9850,42.6900,16923200,34.9513
2018-09-24,42.6250,42.6300,42.1100,42.2025,8995600,34.5522
2018-09-25,42.2925,42.2925,41.5325,41.7125,7246400,34.1510
2018-09-26,41.8375,41.8375,41.0675,41.1125,8836800,33.6598
2018-09-27,41.1650,41.6425,41.0625,41.3975,9672400,33.8931
2018-09-28,41.5200,41.9075,41.5200,41.9000,9424800,34.3045
2018-10-01,41.8475,41.8550,41.5775,41.7475,5196000,34.1797
2018-10-02,41.9100,42.4400,41.8800,42.3350,5572400,34.6607
2018-10-03,42.2425,42.7750,41.6350,42.0600,9156000,34.4355
2018-10-04,42.0425,42.3250,41.5475,42.3125,9448000,34.6423
2018-10-05,42.3475,43.1925,42.3475,43.0925,8373200,35.2809
2018-10-08,43.1450,43.6125,43.0000,43.3300,6803600,35.4753
2018-10-09,43.4025,43.6175,43.1500,43.4325,5881200,35.5592
2018-10-10,43.4325,43.9150,43.1450,43.1875,7882800,35.3586
2018-10-11,43.3700,43.5125,42.2125,42.2725,8446000,34.6095
2018-10-12,42.3050,42.4525,41.9700,42.3400,6944400,34.6648
2018-10-15,42.3175,42.6450,42.1175,42.4100,6965200,34.7221
2018-10-16,42.6000,43.0850,42.4150,42.8225,4700400,35.0598
2018-10-17,42.7875,42.9000,42.3900,42.7050,3537600,34.9636
2018-10-18,42.7900,43.0225,42.6300,42.8925,4088400,35.1171
2018-10-19,42.9075,43.6225,42.8250,43.3650,7297200,35.5040
2018-10-22,43.3975,43.4150,42.9775,43.1650,5971600,35.3402
2018-10-23,42.2300,43.6100,42.2300,42.6575,8898800,34.9247
2018-10-24,42.8350,44.2075,42.6800,43.9000,8558800,35.9420
2018-10-25,43.7125,43.8050,42.9675,43.3000,8854400,35.4507
2018-10-26,43.5250,43.7025,42.1775,42.4725,8519600,34.7733
2018-10-29,42.5675,43.2425,42.5200,43.1950,6566800,35.3648
2018-10-30,43.4300,43.6350,42.8300,43.3875,7572800,35.5224
2018-10-31,43.2000,43.5100,42.7575,43.1250,9051600,35.3075
2018-11-01,43.3800,43.3800,42.3325,42.6175,9389200,34.8920
2018-11-02,42.7700,42.9450,41.6875,42.0375,11806400,34.4171
2018-11-05,42.0475,42.8950,42.0425,42.6775,8274000,34.9411
2018-11-06,42.6400,42.8975,42.3750,42.8650,5963600,35.0946
2018-11-07,43.1400,43.4675,42.9275,43.3850,6530000,35.5203
2018-11-08,43.3850,43.5050,42.9125,43.4900,6676400,35.6063
2018-11-09,43.5800,44.2600,43.4050,44.1400,8160400,36.1385
2018-11-12,44.0475,44.9975,43.9025,44.6225,8538800,36.5335
2018-11-13,44.7600,44.8675,44.3250,44.6650,7297600,36.5683
2018-11-14,44.4200,44.5625,43.7900,44.2050,12378000,36.1917
2018-11-15,44.0675,44.7975,43.6650,44.7950,10935600,36.6747
2018-11-16,45.0450,45.1500,44.5800,45.0975,7948000,36.9224
2018-11-19,45.0400,45.5175,44.7950,45.5025,7018400,37.2540
2018-11-20,45.6550,45.9125,44.6375,44.6925,9752800,36.5908
2018-11-21,44.6250,44.6250,43.9750,44.0450,5978800,36.0607
2018-11-23,44.0450,44.4500,43.8250,44.3325,4360800,36.2961
2018-11-26,44.3550,44.4925,43.9225,44.2575,7455200,36.2347
2018-11-27,44.3925,44.5475,44.0500,44.5000,9084800,36.4332
2018-11-28,44.6400,44.8075,44.3025,44.5125,7868400,36.4435
2018-11-29,44.2700,44.3800,43.7175,44.2800,6867200,36.4805
2018-11-30,44.4200,45.5075,44.3050,45.4275,15807200,37.4259
2018-12-03,45.1025,45.6250,44.8625,45.6225,9724800,37.5866
2018-12-04,45.6250,46.0425,45.4000,45.5425,10024800,37.5206
2018-12-06,45.6050,45.7550,44.6700,45.6650,11354400,37.6216
2018-12-07,45.4950,46.0500,45.2100,45.7150,10121600,37.6628
2018-12-10,45.6400,45.8450,44.9200,45.6525,10441600,37.6113
2018-12-11,45.5800,45.9600,45.2925,45.7450,12055200,37.6875
2018-12-12,45.7450,45.9275,45.3050,45.3275,11912400,37.3435
2018-12-13,45.3350,45.8000,45.3350,45.5500,12916400,37.5268
2018-12-14,45.4550,45.6125,44.9750,45.3100,9227600,37.3291
2018-12-17,45.5900,45.5900,43.7175,43.9125,13147600,36.1778
2018-12-18,44.0625,44.4550,43.8550,44.0000,11764000,36.2498
2018-12-19,44.1250,44.2950,43.4100,43.6300,13437600,35.9450
2018-12-20,43.6250,44.1375,43.0975,43.7275,13112400,36.0253
2018-12-21,43.6000,44.6400,43.3100,43.5275,24148400,35.8606
2018-12-24,43.6125,43.8450,41.7300,42.0200,6630000,34.6186
2018-12-26,42.0175,42.5925,41.1950,42.5850,8393600,35.0841
2018-12-27,42.6350,43.0400,41.9875,43.0400,9961600,35.4590
2018-12-28,43.1500,43.5925,42.9050,43.1800,6924000,35.5743
2018-12-31,43.2525,43.5075,42.8200,43.4550,6417600,35.8008
2019-01-02,43.1700,43.3250,42.2525,42.4575,10549600,34.9790
2019-01-03,42.4775,42.7900,42.1675,42.3525,9260800,34.8925
2019-01-04,42.2875,43.1475,42.1650,43.1325,10848800,35.5351
2019-01-07,42.9125,43.2350,42.6250,43.0700,9478000,35.4837
2019-01-08,43.0375,43.4475,42.8925,43.3850,10599600,35.7432
2019-01-09,43.3900,43.5000,43.0125,43.1975,7047600,35.5887
2019-01-10,43.3250,43.9050,43.1375,43.8475,11384800,36.1242
2019-01-11,43.7850,44.0350,43.4125,43.9275,8860000,36.1901
2019-01-14,43.6550,43.6550,42.3375,42.8075,15355600,35.2674
2019-01-15,42.8475,43.9525,42.6875,43.6800,9261200,35.9862
2019-01-16,43.5050,43.7275,43.2075,43.6700,7059200,35.9780
2019-01-17,43.7825,43.9800,43.6100,43.8725,8200800,36.1448
2019-01-18,44.1000,44.1525,43.7775,44.0225,7414400,36.2684
2019-01-22,43.8575,44.4875,43.8100,44.3450,8654400,36.5341
2019-01-23,44.4850,44.8650,44.0475,44.8450,9089200,36.9460
2019-01-24,44.8150,45.2200,44.4900,45.0700,9812800,37.1314
2019-01-25,44.6250,44.8725,43.4800,43.5500,15254400,35.8791
2019-01-28,44.0275,44.0275,42.9425,43.1175,11976800,35.5228
2019-01-29,43.2700,43.3575,42.9350,43.2150,7924400,35.6031
2019-01-30,43.0600,43.6575,43.0250,43.3975,8345600,35.7535
2019-01-31,43.3600,44.8225,43.3375,44.7450,12519600,36.8636
2019-02-01,44.5925,44.7800,44.1250,44.4550,8934000,36.6247
2019-02-04,44.2775,44.5475,44.0325,44.5250,11302000,36.6824
2019-02-05,44.3925,44.6750,44.1925,44.5425,7956800,36.6968
2019-02-06,44.6825,44.8100,44.4000,44.5250,6647200,36.6824
2019-02-07,44.5000,45.3625,44.4700,45.3375,8516800,37.3518
2019-02-08,45.3025,45.8425,45.2550,45.7525,7322400,37.6937
2019-02-11,45.6050,45.9825,45.5800,45.7525,7404400,37.6937
2019-02-12,45.7500,46.1025,45.4200,45.8175,7004800,37.7472
2019-02-13,45.7650,45.9650,45.6075,45.7125,5726400,37.6607
2019-02-14,45.8400,46.1100,45.6350,45.6525,6408000,37.6113
2019-02-15,46.1525,46.2775,45.8250,46.0100,8813200,37.9058
2019-02-19,46.0325,46.4525,45.8500,46.3425,9774000,38.1797
2019-02-20,46.2700,46.5250,46.0100,46.4100,10203200,38.2353
2019-02-21,46.2225,46.7175,46.1400,46.6400,8274800,38.4248
2019-02-22,46.7075,47.0350,46.4400,47.0325,6735200,38.7482
2019-02-25,47.1125,47.3475,46.5775,46.9700,7555600,38.6967
2019-02-26,47.0450,47.2550,46.7875,47.0575,7644400,38.7688
2019-02-27,46.6450,46.8725,46.5200,46.7025,7288000,38.7335
2019-02-28,46.7525,47.1850,46.5150,46.9300,12454000,38.9222
2019-03-01,46.8800,47.1450,46.6475,46.8900,6865600,38.8890
2019-03-04,47.0575,47.1375,46.6425,47.0600,8609200,39.0301
2019-03-05,47.0925,47.3025,47.0050,47.0800,7666800,39.0466
2019-03-06,47.0150,47.2425,46.7450,46.8925,7155600,38.8911
2019-03-07,47.0650,47.2825,46.8450,46.9825,9411200,38.9658
2019-03-08,47.1525,47.3575,46.7300,47.1750,6972800,39.1254
2019-03-11,47.1525,47.4450,47.1150,47.3750,7135600,39.2913
2019-03-12,47.5000,47.8400,47.3575,47.7225,7140400,39.5795
2019-03-13,47.4675,47.8800,47.3650,47.7425,4916000,39.5961
2019-03-14,47.7900,48.0425,47.5525,47.7450,5816800,39.5982
2019-03-15,47.6900,47.9850,47.5025,47.8100,14402000,39.6521
2019-03-18,47.8675,47.9950,47.5325,47.7175,7469200,39.5754
2019-03-19,47.6325,47.6525,46.9475,47.1250,8080800,39.0840
2019-03-20,47.2600,47.7925,46.9600,47.4675,8669200,39.3680
2019-03-21,47.5725,48.0700,47.4625,47.9775,7499200,39.7910
2019-03-22,48.0625,48.8875,48.0625,48.4825,9486000,40.2098
2019-03-25,48.6125,48.7750,48.3875,48.4025,7038400,40.1435
2019-03-26,48.4550,48.8325,48.2550,48.7500,6093200,40.4317
2019-03-27,48.8125,48.8250,48.2175,48.4800,6116800,40.2077
2019-03-28,48.4775,48.5975,47.8300,47.9800,9324000,39.7931
2019-03-29,47.9825,48.3675,47.8250,48.3300,12039200,40.0833
2019-04-01,48.3550,48.4375,47.5525,47.6225,9640400,39.4966
2019-04-02,47.6775,47.7500,47.1775,47.3700,9960400,39.2871
2019-04-03,47.2775,47.5700,46.9725,47.3275,8202800,39.2519
2019-04-04,47.4950,47.5100,46.8575,47.1000,7106800,39.0632
2019-04-05,47.3450,47.5850,47.0000,47.5200,6452800,39.4116
2019-04-08,47.3600,47.4550,46.9575,47.1600,5772800,39.1130
2019-04-09,47.1600,47.4850,47.1325,47.4275,6617200,39.3348
2019-04-10,47.4375,47.8550,47.1000,47.1550,5291600,39.1088
2019-04-11,47.1550,47.5450,47.1000,47.5100,5738400,39.4033
2019-04-12,47.3425,47.7625,47.1125,47.7125,4768400,39.5712
2019-04-15,47.7775,48.0175,47.6700,47.7900,5872800,39.6355
2019-04-16,47.7650,48.0775,47.3550,47.3800,6523200,39.2954
2019-04-17,47.4375,47.6375,47.2600,47.4125,8045600,39.3224
2019-04-18,47.3550,47.6700,47.3100,47.3400,6670800,39.2623
2019-04-22,47.2925,47.7075,47.2625,47.5950,7303600,39.4738
2019-04-23,47.7150,47.8675,47.0200,47.4475,8818000,39.3514
2019-04-24,47.4400,47.7750,47.2875,47.5150,6187200,39.4074
2019-04-25,47.3575,47.9300,47.3150,47.6200,5898400,39.4945
2019-04-26,47.8500,48.3475,47.8225,47.9275,5653600,39.7495
2019-04-29,48.0075,48.2250,47.6525,47.9425,7094400,39.7620
2019-04-30,47.9400,48.6625,47.8150,48.6100,10643600,40.3156
2019-05-01,48.3775,48.7600,48.2325,48.3175,8541200,40.0730
2019-05-02,48.2100,48.4675,47.6400,47.9300,10035600,39.7516
2019-05-03,47.8925,48.1575,47.7025,48.1025,6694800,39.8947
2019-05-06,48.0500,48.3325,47.7100,47.7250,6730000,39.5816
2019-05-07,47.4525,47.6900,47.2150,47.4375,7748400,39.3431
2019-05-08,47.4000,47.5025,46.8250,46.9700,7887200,38.9554
2019-05-09,47.1125,47.3025,46.8700,47.1525,6872400,39.1068
2019-05-10,47.1400,48.0500,47.0200,47.9400,6420000,39.7599
2019-05-13,47.8550,48.8525,47.7700,48.7325,10632800,40.4172
2019-05-14,48.7300,49.1775,48.3775,48.7250,8954400,40.4109
2019-05-15,48.8025,49.0325,48.6175,48.7150,7071600,40.4026
2019-05-16,48.6225,49.4800,48.4550,49.2775,8465600,40.8692
2019-05-17,48.9575,49.8650,48.9050,49.7450,6821600,41.2569
2019-05-20,49.8200,50.1525,49.7350,49.8375,5464000,41.3336
2019-05-21,49.8750,50.2475,49.6975,49.7250,6069200,41.2403
2019-05-22,49.8725,50.5875,49.6550,50.4825,6706800,41.8685
2019-05-23,50.5650,50.9475,50.5650,50.8825,8216000,42.2003
2019-05-24,50.9300,51.1825,50.7775,50.8425,5559200,42.1671
2019-05-28,50.9425,51.0225,50.2325,50.2925,7048400,41.7110
2019-05-29,50.4275,50.5700,49.6175,49.6800,7214400,41.2030
2019-05-30,49.7775,50.0125,49.6150,49.7350,6462800,41.2486
2019-05-31,49.5725,49.8475,49.1525,49.5525,9161600,41.3571
2019-06-03,49.7325,49.9150,49.3275,49.8950,6806000,41.6430
2019-06-04,50.0350,50.0775,49.0925,49.8450,7811600,41.6012
2019-06-05,50.1250,51.2125,50.0075,51.1625,7546400,42.7008
2019-06-06,51.2500,51.6025,50.9725,51.4400,5614400,42.9324
2019-06-07,51.7250,52.1175,51.0975,51.0975,6242800,42.6466
2019-06-10,51.0250,51.1725,50.3700,50.8550,7104800,42.4442
2019-06-11,50.8000,50.9525,50.1900,50.4925,4606800,42.1416
2019-06-12,50.8325,51.3275,50.6975,51.1375,5236000,42.6800
2019-06-13,51.1500,51.3750,50.8125,51.1925,6806400,42.7259
2019-06-14,51.4150,51.8325,51.2375,51.7400,5525200,43.1828
2019-06-17,51.8125,52.0000,51.3125,51.5925,6233600,43.0597
2019-06-18,51.9575,51.9875,50.9675,51.3550,6576400,42.8615
2019-06-19,51.0725,51.7675,51.0650,51.5600,6602800,43.0326
2019-06-20,51.6650,51.8650,51.1800,51.5950,8883600,43.0618
2019-06-21,51.7825,52.1175,51.3550,51.8875,12560800,43.3059
2019-06-24,52.0900,52.1625,51.7175,52.0500,6009200,43.4415
2019-06-25,52.0950,52.2275,51.4875,51.5550,6954000,43.0284
2019-06-26,51.3500,51.5600,50.7550,50.7675,7394400,42.3712
2019-06-27,51.2000,51.3650,50.9050,51.1375,7529200,42.6800
2019-06-28,50.9925,52.0575,50.8125,51.2150,11647600,42.7446
2019-07-01,51.0925,51.2150,50.2650,51.0050,8478800,42.5694
2019-07-02,51.1925,51.9750,51.1875,51.9150,6696000,43.3289
2019-07-03,51.9725,52.3650,51.9150,52.1825,5654400,43.5521
2019-07-05,51.8600,52.1175,51.3325,52.0275,4196400,43.4228
2019-07-08,52.1525,52.3325,51.8550,52.2825,4322400,43.6356
2019-07-09,52.0600,52.2500,51.7925,52.0400,7276000,43.4332
2019-07-10,52.1075,52.7050,51.8875,52.3700,5922000,43.7086
2019-07-11,52.3975,52.6800,52.1400,52.6000,5830400,43.9006
2019-07-12,52.4750,52.5650,51.9475,52.1825,6283200,43.5521
2019-07-15,52.1675,52.4050,51.9225,52.2125,8714000,43.5772
2019-07-16,52.1650,52.3575,51.7000,51.9700,4281600,43.3748
2019-07-17,52.1750,52.8350,52.1750,52.4775,6556800,43.7983
2019-07-18,52.5650,53.1200,52.2500,53.0900,4413200,44.3095
2019-07-19,52.9500,53.1250,52.3500,52.4325,5843600,43.7608
2019-07-22,52.5025,52.6725,51.9325,52.3400,6547600,43.6836
2019-07-23,52.3525,52.3750,51.7325,51.8250,6337200,43.2538
2019-07-24,52.0850,52.5250,51.6350,52.5150,6080000,43.8296
2019-07-25,52.0350,52.3600,51.7600,51.9075,7010000,43.3226
2019-07-26,52.0350,52.4375,51.9500,52.2925,4324800,43.6439
2019-07-29,52.4750,52.8850,52.3200,52.8450,5274000,44.1051
2019-07-30,52.8475,53.0925,52.0675,52.3475,6447200,43.6898
2019-07-31,52.4675,52.5425,51.5525,51.7925,8446000,43.2266
2019-08-01,51.6575,52.9025,51.6200,52.5650,7507600,43.8714
2019-08-02,52.7800,53.3075,52.5050,52.8525,6912800,44.1113
2019-08-05,52.8900,53.1600,51.7750,52.0125,8838400,43.4102
2019-08-06,52.0350,53.0375,51.6600,52.8500,7171600,44.1092
2019-08-07,52.8475,53.5000,52.1600,53.2175,6892800,44.4160
2019-08-08,53.3050,53.9750,52.8025,53.8050,5971200,44.9063
2019-08-09,53.9650,54.2950,53.7525,54.1200,5828800,45.1692
2019-08-12,54.2775,54.2775,53.6575,53.8625,3922400,44.9543
2019-08-13,53.8475,54.2625,53.6950,53.9050,7496800,44.9897
2019-08-14,54.0250,54.4950,53.6825,53.7400,9558000,44.8520
2019-08-15,53.6575,54.4675,53.5725,54.2875,7865600,45.3090
2019-08-16,54.5725,54.9450,54.1000,54.3825,10488400,45.3883
2019-08-19,54.3275,54.9025,54.1550,54.7400,5632400,45.6867
2019-08-20,54.9500,54.9500,54.3475,54.7825,8316000,45.7221
2019-08-21,54.9650,55.3350,54.7875,55.3150,7483600,46.1666
2019-08-22,55.2925,55.4425,54.8825,55.4050,9159600,46.2417
2019-08-23,55.6325,56.0500,55.1575,55.4750,10485600,46.3001
2019-08-26,55.6250,55.9225,55.3975,55.9050,7455200,46.6590
2019-08-27,56.0575,56.3925,55.9750,56.0025,9541200,46.7403
2019-08-28,55.7850,55.9950,55.0425,55.2975,11356800,46.4109
2019-08-29,55.6300,55.6300,54.8025,55.2800,8512000,46.3962
2019-08-30,55.4525,55.4900,54.7125,54.7700,11786800,45.9682
2019-09-03,54.7025,56.3975,54.7025,56.3900,9718400,47.3279
2019-09-04,56.3975,56.4900,55.7075,56.0300,8909600,47.0257
2019-09-05,54.7950,55.3350,54.6500,54.9525,17661200,46.1214
2019-09-06,55.0275,55.2575,54.6900,55.0350,9130400,46.1906
2019-09-09,54.8000,55.2225,54.7225,54.9725,8297600,46.1382
2019-09-10,54.8200,54.9150,54.0925,54.5300,11094800,45.7668
2019-09-11,54.5050,55.1475,54.3625,55.0150,8818000,46.1738
2019-09-12,55.4675,55.5625,54.9300,55.1850,8671200,46.3165
2019-09-13,55.0150,55.0300,54.4475,54.6225,8213200,45.8444
2019-09-16,54.6425,54.7700,54.3150,54.5775,5033600,45.8066
2019-09-17,54.6100,55.5825,54.6100,55.5550,7596800,46.6270
2019-09-18,55.7150,56.0475,55.3425,55.9750,7681600,46.9796
2019-09-19,56.1850,56.3500,55.8900,56.2250,5906800,47.1894
2019-09-20,56.3000,56.5000,55.9100,56.4300,19007200,47.3614
2019-09-23,56.3600,56.6150,56.2100,56.3200,6634000,47.2691
2019-09-24,56.4700,57.1675,56.3400,57.1275,8674400,47.9468
2019-09-25,57.2250,57.3725,56.8775,57.3425,8423600,48.1273
2019-09-26,57.4975,58.1975,57.3950,57.9300,8703600,48.6204
2019-09-27,58.0625,58.1425,57.5375,57.8150,7501200,48.5238
2019-09-30,58.0050,58.3625,57.9375,58.2475,8937600,48.8868
2019-10-01,58.0400,58.2925,57.6625,58.0075,6727600,48.6854
2019-10-02,57.9225,58.1200,57.1325,57.2775,8138400,48.0727
2019-10-03,57.2150,57.5725,57.1400,57.5425,8017600,48.2951
2019-10-04,57.5275,58.4650,57.5000,58.3975,6552800,49.0127
2019-10-07,58.3625,58.4550,57.7925,58.1375,6154000,48.7945
2019-10-08,58.0350,58.0450,57.4900,57.4925,6968000,48.2532
2019-10-09,58.0575,58.5675,57.7500,58.3400,6004000,48.9645
2019-10-10,58.0050,58.2150,57.5600,58.0000,7465600,48.6791
2019-10-11,57.9475,58.0950,57.1375,57.3850,8301600,48.1630
2019-10-14,57.5025,57.5950,56.8875,57.2250,4711600,48.0287
2019-10-15,57.3350,57.4550,56.7075,56.8850,5672400,47.7433
2019-10-16,56.9175,57.5850,56.6450,57.4775,7662000,48.2406
2019-10-17,57.3175,57.8975,57.3175,57.7725,5366400,48.4882
2019-10-18,57.7975,58.1950,57.5775,58.1200,8784400,48.7798
2019-10-21,58.1025,58.2600,57.6625,58.2000,6488400,48.8470
2019-10-22,58.4475,59.9725,58.2525,59.0600,12636800,49.5688
2019-10-23,59.3875,59.6500,58.9275,59.0000,8912400,49.5184
2019-10-24,59.0000,59.4175,58.7050,59.3875,6411200,49.8436
2019-10-25,59.4050,59.4125,58.8925,59.2200,6072400,49.7031
2019-10-28,59.1250,59.1775,58.1600,58.3075,7164400,48.9372
2019-10-29,58.0675,58.2925,57.8000,58.1500,6861200,48.8050
2019-10-30,58.3325,59.1575,58.2525,58.8650,4959200,49.4051
2019-10-31,58.8800,59.6250,58.7300,59.5850,8228400,50.0094
2019-11-01,59.6725,59.7225,58.7725,58.9275,8018000,49.4576
2019-11-04,58.8075,58.8075,57.0475,57.4000,13459600,48.1755
2019-11-05,56.8525,57.3250,56.1775,56.7775,9502400,47.6531
2019-11-06,56.8750,57.1250,56.6500,56.8725,6976400,47.7328
2019-11-07,56.6550,56.6600,55.1650,55.7725,12473200,46.8096
2019-11-08,55.7750,56.1725,55.2600,55.5200,6431600,46.5977
2019-11-11,55.5900,55.8700,55.4275,55.5550,6142800,46.6270
2019-11-12,55.5475,56.0000,55.5225,55.8050,5798400,46.8369
2019-11-13,56.2250,57.0450,56.2250,56.9775,7189200,47.8209
2019-11-14,57.0000,57.5300,56.9025,57.4675,6329600,48.2322
2019-11-15,57.6050,57.8850,57.0875,57.8550,7382400,48.5574
2019-11-18,57.9950,58.6100,57.9375,58.0400,7002400,48.7127
2019-11-19,58.0225,58.5850,57.7825,58.1650,6522400,48.8176
2019-11-20,58.3350,59.1900,58.1800,58.8050,8506000,49.3548
2019-11-21,58.9325,59.0675,58.5275,58.7850,4990000,49.3380
2019-11-22,58.8550,59.0425,57.9300,58.3450,5016000,48.9687
2019-11-25,58.4675,58.6400,57.9400,58.1400,7456400,48.7966
2019-11-26,58.2925,58.8100,58.2500,58.7300,15634000,49.2918
2019-11-27,58.3325,58.4475,58.1400,58.2675,8584000,49.1652
2019-11-29,58.6525,58.9325,58.3075,58.4550,3557600,49.3235
2019-12-02,58.4275,58.4275,57.7675,57.8125,7118000,48.7813
2019-12-03,58.0000,58.2050,57.8475,58.0575,9249200,48.9880
2019-12-04,57.9125,58.6175,57.8750,58.5650,6699200,49.4163
2019-12-05,58.2800,58.6975,58.2575,58.6400,6413200,49.4795
2019-12-06,58.6025,58.8575,58.3775,58.5975,6196000,49.4437
2019-12-09,58.7350,58.7425,58.4600,58.5675,4560000,49.4184
2019-12-10,58.5900,58.7375,58.4525,58.6125,4345600,49.4563
2019-12-11,58.7500,58.9650,58.4850,58.9450,6212800,49.7369
2019-12-12,58.8800,59.0475,58.1925,58.4750,6970400,49.3403
2019-12-13,58.2700,59.3450,58.1925,59.2375,8345200,49.9837
2019-12-16,59.3100,59.8750,59.1000,59.8675,14284800,50.5153
2019-12-17,59.8650,60.2250,59.7050,59.9550,10374000,50.5891
2019-12-18,60.1825,60.2500,59.6850,60.0725,8585600,50.6883
2019-12-19,60.0375,60.2550,59.8575,60.1625,6882800,50.7642
2019-12-20,61.0200,61.2525,60.0525,60.6775,16198000,51.1988
2019-12-23,60.6950,60.7400,59.5850,59.6950,9474800,50.3697
2019-12-24,59.7275,60.1275,59.4600,60.1275,2739600,50.7347
2019-12-26,60.0625,60.4900,60.0200,60.4900,5813200,51.0406
2019-12-27,60.5700,60.6925,60.3825,60.6275,4319200,51.1566
2019-12-30,60.4225,60.5550,60.0725,60.3225,4450000,50.8992
2019-12-31,60.3925,60.6475,59.9800,60.5400,6910000,51.0827
2020-01-02,60.4925,60.9200,59.4875,59.6550,7884800,50.3360
2020-01-03,59.6575,60.3400,59.5350,60.0800,7097200,50.6946
2020-01-06,60.1750,60.6500,60.1050,60.3800,5518800,50.9477
2020-01-07,60.1725,60.5525,60.0425,60.3275,6653200,50.9034
2020-01-08,60.4175,60.7375,60.2500,60.3000,5936000,50.8802
2020-01-09,60.1625,60.9550,60.1325,60.7725,6958000,51.2789
2020-01-10,60.9550,61.1750,60.7975,60.8875,5125600,51.3760
2020-01-13,60.7625,61.7075,60.7625,61.6000,5879600,51.9771
2020-01-14,61.5575,61.9500,61.4500,61.9325,8252800,52.2577
2020-01-15,62.1450,63.0475,62.1375,62.8950,6397200,53.0699
2020-01-16,62.7200,63.0775,62.5850,63.0675,7914400,53.2154
2020-01-17,63.0925,63.4375,62.8525,63.3500,9354000,53.4538
2020-01-21,63.5075,64.3250,63.2025,64.2225,11486400,54.1900
2020-01-22,64.7375,65.1950,64.4150,64.9750,7065600,54.8249
2020-01-23,64.8400,65.6875,64.8400,65.0200,10212400,54.8629
2020-01-24,64.2575,66.0200,64.0425,65.9300,10310400,55.6307
2020-01-27,65.6550,66.9400,65.5725,66.6850,8678800,56.2678
2020-01-28,66.6850,67.2500,65.9275,66.4525,8262800,56.0716
2020-01-29,66.6875,66.7025,66.0300,66.4400,6008400,56.0611
2020-01-30,66.4675,67.5625,66.2550,67.4825,6328800,56.9407
2020-01-31,67.3650,67.6650,66.6825,67.0500,7536800,56.5758
2020-02-03,67.1725,67.3700,66.5525,66.7025,11041200,56.2826
2020-02-04,66.5675,66.8275,65.9800,66.1350,10482800,55.8037
2020-02-05,66.0725,66.9150,65.5525,66.6775,8666800,56.2615
2020-02-06,66.6875,67.5825,66.5900,67.0825,7874400,56.6032
2020-02-07,67.3775,67.9125,67.2975,67.3850,6410000,56.8584
2020-02-10,67.5775,67.9525,67.3325,67.9350,7666800,57.3225
2020-02-11,68.1900,68.4975,67.9875,68.0375,7850800,57.4090
2020-02-12,67.8575,68.0675,67.5300,67.5650,5836400,57.0103
2020-02-13,67.5650,68.9675,67.5650,68.8675,7500400,58.1094
2020-02-14,68.9225,69.7700,68.8850,69.6300,7354800,58.7527
2020-02-18,70.0000,70.8375,69.5925,70.5100,9789600,59.4953
2020-02-19,68.7550,69.2800,68.6375,68.6675,21134800,57.9406
2020-02-20,68.9850,69.2850,68.3275,69.2575,10731600,58.4384
2020-02-21,69.3825,69.6900,69.0175,69.3975,11030800,58.5566
2020-02-24,68.7000,69.6525,68.4825,68.4850,9091600,57.7866
2020-02-25,68.4850,68.9750,67.4500,67.5825,10285600,57.0251
2020-02-26,67.2325,68.3250,67.0000,67.3675,9551600,56.8437
2020-02-27,67.0100,67.7325,63.9025,63.9625,14604000,54.2524
2020-02-28,62.0375,63.4775,60.7700,63.1900,27468400,53.5972
2020-03-02,63.4125,67.2250,63.0825,67.0875,19305600,56.9031
2020-03-03,67.2725,68.5750,65.7225,66.2875,15636000,56.2245
2020-03-04,67.3000,70.6425,67.3000,70.5550,14713200,59.8442
2020-03-05,69.2625,69.9650,68.1100,69.0400,12412000,58.5591
2020-03-06,67.1400,68.2275,65.4250,67.9550,14556400,57.6389
2020-03-09,63.6150,66.5800,63.6150,65.3200,15564400,55.4039
2020-03-10,66.4075,66.8300,60.5775,63.9325,23743600,54.2270
2020-03-11,62.3000,62.3050,59.6400,60.3150,19631200,51.1587
2020-03-12,54.0325,57.9150,51.5125,52.2225,31668400,44.2947
2020-03-13,55.0125,55.4975,49.0900,55.3900,31586400,46.9813
2020-03-16,49.5000,55.1650,49.1850,50.3425,20240400,42.7001
2020-03-17,51.3650,56.8675,51.0000,55.4400,21538000,47.0237
2020-03-18,52.2650,56.9975,49.9400,52.6600,22198000,44.6658
2020-03-19,52.5025,55.4075,50.1350,51.7750,17441200,43.9151
2020-03-20,51.4375,52.4750,46.7150,47.9375,22482400,40.6602
2020-03-23,46.6675,47.1425,43.7000,45.4150,23661600,38.5206
2020-03-24,46.9625,52.1200,46.6225,51.6325,17900800,43.7943
2020-03-25,51.4200,55.0625,48.7675,52.5675,17794400,44.5873
2020-03-26,52.7250,58.5425,52.6500,57.7750,14655200,49.0043
2020-03-27,56.3700,60.0800,55.8475,57.9875,16184400,49.1845
2020-03-30,59.3275,62.0575,58.5900,61.5025,16373600,52.1659
2020-03-31,60.5275,61.9750,59.7900,60.1550,18899200,51.0230
2020-04-01,57.7400,57.9975,53.2600,54.5575,13691200,46.2752
2020-04-02,53.7500,57.3850,53.5350,56.6125,9234400,48.0182
2020-04-03,55.9900,57.1425,54.3850,55.4100,8755600,46.9983
2020-04-06,57.6975,59.2600,57.0050,58.6275,13267600,49.7274
2020-04-07,60.0875,60.2475,57.0400,57.1225,10507200,48.4508
2020-04-08,57.4075,59.0475,56.0100,58.3750,18290800,49.5132
2020-04-09,58.9600,62.7175,58.8450,61.3200,19587600,52.0111
2020-04-13,60.6400,60.9675,58.5950,59.0525,10757200,50.0878
2020-04-14,60.4625,61.2450,59.5925,60.5950,11673200,51.3962
2020-04-15,60.0100,60.3475,58.8825,59.3050,9990800,50.3020
2020-04-16,59.9950,60.1975,58.9200,59.3700,10331200,50.3571
2020-04-17,60.6275,61.7825,59.6925,61.5650,10952800,52.2189
2020-04-20,61.3625,61.8250,59.2775,59.4025,8714400,50.3847
2020-04-21,58.7675,59.5425,57.7650,58.8550,10622000,49.9203
2020-04-22,59.4825,62.1750,59.4825,61.7925,11759600,52.4119
2020-04-23,61.5975,61.9375,60.0325,60.2850,9360400,51.1332
2020-04-24,60.4325,60.4875,58.9875,59.9250,8029200,50.8279
2020-04-27,60.5275,61.5800,60.3575,60.9000,8457600,51.6549
2020-04-28,61.5650,61.7250,59.5250,59.8250,8464800,50.7431
2020-04-29,60.4975,60.5850,58.3225,58.7825,9901600,49.8588
2020-04-30,58.4650,58.4750,57.2250,57.7800,17934800,49.0085
2020-05-01,57.4775,57.5050,56.2500,56.7625,9168000,48.1455
2020-05-04,56.7500,57.7925,56.2350,57.5225,9077200,48.7901
2020-05-05,57.8400,58.6375,57.3475,57.5250,8042000,48.7922
2020-05-06,57.7300,57.7900,55.6550,55.6650,7377600,47.2146
2020-05-07,56.3000,57.1475,55.6950,56.1200,8692000,47.6005
2020-05-08,56.8475,57.6575,56.4350,57.4325,11308800,48.7138
2020-05-11,56.6975,57.0700,56.0275,56.8450,7854400,48.2155
2020-05-12,57.0500,57.3575,56.3175,56.9825,9565200,48.3321
2020-05-13,56.7100,57.6325,56.5000,57.5300,14076800,48.7965
2020-05-14,56.9425,58.3325,56.8225,58.0575,11595600,49.2439
2020-05-15,57.5075,57.7200,55.8050,56.9625,20232400,48.3151
2020-05-18,58.4850,59.2250,58.1225,58.8625,9123200,49.9267
2020-05-19,58.4800,58.6825,57.6150,57.6250,6532800,48.8770
2020-05-20,58.0750,59.0575,57.7000,58.1975,5847200,49.3626
2020-05-21,58.1750,58.3700,57.0175,57.2250,8308400,48.5378
2020-05-22,57.2075,58.5025,56.7875,58.4625,5990000,49.5874
2020-05-26,59.0850,59.6000,58.4500,58.5775,7658800,49.6849
2020-05-27,59.4375,60.3100,58.7350,60.2825,12343600,51.1311
2020-05-28,61.1000,63.0150,60.9100,62.8400,12416000,53.3004
2020-05-29,62.5275,64.1275,62.3750,63.8900,15309600,54.1910
2020-06-01,63.5225,64.5825,62.8125,63.9125,6655600,54.5087
2020-06-02,63.8925,65.0825,63.4325,64.1500,10640000,54.7112
2020-06-03,64.5475,65.5650,64.1750,64.8950,7303200,55.3466
2020-06-04,64.4150,65.1375,62.0200,62.9725,12012400,53.7070
2020-06-05,63.0450,64.6400,62.5025,63.5950,12370800,54.2379
2020-06-08,63.2650,65.1850,62.6425,65.1200,8149200,55.5385
2020-06-09,64.7775,64.7875,63.5150,64.6675,7990400,55.1526
2020-06-10,64.7025,65.2250,63.8925,64.1975,6674400,54.7517
2020-06-11,63.7150,63.7400,61.4675,62.0825,9718400,52.9479
2020-06-12,62.9425,63.0300,61.0600,61.7275,8356800,52.6451
2020-06-15,61.1800,62.7325,60.3325,62.1425,8404400,52.9991
2020-06-16,63.3800,63.4200,61.6675,62.0425,8056800,52.9138
2020-06-17,62.4975,62.7500,61.4275,62.2500,6767600,53.0908
2020-06-18,62.0500,62.4800,61.5875,62.2325,6386800,53.0758
2020-06-19,62.8750,62.9100,60.5525,60.5525,14452800,51.6430
2020-06-22,60.8000,62.0500,60.1375,61.7600,7190800,52.6729
2020-06-23,62.2925,62.5625,60.5775,60.8025,9306000,51.8563
2020-06-24,60.3350,61.1200,59.6300,60.4175,6901200,51.5279
2020-06-25,60.3300,60.3300,58.8925,59.7900,7824800,50.9927
2020-06-26,59.6250,60.5150,58.7025,59.0550,10107200,50.3659
2020-06-29,59.3775,59.6225,58.4400,59.5600,5793200,50.7966
2020-06-30,59.7275,60.4525,59.3750,60.0425,9532400,51.2081
2020-07-01,59.9175,61.8750,59.5775,61.5650,6024400,52.5065
2020-07-02,62.0400,62.4300,61.4375,61.6000,5981200,52.5364
2020-07-06,62.0475,62.2875,61.1450,61.7400,6256800,52.6558
2020-07-07,61.1125,62.0850,60.9100,61.6800,6017200,52.6046
2020-07-08,61.7075,63.5350,61.5300,63.3175,9633600,54.0012
2020-07-09,62.8075,63.3425,62.1400,62.9975,6818800,53.7283
2020-07-10,63.0450,65.3225,62.9425,64.9000,10079200,55.3509
2020-07-13,64.7475,65.6025,63.8475,64.0600,9600800,54.6345
2020-07-14,64.0600,66.1725,63.9650,65.6375,12154400,55.9798
2020-07-15,66.1450,66.6050,64.7025,64.7500,8444800,55.2229
2020-07-16,64.9625,67.4500,64.6875,67.0950,10142000,57.2229
2020-07-17,67.5150,69.3650,67.2325,68.8450,12461600,58.7154
2020-07-20,68.8750,69.4700,68.3125,68.5825,6368800,58.4915
2020-07-21,68.4800,69.8925,68.4400,69.0825,5958400,58.9180
2020-07-22,69.1175,70.6000,68.6275,70.1050,6368000,59.7900
2020-07-23,70.0000,71.0825,69.7775,70.2425,8150000,59.9073
2020-07-24,70.7200,71.4075,69.5025,70.0625,7716000,59.7538
2020-07-27,70.2500,70.4025,69.0250,69.4075,8909200,59.1951
2020-07-28,69.3000,70.8225,69.1575,70.0100,6547600,59.7090
2020-07-29,70.0600,71.2150,69.9600,70.3600,5381600,60.0075
2020-07-30,70.0350,70.6100,69.7850,70.5850,4235200,60.1994
2020-07-31,70.2300,70.7050,68.9725,70.1750,8030400,59.8497
2020-08-03,70.2850,70.4650,69.1075,69.3975,8624400,59.1866
2020-08-04,69.6775,71.3075,69.3500,71.2625,9142400,60.7772
2020-08-05,71.3050,71.5000,70.4900,70.9450,6381600,60.5064
2020-08-06,70.7575,71.1925,70.2775,70.7025,4588000,60.2996
2020-08-07,70.7100,72.3525,70.6250,71.9450,4368800,61.3593
2020-08-10,72.0725,72.2800,70.7325,70.9100,7240000,60.4766
2020-08-11,70.9950,71.1450,69.1100,69.4475,6825200,59.2293
2020-08-12,69.8150,71.4925,69.6750,71.1475,6124400,60.6791
2020-08-13,70.7575,71.3650,70.6575,71.1000,3680000,60.6386
2020-08-14,71.0025,71.0350,70.0050,70.1250,4912800,59.8071
2020-08-17,70.5150,71.2675,70.0825,70.7475,4801200,60.3380
2020-08-18,70.6800,71.2925,70.5500,70.7625,4764800,60.3508
2020-08-19,71.0575,71.0650,70.4550,70.5850,5481600,60.1994
2020-08-20,70.1950,70.9400,70.1400,70.5275,3631200,60.1503
2020-08-21,70.6650,70.7600,70.1125,70.6025,5685600,60.2143
2020-08-24,70.7500,70.7800,70.0650,70.6575,3548800,60.2612
2020-08-25,70.9000,70.9125,69.7850,70.3275,4051600,59.9798
2020-08-26,70.0325,70.3525,69.5400,69.7500,5238800,59.4872
2020-08-27,69.5000,70.1200,69.1500,69.7200,4555600,59.7615
2020-08-28,69.8950,69.9925,69.3100,69.8875,4618400,59.9051
2020-08-31,69.8400,70.9125,69.6700,69.7925,6013600,59.8237
2020-09-01,69.7550,69.8800,68.5125,69.2825,5729600,59.3865
2020-09-02,69.3650,72.4250,68.9175,72.0650,9754400,61.7716
2020-09-03,72.1375,72.7725,69.4875,70.1475,7855200,60.1280
2020-09-04,70.7950,71.5000,68.1975,69.3300,7247600,59.4273
2020-09-08,69.4350,70.2075,68.8250,69.4775,7158000,59.5537
2020-09-09,70.0000,71.7050,69.9600,70.5925,4781600,60.5094
2020-09-10,70.2650,70.4975,69.1075,69.2275,4362800,59.3394
2020-09-11,69.5425,69.7975,68.8625,69.5375,3932800,59.6051
2020-09-14,69.8875,70.9975,69.6075,70.4800,3916400,60.4130
2020-09-15,73.9125,74.8250,72.7875,73.9250,10827600,63.3659
2020-09-16,71.1925,71.7375,69.7825,70.0875,19501600,60.0765
2020-09-17,69.5000,70.0675,68.9525,69.8800,9385600,59.8987
2020-09-18,69.7425,70.4975,68.9600,69.2300,14386000,59.3415
2020-09-21,68.7500,69.1725,67.8925,69.0500,7558800,59.1872
2020-09-22,69.3650,69.9875,68.7425,69.5150,7192800,59.5858
2020-09-23,69.6650,69.6650,68.2800,68.3275,5855200,58.5679
2020-09-24,68.1775,69.9400,68.1400,69.3850,7478400,59.4744
2020-09-25,68.8500,70.5325,68.5825,70.4550,5456800,60.3915
2020-09-28,70.8650,71.5075,70.6600,71.0350,6918400,60.8887
2020-09-29,71.0250,71.4825,70.5500,70.7800,7094000,60.6701
2020-09-30,70.1975,70.7825,66.7850,69.3900,23238400,59.4787
2020-10-01,69.7700,71.0100,69.6600,70.6900,10018400,60.5930
2020-10-02,69.6925,71.7875,69.6250,70.2925,8306000,60.2523
2020-10-05,70.9600,72.2450,70.7325,71.9775,6599200,61.6966
2020-10-06,72.1600,73.1250,71.3150,72.5700,7288400,62.2045
2020-10-07,73.2375,74.4425,72.3750,74.2800,10130400,63.6702
2020-10-08,74.6675,75.4950,74.2325,75.2600,5694400,64.5102
2020-10-09,75.9300,75.9300,75.0750,75.7275,6472000,64.9110
2020-10-12,75.7500,77.0150,75.5000,76.4175,5816400,65.5024
2020-10-13,75.7500,76.0800,74.7500,75.3675,8596800,64.6024
2020-10-14,75.5000,75.8200,74.6725,75.1600,5501200,64.4245
2020-10-15,74.4950,74.9725,73.9150,74.6150,5739200,63.9574
2020-10-16,74.8900,76.5500,74.6800,76.4000,7449600,65.4874
2020-10-19,76.2825,76.9075,74.5350,74.8875,7710400,64.1909
2020-10-20,75.3050,76.0250,74.8550,75.2475,6003200,64.4995
2020-10-21,74.7250,75.6200,73.8575,74.4200,7796000,63.7902
2020-10-22,74.9050,76.0775,74.8050,75.5675,8463600,64.7738
2020-10-23,75.7750,76.3875,75.4100,75.7675,5617200,64.9452
2020-10-26,75.3200,75.7375,74.3950,75.6625,5707600,64.8552
2020-10-27,76.1400,76.4300,75.0200,75.7800,4834200,64.9559
2020-10-28,74.7400,76.0500,74.2900,74.4600,7508900,63.8245
2020-10-29,74.3800,75.0300,72.9400,74.0100,7753100,63.4388
2020-10-30,73.7300,74.3500,72.5000,73.2100,8790500,62.7530
2020-11-02,74.1000,75.4500,73.7200,75.1300,9233600,64.3988
2020-11-03,76.0500,76.9300,75.3900,76.0200,6887900,65.1617
2020-11-04,74.5100,74.9100,73.0000,73.3200,12128800,62.8473
2020-11-05,75.3000,76.2500,74.4900,74.7500,8644100,64.0731
2020-11-06,75.0000,76.0600,74.1200,75.7200,6076100,64.9045
2020-11-09,81.0900,83.3400,75.3500,75.5100,12864500,64.7245
2020-11-10,77.3900,77.5300,75.3100,75.9900,8649200,65.1360
2020-11-11,76.5100,78.3800,76.2100,77.5400,6903300,66.4646
2020-11-12,77.6100,77.9000,76.0200,76.6700,5901900,65.7188
2020-11-13,77.0000,77.7300,76.7900,77.1900,6235000,66.1646
2020-11-16,78.2000,78.2800,76.3200,77.7500,7667600,66.6446
2020-11-17,77.7500,78.4700,76.3900,76.6100,5866300,65.6674
2020-11-18,77.3200,77.3600,75.7700,75.7900,6501900,64.9645
2020-11-19,75.9400,76.0200,74.8100,75.1300,7392300,64.3988
2020-11-20,75.2800,76.3300,75.2500,75.5500,5891000,64.7588
2020-11-23,76.0000,76.0200,74.1300,74.5700,7634600,63.9188
2020-11-24,75.4700,75.6600,74.5100,74.9800,6699600,64.2702
2020-11-25,74.6700,76.0200,74.4900,75.9700,6443100,65.4242
2020-11-27,76.0500,76.1300,74.7000,75.1300,3669300,64.7008
2020-11-30,75.3000,75.4000,73.2500,73.5900,13120300,63.3746
2020-12-01,74.1200,75.5700,73.9500,74.1500,8099500,63.8569
2020-12-02,74.1400,74.3600,72.9100,74.3100,5128800,63.9946
2020-12-03,74.0400,74.5500,73.0200,73.3500,7660500,63.1679
2020-12-04,73.1200,73.5500,71.9400,72.5200,7763800,62.4531
2020-12-07,72.5000,73.7900,72.4000,73.2700,6752200,63.0990
2020-12-08,72.8600,74.2900,72.1300,73.6800,8255400,63.4521
2020-12-09,73.5400,73.9000,72.4500,73.6700,6683700,63.4435
2020-12-10,73.7900,74.1100,72.9900,73.2800,6204600,63.1076
2020-12-11,73.1400,73.8900,73.0100,73.8000,6022500,63.5555
2020-12-14,74.4000,75.2200,73.5000,73.5500,5759900,63.3402
2020-12-15,73.6600,75.3000,73.2900,74.9100,6859400,64.5114
2020-12-16,75.1800,75.7500,74.2000,74.4400,7787700,64.1066
2020-12-17,75.0600,76.0200,74.8400,75.0600,9384200,64.6405
2020-12-18,75.0900,75.5400,73.9300,74.5100,13298300,64.1669
2020-12-21,73.9400,74.5500,72.8800,74.4000,7251400,64.0722
2020-12-22,74.4400,75.2300,73.8800,74.7100,5335300,64.3391
2020-12-23,75.1600,75.5500,74.3300,74.3300,4626400,64.0119
2020-12-24,74.4500,75.1600,74.1600,74.9800,1387500,64.5717
2020-12-28,75.4300,75.8800,75.0400,75.4900,3753700,65.0108
2020-12-29,75.6100,75.8700,75.1100,75.3300,3774900,64.8730
2020-12-30,75.6300,76.2800,75.5100,75.9100,3804800,65.3725
2020-12-31,75.9000,77.1900,75.6600,77.1500,4119400,66.4404
2021-01-04,77.2100,77.5000,73.5800,74.2200,9388400,63.9171
2021-01-05,74.5100,75.1800,74.0600,74.7700,7339800,64.3908
2021-01-06,76.6500,79.3700,75.6000,78.4300,12155700,67.5427
2021-01-07,79.9000,80.6600,78.8900,79.2900,8816000,68.2833
2021-01-08,79.8300,81.2100,79.4400,81.1300,8376200,69.8679
2021-01-11,80.9800,81.0000,78.9700,79.6900,7064300,68.6278
2021-01-12,79.6500,80.5500,78.5400,79.7500,7669300,68.6795
2021-01-13,80.6000,82.2400,80.1600,81.8400,8542600,70.4794
2021-01-14,81.9600,82.7400,81.1500,82.5300,8899000,71.0736
2021-01-15,82.4400,83.2600,81.9500,82.0400,10561600,70.6516
2021-01-19,82.5000,83.2000,81.7600,82.8100,8142700,71.3147
2021-01-20,82.6500,85.0300,82.4200,84.0500,8576800,72.3826
2021-01-21,84.2500,84.7500,83.6500,83.7100,9268600,72.0898
2021-01-22,83.9500,84.5500,83.5500,84.2100,6371800,72.5204
2021-01-25,84.1200,87.6900,84.1000,86.8700,13215600,74.8111
2021-01-26,86.6500,87.2600,84.7500,85.2300,12476900,73.3988
2021-01-27,84.6000,84.8000,79.6100,80.1900,16893300,69.0584
2021-01-28,80.6700,83.8600,80.0500,82.4600,8541300,71.0133
2021-01-29,81.8200,82.4600,80.2200,80.8700,13189700,69.6440
2021-02-01,82.2700,83.1400,80.8500,81.7000,5589500,70.3588
2021-02-02,82.1100,84.4700,82.0500,82.9300,6645400,71.4181
2021-02-03,83.4500,83.8800,82.9100,83.0500,5971200,71.5214
2021-02-04,83.0200,83.5500,82.5700,83.0000,6398400,71.4783
2021-02-05,83.3800,84.5500,83.0000,83.6000,5745800,71.9951
2021-02-08,84.0000,84.7300,83.1300,83.4000,6792300,71.8228
2021-02-09,83.5600,84.3700,83.0000,83.8300,5008900,72.1931
2021-02-10,84.9500,84.9900,83.4500,83.9100,6200800,72.2620
2021-02-11,84.0000,84.8000,83.6200,83.9500,4417200,72.2965
2021-02-12,84.0300,84.1700,82.6200,83.1300,5787200,71.5903
2021-02-16,83.2900,83.5700,80.9900,81.1900,8312600,69.9196
2021-02-17,80.8300,81.0300,79.6200,80.6800,8598300,69.4804
2021-02-18,80.8300,81.2900,79.9400,80.7300,5378900,69.5235
2021-02-19,80.4400,80.5800,77.9500,78.1000,9660900,67.2585
2021-02-22,77.8000,77.9400,74.5500,75.1000,13190300,64.6750
2021-02-23,75.0000,75.0000,73.3100,74.7100,12719000,64.3391
2021-02-24,74.8300,74.9100,73.3300,73.7600,12302200,63.5210
2021-02-25,73.3500,74.3400,72.7100,74.0600,11747100,64.1140
2021-02-26,74.1300,75.5600,73.4700,73.4800,12583200,63.6119
2021-03-01,74.6400,76.9100,74.3700,75.9100,12272600,65.7155
2021-03-02,76.6300,76.8500,75.4500,75.5400,8738500,65.3952
2021-03-03,75.7800,75.9300,72.0900,72.5200,11748900,62.7808
2021-03-04,72.2900,73.0600,70.4900,71.2900,11998700,61.7160
2021-03-05,71.6100,72.0000,68.3300,70.7000,15509900,61.2052
2021-03-08,71.0000,72.4400,70.5500,70.8600,12479400,61.3438
2021-03-09,72.4100,74.7100,72.3200,74.0200,9363700,64.0794
2021-03-10,73.8100,74.7400,72.6900,74.4600,8247200,64.4603
2021-03-11,74.9600,75.5500,74.4600,74.8600,6602500,64.8066
2021-03-12,75.1800,76.0100,74.0400,75.6700,6113100,65.5078
2021-03-15,75.4900,76.2100,75.0400,75.5200,7129200,65.3779
2021-03-16,75.1700,76.3400,75.1300,75.3800,6512700,65.2567
2021-03-17,75.0000,75.1900,72.8100,72.9600,10343300,63.1617
2021-03-18,73.0000,73.0100,70.2700,71.1300,14198800,61.5775
2021-03-19,71.1800,72.6300,70.0600,70.8400,22806700,61.3264
2021-03-22,70.7600,72.4300,70.7600,71.6900,10057700,62.0623
2021-03-23,71.5800,74.2900,71.5700,74.0200,10723800,64.0794
2021-03-24,73.4300,73.6600,72.4100,72.8300,14537400,63.0492
2021-03-25,73.1100,73.7300,72.4700,73.4500,6823600,63.5859
2021-03-26,73.1000,74.1300,72.6400,74.0600,10106000,64.1140
2021-03-29,74.1100,75.2000,73.6900,74.8000,8644500,64.7546
2021-03-30,74.1100,74.5600,73.7400,74.2200,5964600,64.2525
2021-03-31,74.5400,75.9400,74.4300,75.6100,9430500,65.4558
2021-04-01,75.5000,76.3800,75.3800,75.7700,6548900,65.5943
2021-04-05,76.5400,77.4900,76.5400,76.7800,7328400,66.4687
2021-04-06,76.5700,77.7500,75.9500,77.5600,6570500,67.1440
2021-04-07,77.6100,78.0600,76.7800,77.4100,6761600,67.0141
2021-04-08,77.7000,78.4100,77.4400,77.7600,7454600,67.3171
2021-04-09,77.9000,78.1800,77.6200,77.9400,4969600,67.4729
2021-04-12,77.7800,78.2900,77.2100,77.6400,6052900,67.2132
2021-04-13,77.2800,79.2000,77.2500,79.0400,6319000,68.4252
2021-04-14,78.5400,79.2300,78.3800,79.1300,4478200,68.5031
2021-04-15,79.2100,80.2700,79.0200,80.1800,5012400,69.4121
2021-04-16,80.7300,81.4100,80.2500,80.9400,15124100,70.0701
2021-04-19,81.0000,81.3700,79.6200,79.7900,7658200,69.0745
2021-04-20,79.6600,80.9600,79.6300,80.5300,7192100,69.7151
2021-04-21,80.8800,81.1800,77.6900,77.9700,8565100,67.4989
2021-04-22,78.2000,79.3000,78.0200,78.3200,8261700,67.8019
2021-04-23,78.1900,78.6300,77.8300,78.2400,6034900,67.7326
2021-04-26,78.3900,78.6100,77.5400,77.9300,7425100,67.4643
2021-04-27,77.9300,78.1500,77.0800,77.2800,5871900,66.9016
2021-04-28,77.2500,77.4500,76.6300,77.0900,5522200,66.7371
2021-04-29,77.1000,77.7700,76.6600,77.2200,5558700,66.8496
2021-04-30,77.2400,77.6400,76.6900,77.5100,8024600,67.1007
2021-05-03,77.8300,77.9900,76.5200,76.7000,6076000,66.3995
2021-05-04,76.2000,76.4100,74.7600,75.6900,9178300,65.5251
2021-05-05,75.7600,75.9000,73.4000,73.7800,10643200,63.8716
2021-05-06,74.0000,74.1900,73.3100,74.0100,7069200,64.0707
2021-05-07,74.5000,75.6300,74.5000,74.5300,5677400,64.5209
2021-05-10,74.3400,75.7200,74.2600,74.8000,6210400,64.7546
2021-05-11,73.6200,74.1500,72.6900,74.0700,10515100,64.1227
2021-05-12,73.5000,73.6600,71.5000,71.5400,9093200,61.9324
2021-05-13,72.1500,73.1400,71.6800,72.6300,5469300,62.8760
2021-05-14,73.0000,73.6500,72.7900,73.1200,5446200,63.3003
2021-05-17,73.0000,73.1600,71.7100,71.9000,10369300,62.2441
2021-05-18,71.7500,72.6700,71.2800,72.2900,8195100,62.5817
2021-05-19,71.6100,72.7200,71.2000,72.6600,8486600,62.9020
2021-05-20,73.1300,74.7700,72.9900,74.2900,10798500,64.3131
2021-05-21,74.5800,75.2500,73.9900,74.4400,8689300,64.4430
2021-05-24,74.7700,74.8800,73.9200,74.0300,6746900,64.0880
2021-05-25,74.0200,74.0200,73.1500,73.3700,7440600,63.5167
2021-05-26,73.4000,73.8100,73.0500,73.4700,7408800,63.6032
2021-05-27,73.6200,73.8100,72.8000,73.0000,10956100,63.1964
2021-05-28,73.6000,74.2300,73.1900,73.2200,9177500,63.3868
2021-06-01,73.4000,73.4000,72.0400,72.1200,9056100,62.7646
2021-06-02,72.0800,73.1700,71.8200,72.7100,6421000,63.2780
2021-06-03,72.0200,72.9800,72.0200,72.3700,8871500,62.9821
2021-06-04,72.6800,72.8900,72.2600,72.3400,6586300,62.9560
2021-06-07,72.5700,72.9500,72.1100,72.4700,5988500,63.0692
2021-06-08,72.9200,73.1100,71.7100,72.1400,5803000,62.7820
2021-06-09,72.3700,72.9000,72.0700,72.4500,6660400,63.0518
2021-06-10,72.3400,73.5500,72.1700,73.5100,8203300,63.9742
2021-06-11,73.6000,73.6000,72.9200,73.4900,4548400,63.9568
2021-06-14,73.6100,73.9400,73.0300,73.3100,4991900,63.8002
2021-06-15,73.4200,74.0700,73.0700,73.4300,7770300,63.9046
2021-06-16,74.0000,74.5900,73.1100,73.3000,9646200,63.7915
2021-06-17,73.3400,74.9700,73.0200,74.5800,10553800,64.9054
2021-06-18,74.4400,74.9200,73.0300,73.2800,17539000,63.7741
2021-06-21,73.6900,74.5300,72.6200,74.3300,6499700,64.6879
2021-06-22,74.1800,74.7400,74.0800,74.1100,5513100,64.4964
2021-06-23,74.1200,74.3100,73.0100,73.3500,6079700,63.8350
2021-06-24,73.4800,73.5900,72.5900,72.8800,7925200,63.4260
2021-06-25,73.2200,73.9600,73.2100,73.8600,6676800,64.2788
2021-06-28,74.7700,75.8500,74.6300,75.1500,8444300,65.4015
2021-06-29,74.7500,75.6500,74.0300,74.0800,6477400,64.4703
2021-06-30,74.2700,74.4900,73.0700,73.2800,8672600,63.7741
2021-07-01,73.3000,74.4800,73.0800,74.1900,6423000,64.5661
2021-07-02,74.3300,74.4400,73.7200,74.2800,4282300,64.6444
2021-07-06,74.5100,75.1700,74.0400,75.1300,6957200,65.3841
2021-07-07,75.2600,75.6100,74.8500,75.3300,5661800,65.5582
2021-07-08,74.6200,76.0200,74.4200,75.1300,5881400,65.3841
2021-07-09,75.0000,75.4200,74.2800,74.9900,5592800,65.2623
2021-07-12,75.2000,75.4900,74.3800,75.0900,5743500,65.3493
2021-07-13,75.1000,75.7600,74.6300,74.8600,5165500,65.1491
2021-07-14,75.0000,76.1700,74.6400,75.7000,6956100,65.8802
2021-07-15,75.6600,76.8800,75.1900,76.8200,7638200,66.8549
2021-07-16,76.8700,78.3500,76.8700,77.9200,9088000,67.8122
2021-07-19,77.4300,78.3800,76.0200,76.9900,9891800,67.0028
2021-07-20,77.0200,77.7000,76.8600,77.1700,6562000,67.1595
2021-07-21,77.1700,77.2800,75.8100,75.8800,8931900,66.0368
2021-07-22,75.9900,76.6500,75.8900,76.1200,5534800,66.2457
2021-07-23,76.5300,77.4100,75.9200,77.2000,4953500,67.1856
2021-07-26,76.7900,77.1400,76.4400,76.9100,6014000,66.9332
2021-07-27,76.8800,77.9800,76.1100,77.8600,7592100,67.7600
2021-07-28,77.8900,78.3300,77.2200,77.8500,5177500,67.7513
2021-07-29,78.0000,78.4000,77.6200,78.1600,4141900,68.0211
2021-07-30,77.9800,78.8500,77.7400,77.9000,5488900,67.7948
2021-08-02,78.4700,78.9100,78.1300,78.8100,7520700,68.5867
2021-08-03,78.7500,79.8500,78.3700,79.4200,6249400,69.1176
2021-08-04,79.3600,80.0000,78.7700,79.8700,8050200,69.5092
2021-08-05,79.7900,80.6200,79.5300,80.4900,6283700,70.0488
2021-08-06,80.4900,81.0000,80.0600,80.6100,4634300,70.1532
2021-08-09,80.9600,81.1400,80.1200,80.5600,5621600,70.1097
2021-08-10,80.6800,80.8100,80.2000,80.5300,4506800,70.0836
2021-08-11,81.1400,83.4100,80.9700,82.3700,9419300,71.6849
2021-08-12,82.0200,83.1300,81.8300,83.0000,6762800,72.2332
2021-08-13,83.2500,83.5500,82.8300,83.4500,3999500,72.6248
2021-08-16,83.4500,84.4300,83.1500,83.9500,8579700,73.0600
2021-08-17,83.6000,84.0000,83.1200,83.9600,5257000,73.0687
2021-08-18,84.2300,84.9600,83.8900,84.4200,9511700,73.4690
2021-08-19,83.9700,85.1000,83.9200,84.5500,6968000,73.5822
2021-08-20,84.5400,86.4300,84.0200,86.2800,7589700,75.0877
2021-08-23,85.8100,86.0800,84.0100,84.4000,8837100,73.4516
2021-08-24,84.2300,84.4800,83.4100,84.1400,5786100,73.2253
2021-08-25,84.1400,84.8600,83.5800,84.5300,5930000,73.5647
2021-08-26,84.1100,84.1900,83.6700,83.8100,5294000,73.2719
2021-08-27,83.9400,84.1900,83.3400,83.4100,5974200,72.9221
2021-08-30,83.2600,84.2500,83.0100,83.9500,6001700,73.3943
2021-08-31,83.8200,84.4400,83.5100,83.9900,6844000,73.4292
2021-09-01,84.1500,85.7600,84.0600,85.3400,5862300,74.6095
2021-09-02,85.4200,86.5100,85.4200,86.4800,5214000,75.6061
2021-09-03,85.7600,86.3100,85.3800,85.6900,4621100,74.9155
2021-09-07,85.4400,85.4900,84.4700,85.0300,6791300,74.3384
2021-09-08,85.1200,86.9700,84.7900,86.4400,6230100,75.5712
2021-09-09,86.2900,86.6700,85.7500,85.8400,4108300,75.0466
2021-09-10,85.9700,85.9700,84.6000,84.9300,5508000,74.2510
2021-09-13,85.8900,85.9400,84.3900,84.5800,6498800,73.9450
2021-09-14,84.7900,85.1900,84.4500,84.6400,4658200,73.9975
2021-09-15,84.3300,85.1400,84.0600,84.6100,5707000,73.9713
2021-09-16,84.4800,84.9700,83.6600,84.0000,5380600,73.4380
2021-09-17,83.4000,83.9300,81.5500,81.6400,15390400,71.3747
2021-09-20,81.5400,82.5400,80.6600,81.6900,8994100,71.4184
2021-09-21,81.9300,82.8600,81.7300,81.9200,6450700,71.6195
2021-09-22,82.0900,82.9100,81.5700,81.9000,5662200,71.6020
2021-09-23,82.1800,82.3800,81.1400,81.2700,6414300,71.0512
2021-09-24,81.2400,81.7300,80.4900,80.7000,6113800,70.5529
2021-09-27,80.0100,80.7900,78.5500,78.7600,8600900,68.8568
2021-09-28,78.4800,78.5900,77.0100,77.2700,9257400,67.5542
2021-09-29,77.6200,79.0300,77.4500,78.3500,7496100,68.4984
2021-09-30,78.8400,79.4100,77.9000,78.5200,10186800,68.6470
2021-10-01,79.0200,79.5900,78.0200,79.2100,7961100,69.2503
2021-10-04,79.0500,79.9200,78.5100,79.3600,6027800,69.3814
2021-10-05,79.4300,79.9000,79.0900,79.4800,5434600,69.4863
2021-10-06,79.2600,81.2900,78.6500,81.1800,6876200,70.9725
2021-10-07,81.4800,82.6100,80.7900,80.9200,5753200,70.7452
2021-10-08,81.0100,81.0300,80.1500,80.2100,3592900,70.1245
2021-10-11,79.2000,79.3600,77.7400,77.8300,8798700,68.0438
2021-10-12,78.1000,79.1800,77.5700,78.8700,7791200,68.9530
2021-10-13,79.0400,80.3600,78.5900,80.1900,6260100,70.1070
2021-10-14,80.3600,81.8500,80.2100,81.4600,6486000,71.2174
2021-10-15,81.9400,82.4500,81.2000,81.6700,14634200,71.4009
2021-10-18,81.3400,81.6600,80.7600,80.9900,4942100,70.8064
2021-10-19,81.7200,82.1500,81.2200,82.0300,5717500,71.7157
2021-10-20,82.7500,84.6600,82.3800,83.9200,6942600,73.3680
2021-10-21,84.2100,84.7000,83.7200,83.8100,4945000,73.2719
2021-10-22,83.9700,84.5900,83.7400,84.4200,4732400,73.8051
2021-10-25,84.4000,84.8100,83.9300,84.2900,3987300,73.6915
2021-10-26,84.4100,86.2800,84.3700,85.4700,6969100,74.7231
2021-10-27,86.0100,86.3500,84.7600,85.0100,4356900,74.3210
2021-10-28,84.9200,86.4900,84.7300,86.4200,6568400,75.5537
2021-10-29,86.1700,86.4600,84.9400,85.3300,7792600,74.6007
2021-11-01,85.4400,85.8200,84.9300,85.5900,5135200,74.8280
2021-11-02,85.8500,86.2400,84.3900,85.4200,7266400,74.6794
2021-11-03,85.6700,85.8000,84.2400,85.2400,5723200,74.5220
2021-11-04,85.1600,85.3900,83.1700,84.7600,6594000,74.1024
2021-11-05,84.7500,85.7100,84.3200,85.5300,4885400,74.7756
2021-11-08,85.5300,85.6000,84.0400,84.5900,5391000,73.9538
2021-11-09,84.6900,85.1700,84.3600,84.9400,3917600,74.2598
2021-11-10,84.9400,85.3700,84.5100,85.2000,5192700,74.4871
2021-11-11,85.4700,85.5000,84.5700,85.3700,5370200,74.6357
2021-11-12,85.3700,86.6700,85.0300,86.3100,6467100,75.4575
2021-11-15,86.9100,87.3500,86.4700,87.3400,5543000,76.3580
2021-11-16,87.0700,87.4200,86.6700,86.9800,5497200,76.0432
2021-11-17,86.8300,87.8800,86.4100,87.7800,6203100,76.7427
2021-11-18,87.7200,87.8800,86.8200,87.6000,5537400,76.5853
2021-11-19,88.0000,88.8300,87.0000,88.3100,6765100,77.2060
2021-11-22,88.1500,88.4200,87.3300,87.3600,5214500,76.3755
2021-11-23,87.1000,87.9000,86.5300,87.3100,7408000,76.3318
2021-11-24,86.6100,87.3000,86.1900,87.2100,4553900,76.5820
2021-11-26,86.9200,87.4500,85.8600,86.0900,4340700,75.5985
2021-11-29,87.2200,88.9200,86.5500,88.6600,8712500,77.8553
2021-11-30,88.0500,88.9500,86.4200,86.7800,16328300,76.2044
2021-12-01,87.0000,89.6800,87.0000,87.8400,10062800,77.1353
2021-12-02,87.9500,89.5200,87.6100,88.6200,8303500,77.8202
2021-12-03,89.1500,89.1500,86.0200,88.0300,11191000,77.3021
2021-12-06,88.0700,89.7500,87.8800,89.1500,8946400,78.2856
2021-12-07,89.5300,90.5500,88.9400,90.4100,7909700,79.3921
2021-12-08,90.7000,90.9200,89.5900,90.3200,5356500,79.3130
2021-12-09,90.5000,90.5000,89.5100,89.9100,5731200,78.9530
2021-12-10,90.0100,90.9000,89.8000,90.2800,4996700,79.2779
2021-12-13,90.2600,92.1200,90.1400,91.7400,6446500,80.5600
2021-12-14,91.2300,91.6500,89.4500,90.0300,11022600,79.0583
2021-12-15,90.2900,92.0600,89.5800,92.0000,9590000,80.7883
2021-12-16,91.6200,92.7000,91.5200,92.2300,7623300,80.9903
2021-12-17,92.0000,92.3600,90.7400,90.9400,15335400,79.8575
2021-12-20,89.8000,90.0800,88.5100,89.9400,10167700,78.9793
2021-12-21,90.6500,91.3400,89.3600,90.4500,6287900,79.4272
2021-12-22,90.2400,90.8800,89.8900,90.8000,4142900,79.7345
2021-12-23,90.6800,91.3100,90.4000,90.7000,5845600,79.6467
2021-12-27,90.8500,91.3500,90.6300,91.3200,5410300,80.1912
2021-12-28,91.6600,92.1900,91.5100,91.8800,3096400,80.6829
2021-12-29,91.9500,92.2600,91.5900,91.9900,2945400,80.7795
2021-12-30,92.2300,92.9100,91.8100,92.7700,3716300,81.4645
2021-12-31,92.5800,93.7300,92.5000,93.3600,4811800,81.9826
2022-01-03,93.4200,93.6500,90.5400,91.6600,7864400,80.4897
2022-01-04,91.6500,91.9300,90.6200,90.6800,8379100,79.6292
2022-01-05,90.2800,91.5000,89.6800,89.7300,6722300,78.7949
2022-01-06,89.0900,89.3600,85.6500,85.7700,12658600,75.3175
2022-01-07,85.7700,86.8700,84.5100,86.4100,13359300,75.8795
2022-01-10,85.8000,86.3600,83.7400,84.2900,11378700,74.0179
2022-01-11,83.8300,85.0100,83.6800,84.7900,8395900,74.4569
2022-01-12,84.2800,85.8100,84.1000,85.0900,6484000,74.7204
2022-01-13,85.5800,85.8100,84.7200,84.9000,7203100,74.5536
2022-01-14,84.8800,85.1500,82.6700,83.2000,11084300,73.0607
2022-01-18,82.0000,82.1700,80.7000,81.2500,10848100,71.3483
2022-01-19,81.0400,83.3500,81.0000,82.5900,9673900,72.5251
2022-01-20,83.3200,85.2800,83.1500,83.5100,12028900,73.3329
2022-01-21,83.7000,83.9300,81.8300,82.6000,12809100,72.5339
2022-01-24,81.6500,82.0500,79.2400,81.9200,14689800,71.9367
2022-01-25,78.2000,80.1900,74.7900,75.1000,22925000,65.9478
2022-01-26,76.5000,76.5300,72.3600,72.6400,24721700,63.7876
2022-01-27,73.3000,74.3900,72.4100,72.5100,21250600,63.6735
2022-01-28,72.3200,72.9500,69.7900,72.5000,25537100,63.6647
2022-01-31,72.9100,78.3000,72.7500,78.1200,21787800,68.5998
2022-02-01,78.0400,79.4700,76.0300,77.2300,12082900,67.8183
2022-02-02,77.4200,78.0100,76.8300,77.7300,8397700,68.2574
2022-02-03,76.5600,77.2900,75.4300,75.7700,7960700,66.5362
2022-02-04,75.1000,76.8400,74.5400,76.0100,12132000,66.7469
2022-02-07,76.0000,76.1200,75.3000,75.6800,8184500,66.4572
2022-02-08,75.7500,76.7500,75.2200,75.4600,6758500,66.2640
2022-02-09,76.6100,77.2700,76.3200,76.6600,7390900,67.3177
2022-02-10,74.9100,76.8500,74.7000,75.4500,9673300,66.2552
2022-02-11,75.9000,76.7000,74.6700,74.9600,8999100,65.8249
2022-02-14,74.9500,75.3100,73.8800,74.9200,8329200,65.7898
2022-02-15,75.7300,76.4700,74.7400,75.0900,9102000,65.9390
2022-02-16,75.1300,75.6400,74.4800,75.2300,7505100,66.0620
2022-02-17,74.7200,75.8400,74.4900,75.3800,10093100,66.1937
2022-02-18,74.9600,75.8100,73.8200,74.1500,9558600,65.1136
2022-02-22,73.9300,74.4600,73.2700,73.7800,8233400,64.7887
2022-02-23,74.2200,74.4200,72.2200,72.3200,7837100,63.5066
2022-02-24,71.0000,75.7800,70.7400,75.4400,15750400,66.2464
2022-02-25,76.1200,77.2400,75.2200,77.1600,12609500,67.7568
2022-02-28,77.0900,78.8700,76.8000,78.2700,16345600,69.1122
2022-03-01,78.0700,78.8300,76.5400,77.4400,13930300,68.3793
2022-03-02,77.2900,77.8100,76.4900,77.5500,6988700,68.4764
2022-03-03,77.8500,79.3600,77.6600,78.7900,10075500,69.5713
2022-03-04,78.9300,80.4500,78.4800,80.2100,8996400,70.8252
2022-03-07,80.9600,84.3900,80.7200,84.1800,19948900,74.3307
2022-03-08,84.3100,85.4000,81.7400,81.9500,14717600,72.3616
2022-03-09,82.3800,82.4800,80.1100,80.3200,12710000,70.9223
2022-03-10,79.5600,80.4600,78.4400,80.1600,9554300,70.7811
2022-03-11,80.3000,81.0900,79.2400,79.3000,7230600,70.0217
2022-03-14,79.6800,80.6400,78.7000,79.2800,7133800,70.0040
2022-03-15,80.2000,82.2600,80.1000,81.9800,9567000,72.3881
2022-03-16,81.8500,82.7400,80.8400,82.5100,8261200,72.8561
2022-03-17,82.5600,83.2400,82.4200,82.6900,6341900,73.0150
2022-03-18,82.9200,83.4900,82.2400,82.3700,13470800,72.7325
2022-03-21,82.0000,82.7600,81.4900,81.8000,7181700,72.2292
2022-03-22,81.8700,82.9600,81.4200,82.8500,8516800,73.1563
2022-03-23,82.4800,83.1000,82.0100,82.5700,6125800,72.9091
2022-03-24,82.9100,83.7900,82.7600,83.7000,5498000,73.9069
2022-03-25,84.0900,84.2400,83.2100,83.9400,5481000,74.1188
2022-03-28,84.0500,84.7200,83.6800,84.4300,6177700,74.5515
2022-03-29,85.0000,85.0400,83.6500,84.6200,8954300,74.7192
2022-03-30,85.1300,85.7800,84.6300,85.5000,6829300,75.4963
2022-03-31,85.0600,86.2800,84.7100,84.7100,10082800,74.7987
2022-04-01,84.4900,85.8000,84.1300,85.7100,6453800,75.6817
2022-04-04,85.6400,85.9100,84.6400,85.6200,6465700,75.6022
2022-04-05,85.8600,87.4500,85.7200,86.3300,7203200,76.2291
2022-04-06,86.1700,86.5200,85.4300,86.4900,7621900,76.3704
2022-04-07,86.3000,87.2900,85.7000,87.0800,7817400,76.8914
2022-04-08,87.1600,87.5200,85.9600,86.0900,5731600,76.0172
2022-04-11,86.1500,86.2200,84.3500,84.5800,6745200,74.6839
2022-04-12,84.4500,84.8400,83.3800,83.8900,8714800,74.0746
2022-04-13,84.3700,84.4800,83.0800,83.5500,7858500,73.7744
2022-04-14,83.5500,83.8900,82.7800,82.8100,7164100,73.1210
2022-04-18,83.0000,83.6100,81.0600,81.7100,6279100,72.1497
2022-04-19,81.7600,82.1000,81.1100,81.8300,8104800,72.2557
2022-04-20,83.0300,83.0300,81.3200,81.5100,8457000,71.9731
2022-04-21,80.3200,81.0000,75.9800,76.1800,17712800,67.2667
2022-04-22,76.1700,76.3700,73.8800,73.9500,15284800,65.2976
2022-04-25,74.0000,74.5100,71.5900,74.0400,15697900,65.3771
2022-04-26,74.0500,74.9700,73.4900,73.5700,10971600,64.9621
2022-04-27,73.8300,75.1400,73.1900,73.2700,10989600,64.6972
2022-04-28,73.5000,73.9100,72.7700,73.4900,11325600,64.8915
2022-04-29,72.8800,73.4500,70.8800,71.0200,14912900,62.7105
2022-05-02,71.1000,71.5100,68.5200,69.8700,14338100,61.6950
2022-05-03,70.0000,71.5300,69.5700,70.7600,10419900,62.4809
2022-05-04,72.0000,73.3300,70.7300,73.0600,10859600,64.5118
2022-05-05,72.7000,72.9700,71.2000,71.8400,10382300,63.4345
2022-05-06,71.2600,72.8600,71.0900,72.4700,9364900,63.9908
2022-05-09,71.8000,72.0800,70.2600,70.7100,10442700,62.4367
2022-05-10,71.0000,71.7400,68.7200,69.9900,14731900,61.8010
2022-05-11,69.6500,71.3500,69.5400,70.2000,11129000,61.9864
2022-05-12,69.5900,70.4900,67.2200,68.5100,15364900,60.4941
2022-05-13,69.4300,70.1900,68.5300,69.8000,8010600,61.6332
2022-05-16,69.6400,70.7200,69.4000,70.1200,7339500,61.9158
2022-05-17,70.9000,72.0300,70.1300,72.0200,8889300,63.5935
2022-05-18,71.7900,72.2500,70.7100,71.0000,10316800,62.6928
2022-05-19,71.0900,71.0900,69.5300,70.4600,9593500,62.2160
2022-05-20,70.9000,71.5600,69.9800,71.2200,9747800,62.8871
2022-05-23,71.8100,72.5900,71.4600,72.5500,10378700,64.0615
2022-05-24,72.6100,74.9200,72.1700,74.6700,11133500,65.9334
2022-05-25,75.1200,75.1500,73.5900,74.7900,11192100,66.0394
2022-05-26,75.0500,75.7500,74.7700,75.0400,9431300,66.2601
2022-05-27,74.4900,77.4500,74.1700,77.4300,9435300,68.7599
2022-05-31,76.7800,76.9400,75.1700,75.6900,29712000,67.2147
2022-06-01,75.7600,76.6300,75.3300,76.1700,7994100,67.6410
2022-06-02,76.4500,78.6500,76.0000,78.5200,9640600,69.7278
2022-06-03,78.0900,78.9400,77.8000,78.6900,9293500,69.8788
2022-06-06,81.1900,81.4900,80.0700,80.1900,12716900,71.2109
2022-06-07,79.7600,80.1800,78.2800,79.7800,7405600,70.8467
2022-06-08,78.9800,79.5800,78.2400,78.4900,5198000,69.7012
2022-06-09,78.2400,78.8600,77.3000,77.3400,8354800,68.6800
2022-06-10,76.5500,76.9000,75.7700,75.9100,8598500,67.4101
2022-06-13,74.5800,74.7600,71.9600,72.4100,11882300,64.3020
2022-06-14,72.3100,73.1200,70.2700,71.4800,11412500,63.4761
2022-06-15,72.4600,75.5500,72.2100,74.1900,12085300,65.8827
2022-06-16,72.7100,73.0800,70.1200,70.8700,12729200,62.9344
2022-06-17,70.6400,72.7500,70.6400,70.8100,15919000,62.8812
2022-06-21,70.8000,73.4000,70.8000,72.7300,8466900,64.5862
2022-06-22,72.2000,75.5500,71.8500,74.6900,12686500,66.3267
2022-06-23,75.5400,77.4100,75.3200,77.2000,12502500,68.5557
2022-06-24,77.3300,78.1300,76.6300,78.0200,9320500,69.2838
2022-06-27,77.7300,78.1800,77.3600,77.8900,6557200,69.1684
2022-06-28,77.9100,78.3300,76.2300,76.4400,6140200,67.8807
2022-06-29,76.1000,76.5400,75.2600,76.0000,7082200,67.4900
2022-06-30,75.4600,78.2400,75.3200,77.4600,8872900,68.7865
2022-07-01,78.3300,80.6400,78.0900,80.5600,7718400,71.5394
2022-07-05,80.5000,80.7200,77.5600,79.1100,11278600,70.2518
2022-07-06,79.7000,80.2000,78.6000,79.5700,7918400,70.6603
2022-07-07,79.8300,80.5800,79.8100,80.3800,5498000,71.3796
2022-07-08,79.7000,80.4300,79.4100,80.2500,5708300,71.2641
2022-07-11,80.0000,80.9800,79.7200,80.6800,6100400,71.6460
2022-07-12,80.5500,80.9000,79.5200,79.9500,7553900,70.9977
2022-07-13,79.3800,81.3000,79.0700,80.2600,7552400,71.2730
2022-07-14,78.7100,80.3500,78.5200,80.1300,6124400,71.1576
2022-07-15,78.2500,78.8500,76.3300,78.7100,8780600,69.8966
2022-07-18,78.3300,78.6600,77.5000,77.5100,6610800,68.8310
2022-07-19,78.1300,79.3300,77.9200,78.9300,6403800,70.0919
2022-07-20,79.1600,79.4000,77.8600,78.3200,6323700,69.5503
2022-07-21,78.7200,78.9600,78.1300,78.8700,7847600,70.0387
2022-07-22,80.1300,81.8000,79.2600,80.2500,11517100,71.2641
2022-07-25,80.0000,81.0400,79.4800,80.9800,5035600,71.9124
2022-07-26,80.5400,80.6200,79.1800,79.9100,6740900,70.9622
2022-07-27,80.0300,80.7800,79.5500,80.3800,6056200,71.3796
2022-07-28,84.8100,86.2700,84.2900,84.5400,13561500,75.0738
2022-07-29,84.5000,85.4100,84.3100,84.4900,11474800,75.0294
2022-08-01,84.4500,85.4200,83.5600,85.3100,7004500,75.7575
2022-08-02,85.4400,86.7700,85.2000,85.6700,7664200,76.0773
2022-08-03,85.7700,86.8200,84.3600,86.4600,7640400,76.7788
2022-08-04,86.9600,88.6600,86.4500,87.9800,8679200,78.1286
2022-08-05,87.8800,88.4900,86.9400,87.9800,8643200,78.1286
2022-08-08,88.4600,88.9600,86.7800,87.5200,7243200,77.7201
2022-08-09,88.2200,89.1100,87.7800,88.9200,5154000,78.9633
2022-08-10,89.6600,90.0800,88.8400,89.7800,5693300,79.7270
2022-08-11,90.3100,91.0300,89.2900,89.4300,7525800,79.4162
2022-08-12,90.1800,90.6500,89.3300,90.4700,5262500,80.3398
2022-08-15,90.4800,91.2000,90.1400,91.0000,5032700,80.8104
2022-08-16,90.5400,91.3500,90.3300,90.5300,5250600,80.3930
2022-08-17,89.9700,90.6700,89.7400,90.2000,4178000,80.1000
2022-08-18,90.2000,90.6300,89.8700,90.2400,5090700,80.1355
2022-08-19,90.1100,90.5900,89.3700,89.7100,5542800,79.6649
2022-08-22,88.9300,89.5300,88.2300,88.5400,5783400,78.6259
2022-08-23,88.6100,88.6500,87.6300,87.9800,3473600,78.1286
2022-08-24,88.1500,88.7800,87.9600,88.7100,5669200,78.7768
2022-08-25,89.0100,89.4600,88.0600,89.3900,5595200,79.3807
2022-08-26,89.9900,90.5600,87.7400,88.0600,7990000,78.1996
2022-08-29,86.9800,87.8500,86.4100,87.0200,5827800,77.6508
2022-08-30,87.2000,87.3300,85.2100,85.7000,7394200,76.4730
2022-08-31,85.7000,86.2700,84.8000,85.0600,6830900,75.9019
2022-09-01,85.3300,86.4600,84.7100,86.2600,5896300,76.9727
2022-09-02,86.4500,87.2300,84.7700,85.1100,5785700,75.9465
2022-09-06,87.2400,88.2700,87.0200,87.3700,11077100,77.9632
2022-09-07,87.7100,90.4200,87.6100,90.2400,11366600,80.5241
2022-09-08,89.7300,91.0600,89.6300,90.2700,8852500,80.5509
2022-09-09,90.8100,90.9800,89.8300,89.9000,5700400,80.2208
2022-09-12,90.1800,90.8500,89.7800,90.8100,5573800,81.0328
2022-09-13,90.0500,90.4700,88.4500,88.8600,5624800,79.2927
2022-09-14,88.3600,89.3700,88.0600,88.8800,7281500,79.3106
2022-09-15,85.4400,86.8000,84.8300,86.0100,18681000,76.7496
2022-09-16,85.4100,85.9900,84.5000,84.7900,19190700,75.6609
2022-09-19,84.7200,86.9000,84.5400,86.8400,8821000,77.4902
2022-09-20,85.9900,86.4500,84.9300,85.6900,6242000,76.4640
2022-09-21,86.0000,86.4400,83.9500,83.9700,6706300,74.9292
2022-09-22,83.8000,84.1900,83.0300,83.5400,6748700,74.5455
2022-09-23,82.5000,82.6700,81.3400,82.5200,6719700,73.6353
2022-09-26,82.4700,82.7800,80.3200,81.1500,7702900,72.4128
2022-09-27,82.0200,82.6200,80.1100,81.0800,9247000,72.3504
2022-09-28,82.2900,83.0300,81.2500,82.3700,8713400,73.5015
2022-09-29,82.1700,82.3500,79.4600,79.9700,8291300,71.3599
2022-09-30,80.3000,80.6000,78.2900,78.4100,12854300,69.9678
2022-10-03,79.8300,81.6300,79.2200,81.1900,8115200,72.4485
2022-10-04,81.9800,82.8900,81.5600,82.8200,8193700,73.9030
2022-10-05,81.7500,82.4800,80.5200,81.7700,5468700,72.9661
2022-10-06,81.6300,81.7300,78.8500,78.9100,8374600,70.4140
2022-10-07,78.5600,78.6500,76.1900,76.7300,7697400,68.4687
2022-10-10,77.0300,77.6800,76.4000,76.7400,6118000,68.4777
2022-10-11,76.2500,76.9300,75.2200,76.0300,9143100,67.8441
2022-10-12,75.8100,76.3600,72.6200,72.7500,9715100,64.9173
2022-10-13,71.5900,73.5700,70.3900,73.0900,13643700,65.2206
2022-10-14,73.7900,74.8400,71.4400,71.7700,8735000,64.0428
2022-10-17,72.8000,74.4200,72.7500,73.6500,7563500,65.7204
2022-10-18,75.5500,75.9400,74.1100,75.0600,6998500,66.9785
2022-10-19,74.2400,74.4700,72.5200,73.6400,8579600,65.7114
2022-10-20,73.3600,73.4800,69.8100,70.6400,13023800,63.0344
2022-10-21,71.0800,73.0000,70.3000,71.6500,11161300,63.9357
2022-10-24,72.4900,73.6900,71.9600,73.2800,9989600,65.3902
2022-10-25,73.7500,76.0900,73.6000,75.8600,9216900,67.6924
2022-10-26,75.8600,76.5300,75.3000,75.6000,6247100,67.4604
2022-10-27,76.0500,76.9300,75.4600,75.4700,7163300,67.3444
2022-10-28,76.7500,79.3000,76.6500,79.0300,9123300,70.5211
2022-10-31,78.4500,79.2700,76.7600,77.5000,8273700,69.1558
2022-11-01,78.1900,78.1900,77.1700,77.7100,5410300,69.3432
2022-11-02,77.7000,79.8300,77.0200,77.2800,7119000,68.9595
2022-11-03,76.7400,79.1800,76.3600,78.1800,6920300,69.7626
2022-11-04,78.6000,79.1800,77.4200,78.8000,7758900,70.3159
2022-11-07,78.7300,79.1200,76.2900,77.2900,7008500,68.9684
2022-11-08,77.6700,79.1400,77.1600,78.2700,5518400,69.8429
2022-11-09,78.6000,79.1100,78.0000,78.2000,4940000,69.7804
2022-11-10,81.3100,83.7700,79.9500,83.2000,9315900,74.2421
2022-11-11,83.2700,83.8500,81.9800,83.3100,5730900,74.3403
2022-11-14,83.0900,83.7800,81.6100,81.6600,7904000,72.8680
2022-11-15,82.5200,83.8200,82.0400,82.9100,5594900,73.9833
2022-11-16,83.0600,84.7500,83.0600,84.3200,8444900,75.2415
2022-11-17,83.2600,83.3500,81.8700,82.3500,8333900,73.4836
2022-11-18,83.2600,83.7900,82.5700,83.2000,6664400,74.2421
2022-11-21,82.6200,83.7500,82.6200,83.6000,6593800,74.5991
2022-11-22,84.0600,84.9100,83.7200,84.1100,4105500,75.0541
2022-11-23,83.5400,85.0000,83.4400,84.9200,4259700,76.1618
2022-11-25,85.2700,85.8000,85.1300,85.3400,3622200,76.5385
2022-11-28,84.3400,85.0100,83.3400,83.7300,6464200,75.0945
2022-11-29,82.9100,83.1300,81.9800,82.4900,5398200,73.9824
2022-11-30,82.0900,84.9000,82.0600,84.7000,9739200,75.9645
2022-12-01,85.4000,85.9700,83.9900,84.8300,5830700,76.0811
2022-12-02,83.7300,85.2100,83.4000,85.2000,6316900,76.4129
2022-12-05,85.0000,86.0300,84.7700,85.1500,5511700,76.3681
2022-12-06,84.9100,85.2500,83.7100,85.1800,5027700,76.3950
2022-12-07,85.1600,86.3500,84.6100,85.2900,5108800,76.4936
2022-12-08,85.2700,86.4000,84.9000,85.7600,4281700,76.9152
2022-12-09,85.5600,86.0000,84.4200,84.5100,4460300,75.7941
2022-12-12,85.1200,86.6000,84.8000,86.5500,5348900,77.6237
2022-12-13,88.0000,88.3700,86.0000,87.1500,7179500,78.1618
2022-12-14,87.4600,88.6100,86.3400,87.0500,6111600,78.0721
2022-12-15,86.9000,87.0500,85.4800,85.8100,6469100,76.9600
2022-12-16,84.6000,84.8600,83.2700,84.1400,16949300,75.4622
2022-12-19,83.9800,84.2800,82.9600,83.5200,5681100,74.9062
2022-12-20,83.4000,84.0400,82.7500,83.5200,4811900,74.9062
2022-12-21,83.8500,84.9500,83.6500,84.6500,5356200,75.9196
2022-12-22,84.5400,84.5400,82.1600,83.3400,4491000,74.7447
2022-12-23,83.0000,84.2700,83.0000,84.1700,3254700,75.4891
2022-12-27,84.1000,84.2800,83.4700,84.0000,4726500,75.3367
2022-12-28,84.2000,84.5400,82.9800,83.1600,3536400,74.5833
2022-12-29,83.7300,84.6900,83.4900,84.0800,3378300,75.4084
2022-12-30,83.9500,84.0200,82.4800,83.6000,4266900,74.9779
2023-01-03,84.3700,84.9000,82.5400,83.8300,5535400,75.1842
2023-01-04,84.3600,85.4600,83.8300,84.4900,4831100,75.7761
2023-01-05,83.6100,84.0100,82.1400,82.6300,5472600,74.1079
2023-01-06,83.5600,84.3700,82.8200,83.6500,5235300,75.0228
2023-01-09,83.6400,84.9300,83.4900,84.0700,4749000,75.3995
2023-01-10,84.0700,84.6000,83.3700,84.5400,4921100,75.8210
2023-01-11,84.4700,85.3600,84.2200,85.0000,6153500,76.2335
2023-01-12,85.1000,85.6700,84.3900,85.0700,4648600,76.2963
2023-01-13,84.4400,84.9700,83.7500,84.6800,4943200,75.9465
2023-01-17,85.1900,86.4700,85.1800,85.7400,8410200,76.8972
2023-01-18,85.9300,86.0400,83.7300,83.8000,6107700,75.1573
2023-01-19,84.0600,84.3400,82.2900,82.5900,7099700,74.0721
2023-01-20,82.5100,82.5400,80.5000,81.8200,9429200,73.3815
2023-01-23,81.3800,83.2200,80.9000,82.6700,6864300,74.1438
2023-01-24,82.7900,84.2000,80.2800,83.9000,6652300,75.2470
2023-01-25,80.5300,80.9900,75.9000,76.5900,28527400,68.6909
2023-01-26,75.1000,77.4500,74.8000,76.4000,18508700,68.5205
2023-01-27,76.0700,76.4000,75.5100,75.5800,13243200,67.7850
2023-01-30,75.3600,76.3500,74.8900,75.0500,10669600,67.3097
2023-01-31,74.5400,74.8300,73.3500,74.6300,19020400,66.9330
2023-02-01,74.6200,75.0400,73.3400,74.2400,15188700,66.5833
2023-02-02,73.5700,76.8400,73.2100,75.6000,18604100,67.8030
2023-02-03,75.2500,75.4400,73.6700,74.6700,11671500,66.9689
2023-02-06,74.6000,75.5700,74.4500,75.5100,9343400,67.7223
2023-02-07,75.3700,76.5800,74.7500,76.0800,10855800,68.2335
2023-02-08,75.9800,76.1500,74.8600,75.0300,9082200,67.2918
2023-02-09,75.2000,75.9400,73.1200,73.2700,13163500,65.7133
2023-02-10,73.4200,75.2500,73.4200,74.7400,9883000,67.0317
2023-02-13,75.3400,76.0100,75.1600,75.6200,8114200,67.8209
2023-02-14,75.2900,76.3300,74.8000,76.0300,7089400,68.1887
2023-02-15,75.6500,77.0900,75.6500,76.9400,9344300,69.0048
2023-02-16,75.8000,76.5200,75.6600,75.6900,7795600,67.8837
2023-02-17,75.7000,76.4800,75.3800,76.0700,9436100,68.2245
2023-02-21,75.4400,75.5300,73.6100,73.6600,11915600,66.0631
2023-02-22,73.9800,74.7400,73.4400,73.6800,9351200,66.0810
2023-02-23,74.3700,74.3700,72.6500,72.8700,9049900,65.3545
2023-02-24,72.1200,73.3300,71.8000,72.9200,9127800,65.3994
2023-02-27,72.9700,73.6700,71.6800,71.8600,7029700,64.8650
2023-02-28,71.7000,71.8500,70.8000,71.0300,11276700,64.1158
2023-03-01,70.8600,71.0400,69.6400,69.8700,11809200,63.0687
2023-03-02,70.3600,72.2200,70.1200,72.2100,16066500,65.1810
2023-03-03,72.8900,73.8700,72.1800,73.8300,10724800,66.6433
2023-03-06,73.5400,74.6000,73.4100,74.4000,6888900,67.1578
2023-03-07,73.9400,74.4900,73.0200,73.7500,7308900,66.5710
2023-03-08,73.3800,74.3800,73.0400,74.2500,5913600,67.0224
2023-03-09,74.5000,74.9900,73.3900,73.7600,7678100,66.5801
2023-03-10,73.9900,74.2700,72.3700,73.0100,10167100,65.9031
2023-03-13,73.0600,75.1800,73.0000,73.2900,8388800,66.1558
2023-03-14,73.9900,74.8500,73.4300,74.5500,8635800,67.2932
2023-03-15,74.4500,75.8500,73.9300,75.5200,12030300,68.1687
2023-03-16,75.6600,76.5100,74.8300,76.2300,8895800,68.8096
2023-03-17,76.2900,76.2900,74.7400,75.6700,14137400,68.3042
2023-03-20,75.6000,77.0000,75.3100,75.9700,7140100,68.5749
2023-03-21,76.3500,76.3500,74.2700,75.3600,6222300,68.0243
2023-03-22,75.3100,75.9800,74.0900,74.1300,7038000,66.9140
2023-03-23,73.7700,75.7200,73.3700,73.8100,7541200,66.6252
2023-03-24,73.9900,75.7500,73.7100,75.6900,5293900,68.3222
2023-03-27,75.8700,76.0600,74.9500,75.4400,5515900,68.0965
2023-03-28,75.5000,76.2500,74.8200,75.2400,5935500,67.9160
2023-03-29,75.4700,76.3100,75.4700,76.1100,5680500,68.7013
2023-03-30,76.3600,77.0200,76.1700,76.5900,6187000,69.1346
2023-03-31,76.7700,77.1200,75.9800,77.0800,10124400,69.5769
2023-04-03,77.0500,77.0500,75.8000,76.6700,5778700,69.2068
2023-04-04,76.8500,77.6900,76.4300,77.1600,6165600,69.6491
2023-04-05,77.9000,78.9500,77.7400,78.3300,8200400,70.7052
2023-04-06,78.8000,79.0000,77.9600,78.9700,5427700,71.2829
2023-04-10,78.3500,78.5000,77.3100,78.4300,5647500,70.7955
2023-04-11,78.3900,78.6100,77.9000,78.3400,6019600,70.7143
2023-04-12,78.6900,79.4400,78.2600,78.5900,6786400,70.9399
2023-04-13,78.4200,79.1100,77.4800,78.8500,4928600,71.1746
2023-04-14,78.3900,78.4700,77.5600,78.0200,4920900,70.4254
2023-04-17,78.1800,78.5500,77.7900,78.5400,4393300,70.8948
2023-04-18,78.7300,79.0700,77.9400,78.3000,8147500,70.6782
2023-04-19,78.3100,79.1700,78.2900,78.9400,3813300,71.2558
2023-04-20,78.7200,79.1000,78.2300,78.7500,4350400,71.0844
2023-04-21,79.4400,79.7800,78.5600,78.9900,5192600,71.3010
2023-04-24,78.5100,79.2500,78.5000,79.0400,5725800,71.3461
2023-04-25,77.7300,79.1000,77.5000,77.8200,8399800,70.2449
2023-04-26,76.7800,76.9500,74.0300,74.0700,12656700,66.8599
2023-04-27,74.3100,76.5200,73.9100,75.8500,8155600,68.4666
2023-04-28,75.4100,76.7000,75.4100,76.6300,10005800,69.1707
2023-05-01,76.4700,77.3800,76.3600,76.8000,5214700,69.3242
2023-05-02,76.6600,77.0200,75.5100,75.9400,7674200,68.5479
2023-05-03,76.2600,76.5600,75.2700,75.3900,6265900,68.0514
2023-05-04,75.3800,75.6700,74.5600,75.5100,6042300,68.1597
2023-05-05,75.6100,76.5700,75.1900,75.5100,6215500,68.1597
2023-05-08,75.5300,76.6900,75.2800,76.0600,6751700,68.6562
2023-05-09,76.2200,76.2200,75.1900,75.5800,5588100,68.2229
2023-05-10,76.1300,77.1600,75.9400,76.8900,5696000,69.4054
2023-05-11,76.5900,76.8400,75.5400,76.1000,6542700,68.6923
2023-05-12,76.8900,77.9900,76.5800,77.9600,8315000,70.3712
2023-05-15,78.4700,78.5300,76.8200,77.5400,5430000,69.9921
2023-05-16,77.5000,77.5000,75.6900,75.8400,6215700,68.4576
2023-05-17,76.1700,76.2800,75.1900,75.3400,5408600,68.0063
2023-05-18,74.7500,75.2500,74.2100,75.1000,6970600,67.7896
2023-05-19,75.5500,75.7800,74.4700,74.4800,6338600,67.2300
2023-05-22,74.9100,75.1700,74.4700,74.5800,4272600,67.3203
2023-05-23,74.1000,75.2000,73.9100,74.1600,8751200,66.9411
2023-05-24,74.1500,74.4200,73.6600,74.2400,6879400,67.0134
2023-05-25,74.1800,74.1800,72.4700,73.3900,7716400,66.2461
2023-05-26,73.1300,74.5600,72.6000,73.9200,7174000,67.1527
2023-05-30,74.3500,74.7500,72.5500,72.6900,6874000,66.0353
2023-05-31,72.6400,73.7700,71.8800,73.4600,11112000,66.7348
2023-06-01,73.0500,73.4300,72.4600,72.9600,6738800,66.2806
2023-06-02,73.0400,74.2000,72.5200,73.8500,7175400,67.0891
2023-06-05,74.1500,74.8900,73.3300,73.5900,5266600,66.8529
2023-06-06,73.7800,74.1500,73.3600,73.3800,5652900,66.6622
2023-06-07,73.6400,74.5000,73.2800,74.1700,6488100,67.3798
2023-06-08,74.4800,75.1200,74.0700,74.9000,9984500,68.0430
2023-06-09,74.8600,75.2000,74.0000,74.0700,6011400,67.2890
2023-06-12,74.4100,74.4700,73.6900,73.9800,7564300,67.2072
2023-06-13,73.9000,74.6900,73.7500,74.3500,8579300,67.5434
2023-06-14,74.9000,74.9500,73.2900,73.4000,8893600,66.6803
2023-06-15,73.7400,74.5200,73.4100,74.3600,10098300,67.5525
2023-06-16,74.7500,76.4200,74.7200,75.5900,23053600,68.6698
2023-06-20,75.6300,76.1700,74.5000,74.7600,7801600,67.9158
2023-06-21,74.4500,76.0300,73.7200,75.7800,7176100,68.8425
2023-06-22,76.0700,76.3900,75.0000,75.1300,6976200,68.2519
2023-06-23,75.2900,75.9900,74.0000,74.1700,9080100,67.3798
2023-06-26,74.0900,74.7900,73.8100,74.2900,5670200,67.4888
2023-06-27,74.5600,74.8000,73.2100,73.9100,5979100,67.1437
2023-06-28,73.9500,74.2100,73.2200,73.4400,8735100,66.7167
2023-06-29,72.6800,73.6000,72.5100,72.8100,7193200,66.1443
2023-06-30,72.9400,74.3100,72.7800,74.2000,9259900,67.4071
2023-07-03,73.8700,74.4700,73.5000,74.3800,2484500,67.5706
2023-07-05,73.9800,75.5900,73.9200,74.9500,8450100,68.0884
2023-07-06,74.2900,74.2900,73.0100,73.0200,7271200,66.3351
2023-07-07,72.5300,72.7200,71.9000,72.0500,7511700,65.4539
2023-07-10,71.8000,72.4900,71.1000,71.7100,7704700,65.1451
2023-07-11,71.6400,72.2300,70.8500,72.1900,6623100,65.5811
2023-07-12,72.5400,73.5700,72.1900,73.4700,9710500,66.7439
2023-07-13,73.5200,73.9300,73.3800,73.7100,6058600,66.9619
2023-07-14,73.4800,73.7500,72.7900,73.2000,6463500,66.4986
2023-07-17,72.9600,73.4200,72.4500,72.6600,5148800,66.0081
2023-07-18,72.7700,73.0800,71.3000,72.0500,7239500,65.4539
2023-07-19,72.3600,72.9300,72.0500,72.1000,7464800,65.4993
2023-07-20,72.1000,74.1300,71.6500,74.1000,9221600,67.3163
2023-07-21,74.4200,76.2700,74.3000,75.9000,11878400,68.9514
2023-07-24,75.8800,76.6700,75.3700,75.5000,8609700,68.5881
2023-07-25,75.7600,75.9400,74.6200,75.4400,8847800,68.5336
2023-07-26,74.8900,76.1900,73.8800,74.3700,7244600,67.5615
2023-07-27,73.9400,74.8900,73.1900,73.2700,10185400,66.5622
2023-07-28,73.7500,74.3800,72.4800,72.8500,6230700,66.1807
2023-07-31,73.4000,74.4700,73.0400,73.3000,10876400,66.5895
2023-08-01,73.3200,73.8100,72.0900,72.1700,6723400,65.5629
2023-08-02,71.5100,72.3500,71.4600,71.9100,6589600,65.3267
2023-08-03,71.2000,71.5000,70.0600,70.1000,9075100,63.6824
2023-08-04,70.5500,70.6900,69.0200,69.1700,9140500,62.8376
2023-08-07,69.5000,69.7200,68.6100,68.6400,8397200,62.3561
2023-08-08,68.3400,68.9500,67.9100,68.7100,8890000,62.4197
2023-08-09,68.7900,69.5800,68.5100,68.9200,7453000,62.6105
2023-08-10,69.3000,69.6600,68.1500,68.2900,7959900,62.0381
2023-08-11,68.3000,68.9400,68.1600,68.9200,6524200,62.6105
2023-08-14,68.8500,68.9300,68.3000,68.5600,8021100,62.2834
2023-08-15,68.1500,68.2300,67.1700,67.3500,7703900,61.1842
2023-08-16,67.7200,67.9500,67.3100,67.5600,6433500,61.3750
2023-08-17,67.3400,68.1500,67.2900,67.5100,6677600,61.3296
2023-08-18,67.3400,68.0600,67.3300,67.8300,6291300,61.6203
2023-08-21,67.7500,67.8000,66.6700,67.0800,6856100,60.9389
2023-08-22,67.1100,67.8200,66.7600,67.5200,7370400,61.3386
2023-08-23,68.0700,68.1400,67.3000,67.8900,7721800,61.6748
2023-08-24,67.8900,68.4100,67.0800,67.2200,9242500,61.0661
2023-08-25,67.3000,68.2200,67.2300,67.9600,10114100,61.7383
2023-08-28,68.2500,68.6000,67.9800,68.0200,7152600,61.7929
2023-08-29,67.7800,67.8500,67.1100,67.5100,11209700,61.7544
2023-08-30,67.3600,67.7300,66.8200,67.0900,7461500,61.3703
2023-08-31,67.5000,67.7900,66.7300,66.8000,11797800,61.1050
2023-09-01,67.3400,67.5700,66.4500,66.8700,8296600,61.1690
2023-09-05,66.8200,67.2700,65.8100,66.2000,10002700,60.5561
2023-09-06,66.0300,66.4100,65.3600,65.6900,9250300,60.0896
2023-09-07,66.2800,66.9700,65.8700,66.2500,9981100,60.6019
2023-09-08,66.2600,67.0000,66.0700,66.8300,7484800,61.1324
2023-09-11,67.0000,67.8900,66.9500,67.5300,7981600,61.7727
2023-09-12,67.5000,68.0300,67.1100,67.7300,7171300,61.9557
2023-09-13,67.8800,68.7700,67.8800,68.4300,8925700,62.5960
2023-09-14,68.9000,69.3500,68.4200,69.2800,7944900,63.3735
2023-09-15,69.3400,69.8900,68.6000,68.6400,18391400,62.7881
2023-09-18,68.8100,68.8600,67.9100,68.2400,7534100,62.4222
2023-09-19,68.0500,68.1600,67.3500,67.5900,8215500,61.8276
2023-09-20,68.0700,68.1400,67.2400,67.3500,5804000,61.6081
2023-09-21,67.1100,67.7100,66.7700,66.9100,9458600,61.2056
2023-09-22,66.5000,68.3900,66.3500,67.7000,11796500,61.9282
2023-09-25,67.2200,67.5000,66.7800,67.4700,8656500,61.7179
2023-09-26,67.1200,67.1900,65.2700,65.3400,9042600,59.7695
2023-09-27,64.7000,64.9900,59.5300,59.9600,25606200,54.8481
2023-09-28,60.3000,60.7000,56.9800,57.0800,31153800,52.2136
2023-09-29,57.6700,58.7600,56.9800,57.2900,19047600,52.4058
2023-10-02,56.0800,56.3800,50.1800,52.1500,54022800,47.7040
2023-10-03,52.0700,53.1100,50.5000,52.7800,36257500,48.2802
2023-10-04,53.7100,53.9500,50.5400,50.6200,28467400,46.3044
2023-10-05,49.8100,50.1300,48.2400,49.4500,29911400,45.2342
2023-10-06,49.0600,50.5000,47.1500,50.2400,24718500,45.9568
2023-10-09,49.6900,50.4200,48.3800,49.3200,20644600,45.1152
2023-10-10,49.6800,51.6200,49.5200,51.5800,23164300,47.1826
2023-10-11,52.0500,53.5700,51.7000,53.5400,22401400,48.9755
2023-10-12,53.0700,53.9700,52.2300,53.0000,27972800,48.4815
2023-10-13,53.5300,55.2500,53.5000,54.4900,22319200,49.8445
2023-10-16,54.4900,55.0400,53.5600,54.3800,17089400,49.7438
2023-10-17,53.5800,54.8400,53.5500,54.1700,13365500,49.5517
2023-10-18,54.0800,54.7800,53.0700,53.2400,13593300,48.7010
2023-10-19,53.2800,53.9900,52.3800,52.3900,11580400,47.9235
2023-10-20,51.9500,52.6900,51.6900,51.9600,17798900,47.5302
2023-10-23,51.2700,52.5600,50.9500,51.5200,15200700,47.1277
2023-10-24,54.4400,55.4300,53.1100,55.1200,20060300,50.4208
2023-10-25,55.6100,56.9400,54.9100,56.4600,19262400,51.6465
2023-10-26,56.7700,58.2400,56.6800,57.5700,17357800,52.6619
2023-10-27,57.3600,58.0200,55.9300,56.2400,11921000,51.4453
2023-10-30,56.4100,57.4700,55.7700,57.2000,11017700,52.3234
2023-10-31,57.5600,58.4900,57.3900,58.3000,19978300,53.3296
2023-11-01,58.1100,58.7900,57.1800,58.4300,13428900,53.4486
2023-11-02,58.5200,60.4700,58.5000,59.9100,15076500,54.8024
2023-11-03,61.2200,61.4900,59.3700,59.3800,13938000,54.3176
2023-11-06,59.4000,59.8800,58.8600,59.0400,9299500,54.0066
2023-11-07,59.0500,59.5600,58.4000,58.4600,9615500,53.4760
2023-11-08,58.1700,58.1700,56.7800,57.5000,12781600,52.5979
2023-11-09,57.1200,57.2700,54.6200,54.7200,17147900,50.0549
2023-11-10,55.0000,55.3700,54.5100,55.1400,12776100,50.4390
2023-11-13,55.0500,55.0600,53.8100,54.5000,8951800,49.8536
2023-11-14,56.0800,57.7400,55.4500,57.5500,13399500,52.6436
2023-11-15,57.4800,58.7300,56.9800,57.0000,11295000,52.1405
2023-11-16,57.4200,57.7700,56.5800,56.6000,11155400,51.7746
2023-11-17,57.0100,57.3800,56.4900,57.3700,10136300,52.4789
2023-11-20,57.0000,57.6800,56.3100,57.3400,8404900,52.4515
2023-11-21,57.3200,58.2900,56.7800,57.9800,11952600,53.0369
2023-11-22,57.9800,58.3100,56.9900,57.4700,9626900,52.9982
2023-11-24,57.1400,57.6100,56.9300,57.5500,4629400,53.0720
2023-11-27,57.5000,57.7000,56.8700,57.5800,9779100,53.0996
2023-11-28,57.5600,58.5800,57.2600,58.1600,9473600,53.6345
2023-11-29,58.5300,59.2300,57.9800,58.3600,17019100,53.8189
2023-11-30,58.4800,58.6800,57.9800,58.5100,15381700,53.9573
2023-12-01,58.5500,59.5400,57.6700,59.1700,10510200,54.5659
2023-12-04,58.5900,59.5300,58.5800,58.6700,10239600,54.1048
2023-12-05,58.6800,58.8600,57.8700,58.2300,12544800,53.6990
2023-12-06,58.6200,60.2600,58.6200,60.2000,13235700,55.5158
2023-12-07,60.3800,60.5600,59.4400,59.8500,12230500,55.1930
2023-12-08,59.5700,59.9500,59.1000,59.7000,9408300,55.0547
2023-12-11,58.5300,59.9400,58.5300,59.7100,11005700,55.0639
2023-12-12,59.6600,59.7600,58.0800,59.5200,9931000,54.8887
2023-12-13,59.6000,62.6000,59.3300,62.5100,13013400,57.6460
2023-12-14,63.6500,64.5900,62.3600,62.7800,16809100,57.8950
2023-12-15,62.1000,62.9100,61.0200,61.5000,28901500,56.7146
2023-12-18,61.6000,62.1000,60.8500,61.0000,10755600,56.2535
2023-12-19,61.3600,61.8300,60.8700,61.5700,11509600,56.7792
2023-12-20,61.5500,61.7200,59.7800,59.8400,10091200,55.1838
2023-12-21,60.1300,60.6500,59.0600,59.6000,12604200,54.9625
2023-12-22,59.9600,60.8700,59.6700,59.7500,9799400,55.1008
2023-12-26,59.6800,60.5600,59.6200,60.2100,6791600,55.5250
2023-12-27,59.9100,60.6700,59.6500,60.5800,6787500,55.8662
2023-12-28,60.1200,61.1000,60.1200,61.0200,5981900,56.2720
2023-12-29,60.8000,61.0600,60.2700,60.7400,6814600,56.0137
2024-01-02,60.5500,62.1500,60.1800,61.5700,10064300,56.7792
2024-01-03,61.1100,62.1200,60.4600,61.9900,10306300,57.1665
2024-01-04,62.1700,62.7600,61.7300,61.8000,10568100,56.9913
2024-01-05,61.6500,62.5600,61.2700,62.0800,7803800,57.2495
2024-01-08,61.7800,63.0600,61.5900,62.9200,7766600,58.0241
2024-01-09,62.9400,63.0400,61.8900,62.0100,6921600,57.1849
2024-01-10,62.0200,62.7300,61.9000,62.2800,8100100,57.4339
2024-01-11,62.0000,62.1900,60.6000,60.7200,10686000,55.9953
2024-01-12,61.1800,61.6600,60.9200,61.0400,7796900,56.2904
2024-01-16,60.6600,61.2000,60.2100,60.3500,11633100,55.6541
2024-01-17,59.4600,60.0100,57.8000,58.2700,11543100,53.7359
2024-01-18,57.9600,58.0800,57.2300,57.6500,9626500,53.1642
2024-01-19,57.7200,57.7900,56.5800,57.2600,12762600,52.8045
2024-01-22,57.3700,57.7900,56.6600,56.8500,12979900,52.4264
2024-01-23,57.2800,57.5100,56.8900,57.3800,16081000,52.9152
2024-01-24,58.1000,58.4100,56.7500,57.0100,14471400,52.5740
2024-01-25,58.9500,59.3600,57.0600,57.9800,15702600,53.4685
2024-01-26,58.3300,59.0200,58.2200,58.4800,11650000,53.9296
2024-01-29,58.4700,59.7900,58.2100,59.5700,10102800,54.9348
2024-01-30,59.5000,59.7500,58.5700,59.2800,7807700,54.6674
2024-01-31,59.7000,59.9800,58.4300,58.6300,11124900,54.0679
2024-02-01,58.3900,59.8300,58.0100,59.7500,8687600,55.1008
2024-02-02,58.8900,59.0300,57.9800,58.1500,14952900,53.6253
2024-02-05,57.3700,57.4300,55.8900,55.9700,14293600,51.6149
2024-02-06,56.0000,56.5800,55.5100,56.2300,10305400,51.8547
2024-02-07,56.3200,56.6700,55.6300,56.3800,7761300,51.9930
2024-02-08,56.4200,56.4200,55.3900,56.2900,8143000,51.9100
2024-02-09,55.9800,56.6300,55.7200,56.5800,8003500,52.1774
2024-02-12,56.5900,57.6300,56.5000,57.5500,9622000,53.0720
2024-02-13,56.8800,57.1400,54.6700,55.2500,12759700,50.9509
2024-02-14,55.3900,56.0700,55.0900,56.0100,8831300,51.6518
2024-02-15,56.3000,57.6600,56.2200,57.2700,9880000,52.8138
2024-02-16,56.8600,57.4200,56.3300,57.0300,9943500,52.5924
2024-02-20,56.7400,57.3200,56.0500,56.6100,13014600,52.2051
2024-02-21,57.0200,57.3400,56.6400,57.1000,9322100,52.6570
2024-02-22,56.7900,57.0800,56.3200,56.6700,10426000,52.2604
2024-02-23,56.8000,57.4600,56.5100,56.7800,10563900,52.3619
2024-02-26,55.9000,55.9300,54.8600,55.1500,12753800,51.3242
2024-02-27,55.4400,55.9900,54.7900,55.5600,12421800,51.7058
2024-02-28,55.3500,55.7200,54.7100,55.0400,13240400,51.2219
2024-02-29,55.4900,55.8600,54.9600,55.1900,19993600,51.3615
2024-03-01,55.2600,55.6200,54.2800,55.2100,15398200,51.3801
2024-03-04,54.7800,55.0700,53.9500,54.9700,11674600,51.1567
2024-03-05,55.0000,56.5100,54.9500,55.4000,16026100,51.5569
2024-03-06,55.9800,56.9100,55.2600,55.5300,11074900,51.6779
2024-03-07,56.0800,56.4700,55.5300,56.2500,10227300,52.3479
2024-03-08,56.7200,58.1600,56.3100,57.8100,12735600,53.7997
2024-03-11,57.5700,58.1400,56.8900,57.8700,9681500,53.8555
2024-03-12,57.6700,58.0000,56.5500,57.1500,9634400,53.1855
2024-03-13,59.0000,60.3700,58.9500,59.5400,17495300,55.4097
2024-03-14,59.2000,60.2400,59.1100,59.5400,16996100,55.4097
2024-03-15,59.2000,60.1300,58.8800,60.0800,32424500,55.9122
2024-03-18,60.0800,61.1400,59.4400,60.1700,17073700,55.9960
2024-03-19,60.3900,61.3900,60.2600,61.2700,11433900,57.0197
2024-03-20,61.4500,62.4100,61.3600,62.2000,14564500,57.8852
2024-03-21,62.2000,63.3900,61.2900,61.3600,18090300,57.1034
2024-03-22,62.2200,62.4900,61.7200,61.7800,10046300,57.4943
2024-03-25,62.0000,62.6400,61.4100,62.6100,11423500,58.2667
2024-03-26,62.6200,62.9100,61.3000,61.4300,13829600,57.1686
2024-03-27,62.1600,63.8600,62.0200,63.7900,13409000,59.3649
2024-03-28,63.6700,64.2600,63.3900,63.9100,12830800,59.4765
2024-04-01,63.9100,64.0500,62.7600,63.3800,13175200,58.9833
2024-04-02,63.2700,63.3400,62.3600,62.8800,9905300,58.5180
2024-04-03,62.6900,62.9900,61.8600,62.5500,10551400,58.2109
2024-04-04,63.3500,63.9800,62.9700,63.7300,10690100,59.3090
2024-04-05,63.0500,64.3600,62.9000,64.1800,10278100,59.7278
2024-04-08,64.1500,64.9200,63.9300,64.8600,8054900,60.3606
2024-04-09,65.1500,65.8600,64.7900,65.3800,9188000,60.8446
2024-04-10,63.5000,64.2400,63.0000,64.0100,10783400,59.5696
2024-04-11,64.6300,64.7900,63.3200,63.9400,12145600,59.5045
2024-04-12,64.1200,64.3100,62.9500,63.0800,9039500,58.7041
2024-04-15,63.5300,64.3300,62.3000,62.7500,11147100,58.3970
2024-04-16,62.4900,62.5800,61.3100,61.7000,11594100,57.4199
2024-04-17,62.2400,63.9200,61.9200,63.7900,15653700,59.3649
2024-04-18,63.8500,64.3900,63.1300,64.0100,10135000,59.5696
2024-04-19,64.2200,64.9000,63.6500,64.3000,13419400,59.8395
2024-04-22,64.5900,65.4900,63.9200,65.3100,14747200,60.7794
2024-04-23,65.2400,67.1700,65.1000,66.2000,14349200,61.6077
2024-04-24,65.9100,67.1000,65.2200,66.5600,12149600,61.9427
2024-04-25,66.0000,67.1200,65.5100,66.9000,11418500,62.2591
2024-04-26,67.2200,67.3000,65.7500,65.9900,9982800,61.4123
2024-04-29,67.0200,67.9100,66.9600,67.4200,9795800,62.7431
2024-04-30,66.9000,67.4900,66.2700,66.9700,10042600,62.3243
2024-05-01,66.8700,68.8600,66.7400,68.6100,13991100,63.8505
2024-05-02,68.8800,69.0200,67.6700,68.8500,10815900,64.0739
2024-05-03,69.8900,70.2800,69.3100,70.1400,12687500,65.2744
2024-05-06,70.3600,71.3000,70.2600,71.2500,14042100,66.3074
2024-05-07,71.6900,72.0400,71.3100,71.9500,13621100,66.9588
2024-05-08,71.7000,72.8900,71.4800,72.8500,9915000,67.7964
2024-05-09,73.0000,74.7300,72.5800,74.5800,16627900,69.4064
2024-05-10,74.8700,75.2100,73.6500,73.7900,12046700,68.6712
2024-05-13,74.1400,74.6700,73.5900,74.5800,7685500,69.4064
2024-05-14,74.9400,75.6100,74.6600,75.4200,8176600,70.1881
2024-05-15,75.9700,77.1900,75.9700,77.0500,12470600,71.7050
2024-05-16,77.0600,77.4100,76.0600,76.4100,10414200,71.1094
2024-05-17,76.3500,76.5500,75.5400,76.0900,9490300,70.8116
2024-05-20,75.9900,76.1900,75.5700,75.8700,7179700,70.6069
2024-05-21,75.8700,76.9600,75.4500,76.9500,6420100,71.6120
2024-05-22,76.4100,77.1800,76.1600,76.3200,8773600,71.0257
2024-05-23,75.9600,75.9600,74.6200,75.3200,9097800,70.0950
2024-05-24,75.4200,77.1000,75.2600,76.6100,7601100,71.2955
2024-05-28,76.6200,78.2600,76.3300,77.5300,11986600,72.1517
2024-05-29,76.7700,76.9000,76.1600,76.6800,6896300,71.3607
2024-05-30,76.8700,78.2600,76.6100,78.1900,21762300,72.7659
2024-05-31,78.2900,80.4700,78.1300,80.0200,16196000,74.4690
2024-06-03,79.5000,79.7500,77.5200,77.7100,15410500,72.7877
2024-06-04,77.6100,77.7900,76.5300,77.1500,8484300,72.2632
2024-06-05,77.0500,77.3300,76.6000,77.0500,9264600,72.1695
2024-06-06,76.9400,77.7700,76.6300,76.7000,6550600,71.8417
2024-06-07,75.5600,77.0000,75.0100,75.3900,10059500,70.6146
2024-06-10,75.4700,77.0600,74.8500,76.9700,11218500,72.0946
2024-06-11,75.3000,75.3200,71.5500,72.7400,22781500,68.1325
2024-06-12,73.7900,73.9500,71.4000,72.2600,13930500,67.6829
2024-06-13,72.5600,73.7200,72.3600,73.1800,10023200,68.5446
2024-06-14,72.7600,73.5400,72.3800,73.0600,6568500,68.4322
2024-06-17,72.7300,73.4000,72.1900,72.3100,8445300,67.7297
2024-06-18,69.1000,70.5900,68.9700,70.4400,29169800,65.9782
2024-06-20,71.0000,72.8900,70.7900,72.4600,14857200,67.8702
2024-06-21,73.3600,73.6900,72.0700,72.8100,19465500,68.1981
2024-06-24,72.5000,74.2600,72.2500,73.8500,12063700,69.1722
2024-06-25,73.5700,73.7400,72.3900,72.9800,10753200,68.3573
2024-06-26,72.8000,73.6100,71.9200,73.3700,11481500,68.7226
2024-06-27,73.6200,74.3900,73.2300,73.7200,9824500,69.0504
2024-06-28,73.2100,73.3100,69.8600,70.8100,23935600,66.3247
2024-07-01,71.4600,71.6300,69.5400,69.9000,11036400,65.4724
2024-07-02,70.0000,70.6000,69.3800,70.4700,9415200,66.0063
2024-07-03,70.9200,71.9100,70.5500,71.8300,4487200,67.2801
2024-07-05,72.0000,72.3500,71.6400,72.0900,7688800,67.5237
2024-07-08,72.1500,72.5800,71.7400,72.1100,5368700,67.5424
2024-07-09,72.0600,72.9900,71.6800,72.1200,6220100,67.5518
2024-07-10,72.2600,73.1300,71.6800,72.9000,6740900,68.2824
2024-07-11,73.5000,75.2100,73.4600,74.7000,12188700,69.9683
2024-07-12,75.0000,76.7000,74.7700,76.0000,11099400,71.1860
2024-07-15,74.1700,74.4000,70.7600,70.9700,19575400,66.4746
2024-07-16,71.5400,72.2900,70.8500,71.9000,10551800,67.3457
2024-07-17,71.7500,72.2500,70.4800,70.9000,11878900,66.4090
2024-07-18,71.0000,72.3600,70.8200,71.6700,10212300,67.1303
2024-07-19,71.9200,72.3600,71.4400,72.0000,7752100,67.4394
2024-07-22,72.9500,74.1500,72.7600,72.9000,9034700,68.2824
2024-07-23,72.4300,73.0200,71.9100,72.1100,7027500,67.5424
2024-07-24,72.7300,75.7500,72.2900,75.4100,17813700,70.6334
2024-07-25,75.1900,75.6700,73.3000,73.4400,13934200,68.7882
2024-07-26,74.2300,74.9900,73.5200,74.2600,7076200,69.5562
2024-07-29,74.4600,74.6700,73.5600,74.3400,5977500,69.6311
2024-07-30,74.5300,74.5300,73.2000,74.2800,8505500,69.5750
2024-07-31,74.8700,76.8800,74.6900,76.3900,15618100,71.5513
2024-08-01,76.3200,78.4200,75.9000,78.3900,11136600,73.4246
2024-08-02,79.3600,80.5600,77.8200,79.2000,14513100,74.1833
2024-08-05,78.5500,79.0000,76.4900,76.6800,11877600,71.8229
2024-08-06,76.8500,78.4000,76.6700,76.9700,9050900,72.0946
2024-08-07,77.7200,78.7600,77.2900,77.5600,8193200,72.6472
2024-08-08,77.1200,78.2300,76.6000,77.5400,6935900,72.6285
2024-08-09,77.5000,78.0300,76.3500,77.4600,5041200,72.5535
2024-08-12,77.3300,77.6100,76.8900,77.5800,5955600,72.6659
2024-08-13,78.3500,78.5000,77.5300,78.1200,5108900,73.1717
2024-08-14,78.0000,78.5800,77.1000,78.0100,4620700,73.0687
2024-08-15,77.5400,77.8100,77.1300,77.4100,5946500,72.5067
2024-08-16,77.5200,78.7900,77.2400,78.5700,6344200,73.5932
2024-08-19,78.5700,79.5700,78.4300,79.3500,5617000,74.3238
2024-08-20,79.3500,79.7900,78.9600,78.9800,5967300,73.9772
2024-08-21,79.1700,79.9900,79.1300,79.6400,5125300,74.5954
2024-08-22,79.6800,79.9400,78.4600,78.9200,8006600,73.9210
2024-08-23,79.4600,80.3200,79.1600,79.6600,5052900,74.6142
2024-08-26,80.0000,81.0700,79.9600,80.6400,5378700,75.5321
2024-08-27,80.3600,80.6400,79.5800,79.6100,5086000,74.5673
2024-08-28,79.7300,80.1300,79.1900,79.4100,5462400,74.3800
2024-08-29,79.5300,80.1800,78.7100,80.0300,5179200,74.9607
2024-08-30,79.5900,80.7400,79.4700,80.5100,6808200,75.8988
2024-09-03,80.7700,81.1800,79.6300,79.9300,9883900,75.3520
2024-09-04,80.4100,81.5400,80.3200,81.0800,7517700,76.4361
2024-09-05,81.9600,82.1400,80.2300,80.3300,8494900,75.7290
2024-09-06,80.8600,81.1900,79.8100,79.9800,8181500,75.3991
2024-09-09,80.1100,81.2400,79.2600,81.1900,6918000,76.5398
2024-09-10,81.4700,82.3900,81.0500,82.3000,9588000,77.5862
2024-09-11,82.7000,83.5700,81.7300,83.4300,10216500,78.6515
2024-09-12,83.4300,83.9700,82.7100,83.4600,7856600,78.6798
2024-09-13,83.9000,84.7300,83.5000,84.6500,6734400,79.8016
2024-09-16,85.0900,85.5600,84.3700,84.6400,8791400,79.7922
2024-09-17,84.7900,85.0000,84.1800,84.9700,7415100,80.1033
2024-09-18,84.4900,84.9900,83.5100,84.2800,9286200,79.4528
2024-09-19,83.6300,83.8000,81.4700,82.2900,13965200,77.5768
2024-09-20,82.2500,83.7600,82.0500,82.7600,26032300,78.0199
2024-09-23,83.6600,84.9400,82.9400,84.8200,7916000,79.9619
2024-09-24,84.2000,85.2700,83.9200,84.2900,8205300,79.4622
2024-09-25,84.6100,85.2100,83.8500,84.6200,8354700,79.7733
2024-09-26,84.2500,84.6000,83.2400,83.4600,8462500,78.6798
2024-09-27,83.7700,84.8400,83.7600,84.5400,8200900,79.6979
2024-09-30,84.5000,84.9500,84.0100,84.5300,13884400,79.6885
2024-10-01,84.1100,85.7500,83.8200,85.2700,9112600,80.3861
2024-10-02,84.7700,85.5900,84.4900,85.4300,8403800,80.5369
2024-10-03,85.6500,86.1000,84.7500,85.0500,7031500,80.1787
2024-10-04,83.4900,84.0800,83.0100,83.8500,8341800,79.0474
2024-10-07,83.5500,83.5500,80.1900,80.2900,11971600,75.6913
2024-10-08,80.7800,81.8100,80.4900,80.5000,10098300,75.8893
2024-10-09,79.6600,81.1000,79.6600,80.5800,10102500,75.9647
2024-10-10,81.0000,82.5600,80.8200,80.9400,7928400,76.3041
2024-10-11,80.9800,81.8800,80.3900,81.8600,7057000,77.1714
2024-10-14,81.9000,83.1900,81.6100,82.9100,5815200,78.1613
2024-10-15,83.0000,84.0500,82.6700,82.7900,15824900,78.0482
2024-10-16,83.0800,84.6400,82.7300,84.3900,8061600,79.5565
2024-10-17,84.3000,84.6300,83.7000,83.7800,6153000,78.9815
2024-10-18,83.9200,84.4100,83.5500,84.3800,8595300,79.5471
2024-10-21,84.7600,84.9600,83.6600,84.0300,7053800,79.2171
2024-10-22,83.2000,84.2300,83.1400,83.7000,8358500,78.9060
2024-10-23,84.5900,86.0000,83.0000,84.9600,10825100,80.0939
2024-10-24,84.0000,84.5500,82.5000,82.8100,9705100,78.0670
2024-10-25,82.9000,83.1300,81.2900,81.4300,6580700,76.7661
2024-10-28,82.0400,83.8400,81.6100,82.8700,8679600,78.1236
2024-10-29,79.9500,80.7000,79.4700,79.5600,19232900,75.0031
2024-10-30,79.7500,79.8900,78.8900,79.0900,11650200,74.5601
2024-10-31,78.3900,79.8500,78.1400,79.2500,13034700,74.7109
2024-11-01,79.3900,79.4600,76.9700,77.3500,14615300,72.9197
2024-11-04,77.3500,78.8200,77.1000,78.3700,11759100,73.8813
2024-11-05,77.7700,78.7900,76.9700,78.6500,9051700,74.1453
2024-11-06,74.3000,74.9800,72.6900,74.5200,28637800,70.2518
2024-11-07,73.6100,75.0900,73.5700,74.6200,16311300,70.3461
2024-11-08,74.9800,77.1900,74.6800,76.9700,14657100,72.5615
2024-11-11,76.9800,77.1500,75.7400,75.9100,10275700,71.5622
2024-11-12,75.6100,75.8000,73.6200,74.2600,12569800,70.0067
2024-11-13,74.6300,75.0400,73.9200,74.2400,12451500,69.9879
2024-11-14,73.8800,76.1800,73.6500,75.2800,13780200,70.9683
2024-11-15,75.4500,76.6900,75.2900,76.3500,12930300,71.9770
2024-11-18,76.3000,76.6700,75.3100,76.3900,9044300,72.0147
2024-11-19,76.3100,77.3200,75.7200,77.0800,7942200,72.6652
2024-11-20,77.1900,77.5000,76.3600,76.8800,7065200,72.4766
2024-11-21,76.7900,77.5100,76.3600,77.3600,8908500,72.9292
2024-11-22,77.2300,77.5400,75.7600,76.0000,8165400,72.1272
2024-11-25,76.7300,77.1000,75.8300,76.6400,20803100,72.7346
2024-11-26,77.0000,77.7800,76.4700,77.4900,10563600,73.5413
2024-11-27,78.1300,79.3800,77.8600,78.5200,8689700,74.5188
2024-11-29,78.5800,78.9900,78.3200,78.6700,6186500,74.6612
2024-12-02,78.9200,79.0500,76.9000,77.0700,11361500,73.1427
2024-12-03,77.0700,77.5700,76.2300,76.2900,9806900,72.4024
2024-12-04,76.0000,76.0200,75.1000,75.7400,8310200,71.8805
2024-12-05,75.6400,76.5400,75.4200,76.2000,6487200,72.3170
2024-12-06,76.1900,76.5000,74.9200,75.2400,7079200,71.4059
2024-12-09,75.5000,75.6300,74.5600,74.7000,9269700,70.8935
2024-12-10,74.5000,74.5200,73.3500,74.1400,8619200,70.3620
2024-12-11,74.2000,74.5500,73.5800,73.9800,7472800,70.2102
2024-12-12,73.8400,74.0800,73.0900,73.2200,6969600,69.4889
2024-12-13,73.0500,73.7500,72.9400,73.6200,7671200,69.8685
2024-12-16,73.7000,74.2200,72.7600,72.7900,9767000,69.0808
2024-12-17,72.3100,72.6000,71.8000,72.2700,7723000,68.5873
2024-12-18,71.9600,72.5400,70.4300,70.5200,12496000,66.9265
2024-12-19,70.5200,71.0000,69.7100,69.7700,13731700,66.2147
2024-12-20,69.5800,71.9800,69.3200,71.6700,27547500,68.0179
2024-12-23,71.3400,72.5300,71.2500,72.4900,7509000,68.7961
2024-12-24,72.4200,72.9100,72.0300,72.9100,3001800,69.1947
2024-12-26,72.4800,72.9000,72.2700,72.3700,4503800,68.6822
2024-12-27,71.9000,72.4300,71.6800,72.1100,5458100,68.4354
2024-12-30,71.6800,71.9100,70.9800,71.7600,8399000,68.1033
2024-12-31,71.8600,72.4100,71.4000,71.6900,6216500,68.0368
2025-01-02,72.4700,72.6200,71.2900,71.6100,5344800,67.9609
2025-01-03,71.9200,72.6800,71.5900,71.9900,5088900,68.3216
2025-01-06,71.8000,71.9400,70.8400,71.2400,7025900,67.6098
2025-01-07,71.4600,71.9000,70.0600,70.4300,8975400,66.8411
2025-01-08,70.0200,70.7000,69.4600,70.6600,7930600,67.0593
2025-01-10,69.9900,70.0700,67.0700,67.3800,16261800,63.9465
2025-01-13,67.2200,67.3600,65.8900,66.9600,17056600,63.5479
2025-01-14,66.9800,68.0100,66.8800,67.9800,10699100,64.5159
2025-01-15,69.2700,70.0400,69.0100,69.2900,12416500,65.7591
2025-01-16,68.9600,71.4200,68.8900,71.3700,11469500,67.7331
2025-01-17,71.0900,71.8400,70.7400,70.7600,12664600,67.1542
2025-01-21,71.3600,71.8800,70.7800,70.8500,12153800,67.2396
2025-01-22,70.5600,70.5700,68.3400,68.4900,14415200,64.9999
2025-01-23,68.8500,69.3500,68.2700,69.2300,10780100,65.7022
2025-01-24,68.1000,74.0500,68.0000,72.8300,24588500,69.1188
2025-01-27,73.3000,73.9300,70.6400,73.8300,19128900,70.0678
2025-01-28,72.3300,72.8800,69.9200,70.5400,16630500,66.9455
2025-01-29,70.7500,71.5200,70.6100,70.8900,9496700,67.2776
2025-01-30,71.9900,72.0000,70.7900,71.3000,8639200,67.6667
2025-01-31,71.5100,71.7300,70.9300,71.5600,10708600,67.9135
2025-02-03,70.5000,71.7900,70.1900,71.0500,9128300,67.4295
2025-02-04,70.2500,70.8500,69.6200,69.9000,10574700,66.3381
2025-02-05,70.7500,70.7900,69.1400,69.2000,9026100,65.6737
2025-02-06,69.4000,69.6200,68.2600,69.2700,9145300,65.7402
2025-02-07,69.1400,69.3900,68.2000,68.2700,9320400,64.7911
2025-02-10,68.3400,69.7400,68.0900,69.7000,9121300,66.1482
2025-02-11,69.4100,70.3800,68.7100,70.3300,7020100,66.7461
2025-02-12,69.3100,70.1900,68.9800,69.2800,8574000,65.7497
2025-02-13,69.4200,69.6600,68.5600,68.6000,15173000,65.1043
2025-02-14,68.6000,69.0200,67.8800,68.0600,14184600,64.5918
2025-02-18,68.0000,68.5500,67.5300,68.5000,12090900,65.0094
2025-02-19,68.5400,69.5100,68.4100,69.0600,8843000,65.5409
2025-02-20,69.0800,70.4400,68.8200,70.1400,9340500,66.5658
2025-02-21,70.1400,71.9700,70.0100,71.5800,16742500,67.9324
2025-02-24,71.3000,71.4600,69.9200,70.8000,11970900,67.1922
2025-02-25,71.2000,71.7100,70.6800,71.2800,14063400,67.6477
2025-02-26,71.1900,71.6400,70.5100,71.0100,8010500,67.3915
2025-02-27,70.5700,70.9100,69.3100,69.3800,9379800,65.8446
2025-02-28,69.5900,70.2200,69.2800,70.1700,11247700,67.1430
2025-03-03,70.0500,71.7000,70.0000,71.6200,9492200,68.5305
2025-03-04,71.9600,73.0800,70.7600,70.8500,17869500,67.7937
2025-03-05,70.5300,70.8900,69.3900,70.4800,7722400,67.4397
2025-03-06,70.0200,70.1100,69.0200,70.0100,7482300,66.9899
2025-03-07,70.1800,73.1200,70.0600,72.8300,13469300,69.6883
2025-03-10,73.0000,76.2900,72.4800,76.1600,25263700,72.8746
2025-03-11,75.9000,76.2600,73.2000,74.0300,14836800,70.8365
2025-03-12,73.0000,73.3800,71.7800,72.9200,12110700,69.7744
2025-03-13,73.2000,73.5500,72.0500,72.7300,11252600,69.5926
2025-03-14,72.7800,73.6800,72.3300,73.5500,8699300,70.3772
2025-03-17,73.4300,73.4300,71.0700,72.1100,14954000,68.9993
2025-03-18,72.2100,72.2100,70.2700,70.7000,15212100,67.6502
2025-03-19,71.0200,71.1800,70.0000,70.5000,9457000,67.4588
2025-03-20,71.0400,72.0900,70.5900,71.1500,11815600,68.0807
2025-03-21,71.0200,71.9600,70.1700,70.8800,15782000,67.8224
2025-03-24,70.9500,71.7900,69.9100,70.0700,12385400,67.0473
2025-03-25,70.4800,70.4800,68.4200,68.5900,12618800,65.6312
2025-03-26,68.7700,69.8400,68.6800,69.7300,9154600,66.7220
2025-03-27,69.7600,71.0200,69.6100,70.0300,8748800,67.0091
2025-03-28,70.4400,70.9700,70.1700,70.4500,7846900,67.4109
2025-03-31,70.7100,71.7500,70.6200,70.8900,13347100,67.8320
2025-04-01,71.0000,71.5700,70.5200,70.9200,8715800,67.8607
2025-04-02,71.0900,71.2900,70.1300,70.4800,8480100,67.4397
2025-04-03,71.6700,72.9600,71.3700,72.1400,13652700,69.0280
2025-04-04,72.7900,73.4200,66.8600,66.9100,20993500,64.0236
2025-04-07,65.5000,67.2700,63.9300,65.0600,19494900,62.2534
2025-04-08,66.4300,66.5800,63.2000,64.1100,14232600,61.3444
2025-04-09,63.3900,67.7900,61.7200,67.5800,23207800,64.6648
2025-04-10,66.8000,67.5000,65.2400,66.7200,12801900,63.8418
2025-04-11,66.4500,66.9900,64.6000,65.8100,14856900,62.9711
2025-04-14,66.4800,68.1200,65.9600,67.6900,11588800,64.7700
2025-04-15,67.8600,68.4400,67.5300,67.6600,7851700,64.7413
2025-04-16,67.9500,68.0500,65.3000,65.6400,11356100,62.8084
2025-04-17,66.0400,67.3400,65.9700,66.3100,11212300,63.4495
2025-04-21,65.8200,66.0600,63.6400,64.6800,11568700,61.8898
2025-04-22,65.4600,66.8000,65.3500,66.6400,14352000,63.7653
2025-04-23,67.5500,69.1000,66.9900,67.2700,19476200,64.3681
2025-04-24,67.0400,67.2000,65.2400,66.3500,13724700,63.4878
2025-04-25,66.6600,66.8700,65.3600,66.0900,9640200,63.2390
2025-04-28,66.1600,66.3400,65.2800,66.1900,7123500,63.3347
2025-04-29,66.0500,67.4000,65.7200,67.2500,8891500,64.3490
2025-04-30,67.0100,67.2100,65.4600,66.8800,13763500,63.9949
2025-05-01,67.4900,67.6300,65.9400,66.0500,11487900,63.2008
2025-05-02,66.1000,67.3700,65.9900,67.0900,13333200,64.1959
2025-05-05,67.0000,67.0300,65.8800,66.1000,7117800,63.2486
2025-05-06,65.8100,66.8900,65.3500,66.5400,7943000,63.6696
2025-05-07,66.2600,67.9800,65.9700,67.3600,9961300,64.4542
2025-05-08,67.2700,69.3800,66.9100,68.3200,13030100,65.3728
2025-05-09,68.6800,70.4900,68.4500,70.3100,17326200,67.2770
2025-05-12,70.9100,70.9900,68.7000,69.6900,18943800,66.6837
2025-05-13,70.0700,72.4800,69.9600,72.1100,22962500,68.9993
2025-05-14,71.8000,72.4400,70.7500,72.1900,15238900,69.0759
2025-05-15,73.0000,74.8300,72.4500,74.5500,17789900,71.3341
2025-05-16,74.5500,75.0000,73.7100,75.0000,12829800,71.7647
2025-05-19,74.2200,74.2500,73.1600,73.8600,14438400,70.6738
2025-05-20,74.0000,75.2100,73.8300,74.4100,8046700,71.2001
2025-05-21,74.0700,74.3400,71.3600,71.5400,16133100,68.4539
2025-05-22,68.9000,69.0000,63.8800,66.9400,40207600,64.0524
2025-05-23,67.0100,67.9500,65.9700,67.7600,17161100,64.8370
2025-05-27,67.7500,68.3700,67.4700,68.0400,10910700,65.1049
2025-05-28,67.8900,68.1500,66.8300,67.2100,7835700,64.3107
2025-05-29,66.7700,69.1000,66.7700,68.9900,11570200,66.0139
2025-05-30,68.8000,70.6900,68.5000,70.6400,18802700,67.5928
2025-06-02,69.7500,70.2000,69.0400,70.1500,9366900,67.6670
2025-06-03,70.3000,71.0800,69.8600,70.9500,11014300,68.4387
2025-06-04,71.1500,71.1500,69.7900,69.8800,10894900,67.4066
2025-06-05,70.3000,72.0000,69.7500,71.5000,10967200,68.9692
2025-06-06,71.6200,72.2900,71.4700,72.1600,9286000,69.6059
2025-06-09,72.2300,72.4600,71.3200,71.9000,7062600,69.3551
2025-06-10,72.3000,73.0600,71.9300,72.8100,9888000,70.2329
2025-06-11,72.8300,73.4900,72.5600,73.0000,12000200,70.4161
2025-06-12,73.4200,74.4300,73.2600,73.8400,11022200,71.2264
2025-06-13,73.7900,75.2500,73.3900,74.7800,13213400,72.1331
2025-06-16,75.2000,75.3000,72.5600,73.7800,14546000,71.1685
2025-06-17,73.3300,73.6200,70.4500,71.8600,12971300,69.3165
2025-06-18,71.9700,72.4400,71.3800,71.5700,7203300,69.0368
2025-06-20,71.8700,72.5600,71.5000,71.5300,15182700,68.9982
2025-06-23,71.7900,72.3200,70.1300,70.7300,8671300,68.2265
2025-06-24,71.0200,71.6100,70.6800,71.4000,9001300,68.8728
2025-06-25,70.6400,71.1300,70.1400,70.3400,12839000,67.8503
2025-06-26,70.4000,71.2000,70.2900,70.9900,8010800,68.4773
2025-06-27,71.5100,71.8200,70.3500,70.8900,14275000,68.3808
2025-06-30,67.8300,69.6800,67.2000,69.4200,20894500,66.9629
2025-07-01,69.5700,73.1500,67.5400,73.0600,23841100,70.4740
2025-07-02,72.7900,73.7500,72.5800,73.0200,11240100,70.4354
2025-07-03,73.0000,75.0500,72.4700,73.8800,8560900,71.2650
2025-07-07,73.7000,74.8600,73.5000,74.7500,11368300,72.1042
2025-07-08,72.8600,73.4000,71.2600,72.4600,19550700,69.8953
2025-07-09,72.8700,73.8900,72.6800,73.6500,8818700,71.0431
2025-07-10,73.3000,74.8400,73.0000,74.6400,6955100,71.9981
2025-07-11,73.8500,74.4400,73.4800,74.4000,8094100,71.7666
2025-07-14,74.4000,75.8300,74.1700,75.0400,10420500,72.3839
2025-07-15,75.3400,75.5400,74.1900,74.7000,8880100,72.0560
2025-07-16,75.0600,75.3100,74.2600,74.7700,8906300,72.1235
2025-07-17,74.5100,75.4700,74.3700,75.1800,7174600,72.5190
2025-07-18,75.2500,76.3500,74.9700,75.9500,7986300,73.2617
2025-07-21,76.3400,77.1000,75.9600,76.1700,8349900,73.4739
2025-07-22,76.3500,77.6000,76.3500,77.5400,9032600,74.7954
2025-07-23,77.5000,78.4600,72.0700,72.8200,21219500,70.2425
2025-07-24,72.9300,72.9700,71.3500,71.9700,11166100,69.4226
2025-07-25,72.1000,72.7200,71.0800,71.8500,8074800,69.3068
2025-07-28,71.9000,72.3000,70.9700,71.3400,8157200,68.8149
2025-07-29,71.6400,72.2800,71.0500,71.9500,7588500,69.4033
2025-07-30,71.9000,72.0100,70.9300,70.9900,6940300,68.4773
2025-07-31,70.4100,71.2200,69.6900,71.0600,8845200,68.5448
2025-08-01,71.4300,71.7900,70.3400,70.4000,6628500,67.9082
2025-08-04,70.5000,71.2100,70.1800,70.5300,6543600,68.0336
2025-08-05,70.8600,71.9400,70.6600,71.1800,7178900,68.6606
2025-08-06,71.4400,71.5100,70.4900,70.5400,7720200,68.0432
2025-08-07,70.6700,72.6600,70.6700,72.5800,7418600,70.0110
2025-08-08,72.6600,73.0000,72.2300,72.4100,5575700,69.8470
2025-08-11,72.8000,73.0200,71.1200,72.4500,8420000,69.8856
2025-08-12,72.6900,72.7800,71.1400,71.8600,8671100,69.3165
2025-08-13,71.9000,72.3100,71.2000,72.3000,8122300,69.7409
2025-08-14,71.8000,72.5100,71.3500,72.2400,6781000,69.6830
2025-08-15,72.2400,76.6900,71.7800,75.4100,23398400,72.7408
2025-08-18,76.1100,77.3100,75.3100,75.7200,12568400,73.0399
2025-08-19,75.8000,76.5800,75.4500,76.5100,8047300,73.8019
2025-08-20,76.7200,77.2600,75.8300,76.1800,11011600,73.4836
2025-08-21,76.4700,77.4200,75.5800,76.0800,8637100,73.3871
2025-08-22,76.6500,77.0900,75.4300,76.3200,13128900,73.6186
2025-08-25,75.8100,76.2000,75.1100,75.3200,6337700,72.6540
2025-08-26,75.4400,75.7500,74.4300,74.8400,7162700,72.1910
2025-08-27,74.9100,75.0100,73.4000,73.8900,10119000,71.2746
2025-08-28,73.2600,73.4800,71.9000,72.0900,10917200,70.0761
2025-08-29,72.4000,72.8300,71.8200,72.0500,11280500,70.0372
2025-09-02,72.2700,72.6600,71.4900,72.6500,8661500,70.6204
2025-09-03,72.1200,72.6300,71.3600,71.6300,7722300,69.6289
2025-09-04,72.0500,72.5000,70.1600,70.8700,14596800,68.8902
2025-09-05,71.2500,71.7300,70.2600,70.9000,10067600,68.9193
2025-09-08,70.8300,70.8400,69.2400,69.7700,12596500,67.8209
2025-09-09,69.6600,70.3200,69.5400,70.0700,7294500,68.1125
2025-09-10,70.0000,71.3300,69.6200,71.0400,9254400,69.0554
2025-09-11,70.9700,71.4400,70.5100,71.3200,7418300,69.3276
2025-09-12,71.1500,72.4900,70.8100,71.6400,9345600,69.6387
2025-09-15,71.5800,72.2000,71.3000,71.5000,10399100,69.5026
2025-09-16,71.2900,71.5400,69.7700,69.8300,7930200,67.8792
2025-09-17,70.2800,71.0100,70.1000,70.3100,10799600,68.3458
2025-09-18,70.0000,71.0900,69.3700,70.7900,8488500,68.8124
2025-09-19,70.9800,71.4000,70.3700,71.0800,14819300,69.0943
2025-09-22,71.4000,72.5400,71.2700,72.3500,9856700,70.3288
2025-09-23,72.1000,72.6200,71.7200,72.3200,7795900,70.2997
2025-09-24,72.1900,73.8800,72.0500,73.8300,11281800,71.7675
2025-09-25,74.0600,74.9100,73.5900,74.6500,12916500,72.5646
2025-09-26,74.7300,75.8600,74.6300,75.8500,8271500,73.7310
2025-09-29,75.6800,76.2900,75.2700,76.2100,10366000,74.0810
2025-09-30,76.4600,76.7000,75.1200,75.4900,9392700,73.3811
2025-10-01,76.3300,78.7000,76.2200,78.6700,15044800,76.4723
2025-10-02,78.6400,78.8900,77.5400,78.1800,9266600,75.9959
2025-10-03,78.4500,81.3600,77.6500,80.0600,12116600,77.8234
2025-10-06,80.1500,82.3700,80.1500,82.1100,15767600,79.8162
2025-10-07,83.1300,84.6100,82.4100,83.2100,16109700,80.8854
2025-10-08,83.7000,84.3900,82.8700,84.0400,13775600,81.6923
2025-10-09,84.4600,84.8200,83.4500,83.7100,7486100,81.3715
2025-10-10,83.9000,84.8300,83.2000,83.3500,10285600,81.0215
2025-10-13,83.1300,85.0300,83.0100,84.3000,8424300,81.9450
2025-10-14,84.1700,84.8400,83.4300,84.6400,8912900,82.2755
2025-10-15,85.0700,86.4900,84.8300,85.7900,9268600,83.3934
2025-10-16,86.2200,86.7400,84.9800,85.0500,8333700,82.6740
2025-10-17,85.4500,85.8200,84.1700,84.5300,9142200,82.1686
2025-10-20,85.1900,85.3400,84.3100,84.7700,5225700,82.4019
2025-10-21,85.0000,85.1100,83.0300,83.9900,7282200,81.6436
2025-10-22,84.0700,84.2200,82.4700,82.8400,9208900,80.5258
2025-10-23,83.8900,83.8900,82.5700,83.2500,5630800,80.9243
2025-10-24,83.5800,84.7800,83.3600,84.4100,6249800,82.0519
2025-10-27,83.9900,87.2900,83.7900,86.0300,18741000,83.6267
2025-10-28,87.5200,87.5300,82.9100,83.5700,13998100,81.2354
2025-10-29,83.3000,83.7900,81.0500,81.7600,11681500,79.4760
2025-10-30,81.8200,82.5800,81.4400,81.6400,7620100,79.3593
2025-10-31,81.3400,82.0300,80.8600,81.4000,9407300,79.1260
2025-11-03,81.3000,82.1000,80.6000,81.7800,8508200,79.4954
2025-11-04,81.7800,82.2100,80.8000,81.6900,6474500,79.4079
2025-11-05,81.4200,82.6300,81.1100,82.1400,7291000,79.8453
2025-11-06,82.1200,82.9700,81.9900,82.0000,6212700,79.7093
2025-11-07,81.9100,84.0000,81.6200,83.9300,9167100,81.5853
2025-11-10,84.1800,85.4700,83.6900,84.7700,11701700,82.4019
2025-11-11,84.6900,85.8300,84.5500,85.7600,11733900,83.3642
2025-11-12,85.4300,86.2600,85.0100,85.8900,7604800,83.4906
2025-11-13,85.7800,85.9300,83.9300,83.9900,11859300,81.6436
2025-11-14,83.5100,84.4900,82.5300,83.8800,8352100,81.5367
2025-11-17,83.6900,85.7700,83.6900,85.7500,11607900,83.3545
2025-11-18,86.1200,86.6900,84.6200,84.6400,11061200,82.2755
2025-11-19,85.1200,85.3400,83.9200,84.2700,11138700,81.9158
2025-11-20,84.7900,86.4900,84.2000,84.3000,10967000,81.9450
2025-11-21,84.1800,84.6700,81.6400,83.4800,13930100,81.6974
2025-11-24,83.7700,84.7900,83.0100,84.2300,13291500,82.4314
2025-11-25,84.6900,85.3400,84.1800,84.8300,7916800,83.0186
2025-11-26,85.2500,85.6900,84.6900,85.5400,6550600,83.7134
2025-11-28,85.4400,86.4700,85.1500,86.2900,4123300,84.4474
2025-12-01,85.5900,85.6700,84.3900,84.6500,7986600,82.8424
2025-12-02,84.9100,85.2800,84.2500,84.5800,7087000,82.7739
2025-12-03,84.6600,85.9700,84.5000,84.9500,9615100,83.1360
2025-12-04,84.5200,84.8100,82.7400,83.3900,12489600,81.6093
2025-12-05,83.5100,84.2000,83.0600,83.1300,8194600,81.3549
2025-12-08,83.1400,83.1600,80.4100,80.5500,18136600,78.8300
2025-12-09,80.8000,81.1400,79.5000,79.6400,13760400,77.9394
2025-12-10,80.0500,81.9200,79.6400,81.2700,13341100,79.5346
2025-12-11,81.2500,82.4100,81.0700,81.2100,9494100,79.4759
2025-12-12,81.8400,82.2700,81.3300,81.6500,7783100,79.9065
2025-12-15,82.0100,82.2400,80.5300,81.6500,9489800,79.9065
2025-12-16,81.6400,81.8500,80.1900,81.3200,6616600,79.5835
2025-12-17,80.9700,81.3100,79.6500,80.2900,10212000,78.5755
2025-12-18,80.4000,81.1800,80.0000,80.8500,9201300,79.1236
2025-12-19,80.5700,81.1400,79.5300,79.5400,30492300,77.8415
2025-12-22,79.0200,80.1800,78.7200,80.0400,7136200,78.3308
2025-12-23,80.0300,80.7000,79.7500,79.7900,7875000,78.0862
2025-12-24,80.1400,80.4700,79.6900,80.4500,3011300,78.7321
2025-12-26,80.4800,80.6400,80.0500,80.4100,3636400,78.6930
2025-12-29,80.4200,81.2500,80.2200,80.2700,5854600,78.5559
2025-12-30,80.2000,80.6700,80.1500,80.5300,4075900,78.8104
2025-12-31,80.6900,80.6900,80.2100,80.2800,5036200,78.5657
