Date,Open,High,Low,Close,Volume,Adj Close
2016-01-04,,1126.4862,1113.1709,1125.9670,,1125.9670
2016-01-05,,1136.8110,1109.3554,1134.4212,,1134.4212
2016-01-06,,1137.0809,1122.9550,1132.8986,,1132.8986
2016-01-07,,1133.0076,1122.3818,1127.6629,,1127.6629
2016-01-08,,1136.7491,1126.1059,1128.0257,,1128.0257
2016-01-11,,1138.1479,1128.6807,1132.9245,,1132.9245
2016-01-12,,1135.5478,1118.3822,1127.4315,,1127.4315
2016-01-13,,1136.1487,1122.0934,1125.6440,,1125.6440
2016-01-14,,1149.2898,1121.2332,1143.0919,,1143.0919
2016-01-15,,1140.4796,1117.2559,1130.5572,,1130.5572
2016-01-19,,1150.8706,1133.0301,1147.8272,,1147.8272
2016-01-20,,1145.0799,1104.6151,1122.1511,,1122.1511
2016-01-21,,1129.0570,1111.2319,1121.6490,,1121.6490
2016-01-22,,1142.4786,1123.4792,1141.7754,,1141.7754
2016-01-25,,1141.6400,1126.8400,1130.1865,,1130.1865
2016-01-26,,1150.4740,1132.3417,1139.8880,,1139.8880
2016-01-27,,1151.6229,1133.9343,1143.1980,,1143.1980
2016-01-28,,1168.9334,1137.4322,1162.0480,,1162.0480
2016-01-29,,1187.6562,1170.6602,1186.3481,,1186.3481
2016-02-01,,1200.7489,1181.3576,1195.8681,,1195.8681
2016-02-02,,1202.7605,1185.0116,1201.5347,,1201.5347
2016-02-03,,1221.1179,1203.6403,1215.7441,,1215.7441
2016-02-04,,1220.5568,1207.4602,1210.0025,,1210.0025
2016-02-05,,1219.2914,1192.1953,1213.7774,,1213.7774
2016-02-08,,1222.5683,1196.1905,1206.5603,,1206.5603
2016-02-09,,1215.6565,1199.2633,1211.6800,,1211.6800
2016-02-10,,1214.6354,1187.4354,1208.5952,,1208.5952
2016-02-11,,1207.3774,1184.0798,1185.0194,,1185.0194
2016-02-12,,1189.0869,1169.5315,1179.9913,,1179.9913
2016-02-16,,1190.4459,1176.2155,1188.2945,,1188.2945
2016-02-17,,1189.9011,1178.1406,1186.2521,,1186.2521
2016-02-18,,1209.8212,1184.6288,1206.0703,,1206.0703
2016-02-19,,1203.8358,1191.7236,1199.4270,,1199.4270
2016-02-22,,1214.0411,1199.4933,1213.9668,,1213.9668
2016-02-23,,1217.9686,1205.1540,1215.0883,,1215.0883
2016-02-24,,1221.8953,1208.5336,1220.5407,,1220.5407
2016-02-25,,1232.2895,1220.7960,1231.6452,,1231.6452
2016-02-26,,1227.9892,1197.7411,1198.1172,,1198.1172
2016-02-29,,1212.0378,1194.4308,1200.4811,,1200.4811
2016-03-01,,1210.2522,1189.8813,1197.3609,,1197.3609
2016-03-02,,1203.2643,1168.4458,1202.7290,,1202.7290
2016-03-03,,1210.4558,1188.5700,1210.4030,,1210.4030
2016-03-04,,1228.3307,1200.5165,1225.0761,,1225.0761
2016-03-07,,1235.8216,1220.1034,1233.0437,,1233.0437
2016-03-08,,1243.4870,1226.7786,1241.7011,,1241.7011
2016-03-09,,1252.7370,1241.9591,1248.8130,,1248.8130
2016-03-10,,1254.5492,1238.3815,1252.5093,,1252.5093
2016-03-11,,1261.4968,1251.1585,1254.4284,,1254.4284
2016-03-14,,1257.4343,1248.4460,1255.4295,,1255.4295
2016-03-15,,1261.5201,1252.5648,1257.6949,,1257.6949
2016-03-16,,1273.5226,1244.8324,1271.0775,,1271.0775
2016-03-17,,1286.8972,1267.8124,1283.7330,,1283.7330
2016-03-18,,1286.2437,1275.4532,1276.2863,,1276.2863
2016-03-21,,1280.6939,1262.3368,1274.0413,,1274.0413
2016-03-22,,1279.8981,1268.1816,1270.2970,,1270.2970
2016-03-23,,1281.2457,1264.6705,1276.0854,,1276.0854
2016-03-24,,1282.0086,1272.1805,1280.5233,,1280.5233
2016-03-28,,1288.4330,1272.1107,1275.6056,,1275.6056
2016-03-29,,1294.6512,1273.2382,1294.2426,,1294.2426
2016-03-30,,1296.1542,1286.4339,1291.2482,,1291.2482
2016-03-31,,1299.3283,1288.4243,1297.9525,,1297.9525
2016-04-01,,1303.1318,1287.5270,1301.4088,,1301.4088
2016-04-04,,1303.0879,1289.6246,1295.4896,,1295.4896
2016-04-05,,1293.7953,1268.4934,1269.4751,,1269.4751
2016-04-06,,1269.2965,1260.2482,1268.0160,,1268.0160
2016-04-07,,1275.6312,1264.4996,1267.5028,,1267.5028
2016-04-08,,1281.5822,1270.6838,1273.5093,,1273.5093
2016-04-11,,1282.1753,1267.8435,1268.6367,,1268.6367
2016-04-12,,1278.5872,1267.2327,1277.3198,,1277.3198
2016-04-13,,1279.5806,1262.2912,1268.9415,,1268.9415
2016-04-14,,1272.1131,1264.0114,1267.2437,,1267.2437
2016-04-15,,1277.4297,1265.9363,1275.4776,,1275.4776
2016-04-18,,1279.5726,1265.3572,1279.5686,,1279.5686
2016-04-19,,1283.8427,1274.1605,1282.8337,,1282.8337
2016-04-20,,1284.5793,1249.4289,1250.5439,,1250.5439
2016-04-21,,1248.6376,1219.2262,1224.0421,,1224.0421
2016-04-22,,1237.1128,1229.2326,1235.1389,,1235.1389
2016-04-25,,1236.9996,1229.2904,1236.9070,,1236.9070
2016-04-26,,1245.4903,1237.0785,1240.1726,,1240.1726
2016-04-27,,1265.9568,1241.4265,1258.5611,,1258.5611
2016-04-28,,1258.6290,1242.2909,1255.8809,,1255.8809
2016-04-29,,1264.4076,1241.1702,1263.1886,,1263.1886
2016-05-02,,1279.7624,1262.8963,1273.2504,,1273.2504
2016-05-03,,1277.8479,1264.3921,1272.0361,,1272.0361
2016-05-04,,1293.5597,1267.6809,1286.4494,,1286.4494
2016-05-05,,1297.0729,1276.0257,1280.2913,,1280.2913
2016-05-06,,1276.0279,1260.4604,1271.5694,,1271.5694
2016-05-09,,1279.9977,1270.0857,1277.9007,,1277.9007
2016-05-10,,1284.2902,1274.3587,1279.6774,,1279.6774
2016-05-11,,1283.9114,1271.7619,1282.4339,,1282.4339
2016-05-12,,1291.4576,1275.4702,1288.5521,,1288.5521
2016-05-13,,1288.1678,1276.9424,1282.4234,,1282.4234
2016-05-16,,1283.7538,1273.6962,1283.2763,,1283.2763
2016-05-17,,1281.1677,1254.2616,1261.0061,,1261.0061
2016-05-18,,1263.5946,1233.3185,1238.0259,,1238.0259
2016-05-19,,1250.8307,1226.4107,1250.6638,,1250.6638
2016-05-20,,1254.0256,1244.6155,1253.8297,,1253.8297
2016-05-23,,1256.2471,1240.9051,1241.4647,,1241.4647
2016-05-24,,1257.1752,1243.1798,1255.8916,,1255.8916
2016-05-25,,1254.6669,1242.6072,1250.7825,,1250.7825
2016-05-26,,1265.7438,1249.3891,1264.2654,,1264.2654
2016-05-27,,1268.3307,1260.0797,1267.6059,,1267.6059
2016-05-31,,1276.1691,1264.2155,1274.8798,,1274.8798
2016-06-01,,1278.6897,1271.1875,1278.5165,,1278.5165
2016-06-02,,1278.1413,1265.5034,1278.1413,,1278.1413
2016-06-03,,1305.4569,1289.0800,1299.3462,,1299.3462
2016-06-06,,1304.3600,1292.5595,1298.4100,,1298.4100
2016-06-07,,1304.7956,1293.4552,1295.7532,,1295.7532
2016-06-08,,1303.3491,1292.9282,1302.9026,,1302.9026
2016-06-09,,1315.3716,1301.4325,1313.8286,,1313.8286
2016-06-10,,1318.1382,1304.5959,1309.2678,,1309.2678
2016-06-13,,1314.5666,1304.7153,1305.7043,,1305.7043
2016-06-14,,1311.5099,1299.2029,1311.2682,,1311.2682
2016-06-15,,1312.6190,1298.4832,1301.7895,,1301.7895
2016-06-16,,1312.3757,1299.1534,1309.6383,,1309.6383
2016-06-17,,1315.2809,1302.3210,1314.9379,,1314.9379
2016-06-20,,1317.9013,1301.6421,1310.5914,,1310.5914
2016-06-21,,,,1312.7308,,1312.7308
2016-06-22,,1314.9919,1303.9850,1305.0205,,1305.0205
2016-06-23,,1309.4118,1300.1903,1309.4037,,1309.4037
2016-06-24,,1320.3725,1298.6457,1309.1917,,1309.1917
2016-06-27,,1328.8044,1306.1820,1325.5660,,1325.5660
2016-06-28,,1331.8243,1314.6302,1331.8243,,1331.8243
2016-06-29,,1341.8141,1330.5567,1335.8469,,1335.8469
2016-06-30,,1365.4140,1334.7321,1365.2288,,1365.2288
2016-07-01,,1370.3550,1351.7167,1365.5210,,1365.5210
2016-07-05,,1375.9745,1365.1087,1374.1618,,1374.1618
2016-07-06,,1378.0925,1364.8868,1377.5571,,1377.5571
2016-07-07,,1373.2454,1350.6136,1354.0961,,1354.0961
2016-07-08,,1367.9680,1341.3856,1367.4251,,1367.4251
2016-07-11,,1367.5843,1351.1632,1366.7926,,1366.7926
2016-07-12,,1363.4901,1348.3633,1349.1899,,1349.1899
2016-07-13,,1359.1460,1351.6515,1359.1335,,1359.1335
2016-07-14,,1356.8559,1346.1478,1350.4670,,1350.4670
2016-07-15,,1356.9012,1348.0870,1354.6027,,1354.6027
2016-07-18,,1362.5262,1355.6173,1357.6023,,1357.6023
2016-07-19,,1358.6486,1349.0204,1354.4399,,1354.4399
2016-07-20,,1356.4672,1345.2216,1346.9661,,1346.9661
2016-07-21,,1355.0280,1340.0355,1354.1975,,1354.1975
2016-07-22,,1373.7301,1353.7985,1372.0394,,1372.0394
2016-07-25,,1372.1498,1362.0546,1370.0234,,1370.0234
2016-07-26,,1370.6883,1354.8506,1358.7377,,1358.7377
2016-07-27,,1356.4022,1332.3086,1342.4551,,1342.4551
2016-07-28,,1348.6638,1338.6381,1345.6874,,1345.6874
2016-07-29,,1358.1160,1344.5492,1355.0299,,1355.0299
2016-08-01,,1357.0448,1349.8644,1354.3359,,1354.3359
2016-08-02,,1351.1611,1339.8837,1345.9730,,1345.9730
2016-08-03,,1346.8106,1333.2787,1338.1469,,1338.1469
2016-08-04,,1346.6318,1332.6933,1336.1501,,1336.1501
2016-08-05,,1331.6976,1318.4025,1320.3285,,1320.3285
2016-08-08,,1328.5922,1315.9115,1317.8812,,1317.8812
2016-08-09,,1323.3664,1313.7165,1316.0211,,1316.0211
2016-08-10,,1321.2297,1313.0870,1316.3379,,1316.3379
2016-08-11,,1318.2240,1310.4045,1317.9698,,1317.9698
2016-08-12,,1329.3437,1319.7165,1320.0016,,1320.0016
2016-08-15,,1322.7345,1300.4569,1300.6904,,1300.6904
2016-08-16,,1297.4222,1286.1491,1286.1618,,1286.1618
2016-08-17,,1306.1649,1274.7950,1303.8795,,1303.8795
2016-08-18,,1318.9132,1301.8935,1318.9132,,1318.9132
2016-08-19,,1315.2019,1296.0914,1302.6607,,1302.6607
2016-08-22,,1311.7529,1302.6109,1306.7598,,1306.7598
2016-08-23,,1314.2583,1300.8940,1301.1162,,1301.1162
2016-08-24,,1302.6884,1291.8098,1300.9996,,1300.9996
2016-08-25,,1305.6564,1299.9279,1301.2108,,1301.2108
2016-08-26,,1310.2828,1273.2683,1274.3192,,1274.3192
2016-08-29,,1286.5047,1278.4709,1284.6606,,1284.6606
2016-08-30,,1289.1713,1270.5528,1271.9609,,1271.9609
2016-08-31,,1276.1676,1266.5533,1275.7517,,1275.7517
2016-09-01,,1276.3125,1268.7200,1270.9263,,1270.9263
2016-09-02,,1288.9674,1273.3411,1287.1209,,1287.1209
2016-09-06,,1302.1352,1290.6413,1301.0600,,1301.0600
2016-09-07,,1302.9548,1293.0954,1300.2721,,1300.2721
2016-09-08,,1306.1454,1296.9365,1305.0052,,1305.0052
2016-09-09,,1293.8899,1256.6493,1257.2403,,1257.2403
2016-09-12,,1281.6130,1258.2025,1278.8718,,1278.8718
2016-09-13,,1275.8322,1255.1882,1260.4419,,1260.4419
2016-09-14,,1275.0255,1259.2496,1265.5951,,1265.5951
2016-09-15,,1276.2564,1260.4416,1274.7614,,1274.7614
2016-09-16,,1287.6126,1266.8230,1285.7360,,1285.7360
2016-09-19,,1298.4254,1287.3836,1297.7421,,1297.7421
2016-09-20,,1304.5062,1294.6599,1294.9301,,1294.9301
2016-09-21,,1322.1760,1295.7810,1321.8486,,1321.8486
2016-09-22,,1331.5370,1320.6288,1329.8192,,1329.8192
2016-09-23,,1332.0093,1319.5359,1327.9197,,1327.9197
2016-09-26,,1330.2915,1320.8829,1324.2637,,1324.2637
2016-09-27,,1334.6547,1306.5587,1308.6313,,1308.6313
2016-09-28,,1311.3987,1293.7965,1304.3178,,1304.3178
2016-09-29,,1298.5252,1278.7641,1285.0990,,1285.0990
2016-09-30,,1294.1367,1267.9283,1274.5077,,1274.5077
2016-10-03,,1272.3760,1249.2523,1257.6088,,1257.6088
2016-10-04,,1255.8275,1223.9380,1230.9470,,1230.9470
2016-10-05,,1241.9830,1223.5710,1228.1480,,1228.1480
2016-10-06,,1233.6787,1218.2621,1227.6473,,1227.6473
2016-10-07,,1248.8097,1228.4014,1229.0168,,1229.0168
2016-10-10,,1240.3756,1229.4105,1239.7009,,1239.7009
2016-10-11,,1237.2250,1224.3257,1226.2821,,1226.2821
2016-10-12,,1240.1470,1228.5599,1238.1974,,1238.1974
2016-10-13,,1261.3636,1237.9685,1253.6551,,1253.6551
2016-10-14,,1259.2671,1245.8031,1246.9919,,1246.9919
2016-10-17,,1256.5778,1249.4078,1253.8862,,1253.8862
2016-10-18,,1267.5744,1249.2668,1264.9329,,1264.9329
2016-10-19,,1265.7605,1256.3164,1262.2097,,1262.2097
2016-10-20,,1270.4426,1258.2222,1260.3747,,1260.3747
2016-10-21,,1259.5610,1247.4705,1253.0241,,1253.0241
2016-10-24,,1261.4908,1249.6772,1258.1712,,1258.1712
2016-10-25,,1264.0572,1254.2025,1263.9637,,1263.9637
2016-10-26,,1269.4785,1255.1810,1267.2086,,1267.2086
2016-10-27,,1265.4680,1252.2727,1260.9754,,1260.9754
2016-10-28,,1269.3961,1257.5218,1264.0820,,1264.0820
2016-10-31,,1296.8609,1267.5764,1289.1444,,1289.1444
2016-11-01,,1289.9417,1263.3583,1266.8927,,1266.8927
2016-11-02,,1263.4288,1240.4301,1251.7530,,1251.7530
2016-11-03,,1260.2738,1244.9637,1255.5825,,1255.5825
2016-11-04,,1271.0603,1250.5740,1250.9246,,1250.9246
2016-11-07,,1272.0910,1244.7693,1271.9989,,1271.9989
2016-11-08,,1285.4530,1271.2606,1280.8233,,1280.8233
2016-11-09,,1256.5908,1231.1941,1233.2425,,1233.2425
2016-11-10,,1223.6233,1187.3156,1202.3494,,1202.3494
2016-11-11,,1213.6520,1193.4573,1198.4107,,1198.4107
2016-11-14,,1199.5527,1179.5848,1196.6049,,1196.6049
2016-11-15,,1217.2702,1200.8486,1215.7077,,1215.7077
2016-11-16,,1220.5690,1199.7359,1206.8531,,1206.8531
2016-11-17,,1211.3458,1201.8500,1204.9515,,1204.9515
2016-11-18,,1210.6397,1194.9692,1199.7297,,1199.7297
2016-11-21,,1213.9320,1202.7152,1213.9320,,1213.9320
2016-11-22,,1218.6069,1207.8285,1216.7018,,1216.7018
2016-11-23,,1215.2659,1203.8365,1206.1861,,1206.1861
2016-11-25,,1226.6519,1210.1734,1223.1855,,1223.1855
2016-11-28,,1249.6491,1228.3310,1247.4138,,1247.4138
2016-11-29,,1257.7528,1243.3304,1250.9685,,1250.9685
2016-11-30,,1234.0827,1210.1679,1210.1679,,1210.1679
2016-12-01,,1205.0935,1191.5127,1198.7654,,1198.7654
2016-12-02,,1218.6938,1202.7606,1209.7786,,1209.7786
2016-12-05,,1213.9596,1196.1475,1213.8802,,1213.8802
2016-12-06,,1217.4128,1208.3611,1210.8010,,1210.8010
2016-12-07,,1226.0743,1212.9704,1225.7712,,1225.7712
2016-12-08,,1232.0389,1211.1312,1230.2392,,1230.2392
2016-12-09,,1243.0556,1231.2479,1242.3959,,1242.3959
2016-12-12,,1255.9803,1238.8940,1254.4152,,1254.4152
2016-12-13,,1268.8186,1256.5606,1267.7635,,1267.7635
2016-12-14,,1281.0639,1241.6703,1243.4302,,1243.4302
2016-12-15,,1253.1419,1233.7341,1251.7668,,1251.7668
2016-12-16,,1272.5313,1251.7468,1268.0365,,1268.0365
2016-12-19,,1275.4209,1260.8081,1271.4428,,1271.4428
2016-12-20,,1276.0455,1267.2226,1272.6200,,1272.6200
2016-12-21,,1279.0050,1267.9002,1268.2309,,1268.2309
2016-12-22,,1272.9585,1264.0031,1271.2974,,1271.2974
2016-12-23,,1274.3348,1267.0027,1271.4597,,1271.4597
2016-12-27,,1275.3819,1265.8062,1272.2239,,1272.2239
2016-12-28,,1272.0407,1258.0644,1259.9329,,1259.9329
2016-12-29,,1278.4384,1262.2778,1276.2952,,1276.2952
2016-12-30,,1279.1865,1265.8033,1269.6826,,1269.6826
2017-01-03,,1270.0889,1257.7597,1264.3996,,1264.3996
2017-01-04,,1275.6021,1264.2376,1268.6286,,1268.6286
2017-01-05,,1272.9326,1258.1295,1269.8337,,1269.8337
2017-01-06,,1277.7261,1263.9189,1275.1638,,1275.1638
2017-01-09,,1278.3755,1258.7412,1258.8991,,1258.8991
2017-01-10,,1258.9251,1249.9514,1255.2850,,1255.2850
2017-01-11,,1269.7182,1255.8687,1268.1519,,1268.1519
2017-01-12,,1271.4164,1261.8941,1269.5469,,1269.5469
2017-01-13,,1270.6783,1259.3547,1267.2542,,1267.2542
2017-01-17,,1285.7823,1270.8965,1282.6944,,1282.6944
2017-01-18,,1285.5318,1277.1411,1279.1648,,1279.1648
2017-01-19,,1279.2557,1265.5683,1268.5050,,1268.5050
2017-01-20,,1273.9894,1262.3919,1270.0068,,1270.0068
2017-01-23,,1274.4775,1262.4633,1263.2362,,1263.2362
2017-01-24,,1268.2850,1261.1393,1262.7610,,1262.7610
2017-01-25,,1264.2026,1257.2496,1262.8614,,1262.8614
2017-01-26,,1269.5949,1258.0485,1263.1600,,1263.1600
2017-01-27,,1269.8443,1261.6113,1264.2541,,1264.2541
2017-01-30,,1268.8621,1258.4332,1265.5858,,1265.5858
2017-01-31,,1286.3130,1266.6141,1285.7820,,1285.7820
2017-02-01,,1277.8073,1258.2175,1263.2531,,1263.2531
2017-02-02,,1275.6979,1259.0627,1275.3310,,1275.3310
2017-02-03,,1282.4378,1274.3858,1277.3273,,1277.3273
2017-02-06,,1282.3635,1273.6824,1275.2563,,1275.2563
2017-02-07,,1279.2217,1272.7585,1277.7658,,1277.7658
2017-02-08,,1291.2673,1277.0406,1288.7327,,1288.7327
2017-02-09,,1289.4784,1274.1682,1277.6106,,1277.6106
2017-02-10,,1287.9975,1274.3330,1287.0915,,1287.0915
2017-02-13,,1291.6601,1282.2213,1291.1551,,1291.1551
2017-02-14,,1289.2622,1275.9226,1283.4150,,1283.4150
2017-02-15,,1279.5441,1269.2866,1279.2794,,1279.2794
2017-02-16,,1288.4993,1279.1648,1288.4925,,1288.4925
2017-02-17,,1292.3293,1282.1402,1290.5529,,1290.5529
2017-02-21,,1307.1490,1284.6729,1305.2134,,1305.2134
2017-02-22,,1310.9445,1298.8057,1309.0267,,1309.0267
2017-02-23,,1325.5768,1310.8672,1321.7106,,1321.7106
2017-02-24,,1341.8392,1324.3693,1341.8392,,1341.8392
2017-02-27,,1340.3172,1331.2242,1333.3162,,1333.3162
2017-02-28,,1347.5669,1332.0848,1344.5801,,1344.5801
2017-03-01,,1339.7015,1323.2560,1329.5720,,1329.5720
2017-03-02,,1348.4700,1325.0361,1340.3574,,1340.3574
2017-03-03,,1339.8182,1325.6740,1336.4541,,1336.4541
2017-03-06,,1336.0327,1329.1558,1332.5436,,1332.5436
2017-03-07,,1336.1870,1330.8856,1332.6304,,1332.6304
2017-03-08,,1321.4808,1308.9322,1312.8461,,1312.8461
2017-03-09,,1319.1595,1308.9322,1310.1472,,1310.1472
2017-03-10,,1321.7734,1312.1824,1320.3970,,1320.3970
2017-03-13,,1324.0127,1317.2326,1323.0812,,1323.0812
2017-03-14,,1325.1173,1317.6544,1322.2332,,1322.2332
2017-03-15,,1350.5918,1325.2805,1344.0699,,1344.0699
2017-03-16,,1339.3539,1326.0864,1329.3419,,1329.3419
2017-03-17,,1344.3907,1329.6751,1337.2726,,1337.2726
2017-03-20,,1342.1207,1324.2541,1327.6171,,1327.6171
2017-03-21,,1350.4081,1327.9387,1346.2248,,1346.2248
2017-03-22,,1360.7043,1347.1295,1351.0714,,1351.0714
2017-03-23,,1359.7706,1344.8209,1348.2714,,1348.2714
2017-03-24,,1357.7115,1346.1940,1353.2237,,1353.2237
2017-03-27,,1359.8497,1342.3224,1346.8858,,1346.8858
2017-03-28,,1348.7039,1341.0583,1347.7102,,1347.7102
2017-03-29,,1345.9550,1336.0980,1341.4835,,1341.4835
2017-03-30,,1337.8786,1328.3031,1332.5026,,1332.5026
2017-03-31,,1344.0376,1332.8873,1337.0824,,1337.0824
2017-04-03,,1337.1700,1325.8768,1336.9822,,1336.9822
2017-04-04,,1346.2346,1332.8533,1341.7537,,1341.7537
2017-04-05,,1350.6918,1337.4471,1349.3896,,1349.3896
2017-04-06,,1349.1271,1342.2814,1347.7495,,1347.7495
2017-04-07,,1353.0463,1339.3571,1339.8018,,1339.8018
2017-04-10,,1343.9208,1333.5126,1342.1665,,1342.1665
2017-04-11,,1344.8407,1333.1701,1342.3987,,1342.3987
2017-04-12,,1352.6918,1336.5796,1352.1265,,1352.1265
2017-04-13,,1353.4590,1341.9224,1346.9668,,1346.9668
2017-04-17,,1353.5257,1347.2203,1353.2995,,1353.2995
2017-04-18,,1358.6223,1351.3736,1355.8172,,1355.8172
2017-04-19,,1354.0897,1342.0526,1346.3986,,1346.3986
2017-04-20,,1343.6044,1331.0870,1340.9040,,1340.9040
2017-04-21,,1353.3649,1340.9684,1348.1651,,1348.1651
2017-04-24,,1355.9034,1340.0948,1354.4320,,1354.4320
2017-04-25,,1354.6560,1345.1909,1352.1020,,1352.1020
2017-04-26,,1357.3728,1346.3509,1346.6843,,1346.6843
2017-04-27,,1357.1247,1346.2352,1350.0473,,1350.0473
2017-04-28,,1350.3609,1340.6165,1344.6108,,1344.6108
2017-05-01,,1346.4611,1334.0597,1336.1665,,1336.1665
2017-05-02,,1343.0336,1332.7571,1338.8642,,1338.8642
2017-05-03,,1338.8473,1331.6830,1332.5154,,1332.5154
2017-05-04,,1339.9541,1328.8273,1338.9404,,1338.9404
2017-05-05,,1350.5441,1343.0775,1346.0861,,1346.0861
2017-05-08,,1347.2764,1338.4442,1345.5801,,1345.5801
2017-05-09,,1344.1751,1332.5656,1334.1114,,1334.1114
2017-05-10,,1339.0969,1329.5702,1337.8283,,1337.8283
2017-05-11,,1337.5319,1327.2319,1337.4480,,1337.4480
2017-05-12,,1346.7424,1338.6708,1344.3040,,1344.3040
2017-05-15,,1352.1843,1342.8975,1349.3549,,1349.3549
2017-05-16,,1350.6710,1338.1717,1338.3951,,1338.3951
2017-05-17,,1349.9364,1337.1739,1343.9698,,1343.9698
2017-05-18,,1354.1694,1337.1990,1348.9178,,1348.9178
2017-05-19,,1353.2645,1340.7502,1353.1925,,1353.1925
2017-05-22,,1366.5507,1350.6277,1364.7687,,1364.7687
2017-05-23,,1376.2182,1365.2563,1367.6923,,1367.6923
2017-05-24,,1378.7444,1369.9348,1377.6928,,1377.6928
2017-05-25,,1389.2367,1375.0723,1387.4726,,1387.4726
2017-05-26,,1389.1891,1384.2598,1386.5508,,1386.5508
2017-05-30,,1393.3995,1384.1613,1390.1643,,1390.1643
2017-05-31,,1400.7669,1389.7973,1396.3200,,1396.3200
2017-06-01,,1406.7192,1391.0566,1406.7062,,1406.7062
2017-06-02,,1412.7840,1403.8885,1408.8106,,1408.8106
2017-06-05,,1407.8043,1401.3851,1401.8473,,1401.8473
2017-06-06,,1405.6725,1398.6838,1399.7393,,1399.7393
2017-06-07,,1406.8144,1397.4333,1403.7011,,1403.7011
2017-06-08,,1401.4966,1384.0387,1392.1751,,1392.1751
2017-06-09,,1392.2476,1382.0408,1391.8247,,1391.8247
2017-06-12,,1398.6102,1379.8934,1387.7364,,1387.7364
2017-06-13,,1391.1197,1382.3799,1389.7584,,1389.7584
2017-06-14,,1405.5650,1393.8281,1398.2628,,1398.2628
2017-06-15,,1407.1168,1393.9487,1406.0546,,1406.0546
2017-06-16,,1413.8863,1405.6081,1411.7399,,1411.7399
2017-06-19,,1412.5332,1402.3617,1406.9593,,1406.9593
2017-06-20,,1409.9220,1405.5261,1408.0765,,1408.0765
2017-06-21,,1410.0573,1393.4409,1399.7766,,1399.7766
2017-06-22,,1403.3284,1392.2745,1392.8753,,1392.8753
2017-06-23,,1399.1040,1385.4235,1387.8913,,1387.8913
2017-06-26,,1405.9664,1387.1697,1398.4914,,1398.4914
2017-06-27,,1395.4873,1378.0520,1380.1120,,1380.1120
2017-06-28,,1384.8924,1365.7644,1366.9188,,1366.9188
2017-06-29,,1360.4198,1351.3602,1356.2670,,1356.2670
2017-06-30,,1365.3662,1355.3314,1355.4088,,1355.4088
2017-07-03,,1360.6952,1346.7560,1347.3395,,1347.3395
2017-07-05,,1348.9306,1337.9484,1341.7261,,1341.7261
2017-07-06,,1342.0648,1336.3352,1340.2224,,1340.2224
2017-07-07,,1348.4776,1339.6896,1342.7337,,1342.7337
2017-07-10,,1349.0765,1340.5980,1340.7737,,1340.7737
2017-07-11,,1343.4054,1334.4561,1340.7653,,1340.7653
2017-07-12,,1356.0812,1349.7471,1351.2298,,1351.2298
2017-07-13,,1355.1691,1346.8662,1347.2382,,1347.2382
2017-07-14,,1359.8951,1352.4935,1353.6601,,1353.6601
2017-07-17,,1359.1255,1352.1183,1358.7106,,1358.7106
2017-07-18,,1364.2428,1358.9233,1362.3348,,1362.3348
2017-07-19,,1369.9404,1362.4516,1369.3136,,1369.3136
2017-07-20,,1378.9159,1370.0012,1377.8334,,1377.8334
2017-07-21,,1389.0956,1374.4616,1388.9694,,1388.9694
2017-07-24,,1388.5252,1374.1387,1375.9393,,1375.9393
2017-07-25,,1376.7823,1367.5516,1369.7055,,1369.7055
2017-07-26,,1381.8453,1367.1059,1381.6862,,1381.6862
2017-07-27,,1385.7017,1377.1181,1385.6256,,1385.6256
2017-07-28,,1388.5864,1377.8777,1385.1691,,1385.1691
2017-07-31,,1392.8050,1381.4714,1389.9458,,1389.9458
2017-08-01,,1399.0748,1390.8520,1396.1811,,1396.1811
2017-08-02,,1402.2652,1385.2614,1401.8298,,1401.8298
2017-08-03,,1407.9464,1396.7193,1407.6993,,1407.6993
2017-08-04,,1404.4981,1393.8479,1401.9606,,1401.9606
2017-08-07,,1406.1863,1399.1961,1405.7184,,1405.7184
2017-08-08,,1410.2098,1401.6752,1409.8744,,1409.8744
2017-08-09,,1413.2619,1401.0479,1402.2396,,1402.2396
2017-08-10,,1409.4507,1398.2026,1406.5383,,1406.5383
2017-08-11,,1406.2301,1394.5364,1398.3449,,1398.3449
2017-08-14,,1407.1345,1398.5915,1406.4223,,1406.4223
2017-08-15,,1414.3165,1402.6541,1412.8934,,1412.8934
2017-08-16,,1419.8539,1412.2933,1419.0477,,1419.0477
2017-08-17,,1418.7389,1406.4025,1407.4372,,1407.4372
2017-08-18,,1422.9296,1404.4307,1417.4190,,1417.4190
2017-08-21,,1423.4776,1414.2758,1421.1578,,1421.1578
2017-08-22,,1425.0913,1417.6320,1424.2181,,1424.2181
2017-08-23,,1428.4721,1419.2020,1427.6819,,1427.6819
2017-08-24,,1430.3179,1424.5682,1426.6938,,1426.6938
2017-08-25,,1436.5754,1426.7225,1430.8843,,1430.8843
2017-08-28,,1435.8312,1427.3039,1433.8401,,1433.8401
2017-08-29,,1437.9482,1430.8411,1431.7758,,1431.7758
2017-08-30,,1429.5413,1423.9154,1425.4844,,1425.4844
2017-08-31,,1429.8509,1425.2410,1425.9520,,1425.9520
2017-09-01,,1429.6415,1417.4491,1421.2487,,1421.2487
2017-09-05,,1426.4075,1417.5380,1426.1034,,1426.1034
2017-09-06,,1429.6152,1416.9415,1417.9587,,1417.9587
2017-09-07,,1429.8248,1418.1199,1427.9768,,1427.9768
2017-09-08,,1435.9618,1423.6295,1434.7326,,1434.7326
2017-09-11,,1449.5240,1432.7873,1448.2651,,1448.2651
2017-09-12,,1445.8545,1414.9326,1422.0488,,1422.0488
2017-09-13,,1421.8284,1414.1617,1414.4545,,1414.4545
2017-09-14,,1427.1691,1410.0589,1426.6341,,1426.6341
2017-09-15,,1432.5395,1422.1725,1427.9054,,1427.9054
2017-09-18,,1427.4448,1405.1276,1415.3176,,1415.3176
2017-09-19,,1417.5318,1409.5663,1412.2093,,1412.2093
2017-09-20,,1416.8233,1396.8819,1401.8213,,1401.8213
2017-09-21,,1410.4621,1400.6168,1401.5901,,1401.5901
2017-09-22,,1405.0916,1391.4532,1392.2769,,1392.2769
2017-09-25,,1404.4193,1390.8963,1402.9252,,1402.9252
2017-09-26,,1405.9811,1398.3109,1402.1011,,1402.1011
2017-09-27,,1397.1825,1379.1045,1386.3256,,1386.3256
2017-09-28,,1394.0425,1377.3589,1390.5905,,1390.5905
2017-09-29,,1395.8132,1385.8935,1390.7087,,1390.7087
2017-10-02,,1398.9735,1388.4217,1393.2912,,1393.2912
2017-10-03,,1391.5951,1380.2551,1388.3141,,1388.3141
2017-10-04,,1404.1200,1385.9657,1403.8116,,1403.8116
2017-10-05,,1406.0823,1397.4381,1403.2734,,1403.2734
2017-10-06,,1402.2730,1392.7459,1401.1420,,1401.1420
2017-10-09,,1405.4573,1400.4652,1402.2890,,1402.2890
2017-10-10,,1415.6128,1400.8909,1415.5388,,1415.5388
2017-10-11,,1427.4500,1412.7063,1421.6984,,1421.6984
2017-10-12,,1431.0544,1420.7502,1427.7748,,1427.7748
2017-10-13,,1432.9513,1412.7305,1416.3065,,1416.3065
2017-10-16,,1419.6030,1401.4663,1413.2421,,1413.2421
2017-10-17,,1425.2571,1408.9927,1422.0011,,1422.0011
2017-10-18,,1421.6443,1415.0284,1420.4233,,1420.4233
2017-10-19,,1435.0502,1421.7366,1434.8799,,1434.8799
2017-10-20,,1439.0586,1429.8387,1436.7101,,1436.7101
2017-10-23,,1441.2592,1432.2757,1438.9205,,1438.9205
2017-10-24,,1441.1241,1433.3366,1439.9643,,1439.9643
2017-10-25,,1437.4996,1416.4391,1434.3794,,1434.3794
2017-10-26,,1447.2390,1433.6786,1433.9208,,1433.9208
2017-10-27,,1446.4053,1430.9231,1443.5160,,1443.5160
2017-10-30,,1445.1152,1438.3706,1441.3147,,1441.3147
2017-10-31,,1446.5169,1437.4974,1443.5347,,1443.5347
2017-11-01,,1446.4797,1432.9362,1434.5363,,1434.5363
2017-11-02,,1446.2168,1430.0458,1438.2671,,1438.2671
2017-11-03,,1449.4219,1436.6723,1443.6232,,1443.6232
2017-11-06,,1444.4478,1435.8443,1436.5558,,1436.5558
2017-11-07,,1455.0269,1434.5562,1452.7887,,1452.7887
2017-11-08,,1456.6603,1442.8810,1452.4968,,1452.4968
2017-11-09,,1455.8201,1446.3903,1452.9271,,1452.9271
2017-11-10,,1450.6540,1442.6679,1447.9111,,1447.9111
2017-11-13,,1466.7313,1449.3082,1465.8195,,1465.8195
2017-11-14,,1484.4237,1460.1204,1483.8599,,1483.8599
2017-11-15,,1492.3790,1468.9641,1470.1013,,1470.1013
2017-11-16,,1469.7118,1461.3785,1466.0087,,1466.0087
2017-11-17,,1464.8181,1454.2348,1455.6142,,1455.6142
2017-11-20,,1457.3984,1449.2296,1450.7256,,1450.7256
2017-11-21,,1458.5875,1450.7993,1454.1718,,1454.1718
2017-11-22,,1455.9521,1448.4494,1454.3749,,1454.3749
2017-11-24,,1462.8223,1454.9756,1457.3402,,1457.3402
2017-11-27,,1466.0200,1455.7295,1463.6245,,1463.6245
2017-11-28,,1473.2252,1466.3597,1470.8739,,1470.8739
2017-11-29,,1476.4576,1460.8766,1470.8815,,1470.8815
2017-11-30,,1477.1083,1468.0171,1474.3372,,1474.3372
2017-12-01,,1481.6849,1462.0296,1469.3278,,1469.3278
2017-12-04,,1475.2804,1457.8268,1459.7800,,1459.7800
2017-12-05,,1460.8962,1434.3856,1441.5168,,1441.5168
2017-12-06,,1449.5323,1439.0927,1447.0587,,1447.0587
2017-12-07,,1449.6096,1437.2036,1449.5703,,1449.5703
2017-12-08,,1453.7051,1443.1205,1453.5794,,1453.5794
2017-12-11,,1464.8451,1448.9931,1464.1958,,1464.1958
2017-12-12,,1462.7362,1440.3500,1440.7639,,1440.7639
2017-12-13,,1450.2490,1440.3901,1443.6455,,1443.6455
2017-12-14,,1447.7939,1430.6727,1439.9235,,1439.9235
2017-12-15,,1449.5652,1439.9979,1444.7831,,1444.7831
2017-12-18,,1449.8634,1428.3076,1429.3691,,1429.3691
2017-12-19,,1430.3365,1404.3294,1404.7942,,1404.7942
2017-12-20,,1408.3950,1392.1666,1392.8360,,1392.8360
2017-12-21,,1389.2209,1370.4125,1378.0939,,1378.0939
2017-12-22,,1384.3103,1377.1491,1377.7799,,1377.7799
2017-12-26,,1382.8143,1368.9169,1369.0453,,1369.0453
2017-12-27,,1376.6678,1371.1428,1374.5594,,1374.5594
2017-12-28,,1382.3815,1374.0696,1382.0350,,1382.0350
2017-12-29,,1387.6504,1379.9785,1382.2459,,1382.2459
2018-01-02,,1383.5683,1367.6042,1371.9400,,1371.9400
2018-01-03,,1371.4568,1350.1716,1354.6437,,1354.6437
2018-01-04,,1359.0660,1340.6739,1342.6096,,1342.6096
2018-01-05,,1348.5527,1336.4915,1344.0946,,1344.0946
2018-01-08,,1358.5312,1344.1116,1358.1267,,1358.1267
2018-01-09,,1357.5638,1342.5112,1344.1941,,1344.1941
2018-01-10,,1338.3797,1327.7796,1330.0550,,1330.0550
2018-01-11,,1335.6292,1322.1241,1326.3357,,1326.3357
2018-01-12,,1329.9222,1314.8374,1320.0290,,1320.0290
2018-01-16,,1327.0602,1308.7152,1315.9911,,1315.9911
2018-01-17,,1330.1607,1317.6786,1326.5042,,1326.5042
2018-01-18,,1327.3359,1312.3687,1319.1960,,1319.1960
2018-01-19,,1326.6549,1313.5005,1315.6372,,1315.6372
2018-01-22,,1331.1280,1315.4916,1317.7400,,1317.7400
2018-01-23,,1338.3464,1317.1417,1330.7206,,1330.7206
2018-01-24,,1329.5662,1320.5006,1322.9127,,1322.9127
2018-01-25,,1344.1483,1322.5625,1342.9267,,1342.9267
2018-01-26,,1352.0475,1331.0612,1343.7051,,1343.7051
2018-01-29,,1339.6749,1326.3617,1327.8980,,1327.8980
2018-01-30,,1334.9990,1326.5201,1329.4937,,1329.4937
2018-01-31,,1345.7182,1324.3029,1344.5988,,1344.5988
2018-02-01,,1349.8268,1320.9368,1324.9686,,1324.9686
2018-02-02,,1326.7893,1313.1829,1314.8290,,1314.8290
2018-02-05,,1324.9785,1289.9891,1291.6142,,1291.6142
2018-02-06,,1283.0388,1248.3356,1271.9012,,1271.9012
2018-02-07,,1285.2127,1264.6370,1264.8195,,1264.8195
2018-02-08,,1275.9693,1247.4832,1247.5529,,1247.5529
2018-02-09,,1281.8711,1246.5562,1272.6692,,1272.6692
2018-02-12,,1290.4009,1264.4206,1284.1019,,1284.1019
2018-02-13,,1293.8523,1270.0134,1288.9660,,1288.9660
2018-02-14,,1287.0276,1270.5321,1275.1879,,1275.1879
2018-02-15,,1303.4711,1276.6030,1303.4419,,1303.4419
2018-02-16,,1316.4022,1298.1863,1313.1500,,1313.1500
2018-02-20,,1312.5799,1291.6030,1297.2855,,1297.2855
2018-02-21,,1306.2383,1279.3284,1279.6717,,1279.6717
2018-02-22,,1293.4818,1277.5336,1283.2906,,1283.2906
2018-02-23,,1319.5829,1284.9196,1318.3784,,1318.3784
2018-02-26,,1321.5023,1308.2508,1311.4082,,1311.4082
2018-02-27,,1319.2899,1287.9931,1288.0443,,1288.0443
2018-02-28,,1297.1011,1281.1334,1281.3407,,1281.3407
2018-03-01,,1300.7532,1275.5138,1282.0097,,1282.0097
2018-03-02,,1292.7937,1268.6875,1279.5738,,1279.5738
2018-03-05,,1304.5688,1274.6448,1301.8250,,1301.8250
2018-03-06,,1299.1933,1282.9892,1285.4847,,1285.4847
2018-03-07,,1287.0378,1270.8800,1275.7450,,1275.7450
2018-03-08,,1286.0484,1275.7289,1283.5008,,1283.5008
2018-03-09,,1288.2084,1276.9422,1288.1649,,1288.1649
2018-03-12,,1294.4714,1286.1096,1292.6866,,1292.6866
2018-03-13,,1303.0586,1285.4557,1296.4042,,1296.4042
2018-03-14,,1314.0831,1300.0516,1309.0738,,1309.0738
2018-03-15,,1320.8088,1301.1859,1308.5363,,1308.5363
2018-03-16,,1323.6284,1307.5709,1321.7657,,1321.7657
2018-03-19,,1323.6755,1304.3835,1311.9568,,1311.9568
2018-03-20,,1318.2793,1303.8621,1307.0238,,1307.0238
2018-03-21,,1318.8843,1298.8580,1302.2046,,1302.2046
2018-03-22,,1330.7680,1301.1846,1309.6797,,1309.6797
2018-03-23,,1321.3214,1288.9687,1291.3464,,1291.3464
2018-03-26,,1307.1277,1293.9296,1305.5113,,1305.5113
2018-03-27,,1337.6342,1303.8148,1324.3893,,1324.3893
2018-03-28,,1330.4008,1315.6846,1323.1025,,1323.1025
2018-03-29,,1336.6176,1326.3257,1328.9108,,1328.9108
2018-04-02,,1337.6327,1308.5715,1317.7617,,1317.7617
2018-04-03,,1329.2847,1313.3661,1323.4326,,1323.4326
2018-04-04,,1327.9523,1311.6615,1325.1698,,1325.1698
2018-04-05,,1338.0680,1310.6385,1334.1215,,1334.1215
2018-04-06,,1338.3028,1320.8450,1323.9724,,1323.9724
2018-04-09,,1336.0135,1320.3345,1326.3464,,1326.3464
2018-04-10,,1328.7306,1313.9031,1317.5462,,1317.5462
2018-04-11,,1321.0210,1311.4899,1316.9405,,1316.9405
2018-04-12,,1320.6765,1296.6388,1299.8210,,1299.8210
2018-04-13,,1316.1652,1304.8044,1310.0317,,1310.0317
2018-04-16,,1328.2100,1314.6288,1327.6532,,1327.6532
2018-04-17,,1346.8154,1326.0625,1342.7373,,1342.7373
2018-04-18,,1355.8386,1337.5851,1337.6894,,1337.6894
2018-04-19,,1340.2260,1326.6589,1336.9061,,1336.9061
2018-04-20,,1338.7297,1320.7084,1324.6038,,1324.6038
2018-04-23,,1334.2354,1321.2139,1326.4755,,1326.4755
2018-04-24,,1345.2237,1326.0576,1336.6260,,1336.6260
2018-04-25,,1341.1551,1326.7743,1336.6258,,1336.6258
2018-04-26,,1351.8441,1333.5124,1349.8938,,1349.8938
2018-04-27,,1367.6457,1345.7817,1362.0858,,1362.0858
2018-04-30,,1368.3438,1357.2327,1358.5560,,1358.5560
2018-05-01,,1359.1720,1350.9402,1353.6657,,1353.6657
2018-05-02,,1357.4976,1346.6424,1351.4891,,1351.4891
2018-05-03,,1356.7136,1335.3802,1350.8269,,1350.8269
2018-05-04,,1362.1212,1351.2937,1355.5235,,1355.5235
2018-05-07,,1357.6743,1346.9952,1348.9125,,1348.9125
2018-05-08,,1343.7344,1312.9886,1314.8776,,1314.8776
2018-05-09,,1315.8008,1300.6079,1305.0639,,1305.0639
2018-05-10,,1324.1360,1309.7536,1323.8669,,1323.8669
2018-05-11,,1330.4433,1321.5405,1327.4749,,1327.4749
2018-05-14,,1330.3762,1315.4828,1321.5447,,1321.5447
2018-05-15,,1318.5124,1303.8348,1310.8950,,1310.8950
2018-05-16,,1312.7611,1296.6688,1301.3025,,1301.3025
2018-05-17,,1304.9191,1288.8829,1291.3894,,1291.3894
2018-05-18,,1297.4714,1280.4560,1289.3924,,1289.3924
2018-05-21,,1302.2047,1287.2364,1299.2533,,1299.2533
2018-05-22,,1311.2718,1299.2625,1303.9675,,1303.9675
2018-05-23,,1316.5370,1304.1862,1314.1541,,1314.1541
2018-05-24,,1325.3241,1312.3098,1323.7049,,1323.7049
2018-05-25,,1333.6598,1323.7158,1329.6447,,1329.6447
2018-05-29,,1336.9106,1320.5839,1328.0781,,1328.0781
2018-05-30,,1342.2489,1322.8528,1339.0721,,1339.0721
2018-05-31,,1348.5453,1329.8053,1341.4665,,1341.4665
2018-06-01,,1339.8979,1314.8229,1321.5496,,1321.5496
2018-06-04,,1328.8806,1309.4296,1310.1251,,1310.1251
2018-06-05,,1313.7534,1297.9643,1301.6481,,1301.6481
2018-06-06,,1303.0970,1273.4522,1275.5852,,1275.5852
2018-06-07,,1294.1127,1272.7489,1281.8967,,1281.8967
2018-06-08,,1285.9904,1277.5321,1282.2112,,1282.2112
2018-06-11,,1280.6547,1267.0542,1268.7030,,1268.7030
2018-06-12,,1287.5319,1268.7191,1286.4850,,1286.4850
2018-06-13,,1295.8238,1281.5015,1286.1640,,1286.1640
2018-06-14,,1304.9799,1285.1221,1301.4455,,1301.4455
2018-06-15,,1311.1518,1288.7238,1309.9398,,1309.9398
2018-06-18,,1317.9680,1307.7649,1313.4683,,1313.4683
2018-06-19,,1328.9641,1314.8663,1325.9686,,1325.9686
2018-06-20,,1328.7913,1320.8142,1325.2516,,1325.2516
2018-06-21,,1336.3694,1323.0838,1330.3796,,1330.3796
2018-06-22,,1341.9424,1329.5229,1338.7838,,1338.7838
2018-06-25,,1361.1829,1342.3644,1358.7324,,1358.7324
2018-06-26,,1368.5493,1354.6386,1359.6857,,1359.6857
2018-06-27,,1370.2843,1357.1325,1367.3000,,1367.3000
2018-06-28,,1379.0266,1364.3250,1366.0614,,1366.0614
2018-06-29,,1372.1546,1356.7725,1365.6282,,1365.6282
2018-07-02,,1378.2298,1361.7799,1377.8659,,1377.8659
2018-07-03,,1387.7922,1372.2446,1379.5191,,1379.5191
2018-07-05,,1387.6206,1374.7462,1387.4381,,1387.4381
2018-07-06,,1400.5786,1387.8752,1397.4014,,1397.4014
2018-07-09,,1396.7150,1350.2049,1354.8085,,1354.8085
2018-07-10,,1375.2348,1343.3745,1368.0215,,1368.0215
2018-07-11,,1382.8706,1370.0995,1380.2580,,1380.2580
2018-07-12,,1384.5592,1374.5711,1381.9508,,1381.9508
2018-07-13,,1386.9039,1373.2495,1382.6057,,1382.6057
2018-07-16,,1384.2598,1374.5715,1381.0587,,1381.0587
2018-07-17,,1385.9571,1379.2988,1379.9632,,1379.9632
2018-07-18,,1380.5537,1368.1675,1373.3938,,1373.3938
2018-07-19,,1393.1203,1379.5442,1385.1700,,1385.1700
2018-07-20,,1382.8420,1366.2235,1374.8105,,1374.8105
2018-07-23,,1377.3904,1361.2770,1366.1660,,1366.1660
2018-07-24,,1374.3701,1345.4417,1370.5075,,1370.5075
2018-07-25,,1380.3123,1365.9288,1373.4248,,1373.4248
2018-07-26,,1391.9912,1381.6248,1389.9781,,1389.9781
2018-07-27,,1395.6428,1377.8944,1382.5107,,1382.5107
2018-07-30,,1380.2043,1369.6923,1374.2228,,1374.2228
2018-07-31,,1389.5374,1374.9380,1388.7323,,1388.7323
2018-08-01,,1382.1301,1366.4650,1378.2626,,1378.2626
2018-08-02,,1389.1334,1370.1435,1386.1704,,1386.1704
2018-08-03,,1404.4735,1381.6901,1400.5985,,1400.5985
2018-08-06,,1411.3833,1401.1101,1404.8100,,1404.8100
2018-08-07,,1404.9735,1391.7556,1402.0763,,1402.0763
2018-08-08,,1398.2672,1388.6745,1393.9868,,1393.9868
2018-08-09,,1401.1232,1388.3182,1400.2802,,1400.2802
2018-08-10,,1410.7528,1391.2865,1391.8200,,1391.8200
2018-08-13,,1396.0930,1386.8926,1392.3808,,1392.3808
2018-08-14,,1400.1108,1390.6799,1395.8930,,1395.8930
2018-08-15,,1416.4828,1397.9303,1406.9196,,1406.9196
2018-08-16,,1425.6790,1402.7677,1425.0331,,1425.0331
2018-08-17,,1435.9833,1420.0611,1429.4662,,1429.4662
2018-08-20,,1429.1459,1420.9931,1424.0205,,1424.0205
2018-08-21,,1423.0107,1410.1038,1413.8638,,1413.8638
2018-08-22,,1415.6360,1398.5443,1402.8301,,1402.8301
2018-08-23,,1411.8035,1400.2293,1402.3808,,1402.3808
2018-08-24,,1408.4806,1394.8742,1407.2184,,1407.2184
2018-08-27,,1411.9200,1392.8173,1399.4434,,1399.4434
2018-08-28,,1401.6395,1393.0387,1397.2013,,1397.2013
2018-08-29,,1405.9044,1397.6981,1405.2807,,1405.2807
2018-08-30,,1414.3949,1401.9481,1406.9436,,1406.9436
2018-08-31,,1413.8611,1394.7582,1400.1789,,1400.1789
2018-09-04,,1413.9718,1403.9737,1407.1019,,1407.1019
2018-09-05,,1423.3150,1406.9491,1422.4521,,1422.4521
2018-09-06,,1434.2156,1418.4621,1428.0624,,1428.0624
2018-09-07,,1420.9317,1408.4963,1410.7260,,1410.7260
2018-09-10,,1424.9800,1414.1525,1420.5158,,1420.5158
2018-09-11,,1423.9153,1414.2473,1416.5388,,1416.5388
2018-09-12,,1424.6465,1413.4071,1416.2038,,1416.2038
2018-09-13,,1426.6382,1408.8292,1426.6382,,1426.6382
2018-09-14,,1423.4618,1408.6899,1420.8108,,1420.8108
2018-09-17,,1426.4702,1417.2534,1424.6275,,1424.6275
2018-09-18,,1426.3336,1416.4215,1423.1247,,1423.1247
2018-09-19,,1424.5655,1386.5399,1393.0226,,1393.0226
2018-09-20,,1396.0037,1379.0461,1394.9540,,1394.9540
2018-09-21,,1408.1675,1387.5102,1402.8369,,1402.8369
2018-09-24,,1402.9306,1389.9461,1390.2491,,1390.2491
2018-09-25,,1387.3926,1368.6521,1372.3392,,1372.3392
2018-09-26,,1377.1482,1357.2313,1358.3392,,1358.3392
2018-09-27,,1378.1058,1357.3345,1371.1913,,1371.1913
2018-09-28,,1392.9006,1374.8200,1392.8227,,1392.8227
2018-10-01,,1390.1953,1382.5632,1389.4428,,1389.4428
2018-10-02,,1410.5574,1394.1290,1406.7342,,1406.7342
2018-10-03,,1412.1770,1379.2141,1390.1813,,1390.1813
2018-10-04,,1399.5588,1377.0714,1397.1174,,1397.1174
2018-10-05,,1423.0911,1397.7856,1419.4750,,1419.4750
2018-10-08,,1438.8036,1417.9911,1429.9919,,1429.9919
2018-10-09,,1442.2427,1427.2337,1436.1882,,1436.1882
2018-10-10,,1450.2921,1427.1522,1427.7500,,1427.7500
2018-10-11,,1433.5455,1395.0782,1399.6967,,1399.6967
2018-10-12,,1403.6924,1388.2392,1400.3609,,1400.3609
2018-10-15,,1414.1133,1399.3382,1404.9930,,1404.9930
2018-10-16,,1427.9129,1401.4392,1420.9630,,1420.9630
2018-10-17,,1423.6049,1409.4755,1418.3651,,1418.3651
2018-10-18,,1425.2774,1409.5142,1417.0730,,1417.0730
2018-10-19,,1446.1944,1418.0641,1438.8769,,1438.8769
2018-10-22,,1440.2428,1426.0700,1430.6306,,1430.6306
2018-10-23,,1440.3845,1415.1638,1422.5242,,1422.5242
2018-10-24,,1462.2653,1425.1362,1454.0342,,1454.0342
2018-10-25,,1445.5677,1425.0676,1431.8304,,1431.8304
2018-10-26,,1442.2872,1398.7943,1409.2980,,1409.2980
2018-10-29,,1433.9461,1413.4036,1428.2512,,1428.2512
2018-10-30,,1441.2354,1416.4953,1432.0741,,1432.0741
2018-10-31,,1431.4143,1408.0438,1418.2339,,1418.2339
2018-11-01,,1420.9745,1403.8021,1411.7994,,1411.7994
2018-11-02,,1419.3635,1394.6224,1404.7493,,1404.7493
2018-11-05,,1429.4569,1408.7952,1423.8142,,1423.8142
2018-11-06,,1435.0502,1419.4738,1433.6224,,1433.6224
2018-11-07,,1449.0077,1431.4983,1447.7630,,1447.7630
2018-11-08,,1451.8890,1432.7656,1443.4957,,1443.4957
2018-11-09,,1449.9117,1433.6198,1441.3569,,1441.3569
2018-11-12,,1455.4133,1413.8196,1439.5084,,1439.5084
2018-11-13,,1447.7677,1428.3213,1444.3768,,1444.3768
2018-11-14,,1439.3768,1420.8767,1427.0617,,1427.0617
2018-11-15,,1418.9209,1403.2381,1412.3415,,1412.3415
2018-11-16,,1440.6060,1420.8084,1431.7482,,1431.7482
2018-11-19,,1438.3931,1425.6236,1437.3765,,1437.3765
2018-11-20,,1449.8171,1419.5502,1426.2555,,1426.2555
2018-11-21,,1424.4161,1405.2819,1407.5690,,1407.5690
2018-11-23,,1412.4791,1399.5513,1409.1769,,1409.1769
2018-11-26,,1418.9228,1404.5727,1417.5542,,1417.5542
2018-11-27,,1430.5649,1412.5831,1429.8286,,1429.8286
2018-11-28,,1435.3576,1423.8022,1429.1489,,1429.1489
2018-11-29,,1427.9577,1412.3100,1426.4043,,1426.4043
2018-11-30,,1448.8781,1426.5519,1447.7130,,1447.7130
2018-12-03,,1459.9929,1435.5596,1459.7026,,1459.7026
2018-12-04,,1477.1101,1457.6907,1460.7316,,1460.7316
2018-12-06,,1463.9006,1430.5804,1459.8657,,1459.8657
2018-12-07,,1475.8098,1449.3056,1466.2292,,1466.2292
2018-12-10,,1473.3866,1441.2779,1469.5407,,1469.5407
2018-12-11,,1480.0302,1464.2006,1474.4410,,1474.4410
2018-12-12,,1482.7949,1465.9424,1466.8093,,1466.8093
2018-12-13,,1484.6529,1468.5101,1478.5196,,1478.5196
2018-12-14,,1481.4804,1466.9150,1473.0784,,1473.0784
2018-12-17,,1476.6113,1418.9818,1423.9153,,1423.9153
2018-12-18,,1441.0634,1410.7065,1414.5366,,1414.5366
2018-12-19,,1427.8914,1404.6076,1411.5313,,1411.5313
2018-12-20,,1429.4330,1394.4137,1414.0381,,1414.0381
2018-12-21,,1443.9793,1398.7447,1402.7779,,1402.7779
2018-12-24,,1406.9349,1342.1410,1344.9670,,1344.9670
2018-12-26,,1367.5289,1326.8735,1367.3687,,1367.3687
2018-12-27,,1379.5128,1343.2750,1379.4891,,1379.4891
2018-12-28,,1392.9757,1374.7655,1379.3465,,1379.3465
2018-12-31,,1385.0104,1369.1794,1382.2329,,1382.2329
2019-01-02,,1376.6817,1349.8263,1357.0912,,1357.0912
2019-01-03,,1368.1455,1350.4006,1357.4426,,1357.4426
2019-01-04,,1378.3680,1353.3335,1378.3633,,1378.3633
2019-01-07,,1374.2168,1360.2524,1367.4810,,1367.4810
2019-01-08,,1383.8216,1360.9847,1383.0305,,1383.0305
2019-01-09,,1386.4473,1372.4098,1375.7580,,1375.7580
2019-01-10,,1397.2380,1376.2037,1395.8992,,1395.8992
2019-01-11,,1394.4911,1381.8909,1389.9496,,1389.9496
2019-01-14,,1370.7645,1341.6631,1354.8164,,1354.8164
2019-01-15,,1376.8355,1347.1375,1371.3122,,1371.3122
2019-01-16,,1375.8614,1360.5305,1375.3621,,1375.3621
2019-01-17,,1384.6047,1373.8146,1381.5073,,1381.5073
2019-01-18,,1387.9183,1377.7837,1384.1434,,1384.1434
2019-01-22,,1394.6902,1374.1039,1386.9507,,1386.9507
2019-01-23,,1404.1336,1387.6804,1403.7908,,1403.7908
2019-01-24,,1419.6779,1392.7774,1417.5772,,1417.5772
2019-01-25,,1416.9725,1393.4694,1395.2094,,1395.2094
2019-01-28,,1398.4033,1382.1530,1387.6976,,1387.6976
2019-01-29,,1397.8773,1388.1497,1394.5450,,1394.5450
2019-01-30,,1409.4488,1390.5822,1403.2050,,1403.2050
2019-01-31,,1434.8468,1398.1324,1430.8664,,1430.8664
2019-02-01,,1432.0953,1414.3223,1426.5460,,1426.5460
2019-02-04,,1430.5630,1412.0331,1430.5475,,1430.5475
2019-02-05,,1435.5687,1422.7173,1432.4030,,1432.4030
2019-02-06,,1436.6840,1424.8986,1430.2953,,1430.2953
2019-02-07,,1450.1390,1425.5286,1450.0754,,1450.0754
2019-02-08,,1457.4842,1444.3416,1457.3531,,1457.3531
2019-02-11,,1463.9522,1452.8970,1457.8152,,1457.8152
2019-02-12,,1469.3309,1451.0524,1463.0123,,1463.0123
2019-02-13,,1463.1188,1453.3750,1458.7859,,1458.7859
2019-02-14,,1464.6518,1453.6587,1457.6733,,1457.6733
2019-02-15,,1467.2042,1457.1915,1461.5433,,1461.5433
2019-02-19,,1473.9258,1458.5689,1471.9053,,1471.9053
2019-02-20,,1481.9807,1465.5458,1479.0815,,1479.0815
2019-02-21,,1493.1440,1470.4471,1490.8385,,1490.8385
2019-02-22,,1498.8886,1486.8517,1498.8772,,1498.8772
2019-02-25,,1499.1316,1483.7104,1489.8494,,1489.8494
2019-02-26,,1493.8073,1480.0417,1486.7613,,1486.7613
2019-02-27,,1490.4129,1480.4856,1486.1568,,1486.1568
2019-02-28,,1497.0668,1478.0799,1492.9295,,1492.9295
2019-03-01,,1499.0753,1485.0995,1497.6235,,1497.6235
2019-03-04,,1503.1523,1484.2719,1499.0464,,1499.0464
2019-03-05,,1502.3030,1494.4745,1497.0636,,1497.0636
2019-03-06,,1502.5114,1492.1046,1497.3974,,1497.3974
2019-03-07,,1509.7608,1497.2553,1501.1054,,1501.1054
2019-03-08,,1506.2514,1491.7768,1505.8556,,1505.8556
2019-03-11,,1517.8022,1505.6674,1517.3940,,1517.3940
2019-03-12,,1529.9797,1517.8110,1527.8698,,1527.8698
2019-03-13,,1533.8464,1523.4035,1530.0366,,1530.0366
2019-03-14,,1537.2901,1523.7328,1527.5091,,1527.5091
2019-03-15,,1538.7712,1521.6224,1534.1717,,1534.1717
2019-03-18,,1535.2438,1521.9159,1528.4691,,1528.4691
2019-03-19,,1527.6461,1503.9840,1508.6317,,1508.6317
2019-03-20,,1524.3557,1505.5785,1512.3839,,1512.3839
2019-03-21,,1532.0532,1512.0487,1529.0851,,1529.0851
2019-03-22,,1549.8490,1532.0307,1539.4890,,1539.4890
2019-03-25,,1546.1312,1536.3206,1542.1585,,1542.1585
2019-03-26,,1553.9879,1541.9918,1553.1262,,1553.1262
2019-03-27,,1554.2062,1536.4964,1543.6007,,1543.6007
2019-03-28,,1546.7436,1519.8012,1523.7746,,1523.7746
2019-03-29,,1533.4715,1519.2072,1532.6765,,1532.6765
2019-04-01,,1532.6166,1513.4475,1521.4861,,1521.4861
2019-04-02,,1525.5351,1513.9439,1523.8163,,1523.8163
2019-04-03,,1528.1562,1511.8603,1521.3810,,1521.3810
2019-04-04,,1524.9436,1507.7828,1514.0867,,1514.0867
2019-04-05,,1529.2233,1512.7294,1528.5608,,1528.5608
2019-04-08,,1526.7348,1513.8562,1517.1912,,1517.1912
2019-04-09,,1522.4889,1514.3564,1521.2133,,1521.2133
2019-04-10,,1535.0293,1514.1752,1516.3628,,1516.3628
2019-04-11,,1526.0583,1516.1549,1525.5258,,1525.5258
2019-04-12,,1534.4930,1513.0281,1532.9928,,1532.9928
2019-04-15,,1540.0218,1529.8115,1534.0149,,1534.0149
2019-04-16,,1536.4908,1510.4688,1513.0866,,1513.0866
2019-04-17,,1515.2417,1506.8020,1509.1995,,1509.1995
2019-04-18,,1518.7051,1507.6799,1508.2828,,1508.2828
2019-04-22,,1512.0012,1504.1358,1508.0784,,1508.0784
2019-04-23,,1516.6810,1502.0273,1513.8651,,1513.8651
2019-04-24,,1527.5098,1513.9359,1522.3695,,1522.3695
2019-04-25,,1533.7095,1514.9860,1527.2158,,1527.2158
2019-04-26,,1544.5635,1529.0150,1530.6702,,1530.6702
2019-04-29,,1530.3362,1516.5380,1522.9054,,1522.9054
2019-04-30,,1548.2077,1520.9402,1547.5945,,1547.5945
2019-05-01,,1546.7472,1530.4848,1530.9672,,1530.9672
2019-05-02,,1535.2357,1515.9694,1526.6305,,1526.6305
2019-05-03,,1537.9743,1526.6452,1535.7886,,1535.7886
2019-05-06,,1538.5092,1523.1432,1525.4314,,1525.4314
2019-05-07,,1527.5188,1514.3435,1520.4623,,1520.4623
2019-05-08,,1518.8555,1496.8788,1497.9812,,1497.9812
2019-05-09,,1503.8621,1489.4949,1498.3551,,1498.3551
2019-05-10,,1524.3556,1495.5964,1523.5899,,1523.5899
2019-05-13,,1544.0480,1519.3775,1541.8120,,1541.8120
2019-05-14,,1541.7815,1526.6261,1528.4310,,1528.4310
2019-05-15,,1535.2564,1524.9988,1526.1781,,1526.1781
2019-05-16,,1541.1315,1522.1931,1536.3659,,1536.3659
2019-05-17,,1547.9696,1525.8502,1542.6766,,1542.6766
2019-05-20,,1554.5996,1542.0057,1546.5532,,1546.5532
2019-05-21,,1561.5259,1545.0646,1548.9696,,1548.9696
2019-05-22,,1560.9456,1546.7177,1559.5704,,1559.5704
2019-05-23,,1571.3961,1559.8916,1571.0628,,1571.0628
2019-05-24,,1580.3223,1567.1531,1567.7642,,1567.7642
2019-05-28,,1570.0082,1540.6309,1542.2064,,1542.2064
2019-05-29,,1547.2261,1519.3142,1522.0860,,1522.0860
2019-05-30,,1530.7757,1514.7216,1518.7517,,1518.7517
2019-05-31,,1530.2021,1513.0613,1526.3847,,1526.3847
2019-06-03,,1544.5459,1524.0960,1543.5368,,1543.5368
2019-06-04,,1547.3831,1516.3004,1545.6245,,1545.6245
2019-06-05,,1584.8654,1548.7620,1580.4560,,1580.4560
2019-06-06,,1589.6656,1575.9771,1586.4467,,1586.4467
2019-06-07,,1604.1075,1573.8049,1573.8285,,1573.8285
2019-06-10,,1572.0138,1555.7810,1563.8396,,1563.8396
2019-06-11,,1565.9032,1544.3891,1552.9308,,1552.9308
2019-06-12,,1575.0259,1559.8062,1573.0795,,1573.0795
2019-06-13,,1579.1196,1564.3460,1574.5814,,1574.5814
2019-06-14,,1592.7816,1576.5873,1589.5413,,1589.5413
2019-06-17,,1593.4286,1574.4974,1582.1981,,1582.1981
2019-06-18,,1591.9357,1568.0102,1578.4494,,1578.4494
2019-06-19,,1596.7997,1571.5798,1590.9722,,1590.9722
2019-06-20,,1604.2653,1582.1264,1599.1819,,1599.1819
2019-06-21,,1609.2213,1587.7596,1606.3983,,1606.3983
2019-06-24,,1611.3139,1600.7920,1606.1377,,1606.1377
2019-06-25,,1607.6500,1590.8927,1593.9344,,1593.9344
2019-06-26,,1589.8375,1559.1958,1559.8384,,1559.8384
2019-06-27,,1567.9614,1556.8131,1562.6875,,1562.6875
2019-06-28,,1577.3095,1560.5021,1571.7197,,1571.7197
2019-07-01,,1572.1403,1552.1659,1567.1950,,1567.1950
2019-07-02,,1589.0848,1571.3046,1585.8528,,1585.8528
2019-07-03,,1606.4864,1591.3886,1599.2827,,1599.2827
2019-07-05,,1598.2696,1573.0467,1596.5305,,1596.5305
2019-07-08,,1601.9855,1589.5455,1598.9260,,1598.9260
2019-07-09,,1601.3509,1588.5051,1599.7647,,1599.7647
2019-07-10,,1613.0696,1598.0727,1605.1184,,1605.1184
2019-07-11,,1610.5971,1592.6578,1606.1219,,1606.1219
2019-07-12,,1606.9949,1590.2354,1596.3476,,1596.3476
2019-07-15,,1604.0125,1590.9831,1601.6097,,1601.6097
2019-07-16,,1602.7163,1585.0325,1591.3884,,1591.3884
2019-07-17,,1607.3540,1596.9299,1598.2972,,1598.2972
2019-07-18,,1611.0588,1587.8805,1610.5358,,1610.5358
2019-07-19,,1611.6752,1586.8957,1587.1736,,1587.1736
2019-07-22,,1589.4335,1574.0599,1583.0617,,1583.0617
2019-07-23,,1583.4143,1569.4428,1573.1323,,1573.1323
2019-07-24,,1577.3525,1562.2294,1575.4577,,1575.4577
2019-07-25,,1579.6673,1562.8019,1570.5507,,1570.5507
2019-07-26,,1582.2143,1569.1662,1576.4652,,1576.4652
2019-07-29,,1586.3345,1571.9933,1584.3958,,1584.3958
2019-07-30,,1586.7499,1564.2568,1572.3105,,1572.3105
2019-07-31,,1580.6024,1557.2914,1564.8766,,1564.8766
2019-08-01,,1589.7454,1558.2900,1580.4435,,1580.4435
2019-08-02,,1593.6865,1577.7727,1581.1655,,1581.1655
2019-08-05,,1585.3698,1551.2838,1558.3855,,1558.3855
2019-08-06,,1583.0133,1542.6689,1577.9997,,1577.9997
2019-08-07,,1591.5745,1556.5935,1582.3328,,1582.3328
2019-08-08,,1602.9642,1572.8650,1599.6515,,1599.6515
2019-08-09,,1606.5605,1592.4405,1597.2275,,1597.2275
2019-08-12,,1599.7222,1586.1662,1593.0827,,1593.0827
2019-08-13,,1599.4168,1583.3885,1594.1631,,1594.1631
2019-08-14,,1601.4160,1576.0218,1579.2652,,1579.2652
2019-08-15,,1604.5493,1576.5412,1599.7212,,1599.7212
2019-08-16,,1611.3502,1599.6169,1606.1167,,1606.1167
2019-08-19,,1621.9986,1603.4758,1616.6837,,1616.6837
2019-08-20,,1618.8670,1606.5434,1612.9209,,1612.9209
2019-08-21,,1624.9225,1611.6770,1624.7067,,1624.7067
2019-08-22,,1628.4564,1613.8615,1625.8447,,1625.8447
2019-08-23,,1634.6815,1601.9435,1609.0793,,1609.0793
2019-08-26,,1628.3451,1610.5016,1627.9647,,1627.9647
2019-08-27,,1642.3504,1628.1263,1628.8970,,1628.8970
2019-08-28,,1634.5160,1617.2368,1622.7058,,1622.7058
2019-08-29,,1633.0842,1618.9691,1632.7889,,1632.7889
2019-08-30,,1639.4344,1628.4589,1634.4527,,1634.4527
2019-09-03,,1664.5493,1633.3948,1664.3084,,1664.3084
2019-09-04,,1671.6609,1656.6379,1667.3211,,1667.3211
2019-09-05,,1657.3846,1643.3675,1648.9642,,1648.9642
2019-09-06,,1655.9237,1638.6567,1643.2997,,1643.2997
2019-09-09,,1640.9895,1632.0205,1635.3208,,1635.3208
2019-09-10,,1636.3126,1622.4083,1636.1625,,1636.1625
2019-09-11,,1654.2643,1628.9119,1653.0158,,1653.0158
2019-09-12,,1666.5457,1648.0046,1654.6878,,1654.6878
2019-09-13,,1655.9483,1639.9752,1646.0505,,1646.0505
2019-09-16,,1650.9959,1639.2167,1648.1867,,1648.1867
2019-09-17,,1666.4485,1650.6784,1663.1593,,1663.1593
2019-09-18,,1676.8493,1661.2551,1673.7067,,1673.7067
2019-09-19,,1681.5316,1672.6296,1679.7062,,1679.7062
2019-09-20,,1686.8987,1674.0814,1684.7577,,1684.7577
2019-09-23,,1691.6111,1681.9773,1687.2028,,1687.2028
2019-09-24,,1710.0640,1690.4556,1703.9796,,1703.9796
2019-09-25,,1705.1809,1694.0931,1703.6806,,1703.6806
2019-09-26,,1717.2655,1705.3538,1712.1421,,1712.1421
2019-09-27,,1713.3109,1697.7340,1706.6297,,1706.6297
2019-09-30,,1715.5649,1702.2497,1706.3561,,1706.3561
2019-10-01,,1704.6348,1693.5617,1701.0133,,1701.0133
2019-10-02,,1701.3529,1675.8921,1679.3847,,1679.3847
2019-10-03,,1683.9216,1671.4189,1683.1590,,1683.1590
2019-10-04,,1710.6834,1683.6531,1708.8670,,1708.8670
2019-10-07,,1709.1221,1696.8834,1702.5518,,1702.5518
2019-10-08,,1701.1320,1685.6322,1685.6604,,1685.6604
2019-10-09,,1701.7757,1686.9184,1695.3038,,1695.3038
2019-10-10,,1696.3671,1677.5919,1692.6646,,1692.6646
2019-10-11,,1698.6935,1683.3808,1687.9797,,1687.9797
2019-10-14,,1692.5738,1673.3477,1677.6348,,1677.6348
2019-10-15,,1682.5869,1669.4532,1672.8500,,1672.8500
2019-10-16,,1676.8419,1664.6592,1676.0273,,1676.0273
2019-10-17,,1683.7070,1671.3529,1680.4423,,1680.4423
2019-10-18,,1690.0720,1673.5956,1687.1475,,1687.1475
2019-10-21,,1695.4286,1683.6658,1694.6316,,1694.6316
2019-10-22,,1710.8658,1694.0880,1702.5697,,1702.5697
2019-10-23,,1713.1088,1702.3773,1708.2062,,1708.2062
2019-10-24,,1716.6449,1708.1651,1714.8760,,1714.8760
2019-10-25,,1715.8655,1690.7924,1697.2813,,1697.2813
2019-10-28,,1693.8037,1674.1308,1676.4573,,1676.4573
2019-10-29,,1682.5795,1670.5403,1679.6413,,1679.6413
2019-10-30,,1699.0241,1679.3443,1695.3842,,1695.3842
2019-10-31,,1703.9517,1689.7111,1700.2434,,1700.2434
2019-11-01,,1706.4679,1692.8616,1695.8795,,1695.8795
2019-11-04,,1694.6088,1668.2108,1674.2414,,1674.2414
2019-11-05,,1671.6637,1651.2050,1655.2024,,1655.2024
2019-11-06,,1666.1067,1655.4097,1658.2677,,1658.2677
2019-11-07,,1652.6574,1625.6039,1635.7764,,1635.7764
2019-11-08,,1640.9774,1627.0828,1635.1728,,1635.1728
2019-11-11,,1636.8098,1625.5615,1626.9347,,1626.9347
2019-11-12,,1633.9550,1626.2684,1630.6101,,1630.6101
2019-11-13,,1658.4199,1635.0883,1655.2083,,1655.2083
2019-11-14,,1667.7336,1654.9104,1662.3821,,1662.3821
2019-11-15,,1667.7353,1656.9388,1667.6453,,1667.6453
2019-11-18,,1684.5514,1669.0497,1671.6855,,1671.6855
2019-11-19,,1677.9669,1662.7479,1669.1902,,1669.1902
2019-11-20,,1684.2277,1668.5421,1682.8257,,1682.8257
2019-11-21,,1682.8340,1670.6084,1676.5516,,1676.5516
2019-11-22,,1681.4525,1663.8265,1676.5783,,1676.5783
2019-11-25,,1681.9995,1666.3960,1668.4029,,1668.4029
2019-11-26,,1675.4285,1666.5348,1673.8203,,1673.8203
2019-11-27,,1676.0909,1666.2234,1675.0548,,1675.0548
2019-11-29,,1684.1704,1672.1823,1673.2212,,1673.2212
2019-12-02,,1669.5854,1659.9116,1660.8579,,1660.8579
2019-12-03,,1669.9513,1663.3699,1668.4085,,1668.4085
2019-12-04,,1680.2454,1663.9745,1678.3304,,1678.3304
2019-12-05,,1676.6546,1667.8004,1676.2607,,1676.2607
2019-12-06,,1681.2976,1670.8578,1671.4385,,1671.4385
2019-12-09,,1672.5125,1659.4639,1661.8573,,1661.8573
2019-12-10,,1664.1219,1657.1154,1660.3035,,1660.3035
2019-12-11,,1669.7556,1658.6021,1666.7115,,1666.7115
2019-12-12,,1671.4887,1652.3373,1659.3436,,1659.3436
2019-12-13,,1673.8964,1654.6126,1671.7829,,1671.7829
2019-12-16,,1695.0829,1672.5405,1695.0740,,1695.0740
2019-12-17,,1709.5757,1693.2735,1699.7966,,1699.7966
2019-12-18,,1708.3999,1691.6633,1706.3193,,1706.3193
2019-12-19,,1708.5061,1696.8654,1705.9424,,1705.9424
2019-12-20,,1728.2448,1707.0393,1719.8590,,1719.8590
2019-12-23,,1722.9175,1698.3929,1701.4430,,1701.4430
2019-12-24,,1703.4094,1694.4217,1702.9695,,1702.9695
2019-12-26,,1707.3275,1698.6327,1705.1728,,1705.1728
2019-12-27,,1709.2422,1702.6290,1709.0909,,1709.0909
2019-12-30,,1708.3126,1699.5459,1708.2116,,1708.2116
2019-12-31,,1718.0386,1706.0681,1717.3736,,1717.3736
2020-01-02,,1717.6932,1688.0942,1693.7233,,1693.7233
2020-01-03,,1702.6394,1690.8367,1695.9753,,1695.9753
2020-01-06,,1703.8941,1692.9638,1699.2581,,1699.2581
2020-01-07,,1697.3778,1688.0665,1695.8633,,1695.8633
2020-01-08,,1702.0847,1693.0428,1695.5128,,1695.5128
2020-01-09,,1706.9442,1692.5310,1705.4387,,1705.4387
2020-01-10,,1716.4116,1708.5958,1709.9054,,1709.9054
2020-01-13,,1724.8993,1709.4422,1719.8375,,1719.8375
2020-01-14,,1724.4239,1711.9593,1724.4239,,1724.4239
2020-01-15,,1750.9254,1730.3132,1748.2886,,1748.2886
2020-01-16,,1759.7782,1749.2793,1758.1454,,1758.1454
2020-01-17,,1772.4424,1752.8782,1771.0897,,1771.0897
2020-01-21,,1786.3425,1767.1368,1784.6443,,1784.6443
2020-01-22,,1796.9997,1788.9303,1791.2713,,1791.2713
2020-01-23,,1807.7095,1789.9352,1807.2539,,1807.2539
2020-01-24,,1818.8630,1800.4857,1814.0144,,1814.0144
2020-01-27,,1824.0075,1804.9672,1809.1431,,1809.1431
2020-01-28,,1823.9669,1806.3796,1816.2637,,1816.2637
2020-01-29,,1825.5341,1810.9950,1822.8131,,1822.8131
2020-01-30,,1840.0833,1815.8936,1838.4750,,1838.4750
2020-01-31,,1841.5034,1820.4081,1828.7365,,1828.7365
2020-02-03,,1835.7710,1827.6893,1834.1423,,1834.1423
2020-02-04,,1838.5732,1813.6271,1814.8210,,1814.8210
2020-02-05,,1826.9030,1807.3194,1821.8860,,1821.8860
2020-02-06,,1830.3870,1817.9114,1820.1056,,1820.1056
2020-02-07,,1827.8253,1815.6755,1816.0652,,1816.0652
2020-02-10,,1823.2770,1812.9544,1823.0654,,1823.0654
2020-02-11,,1836.2811,1827.1013,1830.2853,,1830.2853
2020-02-12,,1835.9668,1822.5888,1828.3577,,1828.3577
2020-02-13,,1848.1298,1827.3428,1846.5222,,1846.5222
2020-02-14,,1857.2499,1845.6926,1856.0162,,1856.0162
2020-02-18,,1875.5532,1857.4606,1872.8398,,1872.8398
2020-02-19,,1871.1216,1849.7852,1849.8586,,1849.8586
2020-02-20,,1860.4398,1842.9215,1859.1179,,1859.1179
2020-02-21,,1867.2474,1853.1810,1855.0729,,1855.0729
2020-02-24,,1857.0616,1832.4982,1832.6716,,1832.6716
2020-02-25,,1837.7088,1792.7394,1794.7311,,1794.7311
2020-02-26,,1810.2635,1774.3185,1774.7569,,1774.7569
2020-02-27,,1769.7184,1686.0828,1686.2956,,1686.2956
2020-02-28,,1656.2039,1590.6296,1626.5541,,1626.5541
2020-03-02,,1729.3753,1631.0732,1727.1778,,1727.1778
2020-03-03,,1764.3843,1700.3097,1706.2249,,1706.2249
2020-03-04,,1803.5233,1728.0463,1802.5279,,1802.5279
2020-03-05,,1796.9983,1752.8890,1774.1599,,1774.1599
2020-03-06,,1764.7348,1694.0984,1759.4195,,1759.4195
2020-03-09,,1744.4792,1633.8655,1658.6215,,1658.6215
2020-03-10,,1706.9010,1600.2532,1676.3495,,1676.3495
2020-03-11,,1637.9498,1565.1177,1586.8546,,1586.8546
2020-03-12,,1567.9804,1417.2789,1425.8129,,1425.8129
2020-03-13,,1503.0860,1398.5071,1502.9984,,1502.9984
2020-03-16,,1500.3770,1324.3013,1328.7942,,1328.7942
2020-03-17,,1514.5850,1349.9724,1500.3028,,1500.3028
2020-03-18,,1481.0180,1358.1560,1427.0545,,1427.0545
2020-03-19,,1422.5283,1350.1092,1358.1562,,1358.1562
2020-03-20,,1366.4194,1241.5455,1252.5832,,1252.5832
2020-03-23,,1238.8728,1148.9228,1185.1365,,1185.1365
2020-03-24,,1323.6546,1227.8986,1317.6460,,1317.6460
2020-03-25,,1399.8505,1277.6660,1345.4869,,1345.4869
2020-03-26,,1475.0187,1347.2671,1459.5155,,1459.5155
2020-03-27,,1518.9514,1410.3079,1468.6895,,1468.6895
2020-03-30,,1532.4082,1473.9509,1523.5719,,1523.5719
2020-03-31,,1506.7048,1460.6720,1465.2673,,1465.2673
2020-04-01,,1422.5000,1350.1098,1375.0547,,1375.0547
2020-04-02,,1426.8723,1356.5761,1416.7845,,1416.7845
2020-04-03,,1418.6237,1354.2994,1365.4129,,1365.4129
2020-04-06,,1484.5241,1417.1840,1471.1925,,1471.1925
2020-04-07,,1513.0545,1454.5483,1455.9801,,1455.9801
2020-04-08,,1545.1684,1451.8438,1534.3725,,1534.3725
2020-04-09,,1626.0633,1555.3319,1602.4286,,1602.4286
2020-04-13,,1587.9005,1534.0685,1549.3763,,1549.3763
2020-04-14,,1595.7114,1568.3111,1593.6068,,1593.6068
2020-04-15,,1564.4464,1531.0627,1538.0861,,1538.0861
2020-04-16,,1550.7293,1524.0378,1538.2687,,1538.2687
2020-04-17,,1598.7108,1553.1183,1591.8612,,1591.8612
2020-04-20,,1577.3717,1529.0323,1530.2606,,1530.2606
2020-04-21,,1521.1437,1486.8697,1504.2722,,1504.2722
2020-04-22,,1560.5533,1523.7247,1550.7810,,1550.7810
2020-04-23,,1557.0739,1516.2069,1522.7410,,1522.7410
2020-04-24,,1538.3947,1506.4384,1531.9891,,1531.9891
2020-04-27,,1562.2504,1541.8601,1552.4214,,1552.4214
2020-04-28,,1591.0344,1549.6324,1556.0875,,1556.0875
2020-04-29,,1582.9393,1537.6495,1541.6990,,1541.6990
2020-04-30,,1530.5865,1494.1440,1507.8504,,1507.8504
2020-05-01,,1490.6724,1463.2487,1470.2875,,1470.2875
2020-05-04,,1485.2398,1454.6193,1480.7491,,1480.7491
2020-05-05,,1515.1161,1489.1442,1495.7499,,1495.7499
2020-05-06,,1500.5388,1443.1744,1444.7199,,1444.7199
2020-05-07,,1469.7280,1446.0651,1448.8650,,1448.8650
2020-05-08,,1488.2322,1463.2705,1484.4148,,1484.4148
2020-05-11,,1480.3729,1449.5935,1474.4166,,1474.4166
2020-05-12,,1482.9906,1457.9901,1461.1367,,1461.1367
2020-05-13,,1456.7499,1431.6125,1447.1248,,1447.1248
2020-05-14,,1465.9770,1412.7022,1462.7282,,1462.7282
2020-05-15,,1448.7444,1418.9981,1439.1986,,1439.1986
2020-05-18,,1510.2087,1478.9189,1501.6315,,1501.6315
2020-05-19,,1497.7943,1472.0763,1472.5823,,1472.5823
2020-05-20,,1501.4600,1479.4628,1484.8683,,1484.8683
2020-05-21,,1489.1580,1466.8659,1469.4760,,1469.4760
2020-05-22,,1487.2741,1465.5910,1486.7882,,1486.7882
2020-05-26,,1525.9101,1496.3774,1499.7381,,1499.7381
2020-05-27,,1526.8534,1499.1105,1518.4574,,1518.4574
2020-05-28,,1571.4023,1537.7027,1564.9489,,1564.9489
2020-05-29,,1584.1612,1553.1733,1577.9234,,1577.9234
2020-06-01,,1602.0902,1565.5456,1592.1736,,1592.1736
2020-06-02,,1603.2227,1582.0438,1599.7534,,1599.7534
2020-06-03,,1631.5190,1608.3857,1620.1824,,1620.1824
2020-06-04,,1611.0476,1566.9039,1586.9767,,1586.9767
2020-06-05,,1637.5204,1602.3616,1609.2643,,1609.2643
2020-06-08,,1657.8600,1600.7739,1654.4109,,1654.4109
2020-06-09,,1636.6503,1601.9841,1618.5871,,1618.5871
2020-06-10,,1628.0705,1602.1909,1609.3140,,1609.3140
2020-06-11,,1583.2009,1530.1302,1540.0962,,1540.0962
2020-06-12,,1568.9953,1517.5811,1537.3269,,1537.3269
2020-06-15,,1556.7849,1495.9243,1546.1908,,1546.1908
2020-06-16,,1591.2597,1546.8038,1554.9022,,1554.9022
2020-06-17,,1561.1973,1536.2381,1550.0032,,1550.0032
2020-06-18,,1553.7581,1535.0494,1549.8079,,1549.8079
2020-06-19,,1566.3049,1504.8765,1504.8765,,1504.8765
2020-06-22,,1534.1827,1496.0701,1526.4367,,1526.4367
2020-06-23,,1540.9605,1505.4340,1508.5062,,1508.5062
2020-06-24,,1503.3275,1476.5403,1492.4145,,1492.4145
2020-06-25,,1488.1114,1458.9057,1476.2162,,1476.2162
2020-06-26,,1489.4221,1448.4259,1457.9801,,1457.9801
2020-06-29,,1484.7897,1453.8485,1484.5805,,1484.5805
2020-06-30,,1498.2022,1476.4365,1490.7215,,1490.7215
2020-07-01,,1529.9262,1489.5160,1523.2224,,1523.2224
2020-07-02,,1542.5501,1523.3873,1527.2140,,1527.2140
2020-07-06,,1541.8297,1494.7491,1505.9058,,1505.9058
2020-07-07,,1505.1835,1483.4608,1500.5311,,1500.5311
2020-07-08,,1521.0022,1495.9765,1516.6276,,1516.6276
2020-07-09,,1505.7195,1474.9671,1496.7335,,1496.7335
2020-07-10,,1530.1503,1497.3704,1526.1931,,1526.1931
2020-07-13,,1541.9758,1519.1910,1525.9189,,1525.9189
2020-07-14,,1550.6735,1528.1041,1542.0484,,1542.0484
2020-07-15,,1568.9856,1534.2152,1536.1511,,1536.1511
2020-07-16,,1562.2551,1534.7395,1557.6562,,1557.6562
2020-07-17,,1598.3857,1565.6863,1594.1194,,1594.1194
2020-07-20,,1590.7194,1569.8621,1572.3106,,1572.3106
2020-07-21,,1596.8274,1569.5122,1576.4001,,1576.4001
2020-07-22,,1602.7466,1551.7837,1596.3037,,1596.3037
2020-07-23,,1610.0243,1588.2760,1597.5303,,1597.5303
2020-07-24,,1616.7790,1580.2288,1588.8598,,1588.8598
2020-07-27,,1586.8235,1554.9553,1568.2001,,1568.2001
2020-07-28,,1603.5830,1564.7839,1589.7969,,1589.7969
2020-07-29,,1601.2556,1585.1009,1596.6614,,1596.6614
2020-07-30,,1598.8960,1577.6142,1598.3342,,1598.3342
2020-07-31,,1604.8064,1577.3115,1600.3717,,1600.3717
2020-08-03,,1596.9141,1573.5094,1580.5933,,1580.5933
2020-08-04,,1604.8324,1577.5381,1596.6450,,1596.6450
2020-08-05,,1600.3465,1568.3377,1573.5081,,1573.5081
2020-08-06,,1584.1753,1562.8778,1580.9779,,1580.9779
2020-08-07,,1614.8146,1575.5740,1609.0971,,1609.0971
2020-08-10,,1621.9886,1604.4622,1607.6818,,1607.6818
2020-08-11,,1614.5437,1570.7246,1574.5377,,1574.5377
2020-08-12,,1608.0962,1579.7544,1598.3065,,1598.3065
2020-08-13,,1597.8560,1583.5563,1593.8859,,1593.8859
2020-08-14,,1590.9368,1575.5687,1579.0649,,1579.0649
2020-08-17,,1589.5151,1572.3939,1574.6449,,1574.6449
2020-08-18,,1579.7205,1560.3378,1569.9725,,1569.9725
2020-08-19,,1573.2164,1562.2429,1565.0571,,1565.0571
2020-08-20,,1564.4329,1546.7270,1550.0502,,1550.0502
2020-08-21,,1556.3512,1538.7538,1553.2381,,1553.2381
2020-08-24,,1569.0108,1544.2367,1568.7288,,1568.7288
2020-08-25,,1571.8361,1546.9801,1553.8994,,1553.8994
2020-08-26,,1545.7064,1530.7260,1535.8590,,1535.8590
2020-08-27,,1550.7140,1531.4905,1541.7125,,1541.7125
2020-08-28,,1547.6597,1530.8043,1546.6527,,1546.6527
2020-08-31,,1560.3724,1544.9334,1550.1276,,1550.1276
2020-09-01,,1543.0183,1525.8564,1531.9020,,1531.9020
2020-09-02,,1586.8234,1529.6439,1580.4313,,1580.4313
2020-09-03,,1593.8924,1545.2854,1558.8217,,1558.8217
2020-09-04,,1569.2029,1529.3469,1549.4768,,1549.4768
2020-09-08,,1554.5587,1528.1935,1542.3410,,1542.3410
2020-09-09,,1579.2518,1550.6311,1558.2382,,1558.2382
2020-09-10,,1551.1075,1528.0905,1528.7230,,1528.7230
2020-09-11,,1537.6742,1522.0897,1533.7021,,1533.7021
2020-09-14,,1563.2982,1539.0677,1555.5817,,1555.5817
2020-09-15,,1591.1847,1559.4933,1568.9621,,1568.9621
2020-09-16,,1573.1712,1554.3716,1561.4837,,1561.4837
2020-09-17,,1557.0689,1537.8189,1549.1097,,1549.1097
2020-09-18,,1549.4467,1518.3383,1521.1020,,1521.1020
2020-09-21,,1517.2510,1490.9021,1511.2696,,1511.2696
2020-09-22,,1529.6383,1509.9480,1521.7085,,1521.7085
2020-09-23,,1523.7192,1499.3872,1500.0603,,1500.0603
2020-09-24,,1526.9728,1488.1104,1517.5915,,1517.5915
2020-09-25,,1543.8551,1506.3192,1542.4914,,1542.4914
2020-09-28,,1562.4431,1545.0859,1549.1978,,1549.1978
2020-09-29,,1565.1651,1543.7076,1549.2249,,1549.2249
2020-09-30,,1562.8193,1539.8716,1555.5863,,1555.5863
2020-10-01,,1574.3716,1557.6570,1569.5020,,1569.5020
2020-10-02,,1595.5137,1553.9597,1587.6188,,1587.6188
2020-10-05,,1615.4394,1585.7391,1610.8397,,1610.8397
2020-10-06,,1645.9145,1606.6688,1627.9458,,1627.9458
2020-10-07,,1645.4796,1628.5636,1639.8298,,1639.8298
2020-10-08,,1668.7947,1645.9505,1666.7804,,1666.7804
2020-10-09,,1677.6523,1657.0496,1665.1265,,1665.1265
2020-10-12,,1685.3404,1661.7379,1674.7854,,1674.7854
2020-10-13,,1667.9990,1646.4957,1663.7526,,1663.7526
2020-10-14,,1672.2438,1653.7230,1660.2848,,1660.2848
2020-10-15,,1667.8228,1641.2363,1659.7997,,1659.7997
2020-10-16,,1686.1276,1661.2685,1680.0678,,1680.0678
2020-10-19,,1688.2475,1660.9869,1664.1030,,1664.1030
2020-10-20,,1685.2896,1667.4080,1674.8509,,1674.8509
2020-10-21,,1678.5136,1663.2129,1667.6875,,1667.6875
2020-10-22,,1694.9954,1666.1828,1692.5023,,1692.5023
2020-10-23,,1704.4568,1688.1750,1697.3369,,1697.3369
2020-10-26,,1699.7460,1674.4613,1696.7663,,1696.7663
2020-10-27,,1711.4268,1687.3291,1693.6804,,1693.6804
2020-10-28,,1690.3681,1640.6559,1642.8719,,1642.8719
2020-10-29,,1665.1511,1617.0307,1644.9891,,1644.9891
2020-10-30,,1643.9874,1612.4916,1627.5106,,1627.5106
2020-11-02,,1665.1608,1635.4612,1664.0458,,1664.0458
2020-11-03,,1705.8262,1677.2306,1688.3098,,1688.3098
2020-11-04,,1699.4402,1660.6074,1661.5339,,1661.5339
2020-11-05,,1707.5799,1677.8200,1680.8135,,1680.8135
2020-11-06,,1695.6579,1673.7724,1677.5560,,1677.5560
2020-11-09,,1773.2343,1703.1289,1705.2811,,1705.2811
2020-11-10,,1733.1851,1707.2964,1728.0944,,1728.0944
2020-11-11,,1752.5018,1730.2453,1737.4831,,1737.4831
2020-11-12,,1732.3847,1695.7017,1709.0261,,1709.0261
2020-11-13,,1729.9214,1715.9507,1725.9479,,1725.9479
2020-11-16,,1746.4565,1721.8302,1741.7428,,1741.7428
2020-11-17,,1739.8663,1707.6466,1709.9537,,1709.9537
2020-11-18,,1718.9993,1677.2618,1677.5698,,1677.5698
2020-11-19,,1672.8865,1649.9024,1660.8149,,1660.8149
2020-11-20,,1670.5742,1651.5275,1659.3141,,1659.3141
2020-11-23,,1668.3978,1651.5755,1658.5886,,1658.5886
2020-11-24,,1680.0301,1658.8632,1677.7843,,1677.7843
2020-11-25,,1681.4421,1661.1854,1680.6379,,1680.6379
2020-11-27,,1681.7094,1659.3734,1665.3882,,1665.3882
2020-11-30,,1665.6752,1634.5788,1639.6596,,1639.6596
2020-12-01,,1675.1632,1639.7615,1652.2457,,1652.2457
2020-12-02,,1662.0749,1633.1956,1661.6053,,1661.6053
2020-12-03,,1661.8833,1637.2957,1641.8653,,1641.8653
2020-12-04,,1647.6025,1620.1340,1628.5244,,1628.5244
2020-12-07,,1645.2173,1624.4362,1637.2115,,1637.2115
2020-12-08,,1643.3639,1620.4224,1634.2577,,1634.2577
2020-12-09,,1637.7289,1619.6845,1629.0591,,1629.0591
2020-12-10,,1633.6314,1614.2683,1619.9116,,1619.9116
2020-12-11,,1625.2889,1612.9543,1622.8226,,1622.8226
2020-12-14,,1647.2798,1611.7379,1612.3539,,1612.3539
2020-12-15,,1649.6612,1612.3539,1646.3177,,1646.3177
2020-12-16,,1657.7888,1627.2760,1628.5434,,1628.5434
2020-12-17,,1652.2211,1629.1584,1638.7428,,1638.7428
2020-12-18,,1645.4759,1617.2517,1625.6369,,1625.6369
2020-12-21,,1624.7756,1589.3249,1611.0430,,1611.0430
2020-12-22,,1617.2050,1605.4216,1609.8045,,1609.8045
2020-12-23,,1630.4310,1607.9679,1608.0434,,1608.0434
2020-12-24,,1620.0437,1603.4615,1618.4802,,1618.4802
2020-12-28,,1636.6417,1619.4648,1625.7839,,1625.7839
2020-12-29,,1634.6616,1618.8350,1622.8556,,1622.8556
2020-12-30,,1638.2860,1621.4228,1633.6796,,1633.6796
2020-12-31,,1661.6183,1631.0683,1660.5308,,1660.5308
2021-01-04,,1662.1663,1606.8766,1615.6912,,1615.6912
2021-01-05,,1624.9127,1605.1023,1618.7945,,1618.7945
2021-01-06,,1680.7310,1618.7945,1670.6471,,1670.6471
2021-01-07,,1686.1522,1655.7827,1656.4296,,1656.4296
2021-01-08,,1677.7943,1656.3794,1676.0586,,1676.0586
2021-01-11,,1676.0466,1650.0766,1660.1205,,1660.1205
2021-01-12,,1665.3338,1632.7826,1651.6648,,1651.6648
2021-01-13,,1683.6137,1652.0097,1678.5088,,1678.5088
2021-01-14,,1680.3304,1664.9239,1670.6162,,1670.6162
2021-01-15,,1689.5452,1660.0103,1683.6484,,1683.6484
2021-01-19,,1694.1592,1677.4833,1681.8938,,1681.8938
2021-01-20,,1696.5686,1671.9090,1689.4555,,1689.4555
2021-01-21,,1690.4806,1676.3135,1682.3180,,1682.3180
2021-01-22,,1691.4743,1671.0254,1686.2706,,1686.2706
2021-01-25,,1714.8979,1679.0095,1711.5082,,1711.5082
2021-01-26,,1713.6470,1686.3180,1690.3650,,1690.3650
2021-01-27,,1689.6639,1631.5154,1636.6378,,1636.6378
2021-01-28,,1683.1808,1637.2145,1659.2377,,1659.2377
2021-01-29,,1663.0851,1633.4540,1644.2066,,1644.2066
2021-02-01,,1668.0674,1640.0091,1654.9485,,1654.9485
2021-02-02,,1696.1672,1654.9485,1672.6820,,1672.6820
2021-02-03,,1678.5924,1666.7071,1669.7415,,1669.7415
2021-02-04,,1682.7039,1664.5467,1679.3477,,1679.3477
2021-02-05,,1698.9708,1679.3364,1689.8607,,1689.8607
2021-02-08,,1696.5157,1674.6771,1680.7796,,1680.7796
2021-02-09,,1687.3770,1669.3978,1682.6179,,1682.6179
2021-02-10,,1696.8484,1677.7635,1687.9710,,1687.9710
2021-02-11,,1694.2215,1678.9984,1683.3734,,1683.3734
2021-02-12,,1685.2505,1663.8988,1670.8615,,1670.8615
2021-02-16,,1671.3363,1647.8361,1648.9460,,1648.9460
2021-02-17,,1651.2937,1637.3160,1647.7207,,1647.7207
2021-02-18,,1662.6672,1644.3250,1655.1082,,1655.1082
2021-02-19,,1655.6237,1627.8291,1628.9486,,1628.9486
2021-02-22,,1628.9486,1581.7848,1595.1446,,1595.1446
2021-02-23,,1610.1512,1590.7907,1605.3811,,1605.3811
2021-02-24,,1605.4897,1588.4545,1591.0958,,1591.0958
2021-02-25,,1591.9629,1566.8988,1574.4472,,1574.4472
2021-02-26,,1584.6931,1542.4411,1542.8752,,1542.8752
2021-03-01,,1597.0940,1543.7858,1579.1303,,1579.1303
2021-03-02,,1586.5558,1566.4105,1573.0417,,1573.0417
2021-03-03,,1573.0417,1540.4787,1551.3237,,1551.3237
2021-03-04,,1574.0652,1538.3814,1547.8047,,1547.8047
2021-03-05,,1575.2583,1535.7914,1568.5823,,1568.5823
2021-03-08,,1602.8966,1568.2970,1589.2209,,1589.2209
2021-03-09,,1619.6116,1589.5895,1613.8156,,1613.8156
2021-03-10,,1630.7017,1610.9139,1626.1124,,1626.1124
2021-03-11,,1642.5319,1622.4643,1622.7105,,1622.7105
2021-03-12,,1647.1952,1619.7849,1641.8943,,1641.8943
2021-03-15,,1667.3921,1642.1600,1663.9238,,1663.9238
2021-03-16,,1667.3590,1652.9980,1661.9803,,1661.9803
2021-03-17,,1661.9028,1630.3713,1632.1069,,1632.1069
2021-03-18,,1634.9139,1612.5550,1621.0197,,1621.0197
2021-03-19,,1641.8113,1602.5643,1626.4224,,1626.4224
2021-03-22,,1632.6358,1614.4637,1624.4666,,1624.4666
2021-03-23,,1652.1814,1621.7894,1645.6110,,1645.6110
2021-03-24,,1659.0757,1636.2373,1644.5384,,1644.5384
2021-03-25,,1665.4327,1640.6579,1660.1402,,1660.1402
2021-03-26,,1670.9271,1648.9391,1669.7591,,1669.7591
2021-03-29,,1689.5762,1665.4621,1681.7450,,1681.7450
2021-03-30,,1681.5846,1657.3395,1669.5643,,1669.5643
2021-03-31,,1686.5736,1669.5643,1682.4944,,1682.4944
2021-04-01,,1685.4840,1672.2022,1682.3874,,1682.3874
2021-04-05,,1710.5077,1682.0296,1699.7058,,1699.7058
2021-04-06,,1708.9218,1686.8816,1708.4540,,1708.4540
2021-04-07,,1715.2367,1696.0276,1704.5964,,1704.5964
2021-04-08,,1714.6112,1700.9790,1703.6160,,1703.6160
2021-04-09,,1710.9143,1698.0789,1701.6756,,1701.6756
2021-04-12,,1713.6672,1697.0783,1702.0651,,1702.0651
2021-04-13,,1725.1411,1692.9590,1723.3230,,1723.3230
2021-04-14,,1729.6075,1716.3143,1729.2870,,1729.2870
2021-04-15,,1746.9370,1728.3030,1746.0217,,1746.0217
2021-04-16,,1768.9532,1746.0217,1761.0406,,1761.0406
2021-04-19,,1765.2622,1745.2998,1748.9141,,1748.9141
2021-04-20,,1773.7993,1748.9535,1768.6644,,1768.6644
2021-04-21,,1776.1595,1747.2923,1753.5191,,1753.5191
2021-04-22,,1760.0546,1739.3980,1740.5522,,1740.5522
2021-04-23,,1747.4646,1735.3439,1739.9192,,1739.9192
2021-04-26,,1741.9287,1727.0920,1731.1507,,1731.1507
2021-04-27,,1730.7529,1715.8763,1718.3642,,1718.3642
2021-04-28,,1722.1371,1707.4644,1715.3225,,1715.3225
2021-04-29,,1730.0206,1714.8480,1729.2650,,1729.2650
2021-04-30,,1740.8517,1722.5760,1740.4109,,1740.4109
2021-05-03,,1754.3284,1735.8396,1738.4332,,1738.4332
2021-05-04,,1737.8531,1715.0282,1727.7760,,1727.7760
2021-05-05,,1726.6729,1688.2806,1695.8323,,1695.8323
2021-05-06,,1710.3372,1686.9371,1708.8514,,1708.8514
2021-05-07,,1727.1052,1708.0588,1712.6029,,1712.6029
2021-05-10,,1736.5021,1712.9001,1722.2649,,1722.2649
2021-05-11,,1722.7343,1692.7486,1704.4984,,1704.4984
2021-05-12,,1703.7729,1660.5025,1661.2431,,1661.2431
2021-05-13,,1700.1229,1661.2431,1691.2557,,1691.2557
2021-05-14,,1709.0825,1691.5129,1699.7091,,1699.7091
2021-05-17,,1705.2275,1681.4599,1683.4441,,1683.4441
2021-05-18,,1689.6177,1676.3999,1683.9424,,1683.9424
2021-05-19,,1685.0720,1662.2530,1684.5464,,1684.5464
2021-05-20,,1710.1113,1684.5582,1698.6120,,1698.6120
2021-05-21,,1713.0123,1696.8041,1707.5507,,1707.5507
2021-05-24,,1718.1029,1703.7459,1704.6068,,1704.6068
2021-05-25,,1704.5870,1678.4602,1681.4367,,1681.4367
2021-05-26,,1688.1820,1676.9153,1681.4184,,1681.4184
2021-05-27,,1686.4312,1670.3070,1671.1570,,1671.1570
2021-05-28,,1685.8027,1671.1570,1679.3484,,1679.3484
2021-06-01,,1683.2981,1663.2687,1667.1429,,1667.1429
2021-06-02,,1684.5178,1663.4229,1675.5815,,1675.5815
2021-06-03,,1689.0657,1660.3955,1683.4647,,1683.4647
2021-06-04,,1690.5211,1679.6621,1681.1723,,1681.1723
2021-06-07,,1686.8252,1679.5552,1684.4564,,1684.4564
2021-06-08,,1688.4774,1663.1698,1671.7416,,1671.7416
2021-06-09,,1687.0878,1672.2815,1683.1459,,1683.1459
2021-06-10,,1698.6096,1681.5545,1697.0287,,1697.0287
2021-06-11,,1700.9458,1688.5042,1700.7596,,1700.7596
2021-06-14,,1707.7811,1694.5599,1702.7317,,1702.7317
2021-06-15,,1714.7295,1698.5530,1705.4336,,1705.4336
2021-06-16,,1717.1270,1680.8084,1682.4831,,1682.4831
2021-06-17,,1700.6537,1677.7166,1691.9672,,1691.9672
2021-06-18,,1691.3819,1646.7594,1648.9329,,1648.9329
2021-06-21,,1673.8186,1644.2550,1670.3293,,1670.3293
2021-06-22,,1675.7852,1660.7960,1661.1040,,1661.1040
2021-06-23,,1660.9915,1641.3811,1646.2547,,1646.2547
2021-06-24,,1648.5028,1637.8202,1644.6208,,1644.6208
2021-06-25,,1665.8115,1644.5736,1665.1305,,1665.1305
2021-06-28,,1684.6344,1665.1305,1678.6444,,1678.6444
2021-06-29,,1684.8952,1648.8412,1652.1927,,1652.1927
2021-06-30,,1657.3841,1643.3488,1649.2061,,1649.2061
2021-07-01,,1672.5986,1647.3717,1668.0088,,1668.0088
2021-07-02,,1671.8995,1661.4995,1669.3949,,1669.3949
2021-07-06,,1676.8457,1651.4411,1676.4879,,1676.4879
2021-07-07,,1684.7592,1670.5326,1683.8549,,1683.8549
2021-07-08,,1686.8929,1669.9684,1677.9468,,1677.9468
2021-07-09,,1685.0604,1667.1436,1681.0655,,1681.0655
2021-07-12,,1685.1346,1670.1037,1683.9549,,1683.9549
2021-07-13,,1685.5343,1663.5653,1668.6465,,1668.6465
2021-07-14,,1688.7963,1663.3157,1680.1574,,1680.1574
2021-07-15,,1699.3429,1674.5368,1698.5699,,1698.5699
2021-07-16,,1722.2355,1698.5961,1714.1218,,1714.1218
2021-07-19,,1717.5957,1666.6773,1685.1477,,1685.1477
2021-07-20,,1709.0933,1686.4571,1694.6402,,1694.6402
2021-07-21,,1700.8994,1678.1712,1678.9277,,1678.9277
2021-07-22,,1691.1086,1677.0665,1683.0091,,1683.0091
2021-07-23,,1704.0091,1682.9227,1701.8727,,1701.8727
2021-07-26,,1705.6435,1691.2331,1699.7060,,1699.7060
2021-07-27,,1731.2942,1689.3555,1727.7105,,1727.7105
2021-07-28,,1732.1553,1706.6078,1718.0074,,1718.0074
2021-07-29,,1727.4064,1713.6183,1721.9872,,1721.9872
2021-07-30,,1734.2043,1702.5587,1706.1929,,1706.1929
2021-08-02,,1724.8211,1706.3150,1717.4320,,1717.4320
2021-08-03,,1735.1381,1712.8838,1727.5311,,1727.5311
2021-08-04,,1727.4291,1703.3733,1723.4874,,1723.4874
2021-08-05,,1740.4174,1719.3914,1738.7924,,1738.7924
2021-08-06,,1749.0249,1731.4670,1738.8607,,1738.8607
2021-08-09,,1743.3684,1730.0766,1740.2293,,1740.2293
2021-08-10,,1749.0974,1735.0481,1742.6013,,1742.6013
2021-08-11,,1768.7211,1742.6891,1762.3746,,1762.3746
2021-08-12,,1769.2449,1759.0403,1765.0110,,1765.0110
2021-08-13,,1774.6976,1762.9065,1772.1667,,1772.1667
2021-08-16,,1793.6064,1770.2124,1780.4055,,1780.4055
2021-08-17,,1780.6021,1762.7417,1780.1217,,1780.1217
2021-08-18,,1784.3419,1768.6320,1774.1214,,1774.1214
2021-08-19,,1793.2955,1771.8868,1781.3979,,1781.3979
2021-08-20,,1808.3542,1771.2834,1807.5990,,1807.5990
2021-08-23,,1806.8125,1781.8239,1785.0204,,1785.0204
2021-08-24,,1786.5689,1764.9246,1776.0292,,1776.0292
2021-08-25,,1785.9149,1766.8953,1780.8731,,1780.8731
2021-08-26,,1780.7613,1770.7401,1773.3492,,1773.3492
2021-08-27,,1781.9294,1770.0789,1772.6240,,1772.6240
2021-08-30,,1779.3544,1766.1153,1774.9711,,1774.9711
2021-08-31,,1782.3753,1766.2461,1775.0186,,1775.0186
2021-09-01,,1804.3127,1775.0186,1798.3853,,1798.3853
2021-09-02,,1813.7259,1798.3853,1813.4532,,1813.4532
2021-09-03,,1813.4532,1795.5063,1798.0682,,1798.0682
2021-09-07,,1798.0682,1773.5733,1776.8151,,1776.8151
2021-09-08,,1811.1489,1772.4559,1805.1015,,1805.1015
2021-09-09,,1805.1581,1794.0633,1794.4682,,1794.4682
2021-09-10,,1795.2334,1769.4404,1769.7710,,1769.7710
2021-09-13,,1786.2495,1765.1404,1770.3534,,1770.3534
2021-09-14,,1779.5494,1758.5770,1762.8467,,1762.8467
2021-09-15,,1770.4893,1750.6614,1759.7712,,1759.7712
2021-09-16,,1763.7961,1741.3992,1744.2405,,1744.2405
2021-09-17,,1748.3518,1716.2694,1717.9920,,1717.9920
2021-09-20,,1727.2159,1693.7230,1712.4749,,1712.4749
2021-09-21,,1729.2032,1708.9260,1709.9688,,1709.9688
2021-09-22,,1724.0409,1704.2240,1709.7118,,1709.7118
2021-09-23,,1721.7299,1699.7785,1701.6719,,1701.6719
2021-09-24,,1710.6563,1692.7798,1696.2950,,1696.2950
2021-09-27,,1710.9578,1675.6339,1677.4752,,1677.4752
2021-09-28,,1678.6835,1652.8468,1657.1620,,1657.1620
2021-09-29,,1686.2191,1657.0580,1674.8303,,1674.8303
2021-09-30,,1682.0893,1660.0753,1663.3132,,1663.3132
2021-10-01,,1675.9816,1657.8419,1662.1829,,1662.1829
2021-10-04,,1685.9810,1660.3917,1681.0808,,1681.0808
2021-10-05,,1689.9909,1676.5590,1679.0873,,1679.0873
2021-10-06,,1706.6605,1663.4589,1705.6163,,1705.6163
2021-10-07,,1723.9561,1699.9965,1701.8236,,1701.8236
2021-10-08,,1704.1864,1688.1506,1689.0897,,1689.0897
2021-10-11,,1689.0897,1661.4189,1663.4537,,1663.4537
2021-10-12,,1681.4586,1661.3357,1677.3132,,1677.3132
2021-10-13,,1700.8714,1672.1283,1699.3761,,1699.3761
2021-10-14,,1723.9698,1699.5621,1719.6078,,1719.6078
2021-10-15,,1730.9709,1715.2013,1718.4208,,1718.4208
2021-10-18,,1717.6007,1692.7202,1701.1176,,1701.1176
2021-10-19,,1726.1084,1701.6301,1723.9308,,1723.9308
2021-10-20,,1759.7456,1724.1934,1752.9974,,1752.9974
2021-10-21,,1761.0313,1751.5902,1753.9981,,1753.9981
2021-10-22,,1764.1600,1753.8616,1760.7862,,1760.7862
2021-10-25,,1765.9532,1751.5165,1755.5544,,1755.5544
2021-10-26,,1778.6726,1755.7934,1765.0740,,1765.0740
2021-10-27,,1774.8022,1754.2863,1756.4853,,1756.4853
2021-10-28,,1771.5512,1753.4023,1771.2295,,1771.2295
2021-10-29,,1778.0278,1753.4674,1761.3079,,1761.3079
2021-11-01,,1772.5859,1756.7906,1768.2660,,1768.2660
2021-11-02,,1775.9148,1755.1023,1767.1470,,1767.1470
2021-11-03,,1770.6439,1750.4100,1765.0524,,1765.0524
2021-11-04,,1765.0524,1735.1365,1754.1130,,1754.1130
2021-11-05,,1777.5135,1754.1387,1771.2399,,1771.2399
2021-11-08,,1772.5399,1736.3091,1744.4420,,1744.4420
2021-11-09,,1757.6340,1741.0901,1752.8748,,1752.8748
2021-11-10,,1767.6583,1752.6920,1766.3170,,1766.3170
2021-11-11,,1766.2186,1751.4663,1761.0420,,1761.0420
2021-11-12,,1762.0539,1749.7852,1757.6204,,1757.6204
2021-11-15,,1780.7356,1758.0706,1780.5409,,1780.5409
2021-11-16,,1783.6459,1771.1234,1771.3652,,1771.3652
2021-11-17,,1777.6361,1759.8345,1775.5540,,1775.5540
2021-11-18,,1775.2602,1758.1318,1765.3819,,1765.3819
2021-11-19,,1780.7711,1763.4754,1777.6571,,1777.6571
2021-11-22,,1793.1518,1770.3534,1781.9597,,1781.9597
2021-11-23,,1793.5716,1773.9685,1784.5005,,1784.5005
2021-11-24,,1787.3814,1771.9690,1783.9129,,1783.9129
2021-11-26,,1782.7282,1751.8332,1754.9883,,1754.9883
2021-11-29,,1788.1735,1755.0749,1783.7408,,1783.7408
2021-11-30,,1783.3540,1732.0736,1733.8103,,1733.8103
2021-12-01,,1778.5299,1734.0988,1737.4221,,1737.4221
2021-12-02,,1773.5550,1737.7063,1757.4331,,1757.4331
2021-12-03,,1767.9688,1737.3784,1767.5130,,1767.5130
2021-12-06,,1812.9736,1767.5130,1796.7352,,1796.7352
2021-12-07,,1815.0953,1793.7197,1811.5065,,1811.5065
2021-12-08,,1820.8808,1801.3106,1811.4983,,1811.4983
2021-12-09,,1816.8297,1796.3801,1806.0568,,1806.0568
2021-12-10,,1822.5713,1806.9565,1814.3660,,1814.3660
2021-12-13,,1843.6569,1811.7767,1834.8395,,1834.8395
2021-12-14,,1835.8676,1810.5515,1819.0269,,1819.0269
2021-12-15,,1851.7568,1818.6267,1850.6394,,1850.6394
2021-12-16,,1868.5028,1847.4463,1856.9211,,1856.9211
2021-12-17,,1856.9777,1827.4637,1830.1742,,1830.1742
2021-12-20,,1830.3339,1796.9748,1828.1105,,1828.1105
2021-12-21,,1847.8310,1819.1742,1828.2152,,1828.2152
2021-12-22,,1836.8586,1822.2181,1835.1686,,1835.1686
2021-12-23,,1843.4927,1833.2502,1834.4739,,1834.4739
2021-12-27,,1843.0275,1830.1553,1842.6569,,1842.6569
2021-12-28,,1859.7331,1842.6569,1858.5614,,1858.5614
2021-12-29,,1870.3025,1857.5927,1867.1217,,1867.1217
2021-12-30,,1878.2950,1861.9275,1876.3566,,1876.3566
2021-12-31,,1891.3338,1871.4513,1883.9817,,1883.9817
2022-01-03,,1883.0814,1845.0884,1867.9368,,1867.9368
2022-01-04,,1882.8142,1860.1630,1860.6209,,1860.6209
2022-01-05,,1876.3607,1853.9436,1854.1987,,1854.1987
2022-01-06,,1856.8858,1828.1439,1830.3292,,1830.3292
2022-01-07,,1854.5599,1817.0381,1846.1758,,1846.1758
2022-01-10,,1846.1758,1824.6230,1832.5881,,1832.5881
2022-01-11,,1836.2488,1807.2565,1818.5198,,1818.5198
2022-01-12,,1831.4190,1809.3275,1826.2580,,1826.2580
2022-01-13,,1840.2548,1824.3300,1832.8500,,1832.8500
2022-01-14,,1836.0572,1811.7501,1820.4793,,1820.4793
2022-01-18,,1819.5703,1784.3133,1797.6177,,1797.6177
2022-01-19,,1821.7478,1796.9685,1807.5299,,1807.5299
2022-01-20,,1839.1922,1807.2600,1809.5632,,1809.5632
2022-01-21,,1821.5455,1798.4125,1802.3710,,1802.3710
2022-01-24,,1802.3710,1739.2214,1786.9248,,1786.9248
2022-01-25,,1786.9248,1743.4851,1749.1063,,1749.1063
2022-01-26,,1772.2431,1722.7024,1732.9852,,1732.9852
2022-01-27,,1767.1823,1732.9852,1743.4641,,1743.4641
2022-01-28,,1765.5691,1724.0864,1763.0297,,1763.0297
2022-01-31,,1805.3455,1750.8806,1803.1399,,1803.1399
2022-02-01,,1807.3182,1763.4932,1779.8702,,1779.8702
2022-02-02,,1807.9898,1776.4715,1805.5704,,1805.5704
2022-02-03,,1805.4396,1791.6971,1795.3329,,1795.3329
2022-02-04,,1799.0012,1764.3134,1784.0479,,1784.0479
2022-02-07,,1786.6206,1770.2467,1778.5852,,1778.5852
2022-02-08,,1791.3164,1775.5762,1780.1885,,1780.1885
2022-02-09,,1797.3851,1780.5644,1790.1701,,1790.1701
2022-02-10,,1790.1701,1740.7079,1744.9237,,1744.9237
2022-02-11,,1766.3379,1738.6092,1744.4745,,1744.4745
2022-02-14,,1751.0251,1714.2145,1730.0727,,1730.0727
2022-02-15,,1747.6549,1715.3144,1722.5216,,1722.5216
2022-02-16,,1734.3743,1710.8784,1726.1928,,1726.1928
2022-02-17,,1734.2410,1706.4729,1726.4211,,1726.4211
2022-02-18,,1732.5446,1708.4667,1715.4081,,1715.4081
2022-02-22,,1724.0954,1703.3250,1713.0385,,1713.0385
2022-02-23,,1720.1271,1679.4599,1681.1825,,1681.1825
2022-02-24,,1705.5072,1665.5504,1701.5863,,1701.5863
2022-02-25,,1753.5741,1701.7501,1751.8807,,1751.8807
2022-02-28,,1765.0139,1739.4004,1762.1444,,1762.1444
2022-03-01,,1772.2517,1732.1062,1745.6467,,1745.6467
2022-03-02,,1769.7572,1744.4957,1764.2570,,1764.2570
2022-03-03,,1801.3449,1764.4398,1793.1563,,1793.1563
2022-03-04,,1829.7081,1783.8794,1828.6706,,1828.6706
2022-03-07,,1860.0476,1821.0224,1856.7528,,1856.7528
2022-03-08,,1871.9828,1827.7303,1828.2020,,1828.2020
2022-03-09,,1840.8446,1810.9498,1813.8654,,1813.8654
2022-03-10,,1827.4418,1798.1180,1824.2148,,1824.2148
2022-03-11,,1837.8049,1814.6860,1815.8732,,1815.8732
2022-03-14,,1835.0720,1804.1511,1813.9092,,1813.9092
2022-03-15,,1842.6570,1813.9092,1839.2055,,1839.2055
2022-03-16,,1845.5598,1811.8735,1839.4329,,1839.4329
2022-03-17,,1858.0430,1838.3853,1845.4452,,1845.4452
2022-03-18,,1851.0748,1823.9915,1827.4875,,1827.4875
2022-03-21,,1844.5986,1827.1414,1834.8927,,1834.8927
2022-03-22,,1845.1575,1826.9890,1841.5078,,1841.5078
2022-03-23,,1851.9560,1830.7366,1841.8457,,1841.8457
2022-03-24,,1863.2289,1842.1475,1862.5655,,1862.5655
2022-03-25,,1888.7228,1862.8183,1888.6262,,1888.6262
2022-03-28,,1900.7012,1881.1981,1900.6343,,1900.6343
2022-03-29,,1917.4726,1895.9860,1917.3098,,1917.3098
2022-03-30,,1931.3673,1913.3955,1931.2360,,1931.2360
2022-03-31,,1945.5397,1926.3574,1926.3965,,1926.3965
2022-04-01,,1956.1891,1915.7232,1955.4622,,1955.4622
2022-04-04,,1955.4622,1924.8420,1943.4317,,1943.4317
2022-04-05,,1978.4111,1943.4317,1957.1502,,1957.1502
2022-04-06,,1994.8864,1952.8113,1993.9633,,1993.9633
2022-04-07,,1993.9167,1972.7658,1988.7521,,1988.7521
2022-04-08,,2000.4870,1976.6085,1993.8443,,1993.8443
2022-04-11,,1995.4786,1958.9049,1960.9157,,1960.9157
2022-04-12,,1979.9539,1951.7974,1968.0651,,1968.0651
2022-04-13,,1973.6236,1952.6268,1966.4830,,1966.4830
2022-04-14,,1978.4505,1962.9039,1964.7274,,1964.7274
2022-04-18,,1977.3114,1945.9775,1955.5028,,1955.5028
2022-04-19,,1972.6032,1955.4439,1968.5848,,1968.5848
2022-04-20,,1992.0859,1968.5848,1980.9127,,1980.9127
2022-04-21,,1980.0821,1941.2735,1943.5080,,1943.5080
2022-04-22,,1942.8741,1905.2518,1907.0078,,1907.0078
2022-04-25,,1911.4944,1861.2851,1894.3771,,1894.3771
2022-04-26,,1909.6776,1874.5145,1874.6115,,1874.6115
2022-04-27,,1895.4058,1863.7172,1867.7664,,1867.7664
2022-04-28,,1895.2518,1867.9945,1890.1538,,1890.1538
2022-04-29,,1889.0426,1831.8823,1834.1911,,1834.1911
2022-05-02,,1849.0631,1793.1007,1818.0402,,1818.0402
2022-05-03,,1855.4967,1817.9091,1826.7738,,1826.7738
2022-05-04,,1872.5107,1826.6796,1868.5781,,1868.5781
2022-05-05,,1870.6687,1832.2131,1848.1748,,1848.1748
2022-05-06,,1868.8244,1839.6006,1863.0083,,1863.0083
2022-05-09,,1862.8619,1833.0717,1843.6651,,1843.6651
2022-05-10,,1870.3298,1798.7290,1820.7105,,1820.7105
2022-05-11,,1864.7087,1818.6136,1835.2763,,1835.2763
2022-05-12,,1834.2017,1791.7890,1808.9607,,1808.9607
2022-05-13,,1833.4087,1803.3539,1830.8340,,1830.8340
2022-05-16,,1845.3645,1824.0248,1837.0807,,1837.0807
2022-05-17,,1861.0977,1821.9085,1860.9967,,1860.9967
2022-05-18,,1865.7598,1836.8186,1841.5814,,1841.5814
2022-05-19,,1846.0773,1812.6209,1838.2662,,1838.2662
2022-05-20,,1848.7135,1815.8500,1841.4042,,1841.4042
2022-05-23,,1870.8156,1841.5751,1863.3925,,1863.3925
2022-05-24,,1902.3529,1850.2226,1899.2686,,1899.2686
2022-05-25,,1903.4057,1889.2982,1901.9019,,1901.9019
2022-05-26,,1919.7927,1901.8787,1906.3823,,1906.3823
2022-05-27,,1939.0037,1896.0432,1938.9434,,1938.9434
2022-05-31,,1938.1328,1905.4033,1912.8236,,1912.8236
2022-06-01,,1918.9671,1890.9384,1910.5058,,1910.5058
2022-06-02,,1928.7195,1882.4167,1926.5195,,1926.5195
2022-06-03,,1930.1870,1915.3708,1919.6263,,1919.6263
2022-06-06,,1945.0522,1919.6263,1930.5910,,1930.5910
2022-06-07,,1939.5105,1911.3347,1938.5382,,1938.5382
2022-06-08,,1938.5382,1897.2812,1900.8211,,1900.8211
2022-06-09,,1907.7403,1854.3516,1855.1166,,1855.1166
2022-06-10,,1854.1476,1825.1727,1836.1999,,1836.1999
2022-06-13,,1833.8561,1739.8293,1747.8704,,1747.8704
2022-06-14,,1755.4649,1684.4936,1703.4948,,1703.4948
2022-06-15,,1746.9294,1699.0225,1721.2408,,1721.2408
2022-06-16,,1719.8322,1672.3542,1682.9190,,1682.9190
2022-06-17,,1698.6750,1655.8749,1668.9924,,1668.9924
2022-06-21,,1710.8173,1669.0827,1701.6333,,1701.6333
2022-06-22,,1731.6302,1691.4373,1719.0550,,1719.0550
2022-06-23,,1760.3034,1720.4359,1757.1219,,1757.1219
2022-06-24,,1790.2828,1757.6109,1787.2050,,1787.2050
2022-06-27,,1804.5117,1778.6159,1800.5154,,1800.5154
2022-06-28,,1818.6834,1788.0026,1790.0172,,1790.0172
2022-06-29,,1795.0177,1776.3604,1788.7406,,1788.7406
2022-06-30,,1823.0257,1775.7389,1808.9156,,1808.9156
2022-07-01,,1857.2958,1809.0719,1855.3857,,1855.3857
2022-07-05,,1855.3857,1763.0746,1793.2111,,1793.2111
2022-07-06,,1825.2277,1785.6241,1808.7650,,1808.7650
2022-07-07,,1826.3820,1808.9064,1812.0617,,1812.0617
2022-07-08,,1815.3122,1800.2385,1808.1023,,1808.1023
2022-07-11,,1818.8126,1795.5710,1816.0468,,1816.0468
2022-07-12,,1828.5298,1800.3832,1807.9087,,1807.9087
2022-07-13,,1820.2435,1789.9660,1800.1617,,1800.1617
2022-07-14,,1803.5604,1767.2269,1801.0226,,1801.0226
2022-07-15,,1806.5581,1768.0418,1799.5165,,1799.5165
2022-07-18,,1798.8733,1776.4566,1776.9936,,1776.9936
2022-07-19,,1799.9839,1778.3626,1791.3476,,1791.3476
2022-07-20,,1794.3834,1766.5385,1768.3203,,1768.3203
2022-07-21,,1772.4498,1757.5620,1771.8637,,1771.8637
2022-07-22,,1804.9034,1771.8637,1795.6167,,1795.6167
2022-07-25,,1817.2299,1787.6730,1817.0291,,1817.0291
2022-07-26,,1828.6289,1813.2339,1823.7581,,1823.7581
2022-07-27,,1832.0076,1812.7251,1828.0835,,1828.0835
2022-07-28,,1903.2395,1832.8861,1899.8720,,1899.8720
2022-07-29,,1923.6057,1896.0281,1916.5940,,1916.5940
2022-08-01,,1919.3259,1897.7310,1917.9465,,1917.9465
2022-08-02,,1938.5423,1915.2892,1916.2001,,1916.2001
2022-08-03,,1932.9895,1887.1729,1929.4326,,1929.4326
2022-08-04,,1950.7297,1926.9596,1939.2296,,1939.2296
2022-08-05,,1945.3560,1921.3250,1936.4280,,1936.4280
2022-08-08,,1962.3984,1929.5252,1938.0062,,1938.0062
2022-08-09,,1962.0218,1937.5090,1959.0868,,1959.0868
2022-08-10,,1971.9117,1954.8759,1971.0194,,1971.0194
2022-08-11,,1991.2805,1968.0418,1971.7813,,1971.7813
2022-08-12,,2002.4293,1972.6629,2002.1571,,2002.1571
2022-08-15,,2022.5526,1997.7599,2020.1439,,2020.1439
2022-08-16,,2030.0797,2013.5706,2021.8144,,2021.8144
2022-08-17,,2024.3573,2010.9068,2016.5122,,2016.5122
2022-08-18,,2029.7974,2016.5122,2023.4834,,2023.4834
2022-08-19,,2028.0034,2012.4510,2019.3115,,2019.3115
2022-08-22,,2018.0631,1984.4539,1989.1029,,1989.1029
2022-08-23,,1991.3803,1970.5498,1977.1330,,1977.1330
2022-08-24,,1988.5305,1973.0700,1986.9487,,1986.9487
2022-08-25,,2003.8902,1978.2231,2003.7125,,2003.7125
2022-08-26,,2013.3039,1972.4383,1973.7266,,1973.7266
2022-08-29,,1989.7609,1951.0070,1975.6672,,1975.6672
2022-08-30,,1976.5202,1938.8277,1945.8478,,1945.8478
2022-08-31,,1959.2059,1934.1507,1934.4499,,1934.4499
2022-09-01,,1963.1532,1928.7810,1960.9349,,1960.9349
2022-09-02,,1984.3412,1935.1276,1940.5110,,1940.5110
2022-09-06,,1971.6898,1940.6686,1945.5984,,1945.5984
2022-09-07,,2009.8617,1945.8217,2006.8551,,2006.8551
2022-09-08,,2020.2875,1995.6526,2007.2909,,2007.2909
2022-09-09,,2026.5711,2002.7405,2015.0856,,2015.0856
2022-09-12,,2036.4693,2014.6956,2035.6839,,2035.6839
2022-09-13,,2035.6839,1972.6717,1981.3572,,1981.3572
2022-09-14,,2005.6283,1978.6221,1997.0420,,1997.0420
2022-09-15,,1996.5939,1943.7491,1948.2371,,1948.2371
2022-09-16,,1953.5327,1935.4976,1940.8442,,1940.8442
2022-09-19,,1968.5972,1930.9701,1968.0648,,1968.0648
2022-09-20,,1966.6447,1926.6976,1939.4697,,1939.4697
2022-09-21,,1963.1940,1910.8594,1910.9565,,1910.9565
2022-09-22,,1913.7012,1893.6168,1901.6069,,1901.6069
2022-09-23,,1901.0668,1854.0382,1877.3253,,1877.3253
2022-09-26,,1877.1589,1816.8149,1834.8263,,1834.8263
2022-09-27,,1852.2348,1797.7592,1806.1713,,1806.1713
2022-09-28,,1837.0131,1804.5649,1825.4187,,1825.4187
2022-09-29,,1822.8242,1746.9524,1750.7589,,1750.7589
2022-09-30,,1764.3144,1715.8633,1718.2378,,1718.2378
2022-10-03,,1778.5411,1719.9077,1769.5166,,1769.5166
2022-10-04,,1812.0097,1770.9585,1811.2681,,1811.2681
2022-10-05,,1807.9892,1751.3275,1772.5882,,1772.5882
2022-10-06,,1771.6392,1713.2839,1714.8131,,1714.8131
2022-10-07,,1713.9260,1665.6585,1676.1652,,1676.1652
2022-10-10,,1698.2112,1676.9370,1679.0091,,1679.0091
2022-10-11,,1693.0907,1664.5248,1672.2057,,1672.2057
2022-10-12,,1672.0267,1615.6980,1616.0399,,1616.0399
2022-10-13,,1663.1297,1587.4850,1656.6140,,1656.6140
2022-10-14,,1684.4614,1622.3677,1628.9554,,1628.9554
2022-10-17,,1680.7813,1636.3024,1664.5110,,1664.5110
2022-10-18,,1704.4359,1666.5563,1694.4311,,1694.4311
2022-10-19,,1688.9275,1655.9135,1671.1478,,1671.1478
2022-10-20,,1670.2558,1619.0757,1627.8036,,1627.8036
2022-10-21,,1671.2411,1623.4131,1658.6706,,1658.6706
2022-10-24,,1684.1342,1654.5801,1672.2302,,1672.2302
2022-10-25,,1713.5887,1672.7426,1708.8487,,1708.8487
2022-10-26,,1724.7205,1701.7038,1705.9881,,1705.9881
2022-10-27,,1737.5836,1707.5704,1715.1819,,1715.1819
2022-10-28,,1769.1073,1715.8102,1765.7071,,1765.7071
2022-10-31,,1766.8480,1737.0687,1748.6806,,1748.6806
2022-11-01,,1765.1992,1743.6826,1756.8536,,1756.8536
2022-11-02,,1788.3546,1739.3953,1739.7711,,1739.7711
2022-11-03,,1767.2882,1717.2126,1751.0640,,1751.0640
2022-11-04,,1768.0401,1728.4351,1758.2802,,1758.2802
2022-11-07,,1759.7239,1697.4027,1724.3359,,1724.3359
2022-11-08,,1746.2410,1720.4590,1734.8902,,1734.8902
2022-11-09,,1739.0927,1715.4932,1717.8487,,1717.8487
2022-11-10,,1805.9114,1718.8593,1803.0999,,1803.0999
2022-11-11,,1806.4621,1767.6856,1784.3316,,1784.3316
2022-11-14,,1789.1407,1753.2811,1753.3804,,1753.3804
2022-11-15,,1787.1322,1753.9949,1773.6517,,1773.6517
2022-11-16,,1797.1032,1774.1907,1788.6091,,1788.6091
2022-11-17,,1788.5305,1748.9999,1757.3493,,1757.3493
2022-11-18,,1791.4797,1758.7470,1789.6708,,1789.6708
2022-11-21,,1800.5090,1786.5245,1797.6538,,1797.6538
2022-11-22,,1822.8851,1798.6594,1813.4217,,1813.4217
2022-11-23,,1832.3527,1806.6739,1831.3681,,1831.3681
2022-11-25,,1847.0586,1831.8136,1842.2351,,1842.2351
2022-11-28,,1842.1594,1814.3093,1821.4792,,1821.4792
2022-11-29,,1821.1302,1797.7264,1808.4672,,1808.4672
2022-11-30,,1857.7937,1803.9433,1855.9323,,1855.9323
2022-12-01,,1877.5561,1846.6394,1851.1131,,1851.1131
2022-12-02,,1848.6692,1825.9636,1845.5290,,1845.5290
2022-12-05,,1845.4358,1829.0218,1835.4228,,1835.4228
2022-12-06,,1844.1668,1822.3292,1843.5776,,1843.5776
2022-12-07,,1858.6430,1830.3904,1837.8716,,1837.8716
2022-12-08,,1855.0936,1830.3017,1847.6418,,1847.6418
2022-12-09,,1853.0768,1835.1717,1836.4548,,1836.4548
2022-12-12,,1879.7644,1837.2756,1879.2554,,1879.2554
2022-12-13,,1914.7896,1864.8676,1885.5636,,1885.5636
2022-12-14,,1911.1019,1871.9549,1884.5560,,1884.5560
2022-12-15,,1884.4346,1852.5893,1859.2903,,1859.2903
2022-12-16,,1858.7995,1806.2858,1830.1687,,1830.1687
2022-12-19,,1838.2082,1810.2462,1821.5149,,1821.5149
2022-12-20,,1833.0222,1810.4430,1823.7686,,1823.7686
2022-12-21,,1849.9297,1824.1158,1849.8696,,1849.8696
2022-12-22,,1849.8039,1805.8425,1834.0246,,1834.0246
2022-12-23,,1854.4921,1830.7634,1853.9508,,1853.9508
2022-12-27,,1867.0264,1846.7567,1863.7327,,1863.7327
2022-12-28,,1873.9979,1843.0645,1846.0533,,1846.0533
2022-12-29,,1870.3484,1847.2939,1860.7071,,1860.7071
2022-12-30,,1860.4769,1826.3417,1843.8511,,1843.8511
2023-01-03,,1853.8727,1818.1004,1842.8489,,1842.8489
2023-01-04,,1875.8174,1843.9664,1860.1785,,1860.1785
2023-01-05,,1858.9964,1812.3485,1817.1232,,1817.1232
2023-01-06,,1861.6804,1817.1232,1852.4357,,1852.4357
2023-01-09,,1876.9991,1848.2605,1862.2538,,1862.2538
2023-01-10,,1863.1913,1840.8603,1862.1387,,1862.1387
2023-01-11,,1878.2195,1862.3405,1876.6028,,1876.6028
2023-01-12,,1881.3417,1864.2900,1866.7498,,1866.7498
2023-01-13,,1866.6167,1842.6345,1857.0717,,1857.0717
2023-01-17,,1874.1709,1854.4781,1857.5720,,1857.5720
2023-01-18,,1862.3999,1812.6183,1814.0237,,1814.0237
2023-01-19,,1813.9141,1788.1288,1791.8990,,1791.8990
2023-01-20,,1802.4167,1766.4291,1801.9892,,1801.9892
2023-01-23,,1822.4637,1789.0000,1806.2009,,1806.2009
2023-01-24,,1819.7286,1786.2298,1814.5563,,1814.5563
2023-01-25,,1813.9137,1761.3373,1778.5905,,1778.5905
2023-01-26,,1787.5828,1765.4856,1785.5699,,1785.5699
2023-01-27,,1791.6280,1774.3857,1783.8146,,1783.8146
2023-01-30,,1795.4333,1772.7604,1774.3417,,1774.3417
2023-01-31,,1788.5502,1758.1560,1788.2396,,1788.2396
2023-02-01,,1803.9027,1765.8619,1791.5510,,1791.5510
2023-02-02,,1817.1404,1778.1140,1796.3851,,1796.3851
2023-02-03,,1795.7665,1737.1793,1758.7716,,1758.7716
2023-02-06,,1774.9460,1749.9698,1774.1094,,1774.1094
2023-02-07,,1781.3921,1750.7731,1775.3413,,1775.3413
2023-02-08,,1775.2646,1737.1864,1744.6535,,1744.6535
2023-02-09,,1756.4646,1715.7539,1718.2443,,1718.2443
2023-02-10,,1753.7379,1718.3998,1752.3185,,1752.3185
2023-02-13,,1767.6803,1752.4097,1762.8900,,1762.8900
2023-02-14,,1773.1775,1746.2994,1756.3087,,1756.3087
2023-02-15,,1771.8749,1748.1714,1770.5152,,1770.5152
2023-02-16,,1768.7617,1740.5341,1754.9938,,1754.9938
2023-02-17,,1779.7198,1746.0296,1772.4171,,1772.4171
2023-02-21,,1771.7116,1735.4113,1736.3774,,1736.3774
2023-02-22,,1748.1062,1724.5260,1728.4056,,1728.4056
2023-02-23,,1733.8980,1711.0585,1718.1488,,1718.1488
2023-02-24,,1723.7268,1697.0297,1718.4125,,1718.4125
2023-02-27,,1741.9787,1703.2322,1706.5105,,1706.5105
2023-02-28,,1707.3274,1677.3865,1678.4029,,1678.4029
2023-03-01,,1678.2322,1644.1920,1651.8411,,1651.8411
2023-03-02,,1683.1326,1646.6774,1682.8510,,1682.8510
2023-03-03,,1713.7089,1675.4361,1713.2416,,1713.2416
2023-03-06,,1727.9805,1711.7267,1723.7169,,1723.7169
2023-03-07,,1731.7892,1692.2529,1699.4026,,1699.4026
2023-03-08,,1715.0392,1692.3112,1711.7561,,1711.7561
2023-03-09,,1731.0851,1692.0860,1696.4107,,1696.4107
2023-03-10,,1702.7152,1660.2598,1668.2039,,1668.2039
2023-03-13,,1727.6898,1663.8876,1691.8736,,1691.8736
2023-03-14,,1727.4671,1692.3967,1714.5810,,1714.5810
2023-03-15,,1744.2383,1700.7436,1734.4651,,1734.4651
2023-03-16,,1754.2689,1719.7496,1746.0906,,1746.0906
2023-03-17,,1746.0906,1714.9320,1728.5738,,1728.5738
2023-03-20,,1747.7265,1728.6259,1742.4041,,1742.4041
2023-03-21,,1746.1590,1689.5598,1711.1451,,1711.1451
2023-03-22,,1717.8973,1676.5584,1676.9818,,1676.9818
2023-03-23,,1695.5172,1652.4734,1660.9763,,1660.9763
2023-03-24,,1711.4572,1660.4384,1711.2053,,1711.2053
2023-03-27,,1726.5282,1708.5270,1711.8054,,1711.8054
2023-03-28,,1734.2848,1710.0686,1716.5982,,1716.5982
2023-03-29,,1742.9967,1717.3384,1739.9374,,1739.9374
2023-03-30,,1755.4464,1738.2539,1747.1918,,1747.1918
2023-03-31,,1763.0658,1744.4193,1762.6605,,1762.6605
2023-04-03,,1762.6027,1741.8043,1751.2502,,1751.2502
2023-04-04,,1761.9055,1746.6340,1758.8744,,1758.8744
2023-04-05,,1806.9665,1760.6849,1802.2668,,1802.2668
2023-04-06,,1816.6682,1797.0113,1813.5418,,1813.5418
2023-04-10,,1813.0993,1786.3287,1810.7849,,1810.7849
2023-04-11,,1817.6227,1803.9866,1812.4895,,1812.4895
2023-04-12,,1823.6591,1805.6743,1811.0251,,1811.0251
2023-04-13,,1817.3340,1778.8805,1812.1539,,1812.1539
2023-04-14,,1810.7769,1784.8040,1792.8774,,1792.8774
2023-04-17,,1805.2341,1785.2272,1803.1552,,1803.1552
2023-04-18,,1807.7241,1787.6643,1794.7564,,1794.7564
2023-04-19,,1811.2393,1795.4538,1806.8510,,1806.8510
2023-04-20,,1810.8071,1795.5468,1805.7938,,1805.7938
2023-04-21,,1823.0429,1801.7012,1811.9436,,1811.9436
2023-04-24,,1822.7948,1801.4888,1820.4207,,1820.4207
2023-04-25,,1824.9025,1809.9410,1814.9220,,1814.9220
2023-04-26,,1814.0807,1767.5585,1768.1240,,1768.1240
2023-04-27,,1793.7951,1768.3022,1792.0164,,1792.0164
2023-04-28,,1798.8005,1781.1863,1791.0245,,1791.0245
2023-05-01,,1809.5619,1786.9169,1794.0843,,1794.0843
2023-05-02,,1795.2780,1762.2809,1772.3983,,1772.3983
2023-05-03,,1791.1015,1765.0899,1767.1250,,1767.1250
2023-05-04,,1781.7056,1749.7047,1776.2158,,1776.2158
2023-05-05,,1791.8549,1770.9796,1787.0532,,1787.0532
2023-05-08,,1798.2980,1777.2503,1782.7395,,1782.7395
2023-05-09,,1784.4377,1767.1137,1779.5381,,1779.5381
2023-05-10,,1801.3991,1778.8697,1797.2906,,1797.2906
2023-05-11,,1796.5142,1770.0168,1778.0559,,1778.0559
2023-05-12,,1796.9607,1776.9887,1788.1422,,1788.1422
2023-05-15,,1797.6645,1760.8830,1768.9169,,1768.9169
2023-05-16,,1769.3883,1727.8852,1728.9686,,1728.9686
2023-05-17,,1733.7828,1716.3877,1723.3959,,1723.3959
2023-05-18,,1722.6939,1701.9845,1716.3876,,1716.3876
2023-05-19,,1732.9127,1711.2644,1712.0247,,1712.0247
2023-05-22,,1725.3429,1707.8074,1713.5819,,1713.5819
2023-05-23,,1727.2191,1704.6757,1709.0096,,1709.0096
2023-05-24,,1711.2368,1694.6256,1698.2715,,1698.2715
2023-05-25,,1697.4899,1662.6771,1674.7449,,1674.7449
2023-05-26,,1675.8476,1657.8176,1673.2099,,1673.2099
2023-05-30,,1684.6155,1665.0842,1666.8344,,1666.8344
2023-05-31,,1689.5759,1656.6989,1683.2057,,1683.2057
2023-06-01,,1685.0275,1658.9359,1670.5303,,1670.5303
2023-06-02,,1693.4903,1658.9349,1687.2029,,1687.2029
2023-06-05,,1711.7237,1686.8750,1694.2220,,1694.2220
2023-06-06,,1704.3899,1691.0336,1694.3427,,1694.3427
2023-06-07,,1725.5296,1687.5457,1721.6156,,1721.6156
2023-06-08,,1730.4124,1708.3959,1727.8040,,1727.8040
2023-06-09,,1729.7931,1716.5431,1717.2528,,1717.2528
2023-06-12,,1721.9003,1707.7048,1714.0647,,1714.0647
2023-06-13,,1720.8183,1703.6218,1715.0012,,1715.0012
2023-06-14,,1730.9094,1708.3787,1712.0555,,1712.0555
2023-06-15,,1734.6486,1713.5320,1730.8941,,1730.8941
2023-06-16,,1755.9307,1731.0677,1741.8029,,1741.8029
2023-06-20,,1742.1189,1718.7465,1720.4313,,1720.4313
2023-06-21,,1736.8128,1696.1603,1735.2380,,1735.2380
2023-06-22,,1743.1129,1719.3297,1723.4743,,1723.4743
2023-06-23,,1732.6222,1696.0184,1697.7882,,1697.7882
2023-06-26,,1720.2118,1695.7934,1715.2726,,1715.2726
2023-06-27,,1721.6437,1709.2596,1714.7315,,1714.7315
2023-06-28,,1714.7315,1685.9214,1689.7442,,1689.7442
2023-06-29,,1699.3379,1673.3618,1689.2165,,1689.2165
2023-06-30,,1712.2068,1689.2639,1711.0204,,1711.0204
2023-07-03,,1721.2961,1700.8380,1721.2255,,1721.2255
2023-07-05,,1753.6298,1713.8304,1741.3371,,1741.3371
2023-07-06,,1738.0032,1711.2482,1718.5881,,1718.5881
2023-07-07,,1718.0385,1701.2326,1705.4318,,1705.4318
2023-07-10,,1708.6162,1684.8172,1698.1516,,1698.1516
2023-07-11,,1717.8926,1692.6246,1717.5422,,1717.5422
2023-07-12,,1743.9367,1717.7008,1742.3480,,1742.3480
2023-07-13,,1747.9954,1737.1121,1747.9954,,1747.9954
2023-07-14,,1747.9515,1730.2409,1740.0189,,1740.0189
2023-07-17,,1739.7060,1720.7846,1722.2084,,1722.2084
2023-07-18,,1734.4740,1694.5502,1709.5525,,1709.5525
2023-07-19,,1737.2333,1710.2242,1727.1073,,1727.1073
2023-07-20,,1760.8638,1724.0903,1758.4357,,1758.4357
2023-07-21,,1792.2168,1759.5456,1785.8282,,1785.8282
2023-07-24,,1791.2842,1774.0302,1780.2243,,1780.2243
2023-07-25,,1787.9762,1772.3175,1782.3002,,1782.3002
2023-07-26,,1800.8395,1771.6207,1779.4966,,1779.4966
2023-07-27,,1779.7403,1743.2645,1746.1147,,1746.1147
2023-07-28,,1765.9719,1734.9715,1743.9073,,1743.9073
2023-07-31,,1758.2528,1737.1748,1745.0577,,1745.0577
2023-08-01,,1752.3846,1722.9893,1723.9332,,1723.9332
2023-08-02,,1729.6034,1712.2166,1721.9648,,1721.9648
2023-08-03,,1721.9901,1682.1154,1682.4361,,1682.4361
2023-08-04,,1696.4568,1654.6150,1660.9398,,1660.9398
2023-08-07,,1676.0830,1659.7019,1659.7374,,1659.7374
2023-08-08,,1665.1091,1642.5979,1664.6510,,1664.6510
2023-08-09,,1682.6564,1661.7508,1668.8279,,1668.8279
2023-08-10,,1685.0954,1658.4488,1662.9872,,1662.9872
2023-08-11,,1672.1989,1660.5382,1669.9797,,1669.9797
2023-08-14,,1669.0166,1647.0439,1653.4781,,1653.4781
2023-08-15,,1653.0867,1622.4954,1623.6002,,1623.6002
2023-08-16,,1637.7418,1624.9347,1630.3124,,1630.3124
2023-08-17,,1645.0933,1623.3819,1624.5958,,1624.5958
2023-08-18,,1634.3639,1620.5296,1630.1258,,1630.1258
2023-08-21,,1630.0942,1607.5468,1620.5723,,1620.5723
2023-08-22,,1630.1260,1614.0811,1625.3477,,1625.3477
2023-08-23,,1634.7768,1622.9981,1632.9657,,1632.9657
2023-08-24,,1651.0494,1621.5205,1622.9206,,1622.9206
2023-08-25,,1641.7785,1623.2109,1634.3083,,1634.3083
2023-08-28,,1647.5037,1633.0767,1635.9095,,1635.9095
2023-08-29,,1645.3246,1630.5955,1641.3481,,1641.3481
2023-08-30,,1646.8602,1629.5769,1635.5778,,1635.5778
2023-08-31,,1642.6242,1619.2007,1619.4567,,1619.4567
2023-09-01,,1633.6077,1600.8821,1613.2382,,1613.2382
2023-09-05,,1613.3381,1580.1169,1588.2275,,1588.2275
2023-09-06,,1593.2084,1582.0789,1589.8992,,1589.8992
2023-09-07,,1621.1156,1590.7961,1607.3606,,1607.3606
2023-09-08,,1623.5653,1606.2944,1621.9426,,1621.9426
2023-09-11,,1636.3078,1621.0911,1627.5996,,1627.5996
2023-09-12,,1635.2783,1618.6311,1630.8256,,1630.8256
2023-09-13,,1654.6253,1631.1879,1648.1039,,1648.1039
2023-09-14,,1672.2341,1648.0340,1671.7479,,1671.7479
2023-09-15,,1681.4353,1662.2728,1663.7576,,1663.7576
2023-09-18,,1668.3729,1651.8457,1662.9713,,1662.9713
2023-09-19,,1666.4303,1653.1277,1653.5915,,1653.5915
2023-09-20,,1670.7007,1649.6269,1654.3205,,1654.3205
2023-09-21,,1658.0546,1639.5160,1639.6717,,1639.6717
2023-09-22,,1648.6254,1625.6247,1638.6365,,1638.6365
2023-09-25,,1638.0118,1618.9929,1635.8297,,1635.8297
2023-09-26,,1634.1425,1582.5212,1585.9129,,1585.9129
2023-09-27,,1585.6388,1545.8793,1549.5908,,1549.5908
2023-09-28,,1558.9314,1511.9247,1513.9195,,1513.9195
2023-09-29,,1539.7341,1508.6826,1517.0377,,1517.0377
2023-10-02,,1516.3785,1422.9251,1441.0882,,1441.0882
2023-10-03,,1463.0653,1410.2008,1458.4521,,1458.4521
2023-10-04,,1467.9468,1432.9769,1452.0334,,1452.0334
2023-10-05,,1452.2169,1428.0328,1443.0032,,1443.0032
2023-10-06,,1466.2608,1398.5140,1462.1213,,1462.1213
2023-10-09,,1473.6115,1451.1405,1473.3908,,1473.3908
2023-10-10,,1497.6992,1473.1333,1496.8219,,1496.8219
2023-10-11,,1525.7811,1497.2612,1524.6041,,1524.6041
2023-10-12,,1525.4281,1488.3454,1502.6083,,1502.6083
2023-10-13,,1531.2667,1505.0556,1519.7286,,1519.7286
2023-10-16,,1541.1167,1510.5960,1534.8466,,1534.8466
2023-10-17,,1540.2150,1519.5599,1530.8827,,1530.8827
2023-10-18,,1538.0269,1507.6534,1515.2329,,1515.2329
2023-10-19,,1525.6429,1499.5392,1500.7580,,1500.7580
2023-10-20,,1509.5762,1485.1982,1486.0086,,1486.0086
2023-10-23,,1494.1309,1461.2907,1474.0384,,1474.0384
2023-10-24,,1521.9313,1478.2521,1516.5557,,1516.5557
2023-10-25,,1528.4711,1508.0365,1525.2244,,1525.2244
2023-10-26,,1552.5486,1527.0423,1537.9476,,1537.9476
2023-10-27,,1540.3146,1505.4853,1510.2794,,1510.2794
2023-10-30,,1530.0596,1506.4604,1523.7989,,1523.7989
2023-10-31,,1539.4075,1520.0774,1537.7549,,1537.7549
2023-11-01,,1564.4870,1525.0260,1555.4074,,1555.4074
2023-11-02,,1595.0339,1555.6003,1586.5995,,1586.5995
2023-11-03,,1615.2669,1594.7514,1595.0519,,1595.0519
2023-11-06,,1604.7384,1591.5173,1593.2879,,1593.2879
2023-11-07,,1594.6112,1578.9749,1580.6980,,1580.6980
2023-11-08,,1579.6866,1552.4136,1569.7305,,1569.7305
2023-11-09,,1573.1811,1544.7590,1545.1984,,1545.1984
2023-11-10,,1556.7395,1544.3209,1552.8412,,1552.8412
2023-11-13,,1552.1758,1531.0073,1533.2490,,1533.2490
2023-11-14,,1595.9296,1534.6733,1594.6175,,1594.6175
2023-11-15,,1612.4179,1585.9445,1588.9456,,1588.9456
2023-11-16,,1609.0424,1592.6904,1596.2414,,1596.2414
2023-11-17,,1604.1941,1590.9392,1599.7175,,1599.7175
2023-11-20,,1601.3352,1576.2090,1595.7362,,1595.7362
2023-11-21,,1601.5992,1584.4935,1599.7615,,1599.7615
2023-11-22,,1604.9235,1590.0552,1603.9835,,1603.9835
2023-11-24,,1608.1778,1598.4419,1608.1778,,1608.1778
2023-11-27,,1612.9187,1597.6914,1610.0308,,1610.0308
2023-11-28,,1626.8027,1604.1733,1615.2504,,1615.2504
2023-11-29,,1621.5978,1596.1864,1601.4788,,1601.4788
2023-11-30,,1607.4804,1593.8808,1605.7740,,1605.7740
2023-12-01,,1627.8657,1596.3974,1627.8250,,1627.8250
2023-12-04,,1634.0512,1612.4716,1619.9902,,1619.9902
2023-12-05,,1621.2874,1602.2740,1609.2787,,1609.2787
2023-12-06,,1630.4626,1610.4154,1630.0094,,1630.0094
2023-12-07,,1636.0730,1618.9162,1624.9053,,1624.9053
2023-12-08,,1626.9165,1610.0382,1622.9666,,1622.9666
2023-12-11,,1634.8668,1614.6174,1632.4214,,1632.4214
2023-12-12,,1634.6835,1611.4719,1625.0638,,1625.0638
2023-12-13,,1687.4656,1619.7232,1686.6516,,1686.6516
2023-12-14,,1706.8764,1662.0636,1664.8280,,1664.8280
2023-12-15,,1663.2227,1626.3963,1637.6705,,1637.6705
2023-12-18,,1648.2117,1629.0569,1631.9479,,1631.9479
2023-12-19,,1643.8610,1632.2517,1641.5223,,1641.5223
2023-12-20,,1643.1401,1606.9114,1607.4732,,1607.4732
2023-12-21,,1620.1971,1597.7690,1607.9012,,1607.9012
2023-12-22,,1629.8212,1609.0642,1612.8383,,1612.8383
2023-12-26,,1629.7264,1610.6604,1624.2322,,1624.2322
2023-12-27,,1625.7609,1615.8768,1623.5857,,1623.5857
2023-12-28,,1637.5722,1618.3068,1635.5941,,1635.5941
2023-12-29,,1635.8800,1622.0539,1633.4400,,1633.4400
2024-01-02,,1660.2687,1623.3645,1655.7605,,1655.7605
2024-01-03,,1665.0624,1643.8414,1662.1371,,1662.1371
2024-01-04,,1673.8740,1655.5725,1657.1209,,1657.1209
2024-01-05,,1672.3729,1648.3151,1663.9266,,1663.9266
2024-01-08,,1677.3569,1656.5349,1676.6281,,1676.6281
2024-01-09,,1675.6354,1659.7497,1662.8014,,1662.8014
2024-01-10,,1667.5261,1654.8447,1660.0676,,1660.0676
2024-01-11,,1659.1390,1617.9450,1622.0180,,1622.0180
2024-01-12,,1637.3974,1623.6381,1630.4445,,1630.4445
2024-01-16,,1630.0789,1608.3007,1612.3269,,1612.3269
2024-01-17,,1615.6238,1575.2053,1586.9891,,1586.9891
2024-01-18,,1584.8199,1561.4529,1569.7924,,1569.7924
2024-01-19,,1572.4669,1557.1834,1568.8748,,1568.8748
2024-01-22,,1579.3985,1554.1922,1560.5317,,1560.5317
2024-01-23,,1567.5435,1554.9315,1564.1286,,1564.1286
2024-01-24,,1577.7805,1542.0180,1544.1986,,1544.1986
2024-01-25,,1574.0853,1548.0031,1573.7292,,1573.7292
2024-01-26,,1585.1556,1573.8905,1580.5499,,1580.5499
2024-01-29,,1595.9310,1572.3183,1590.9082,,1590.9082
2024-01-30,,1599.1159,1576.7027,1590.0468,,1590.0468
2024-01-31,,1607.9119,1576.4140,1584.5262,,1584.5262
2024-02-01,,1617.1710,1572.4027,1616.7957,,1616.7957
2024-02-02,,1615.8424,1578.5619,1587.7093,,1587.7093
2024-02-05,,1587.7093,1550.9176,1552.1661,,1552.1661
2024-02-06,,1562.7914,1545.0704,1557.7839,,1557.7839
2024-02-07,,1565.8283,1550.3664,1558.1124,,1558.1124
2024-02-08,,1557.6719,1532.4060,1546.9569,,1546.9569
2024-02-09,,1557.1802,1540.5277,1556.4721,,1556.4721
2024-02-12,,1575.0314,1552.7844,1574.4533,,1574.4533
2024-02-13,,1576.5909,1527.0954,1548.9415,,1548.9415
2024-02-14,,1562.0331,1546.5953,1559.3311,,1559.3311
2024-02-15,,1585.7314,1560.6885,1583.3350,,1583.3350
2024-02-16,,1588.5758,1566.1371,1581.6481,,1581.6481
2024-02-20,,1597.8671,1578.1833,1579.4444,,1579.4444
2024-02-21,,1603.5446,1582.9784,1600.9093,,1600.9093
2024-02-22,,1599.1246,1578.9452,1590.9909,,1590.9909
2024-02-23,,1610.7956,1590.9624,1604.2074,,1604.2074
2024-02-26,,1604.0636,1567.3892,1569.6963,,1569.6963
2024-02-27,,1605.2289,1573.2027,1604.2706,,1604.2706
2024-02-28,,1611.8837,1599.1263,1610.9764,,1610.9764
2024-02-29,,1624.5669,1601.6938,1610.1040,,1610.1040
2024-03-01,,1608.5320,1578.3305,1596.8905,,1596.8905
2024-03-04,,1626.7798,1590.0703,1623.6212,,1623.6212
2024-03-05,,1657.5262,1614.9466,1621.3075,,1621.3075
2024-03-06,,1646.0082,1623.3078,1636.4688,,1636.4688
2024-03-07,,1654.1040,1639.2004,1649.9837,,1649.9837
2024-03-08,,1658.8855,1639.6326,1653.5715,,1653.5715
2024-03-11,,1664.0953,1642.3063,1657.0902,,1657.0902
2024-03-12,,1655.6369,1633.0604,1644.2682,,1644.2682
2024-03-13,,1673.5388,1646.4332,1659.2052,,1659.2052
2024-03-14,,1661.6697,1637.4916,1648.2043,,1648.2043
2024-03-15,,1658.9079,1640.8255,1650.7522,,1650.7522
2024-03-18,,1670.3095,1643.9163,1658.7116,,1658.7116
2024-03-19,,1678.9362,1658.4117,1677.0335,,1677.0335
2024-03-20,,1689.7791,1672.9426,1683.4581,,1683.4581
2024-03-21,,1701.0319,1680.5348,1680.9164,,1680.9164
2024-03-22,,1694.9989,1681.9673,1685.5016,,1685.5016
2024-03-25,,1697.3564,1684.8771,1696.7338,,1696.7338
2024-03-26,,1706.2916,1673.5387,1673.6161,,1673.6161
2024-03-27,,1719.3413,1674.7765,1719.0856,,1719.0856
2024-03-28,,1734.9930,1715.9625,1732.5416,,1732.5416
2024-04-01,,1732.5416,1713.2220,1723.4659,,1723.4659
2024-04-02,,1732.1452,1717.7806,1724.8359,,1724.8359
2024-04-03,,1730.9177,1712.9782,1721.2873,,1721.2873
2024-04-04,,1740.1005,1705.6578,1715.9613,,1715.9613
2024-04-05,,1731.6921,1697.3844,1728.0901,,1728.0901
2024-04-08,,1741.0346,1723.0174,1738.5892,,1738.5892
2024-04-09,,1749.8631,1732.8974,1742.8194,,1742.8194
2024-04-10,,1739.3845,1698.0244,1715.8954,,1715.8954
2024-04-11,,1726.1757,1701.8605,1714.2409,,1714.2409
2024-04-12,,1721.8308,1691.6391,1699.2774,,1699.2774
2024-04-15,,1719.9554,1676.3318,1682.5828,,1682.5828
2024-04-16,,1682.2015,1653.8095,1660.2806,,1660.2806
2024-04-17,,1700.3291,1660.3806,1696.3490,,1696.3490
2024-04-18,,1708.1407,1690.3082,1702.2505,,1702.2505
2024-04-19,,1729.0975,1702.3912,1724.4802,,1724.4802
2024-04-22,,1748.0574,1714.7378,1743.1865,,1743.1865
2024-04-23,,1764.3379,1740.4291,1754.3572,,1754.3572
2024-04-24,,1770.7111,1732.6032,1765.0181,,1765.0181
2024-04-25,,1778.5202,1745.7509,1772.1664,,1772.1664
2024-04-26,,1774.0767,1752.6060,1752.7750,,1752.7750
2024-04-29,,1784.3932,1753.1743,1782.3330,,1782.3330
2024-04-30,,1784.8600,1760.6540,1770.4165,,1770.4165
2024-05-01,,1809.0241,1762.8510,1792.3797,,1792.3797
2024-05-02,,1807.2301,1787.1664,1803.4929,,1803.4929
2024-05-03,,1824.6881,1805.0750,1821.0579,,1821.0579
2024-05-06,,1833.6291,1814.2112,1832.6198,,1832.6198
2024-05-07,,1852.4027,1833.3666,1849.8182,,1849.8182
2024-05-08,,1872.9729,1844.8245,1871.5254,,1871.5254
2024-05-09,,1904.9800,1867.4848,1903.5812,,1903.5812
2024-05-10,,1917.6368,1895.2105,1899.5542,,1899.5542
2024-05-13,,1914.7645,1896.0281,1900.8545,,1900.8545
2024-05-14,,1910.1586,1895.2704,1907.2720,,1907.2720
2024-05-15,,1941.8384,1911.0163,1936.2674,,1936.2674
2024-05-16,,1946.5279,1925.7706,1928.4504,,1928.4504
2024-05-17,,1932.5712,1918.1388,1926.5761,,1926.5761
2024-05-20,,1931.2855,1919.2750,1922.6712,,1922.6712
2024-05-21,,1943.6318,1922.1231,1943.4119,,1943.4119
2024-05-22,,1942.0811,1918.7487,1920.8228,,1920.8228
2024-05-23,,1919.5956,1888.5002,1890.0167,,1890.0167
2024-05-24,,1919.9731,1890.0294,1912.9948,,1912.9948
2024-05-28,,1925.9780,1909.6046,1914.8450,,1914.8450
2024-05-29,,1912.2961,1881.8843,1889.5148,,1889.5148
2024-05-30,,1918.9030,1890.3091,1918.3089,,1918.3089
2024-05-31,,1948.8251,1910.0954,1946.2324,,1946.2324
2024-06-03,,1946.1204,1909.5728,1915.8802,,1915.8802
2024-06-04,,1918.0761,1890.6324,1910.8811,,1910.8811
2024-06-05,,1911.9902,1899.1897,1901.9031,,1901.9031
2024-06-06,,1909.2589,1878.1484,1880.0775,,1880.0775
2024-06-07,,1878.8995,1856.9338,1857.8258,,1857.8258
2024-06-10,,1888.3785,1853.1399,1886.2647,,1886.2647
2024-06-11,,1882.4661,1855.3680,1867.6359,,1867.6359
2024-06-12,,1891.6995,1848.4515,1853.8107,,1853.8107
2024-06-13,,1866.3686,1840.0224,1858.9737,,1858.9737
2024-06-14,,1857.1954,1839.2920,1851.7472,,1851.7472
2024-06-17,,1851.0123,1828.5176,1829.7537,,1829.7537
2024-06-18,,1829.2898,1809.6476,1828.0509,,1828.0509
2024-06-20,,1850.8951,1829.9063,1847.1948,,1847.1948
2024-06-21,,1855.3747,1835.3509,1837.7081,,1837.7081
2024-06-24,,1866.6792,1833.9305,1860.0127,,1860.0127
2024-06-25,,1861.7319,1837.7589,1843.1159,,1843.1159
2024-06-26,,1841.3633,1826.3938,1835.0721,,1835.0721
2024-06-27,,1839.9303,1825.5230,1837.5156,,1837.5156
2024-06-28,,1837.6422,1801.5595,1811.8205,,1811.8205
2024-07-01,,1834.7876,1797.6170,1800.0236,,1800.0236
2024-07-02,,1812.3797,1800.8960,1808.4952,,1808.4952
2024-07-03,,1834.6527,1808.5104,1824.8380,,1824.8380
2024-07-05,,1834.4054,1820.0354,1825.5631,,1825.5631
2024-07-08,,1833.3615,1821.1243,1827.8193,,1827.8193
2024-07-09,,1850.4089,1826.4895,1833.0989,,1833.0989
2024-07-10,,1849.8369,1825.7336,1849.2809,,1849.2809
2024-07-11,,1889.9896,1850.1018,1884.6037,,1884.6037
2024-07-12,,1910.7007,1884.7100,1897.4209,,1897.4209
2024-07-15,,1896.1202,1841.4952,1845.2490,,1845.2490
2024-07-16,,1861.9080,1847.2219,1858.7137,,1858.7137
2024-07-17,,1879.3448,1850.4743,1853.3188,,1853.3188
2024-07-18,,1869.5576,1849.2200,1854.0414,,1854.0414
2024-07-19,,1861.7060,1846.6949,1857.4486,,1857.4486
2024-07-22,,1880.3916,1859.5437,1875.3629,,1875.3629
2024-07-23,,1874.3507,1860.2923,1861.5148,,1861.5148
2024-07-24,,1890.4984,1862.0011,1884.1033,,1884.1033
2024-07-25,,1898.1718,1859.2987,1867.2074,,1867.2074
2024-07-26,,1889.6251,1871.7270,1886.8989,,1886.8989
2024-07-29,,1902.4766,1879.4327,1895.6783,,1895.6783
2024-07-30,,1905.0762,1887.9919,1903.9905,,1903.9905
2024-07-31,,1941.2319,1915.5796,1936.0258,,1936.0258
2024-08-01,,1973.6682,1935.5341,1972.0746,,1972.0746
2024-08-02,,2007.4738,1946.5648,1973.6505,,1973.6505
2024-08-05,,1979.6502,1918.3663,1921.0758,,1921.0758
2024-08-06,,1961.4922,1920.3390,1938.2474,,1938.2474
2024-08-07,,1973.6397,1939.1595,1950.9793,,1950.9793
2024-08-08,,1966.2604,1939.2505,1954.9763,,1954.9763
2024-08-09,,1962.4669,1926.2605,1959.5526,,1959.5526
2024-08-12,,1961.3289,1947.7960,1960.7614,,1960.7614
2024-08-13,,1976.5549,1961.2874,1974.2415,,1974.2415
2024-08-14,,1983.2401,1957.3818,1971.9888,,1971.9888
2024-08-15,,1975.5544,1953.6538,1969.4599,,1969.4599
2024-08-16,,1986.9524,1964.1165,1981.0443,,1981.0443
2024-08-19,,1992.6766,1978.5853,1992.3953,,1992.3953
2024-08-20,,1997.8800,1985.6873,1987.1860,,1987.1860
2024-08-21,,2008.8512,1988.2508,2003.3844,,2003.3844
2024-08-22,,2007.9813,1990.7890,1997.3665,,1997.3665
2024-08-23,,2014.4518,1998.3626,2004.8300,,2004.8300
2024-08-26,,2024.9158,2004.8300,2017.1952,,2017.1952
2024-08-27,,2019.9138,2000.2798,2001.3485,,2001.3485
2024-08-28,,2015.7779,1996.6144,1998.6980,,1998.6980
2024-08-29,,2014.2287,1987.5927,2012.4227,,2012.4227
2024-08-30,,2026.7815,2004.9922,2023.8974,,2023.8974
2024-09-03,,2032.4556,2011.3817,2017.4140,,2017.4140
2024-09-04,,2048.3633,2017.8021,2035.1867,,2035.1867
2024-09-05,,2054.0924,2022.9869,2028.3669,,2028.3669
2024-09-06,,2036.4060,2008.1618,2008.4423,,2008.4423
2024-09-09,,2028.5702,2003.6232,2028.3550,,2028.3550
2024-09-10,,2044.2063,2025.1193,2038.6649,,2038.6649
2024-09-11,,2051.9986,2018.6408,2050.5263,,2050.5263
2024-09-12,,2059.0251,2042.5823,2055.2129,,2055.2129
2024-09-13,,2086.1681,2055.3819,2085.4611,,2085.4611
2024-09-16,,2106.9689,2085.5449,2100.5468,,2100.5468
2024-09-17,,2106.5584,2093.0741,2099.5868,,2099.5868
2024-09-18,,2101.8760,2076.6434,2083.3057,,2083.3057
2024-09-19,,2083.1461,2053.1041,2069.5371,,2069.5371
2024-09-20,,2135.3566,2085.6858,2131.0039,,2131.0039
2024-09-23,,2154.6883,2131.4902,2153.0983,,2153.0983
2024-09-24,,2164.7836,2134.0391,2138.2417,,2138.2417
2024-09-25,,2159.4266,2133.4479,2151.8942,,2151.8942
2024-09-26,,2156.6797,2129.5546,2135.3816,,2135.3816
2024-09-27,,2162.9077,2136.0129,2157.6822,,2157.6822
2024-09-30,,2168.6216,2145.0769,2166.9764,,2166.9764
2024-10-01,,2189.2144,2150.4061,2185.9249,,2185.9249
2024-10-02,,2192.6861,2170.1128,2187.6522,,2187.6522
2024-10-03,,2206.8651,2183.8195,2188.6982,,2188.6982
2024-10-04,,2189.3936,2163.4496,2187.0092,,2187.0092
2024-10-07,,2186.1618,2129.4345,2135.8439,,2135.8439
2024-10-08,,2151.9911,2135.7739,2136.7174,,2136.7174
2024-10-09,,2134.5121,2101.9261,2113.6082,,2113.6082
2024-10-10,,2133.3920,2102.6053,2103.2454,,2103.2454
2024-10-11,,2121.2612,2087.0701,2121.1567,,2121.1567
2024-10-14,,2151.9641,2120.6955,2150.4867,,2150.4867
2024-10-15,,2172.4691,2149.7519,2156.0654,,2156.0654
2024-10-16,,2204.3410,2156.4791,2201.6470,,2201.6470
2024-10-17,,2206.8326,2174.5830,2175.7202,,2175.7202
2024-10-18,,2190.7003,2166.4621,2189.2709,,2189.2709
2024-10-21,,2202.9071,2174.8688,2183.5851,,2183.5851
2024-10-22,,2182.4811,2158.2687,2174.4415,,2174.4415
2024-10-23,,2197.8270,2169.5934,2197.7333,,2197.7333
2024-10-24,,2199.9284,2174.9424,2182.2425,,2182.2425
2024-10-25,,2194.9210,2148.4215,2150.1504,,2150.1504
2024-10-28,,2178.1348,2150.3736,2169.5004,,2169.5004
2024-10-29,,2168.3056,2120.8230,2121.2381,,2121.2381
2024-10-30,,2131.4906,2111.3757,2114.5071,,2114.5071
2024-10-31,,2154.1556,2114.5488,2140.3430,,2140.3430
2024-11-01,,2145.0375,2086.6872,2089.1364,,2089.1364
2024-11-04,,2073.8685,2048.5762,2059.8829,,2059.8829
2024-11-05,,2090.5702,2053.0230,2090.1502,,2090.1502
2024-11-06,,2090.9544,2041.4861,2056.9961,,2056.9961
2024-11-07,,2083.8769,2050.2316,2063.3249,,2063.3249
2024-11-08,,2101.8662,2063.3449,2097.5591,,2097.5591
2024-11-11,,2115.3575,2095.0030,2103.6324,,2103.6324
2024-11-12,,2103.0186,2063.2528,2074.8828,,2074.8828
2024-11-13,,2087.3132,2061.0007,2069.7662,,2069.7662
2024-11-14,,2086.9917,2063.0430,2066.8744,,2066.8744
2024-11-15,,2097.9362,2064.2877,2096.5369,,2096.5369
2024-11-18,,2116.5518,2089.3230,2108.4009,,2108.4009
2024-11-19,,2125.1966,2091.5668,2124.4648,,2124.4648
2024-11-20,,2135.6197,2115.7016,2125.8321,,2125.8321
2024-11-21,,2165.9800,2119.9474,2164.4998,,2164.4998
2024-11-22,,2171.6291,2145.8926,2147.6051,,2147.6051
2024-11-25,,2168.9178,2132.5481,2151.3573,,2151.3573
2024-11-26,,2192.8479,2151.5197,2191.5607,,2191.5607
2024-11-27,,2203.6016,2187.3021,2188.7128,,2188.7128
2024-11-29,,2197.9992,2185.6167,2190.1915,,2190.1915
2024-12-02,,2191.4481,2140.2274,2141.3202,,2141.3202
2024-12-03,,2159.4443,2122.6953,2122.8755,,2122.8755
2024-12-04,,2137.5909,2115.6671,2125.0834,,2125.0834
2024-12-05,,2144.6872,2125.0568,2132.6325,,2132.6325
2024-12-06,,2137.7996,2100.0920,2106.0727,,2106.0727
2024-12-09,,2106.9987,2074.1549,2075.1152,,2075.1152
2024-12-10,,2075.1152,2041.6089,2054.9657,,2054.9657
2024-12-11,,2062.7676,2042.3398,2045.9643,,2045.9643
2024-12-12,,2062.0176,2041.9437,2042.0268,,2042.0268
2024-12-13,,2052.6379,2038.8656,2043.3272,,2043.3272
2024-12-16,,2049.7976,2025.6555,2025.8629,,2025.8629
2024-12-17,,2025.8629,2008.8986,2018.2455,,2018.2455
2024-12-18,,2018.1339,1968.0161,1969.0430,,1969.0430
2024-12-19,,1996.9722,1968.6050,1975.3101,,1975.3101
2024-12-20,,2011.6080,1963.2839,2007.1445,,2007.1445
2024-12-23,,2018.2057,1983.9443,2016.8142,,2016.8142
2024-12-24,,2027.4882,2011.8670,2027.4882,,2027.4882
2024-12-26,,2028.5582,2016.3708,2021.9444,,2021.9444
2024-12-27,,2021.3909,2005.0953,2015.5448,,2015.5448
2024-12-30,,2015.5909,1989.5619,2008.9789,,2008.9789
2024-12-31,,2018.2341,1996.4524,2005.6292,,2005.6292
2025-01-02,,2034.8637,2006.0448,2025.7721,,2025.7721
2025-01-03,,2064.4550,2026.3343,2053.2161,,2053.2161
2025-01-06,,2055.9815,2024.6140,2035.4490,,2035.4490
2025-01-07,,2048.3741,2020.6729,2026.5975,,2026.5975
2025-01-08,,2026.3300,1985.0722,2022.2649,,2022.2649
2025-01-10,,2049.8532,2004.8489,2017.1337,,2017.1337
2025-01-13,,2014.1271,1966.1419,1987.2920,,1987.2920
2025-01-14,,2021.1632,1987.2920,2014.3760,,2014.3760
2025-01-15,,2066.8481,2021.4626,2044.3662,,2044.3662
2025-01-16,,2097.3460,2042.5866,2097.1840,,2097.1840
2025-01-17,,2108.0657,2089.4732,2097.2241,,2097.2241
2025-01-21,,2143.1234,2104.1817,2131.3117,,2131.3117
2025-01-22,,2137.2342,2086.7260,2087.5069,,2087.5069
2025-01-23,,2118.3529,2088.2535,2099.9134,,2099.9134
2025-01-24,,2133.9486,2092.5914,2127.7419,,2127.7419
2025-01-27,,2127.9552,2010.4199,2058.5187,,2058.5187
2025-01-28,,2058.7052,2007.1775,2027.7445,,2027.7445
2025-01-29,,2058.3391,2027.7095,2034.5912,,2034.5912
2025-01-30,,2084.2759,2034.5912,2081.3012,,2081.3012
2025-01-31,,2082.4781,2061.7912,2066.4469,,2066.4469
2025-02-03,,2084.1974,2031.1799,2074.1193,,2074.1193
2025-02-04,,2073.1645,2033.7383,2056.1039,,2056.1039
2025-02-05,,2092.3342,2058.5451,2076.0494,,2076.0494
2025-02-06,,2083.9466,2057.7145,2073.7819,,2073.7819
2025-02-07,,2086.8574,2063.6934,2065.4074,,2065.4074
2025-02-10,,2092.7033,2062.8523,2092.4243,,2092.4243
2025-02-11,,2099.7327,2065.0516,2099.1017,,2099.1017
2025-02-12,,2102.3705,2064.5474,2096.1887,,2096.1887
2025-02-13,,2103.2450,2087.3922,2098.0493,,2098.0493
2025-02-14,,2115.6402,2087.9685,2088.9167,,2088.9167
2025-02-18,,2115.0595,2091.3589,2112.5417,,2112.5417
2025-02-19,,2130.1455,2104.7705,2121.3441,,2121.3441
2025-02-20,,2126.5346,2094.3424,2120.5432,,2120.5432
2025-02-21,,2125.5851,2101.7029,2111.7673,,2111.7673
2025-02-24,,2118.4203,2087.7307,2096.6811,,2096.6811
2025-02-25,,2104.8329,2071.3861,2101.6158,,2101.6158
2025-02-26,,2131.6899,2101.1019,2111.2465,,2111.2465
2025-02-27,,2111.2798,2053.4748,2054.3861,,2054.3861
2025-02-28,,2085.9549,2055.5524,2084.7605,,2084.7605
2025-03-03,,2092.3850,2069.7676,2084.0213,,2084.0213
2025-03-04,,2094.3617,2048.1027,2050.4178,,2050.4178
2025-03-05,,2049.4265,2018.5156,2034.7521,,2034.7521
2025-03-06,,2028.0954,1982.7514,1988.6216,,1988.6216
2025-03-07,,2035.1730,1988.3829,2025.7718,,2025.7718
2025-03-10,,2049.2805,2015.5209,2046.9134,,2046.9134
2025-03-11,,2051.5487,2016.2743,2029.5314,,2029.5314
2025-03-12,,2042.4630,2010.5170,2023.1256,,2023.1256
2025-03-13,,2036.0283,2014.3509,2028.4361,,2028.4361
2025-03-14,,2068.4659,2027.4883,2066.0687,,2066.0687
2025-03-17,,2083.7955,2054.8798,2071.9276,,2071.9276
2025-03-18,,2072.2686,2041.5035,2055.5311,,2055.5311
2025-03-19,,2069.8977,2052.8988,2065.6453,,2065.6453
2025-03-20,,2079.2741,2062.8388,2076.4253,,2076.4253
2025-03-21,,2076.7504,2051.6180,2063.7355,,2063.7355
2025-03-24,,2089.6415,2063.3042,2064.5443,,2064.5443
2025-03-25,,2062.9035,2021.9198,2029.8207,,2029.8207
2025-03-26,,2043.1046,2028.5676,2039.3935,,2039.3935
2025-03-27,,2055.3586,2033.1186,2038.0557,,2038.0557
2025-03-28,,2064.5836,2038.8792,2050.9645,,2050.9645
2025-03-31,,2078.9281,2045.4975,2070.6116,,2070.6116
2025-04-01,,2084.2030,2055.9117,2079.3137,,2079.3137
2025-04-02,,2093.3092,2067.0778,2090.6327,,2090.6327
2025-04-03,,2103.3896,2064.0513,2067.0034,,2067.0034
2025-04-04,,2070.3350,1934.3781,1946.2256,,1946.2256
2025-04-07,,1975.1029,1872.2184,1918.6922,,1918.6922
2025-04-08,,1968.4986,1886.2920,1908.1732,,1908.1732
2025-04-09,,2002.2816,1854.2435,1995.9016,,1995.9016
2025-04-10,,1999.5725,1936.2676,1977.7380,,1977.7380
2025-04-11,,2004.1723,1951.4221,1998.1621,,1998.1621
2025-04-14,,2040.9217,1998.6473,2033.6950,,2033.6950
2025-04-15,,2051.6118,2033.1120,2034.8834,,2034.8834
2025-04-16,,2044.8132,2005.1271,2012.4977,,2012.4977
2025-04-17,,2058.5385,2015.7431,2032.7790,,2032.7790
2025-04-21,,2031.5358,1954.0308,1977.2306,,1977.2306
2025-04-22,,2038.8520,1983.5099,2035.6145,,2035.6145
2025-04-23,,2074.8331,2031.1867,2048.2497,,2048.2497
2025-04-24,,2060.6449,2030.6012,2051.6814,,2051.6814
2025-04-25,,2055.2438,2036.5059,2044.8865,,2044.8865
2025-04-28,,2062.7220,2032.3319,2059.5575,,2059.5575
2025-04-29,,2078.0822,2047.9902,2075.7047,,2075.7047
2025-04-30,,2076.0920,2027.0650,2062.5936,,2062.5936
2025-05-01,,2101.0457,2063.5785,2072.8493,,2072.8493
2025-05-02,,2094.5684,2068.3658,2088.0734,,2088.0734
2025-05-05,,2088.0734,2060.7546,2080.7083,,2080.7083
2025-05-06,,2124.0440,2080.5950,2109.2677,,2109.2677
2025-05-07,,2129.7136,2096.2832,2115.8981,,2115.8981
2025-05-08,,2126.9052,2100.9474,2102.6249,,2102.6249
2025-05-09,,2110.7874,2095.3492,2108.0789,,2108.0789
2025-05-12,,2130.9200,2098.7175,2106.8401,,2106.8401
2025-05-13,,2130.3534,2100.3139,2115.0399,,2115.0399
2025-05-14,,2115.0698,2072.8089,2104.6165,,2104.6165
2025-05-15,,2151.4998,2105.3757,2145.8263,,2145.8263
2025-05-16,,2178.3322,2145.1604,2178.3322,,2178.3322
2025-05-19,,2181.6451,2154.7226,2181.1692,,2181.1692
2025-05-20,,2197.6086,2180.2405,2190.8250,,2190.8250
2025-05-21,,2187.9297,2139.4543,2143.4905,,2143.4905
2025-05-22,,2143.0413,2082.6262,2108.5877,,2108.5877
2025-05-23,,2136.1835,2098.2129,2133.5857,,2133.5857
2025-05-27,,2156.9661,2134.3602,2152.2620,,2152.2620
2025-05-28,,2152.7527,2114.5728,2123.0075,,2123.0075
2025-05-29,,2141.9672,2117.7717,2138.6896,,2138.6896
2025-05-30,,2163.3887,2130.8437,2161.0134,,2161.0134
2025-06-02,,2168.4869,2139.9323,2167.5094,,2167.5094
2025-06-03,,2194.8834,2160.0829,2175.6710,,2175.6710
2025-06-04,,2169.5739,2136.8959,2137.2736,,2137.2736
2025-06-05,,2142.9162,2129.3835,2135.0037,,2135.0037
2025-06-06,,2148.9094,2126.3829,2145.3359,,2145.3359
2025-06-09,,2148.9464,2126.1939,2130.8124,,2130.8124
2025-06-10,,2139.7934,2115.3617,2132.1370,,2132.1370
2025-06-11,,2143.7532,2128.8320,2136.3965,,2136.3965
2025-06-12,,2166.2288,2136.6115,2165.3334,,2165.3334
2025-06-13,,2164.1964,2148.7767,2155.0062,,2155.0062
2025-06-16,,2176.1557,2135.2719,2146.1931,,2146.1931
2025-06-17,,2147.7776,2110.8160,2125.4458,,2125.4458
2025-06-18,,2142.3081,2121.7706,2132.6843,,2132.6843
2025-06-20,,2153.9536,2133.0518,2137.2382,,2137.2382
2025-06-23,,2165.5499,2138.9099,2160.8747,,2160.8747
2025-06-24,,2178.0348,2162.2476,2171.8862,,2171.8862
2025-06-25,,2171.4892,2139.6811,2142.0893,,2142.0893
2025-06-26,,2165.8322,2143.8001,2164.3777,,2164.3777
2025-06-27,,2188.3379,2163.6883,2171.2072,,2171.2072
2025-06-30,,2177.8267,2148.5393,2175.5091,,2175.5091
2025-07-01,,2182.3280,2147.1776,2181.4526,,2181.4526
2025-07-02,,2185.9503,2156.8597,2166.6269,,2166.6269
2025-07-03,,2196.1909,2164.9617,2186.2420,,2186.2420
2025-07-07,,2192.8060,2177.3455,2191.0843,,2191.0843
2025-07-08,,2189.8435,2143.2926,2163.9184,,2163.9184
2025-07-09,,2191.2870,2160.1257,2187.8130,,2187.8130
2025-07-10,,2209.1073,2175.9040,2204.1343,,2204.1343
2025-07-11,,2210.8575,2180.2126,2203.4577,,2203.4577
2025-07-14,,2215.6957,2189.0776,2211.2731,,2211.2731
2025-07-15,,2212.3443,2179.2436,2188.9348,,2188.9348
2025-07-16,,2197.3114,2166.7464,2185.2938,,2185.2938
2025-07-17,,2200.8142,2182.4310,2193.1827,,2193.1827
2025-07-18,,2247.6275,2194.7174,2238.9588,,2238.9588
2025-07-21,,2257.5252,2235.6537,2240.3734,,2240.3734
2025-07-22,,2271.1800,2240.8618,2270.4599,,2270.4599
2025-07-23,,2304.1911,2249.3071,2256.7585,,2256.7585
2025-07-24,,2261.6558,2247.3680,2249.1668,,2249.1668
2025-07-25,,2257.7759,2246.4878,2255.3975,,2255.3975
2025-07-28,,2257.6615,2231.1540,2237.5306,,2237.5306
2025-07-29,,2262.3322,2240.6145,2261.4468,,2261.4468
2025-07-30,,2301.8945,2261.4842,2280.5632,,2280.5632
2025-07-31,,2295.4637,2273.3022,2293.3010,,2293.3010
2025-08-01,,2303.6011,2265.8218,2291.7936,,2291.7936
2025-08-04,,2341.1740,2291.7936,2333.8985,,2333.8985
2025-08-05,,2341.9805,2301.0960,2309.0505,,2309.0505
2025-08-06,,2312.5159,2281.3348,2283.0201,,2283.0201
2025-08-07,,2312.8350,2268.5359,2305.4793,,2305.4793
2025-08-08,,2314.4539,2289.1947,2294.3499,,2294.3499
2025-08-11,,2299.5669,2274.2916,2284.7210,,2284.7210
2025-08-12,,2300.6934,2280.7578,2299.9868,,2299.9868
2025-08-13,,2306.6346,2277.6021,2300.6227,,2300.6227
2025-08-14,,2300.2352,2283.7014,2285.4140,,2285.4140
2025-08-15,,2294.2577,2264.7171,2281.0557,,2281.0557
2025-08-18,,2293.5050,2268.1624,2271.4518,,2271.4518
2025-08-19,,2288.1726,2264.0380,2287.4198,,2287.4198
2025-08-20,,2297.2192,2278.1060,2288.1154,,2288.1154
2025-08-21,,2301.2472,2263.8457,2270.7784,,2270.7784
2025-08-22,,2295.1471,2272.2205,2281.9825,,2281.9825
2025-08-25,,2281.9079,2254.0761,2255.9599,,2255.9599
2025-08-26,,2268.8645,2251.3652,2264.1345,,2264.1345
2025-08-27,,2269.2228,2256.9220,2263.6509,,2263.6509
2025-08-28,,2266.5952,2241.8123,2245.4844,,2245.4844
2025-08-29,,2247.4345,2227.3099,2231.3319,,2231.3319
2025-09-02,,2229.3446,2206.9263,2222.3637,,2222.3637
2025-09-03,,2222.2605,2207.1868,2218.5798,,2218.5798
2025-09-04,,2242.4370,2206.3949,2216.3937,,2216.3937
2025-09-05,,2227.6853,2186.5614,2207.3756,,2207.3756
2025-09-08,,2209.5858,2176.7834,2183.3710,,2183.3710
2025-09-09,,2207.9383,2181.4734,2202.2452,,2202.2452
2025-09-10,,2251.0184,2203.8280,2245.7422,,2245.7422
2025-09-11,,2255.7498,2241.6893,2252.7636,,2252.7636
2025-09-12,,2274.3969,2244.1132,2268.2618,,2268.2618
2025-09-15,,2285.5427,2268.1115,2274.1667,,2274.1667
2025-09-16,,2274.1254,2232.2950,2232.9258,,2232.9258
2025-09-17,,2257.6512,2231.7069,2238.3741,,2238.3741
2025-09-18,,2257.8139,2227.9375,2242.1866,,2242.1866
2025-09-19,,2266.4238,2235.0035,2258.3078,,2258.3078
2025-09-22,,2289.4830,2249.3881,2285.8118,,2285.8118
2025-09-23,,2292.2946,2270.5685,2288.5132,,2288.5132
2025-09-24,,2307.4165,2282.6137,2301.6617,,2301.6617
2025-09-25,,2302.2343,2274.6249,2275.8308,,2275.8308
2025-09-26,,2310.7154,2278.8918,2309.8148,,2309.8148
2025-09-29,,2320.8459,2293.8458,2316.7121,,2316.7121
2025-09-30,,2327.0251,2300.2595,2318.3852,,2318.3852
2025-10-01,,2358.2455,2318.0744,2355.1087,,2355.1087
2025-10-02,,2356.6136,2332.5636,2356.1294,,2356.1294
2025-10-03,,2406.8437,2356.3462,2379.5829,,2379.5829
2025-10-06,,2407.7853,2377.8824,2404.5317,,2404.5317
2025-10-07,,2426.4548,2404.1633,2410.3268,,2410.3268
2025-10-08,,2438.1470,2411.4202,2434.9980,,2434.9980
2025-10-09,,2453.2606,2425.3638,2434.5402,,2434.5402
2025-10-10,,2459.5504,2414.9471,2416.8435,,2416.8435
2025-10-13,,2462.9612,2422.0454,2451.3798,,2451.3798
2025-10-14,,2484.5759,2437.1504,2471.8387,,2471.8387
2025-10-15,,2520.8081,2472.6702,2504.0563,,2504.0563
2025-10-16,,2528.1989,2473.6647,2475.0183,,2475.0183
2025-10-17,,2482.4420,2448.7302,2459.6006,,2459.6006
2025-10-20,,2485.2030,2446.6843,2451.2055,,2451.2055
2025-10-21,,2453.7504,2406.0314,2416.4835,,2416.4835
2025-10-22,,2421.3275,2385.1885,2400.4867,,2400.4867
2025-10-23,,2419.3646,2391.3010,2406.4517,,2406.4517
2025-10-24,,2457.7109,2409.2875,2447.1888,,2447.1888
2025-10-27,,2458.3469,2424.3907,2455.7396,,2455.7396
2025-10-28,,2465.4150,2406.7577,2409.7637,,2409.7637
2025-10-29,,2434.7134,2407.7970,2421.0552,,2421.0552
2025-10-30,,2440.7408,2406.1361,2407.4380,,2407.4380
2025-10-31,,2408.1320,2375.0673,2387.8625,,2387.8625
2025-11-03,,2397.5123,2364.3358,2390.1337,,2390.1337
2025-11-04,,2385.0402,2362.7867,2369.8400,,2369.8400
2025-11-05,,2385.4354,2360.9680,2374.0415,,2374.0415
2025-11-06,,2382.6303,2352.6824,2353.9486,,2353.9486
2025-11-07,,2390.6569,2336.2955,2390.3378,,2390.3378
2025-11-10,,2413.7575,2366.2792,2390.6669,,2390.6669
2025-11-11,,2397.4312,2373.6028,2384.7480,,2384.7480
2025-11-12,,2397.6672,2379.2696,2395.2647,,2395.2647
2025-11-13,,2395.1182,2349.0722,2350.4988,,2350.4988
2025-11-14,,2372.6428,2330.4445,2353.1977,,2353.1977
2025-11-17,,2382.6446,2353.0439,2371.3451,,2371.3451
2025-11-18,,2390.1525,2364.3141,2364.4031,,2364.4031
2025-11-19,,2380.9688,2344.8334,2351.6204,,2351.6204
2025-11-20,,2388.2510,2326.5588,2328.3453,,2328.3453
2025-11-21,,2332.2303,2300.9693,2322.2067,,2322.2067
2025-11-24,,2363.1855,2314.3823,2356.0407,,2356.0407
2025-11-25,,2363.6978,2334.9631,2348.5225,,2348.5225
2025-11-26,,2385.1736,2352.0744,2382.3156,,2382.3156
2025-11-28,,2403.8591,2385.0151,2402.2400,,2402.2400
2025-12-01,,2400.4219,2344.6279,2345.8036,,2345.8036
2025-12-02,,2356.8856,2328.5241,2331.5462,,2331.5462
2025-12-03,,2340.0777,2316.4335,2325.8307,,2325.8307
2025-12-04,,2343.5324,2317.0261,2327.7890,,2327.7890
2025-12-05,,2327.3864,2297.2607,2297.9896,,2297.9896
2025-12-08,,2301.6597,2266.3002,2269.5560,,2269.5560
2025-12-09,,2294.7954,2269.3935,2270.0470,,2270.0470
2025-12-10,,2276.0464,2247.2708,2269.4594,,2269.4594
2025-12-11,,2293.2368,2265.9989,2290.8625,,2290.8625
2025-12-12,,2307.3842,2266.2648,2268.7751,,2268.7751
2025-12-15,,2288.6808,2268.3988,2285.1321,,2285.1321
2025-12-16,,2293.1215,2264.7179,2283.1504,,2283.1504
2025-12-17,,2287.7527,2243.7306,2252.7162,,2252.7162
2025-12-18,,2298.9143,2255.6554,2284.4864,,2284.4864
2025-12-19,,2297.8308,2255.1475,2256.2594,,2256.2594
2025-12-22,,2265.5027,2241.2382,2263.9689,,2263.9689
2025-12-23,,2277.8266,2259.4900,2269.7808,,2269.7808
2025-12-24,,2283.7999,2266.0292,2282.5117,,2282.5117
2025-12-26,,2282.3083,2270.8010,2278.8790,,2278.8790
2025-12-29,,2294.3207,2277.4579,2279.9095,,2279.9095
2025-12-30,,2287.6678,2278.0513,2283.4164,,2283.4164
2025-12-31,,2285.6953,2269.1444,2269.2844,,2269.2844
