Date,Open,High,Low,Close,Volume,Adj Close
2016-01-04,46.4200,47.0700,46.2500,47.0300,6946500,30.1651
2016-01-05,46.9500,47.3800,46.5900,47.3600,5830900,30.3768
2016-01-06,47.0600,47.5000,46.8200,47.3700,5868700,30.3832
2016-01-07,47.0000,47.4500,46.7900,46.9700,5837700,30.1266
2016-01-08,46.9900,47.2900,46.5600,46.6200,5220200,29.9022
2016-01-11,46.8000,47.0100,46.6300,46.8400,5870500,30.0433
2016-01-12,46.9200,46.9200,46.0000,46.4500,5762300,29.7931
2016-01-13,46.5500,47.0300,46.4400,46.8000,5860100,30.0176
2016-01-14,46.8000,47.5500,46.4400,47.1400,6057100,30.2357
2016-01-15,46.6900,47.2400,46.5400,47.1700,6536900,30.2549
2016-01-19,47.2500,48.0400,47.1800,47.9400,7627600,30.7488
2016-01-20,47.7000,47.9900,46.6600,47.1600,8026100,30.2485
2016-01-21,47.2800,47.5500,46.3400,46.8100,5876800,30.0240
2016-01-22,46.7900,47.3800,46.5600,47.3500,6019000,30.3704
2016-01-25,47.4200,47.5200,47.0900,47.3900,4287100,30.3960
2016-01-26,47.5200,48.0800,47.3900,47.5800,3946700,30.5179
2016-01-27,47.4200,47.8900,47.2400,47.6400,3350500,30.5564
2016-01-28,47.6400,48.5600,47.2500,48.2800,3980400,30.9669
2016-01-29,48.5800,49.0000,48.4800,48.9200,7181700,31.3774
2016-02-01,48.9400,49.9900,48.7900,49.9000,9996700,32.0059
2016-02-02,49.5500,49.7900,49.4200,49.6300,6308200,31.8328
2016-02-03,49.4100,50.2400,48.3100,48.5100,15188000,31.1144
2016-02-04,48.5000,48.6900,47.4500,48.4200,9049000,31.0567
2016-02-05,48.0200,48.5000,47.2600,48.2200,8747200,30.9284
2016-02-08,48.1800,48.8500,48.0400,48.8200,7027400,31.3132
2016-02-09,48.5800,49.3200,48.2800,49.2000,7085700,31.5570
2016-02-10,48.9000,49.3500,48.2700,49.2100,6086900,31.5634
2016-02-11,48.1900,48.7600,48.0200,48.0500,5963800,31.1632
2016-02-12,48.0000,48.2800,47.5600,47.9100,5077400,31.0724
2016-02-16,48.0100,48.0900,47.4700,48.0900,5147700,31.1892
2016-02-17,48.0800,48.1600,47.5200,47.8300,5218300,31.0205
2016-02-18,47.8000,48.9100,47.7100,48.8700,5743900,31.6950
2016-02-19,48.6300,48.9300,48.2300,48.5700,4602000,31.5005
2016-02-22,48.6100,49.1000,48.4600,49.1000,3403800,31.8442
2016-02-23,48.9700,49.2700,48.7500,49.1000,3495200,31.8442
2016-02-24,48.8300,49.3900,48.5900,48.9800,3567300,31.7664
2016-02-25,48.9300,49.4300,48.8700,49.3600,3652800,32.0128
2016-02-26,49.3400,49.3600,48.1000,48.1900,5511300,31.2540
2016-02-29,48.2800,48.6700,48.1100,48.1800,6043300,31.2475
2016-03-01,48.3200,48.6000,47.2700,47.4900,6889000,30.8000
2016-03-02,47.5500,48.0700,46.5600,47.9800,5464500,31.1178
2016-03-03,48.1400,48.1900,47.4700,48.1900,5192500,31.2540
2016-03-04,47.8800,48.7700,47.7400,48.6300,5305400,31.5394
2016-03-07,48.5500,48.7200,48.0700,48.4900,5271100,31.4486
2016-03-08,48.6700,49.2900,48.4300,49.1500,5362900,31.8766
2016-03-09,49.1400,49.6900,49.0200,49.5600,4501100,32.1425
2016-03-10,49.6600,49.9300,49.2900,49.8700,6727700,32.3436
2016-03-11,49.9500,50.1400,49.6800,49.7900,4940500,32.2917
2016-03-14,49.8900,50.0600,49.5400,49.9500,3787800,32.3955
2016-03-15,49.6800,50.4200,49.6000,50.3300,4564500,32.6419
2016-03-16,50.2000,50.8300,49.7400,50.6800,4506500,32.8689
2016-03-17,50.6000,51.0000,50.3600,50.8200,5230400,32.9597
2016-03-18,50.9600,51.0100,50.5500,50.7600,8057900,32.9208
2016-03-21,50.5000,50.8300,50.1200,50.4800,3499800,32.7392
2016-03-22,50.4600,50.7700,50.2100,50.2700,2882500,32.6030
2016-03-23,50.3100,50.8700,50.0700,50.6700,3151600,32.8624
2016-03-24,50.6700,50.9800,50.5800,50.9000,3587200,33.0116
2016-03-28,50.8300,51.1700,50.5300,50.5800,3063200,32.8041
2016-03-29,50.7500,51.2200,50.5700,51.2000,3943800,33.2062
2016-03-30,51.2100,51.2500,50.8300,51.2100,2851400,33.2127
2016-03-31,51.2200,51.7300,51.1200,51.7300,4999000,33.5499
2016-04-01,51.5000,51.7900,51.1600,51.7000,3728500,33.5305
2016-04-04,51.7100,51.7800,51.1400,51.5300,4262100,33.4202
2016-04-05,51.2900,51.5800,50.6200,50.6500,4815000,32.8495
2016-04-06,50.6100,50.6600,50.0100,50.3600,6000200,32.6614
2016-04-07,50.2900,50.8600,50.2100,50.6700,3670900,32.8624
2016-04-08,50.7900,51.1200,50.6500,50.7300,3778500,32.9014
2016-04-11,50.5800,50.9900,50.4500,50.4700,2965700,32.7327
2016-04-12,50.5400,50.8300,50.2900,50.7700,3475500,32.9273
2016-04-13,50.8600,50.9100,50.0700,50.3600,3029400,32.6614
2016-04-14,50.3600,50.5600,50.1600,50.4500,2993300,32.7198
2016-04-15,50.4400,50.8000,50.3600,50.6800,2689500,32.8689
2016-04-18,50.6800,50.9100,50.3600,50.9100,3017200,33.0181
2016-04-19,50.9800,51.0600,50.5800,51.0000,3499500,33.0765
2016-04-20,50.9600,51.1100,49.7400,49.7700,4965300,32.2787
2016-04-21,49.7500,49.7700,48.7200,48.9400,6023300,31.7404
2016-04-22,49.1800,49.4500,49.0800,49.2600,3285100,31.9480
2016-04-25,49.1900,49.3700,48.9000,49.2700,4136800,31.9545
2016-04-26,49.1100,49.4300,49.0400,49.2000,4334700,31.9091
2016-04-27,49.5800,49.9500,48.7600,49.5400,5822100,32.1296
2016-04-28,49.2800,49.9600,49.1300,49.9500,4577100,32.3955
2016-04-29,49.7800,50.1200,49.2700,50.1000,5558600,32.4928
2016-05-02,50.2500,50.6900,50.0900,50.4100,5694600,32.6938
2016-05-03,50.3500,50.6500,50.2700,50.5000,3856300,32.7522
2016-05-04,50.3200,51.5400,50.3200,51.3600,6279400,33.3100
2016-05-05,51.1500,51.5600,50.3400,50.6200,7703300,32.8300
2016-05-06,49.1500,49.5600,48.8300,49.4900,23170100,32.0971
2016-05-09,49.6500,50.1800,49.5600,49.8100,7855400,32.3047
2016-05-10,50.0100,50.3300,49.6500,50.1400,6568700,32.5187
2016-05-11,50.2900,50.3500,49.8700,50.3200,5655800,32.6354
2016-05-12,49.7600,50.3300,49.3400,50.1600,5412500,32.8978
2016-05-13,50.1000,50.2100,49.6800,49.8900,4032000,32.7207
2016-05-16,49.7500,49.9600,49.5100,49.9400,4016700,32.7535
2016-05-17,49.7000,49.8800,48.7300,49.0800,5245400,32.1895
2016-05-18,48.8500,49.0800,47.9400,48.0400,4851600,31.5074
2016-05-19,47.9900,48.6900,47.6200,48.6700,4039400,31.9206
2016-05-20,48.8200,48.8600,48.3800,48.6500,4093500,31.9074
2016-05-23,48.7600,48.8300,48.0700,48.0900,3789000,31.5402
2016-05-24,48.3100,48.5400,48.0500,48.4600,4166400,31.7828
2016-05-25,48.4200,48.7700,48.1900,48.5500,3825300,31.8419
2016-05-26,48.4700,49.2500,48.4700,49.2200,3309600,32.2813
2016-05-27,49.2300,49.3500,48.9500,49.1600,3146600,32.2419
2016-05-31,48.9500,49.4400,48.8400,49.4400,7286700,32.4256
2016-06-01,49.4300,49.6500,49.3000,49.5700,5770500,32.5108
2016-06-02,49.5100,49.6200,49.0100,49.3600,3547500,32.3731
2016-06-03,49.7100,50.4300,49.7100,50.1800,4953400,32.9109
2016-06-06,50.4100,50.4100,49.8500,50.1300,4687400,32.8781
2016-06-07,50.1500,50.4500,50.0100,50.0900,3767900,32.8519
2016-06-08,50.0100,50.3700,50.0100,50.3700,2650300,33.0355
2016-06-09,50.4100,50.9300,50.3900,50.8600,3642000,33.3569
2016-06-10,50.7000,51.2300,50.7000,51.1100,5303600,33.5209
2016-06-13,51.0000,51.3400,50.9100,50.9900,5246700,33.4422
2016-06-14,51.0100,51.3300,50.7400,51.3300,5316200,33.6651
2016-06-15,51.3300,51.4000,50.7100,50.8800,4478000,33.3700
2016-06-16,50.9200,51.2200,50.7400,51.0600,4323300,33.4881
2016-06-17,51.1800,51.2100,50.6600,51.1500,9984900,33.5471
2016-06-20,51.0000,51.1500,50.4200,50.9400,5473700,33.4094
2016-06-21,50.9900,51.2200,50.6800,50.9000,3472000,33.3831
2016-06-22,50.9800,51.0700,50.7300,50.8500,3022900,33.3503
2016-06-23,50.8900,51.0700,50.6400,51.0600,4063400,33.4881
2016-06-24,50.7500,51.6900,50.6300,51.1900,10508200,33.5733
2016-06-27,51.2400,52.3500,51.1600,52.2000,9457200,34.2357
2016-06-28,52.0600,52.4600,51.6100,52.3100,8531400,34.3079
2016-06-29,52.4000,52.5000,52.0400,52.2200,5943500,34.2489
2016-06-30,52.3200,53.6400,52.2200,53.6300,9498400,35.1736
2016-07-01,53.7500,53.9500,53.0300,53.8300,6238600,35.3048
2016-07-05,53.8000,54.4200,53.8000,54.2500,6321700,35.5803
2016-07-06,54.3500,54.4900,53.9300,54.4400,5605600,35.7049
2016-07-07,54.3200,54.3200,53.5000,53.6600,5507900,35.1933
2016-07-08,53.4200,54.1700,52.9500,54.1400,5985800,35.5081
2016-07-11,53.8900,54.0800,53.4700,53.7900,6353700,35.2786
2016-07-12,53.5000,53.6400,52.7800,52.8400,6030600,34.6555
2016-07-13,53.1000,53.1900,52.8300,53.1300,4883300,34.8457
2016-07-14,53.3200,53.7000,53.0500,53.6100,8252100,35.1605
2016-07-15,53.6900,53.8700,53.1900,53.6300,4609200,35.1736
2016-07-18,53.6500,53.9100,53.5600,53.6200,3561100,35.1671
2016-07-19,53.6300,53.8000,53.4500,53.6200,3091800,35.1671
2016-07-20,53.6500,53.7900,53.2000,53.3300,3869400,34.9769
2016-07-21,53.2200,53.9700,53.0800,53.9000,5540900,35.3507
2016-07-22,53.8500,54.6400,53.7800,54.5400,5064700,35.7705
2016-07-25,54.5000,54.6000,54.2100,54.5400,3925300,35.7705
2016-07-26,54.5300,54.5700,54.2100,54.4500,6097900,35.7114
2016-07-27,54.1400,54.4800,53.2200,53.5400,8647300,35.1146
2016-07-28,53.5300,53.5300,53.0300,53.2600,6076800,34.9309
2016-07-29,53.2600,53.7000,53.2200,53.5000,5759700,35.0884
2016-08-01,53.4400,53.8000,53.3700,53.6500,4159600,35.1867
2016-08-02,53.4900,53.5800,53.1500,53.3600,3715900,34.9965
2016-08-03,53.4100,53.4800,52.7500,53.0400,5053600,34.7867
2016-08-04,53.1000,53.4000,53.0100,53.1600,3228900,34.8654
2016-08-05,53.0000,53.1100,52.4900,52.6400,5165100,34.5243
2016-08-08,52.7100,53.0400,52.4400,52.6900,3422100,34.5571
2016-08-09,52.7400,53.0100,52.5600,52.8400,4201500,34.6555
2016-08-10,52.9100,53.1300,52.7900,52.8800,5836900,34.6817
2016-08-11,52.3300,52.3800,52.0000,52.3200,4479800,34.6817
2016-08-12,52.4800,52.7000,52.3300,52.3500,3190800,34.7016
2016-08-15,52.3400,52.4800,51.4600,51.4900,4124500,34.1315
2016-08-16,51.4100,51.4300,50.8200,50.9600,5030200,33.7802
2016-08-17,50.0900,51.5700,50.0000,51.4700,21768000,34.1183
2016-08-18,51.4100,52.3300,51.3300,52.3100,7694200,34.6751
2016-08-19,52.1000,52.1100,51.6800,51.9600,6552800,34.4431
2016-08-22,52.0900,52.2400,51.9300,52.0000,4830900,34.4696
2016-08-23,52.0400,52.2800,51.7000,51.7100,3655700,34.2774
2016-08-24,51.5600,51.8900,51.3200,51.7900,4076800,34.3304
2016-08-25,51.8800,52.0400,51.7300,51.8600,4108300,34.3768
2016-08-26,51.9000,52.2600,50.8800,51.0500,6110800,33.8399
2016-08-29,51.5100,51.5100,51.1400,51.3400,4705000,34.0321
2016-08-30,51.2300,51.5600,50.9100,50.9600,5579900,33.7802
2016-08-31,50.9600,51.3600,50.8400,51.3300,6173400,34.0255
2016-09-01,51.2400,51.3700,51.0100,51.1800,3613600,33.9260
2016-09-02,51.2000,51.8500,51.1500,51.8000,3869300,34.3370
2016-09-06,51.9100,52.4500,51.8300,52.1300,5491400,34.5558
2016-09-07,52.1600,52.3400,51.9400,52.2200,3564500,34.6154
2016-09-08,52.2600,52.5100,52.0800,52.4700,4375900,34.7812
2016-09-09,52.0800,52.1700,50.8000,50.8700,6415800,33.7206
2016-09-12,50.7800,52.1000,50.7700,51.9600,10137000,34.4431
2016-09-13,51.7800,51.8700,50.9000,51.2600,7083900,33.9791
2016-09-14,51.4000,51.7100,51.1100,51.3500,5147900,34.0387
2016-09-15,51.2700,51.6200,51.1600,51.4600,4984800,34.1116
2016-09-16,51.6200,52.1400,51.2800,51.9700,16959300,34.4497
2016-09-19,52.1000,52.4600,52.0000,52.4300,4464900,34.7546
2016-09-20,52.5200,52.6600,52.1300,52.1400,3429100,34.5624
2016-09-21,52.0900,53.2100,51.8500,53.1800,4880000,35.2518
2016-09-22,53.3600,53.5600,53.0900,53.4800,4134100,35.4507
2016-09-23,53.3300,53.6300,53.2500,53.5300,4282700,35.4838
2016-09-26,53.5500,53.6300,53.2800,53.3100,4689600,35.3380
2016-09-27,53.5200,53.7300,52.7600,52.8400,5774100,35.0264
2016-09-28,52.9500,53.0200,52.5100,52.7000,5819700,34.9336
2016-09-29,52.5100,52.5900,51.8200,52.0500,5877900,34.5028
2016-09-30,52.0800,52.3800,51.1100,51.3000,7048700,34.0056
2016-10-03,51.2100,51.2700,50.3400,50.7200,5459100,33.6211
2016-10-04,50.6600,50.6600,49.5400,49.8400,10301300,33.0378
2016-10-05,49.8900,50.2400,49.4100,49.5200,5617300,32.8257
2016-10-06,49.3700,49.7200,49.1400,49.4300,6087200,32.7660
2016-10-07,49.8400,50.0800,49.1600,49.1600,5247100,32.5870
2016-10-10,49.2800,49.7800,49.1700,49.7500,4510200,32.9781
2016-10-11,49.5800,49.7200,49.1600,49.4100,5868600,32.7528
2016-10-12,49.6900,50.1500,49.4900,50.0300,5651400,33.1637
2016-10-13,50.1000,51.0700,50.0600,50.7600,5275400,33.6476
2016-10-14,50.6400,51.0300,50.4400,50.5600,3947800,33.5150
2016-10-17,50.6800,50.9000,50.5800,50.6900,3054200,33.6012
2016-10-18,50.9800,51.2600,50.3300,51.0900,4333300,33.8664
2016-10-19,51.0500,51.1300,50.5900,50.7300,4769800,33.6278
2016-10-20,50.8500,51.2100,50.5800,50.7200,3180500,33.6211
2016-10-21,50.5000,50.7800,50.3000,50.5300,3342700,33.4952
2016-10-24,50.7500,50.9200,50.3700,50.8500,3335100,33.7073
2016-10-25,50.7600,51.0700,50.6800,50.9700,3587000,33.7868
2016-10-26,50.9600,51.0600,50.5600,50.9700,3983900,33.7868
2016-10-27,50.8400,50.9300,50.3800,50.7600,4776700,33.6476
2016-10-28,50.8400,50.9900,50.4900,50.7000,5012700,33.6079
2016-10-31,50.8500,52.2300,50.6700,51.5700,6497900,34.1846
2016-11-01,51.6200,51.6800,50.2900,50.4800,6475800,33.4620
2016-11-02,50.3200,50.4000,49.5200,50.1900,6211100,33.2698
2016-11-03,50.2300,50.6300,50.0100,50.3900,4428800,33.4024
2016-11-04,50.5600,50.7700,50.0000,50.1100,4807200,33.2168
2016-11-07,50.2600,50.6300,49.4400,50.6200,6570700,33.5548
2016-11-08,50.7500,51.0400,50.5300,50.7600,5678000,33.6476
2016-11-09,49.7100,49.8800,48.9200,49.2200,13795200,32.6268
2016-11-10,49.0200,49.0200,47.0800,47.9100,11719200,31.7584
2016-11-11,47.9500,48.2300,47.5700,47.7800,6956300,31.6723
2016-11-14,47.5100,47.7200,46.8200,47.6300,7942000,31.5728
2016-11-15,48.1500,48.5300,47.8700,48.3400,5828500,32.0435
2016-11-16,48.5000,48.6100,47.9200,48.4300,7003800,32.1031
2016-11-17,47.7900,47.8400,47.4500,47.5000,5224300,31.8550
2016-11-18,47.5600,47.6500,46.8900,47.1300,5611600,31.6069
2016-11-21,47.2500,47.6200,47.0500,47.5400,5330100,31.8818
2016-11-22,47.4800,47.7300,47.1900,47.6000,4976800,31.9221
2016-11-23,47.2300,47.5600,47.0900,47.2300,4562700,31.6739
2016-11-25,47.4100,47.9500,47.4100,47.7800,2486200,32.0428
2016-11-28,47.8300,48.3800,47.8000,48.3100,5546900,32.3982
2016-11-29,48.1700,48.7100,48.1000,48.3100,7445800,32.3982
2016-11-30,47.8500,47.8500,46.7900,46.8200,9665800,31.3990
2016-12-01,46.7300,46.7400,46.2000,46.5900,5569200,31.2447
2016-12-02,46.9200,47.1700,46.5200,46.7600,4386200,31.3587
2016-12-05,46.6000,46.8800,46.2400,46.8700,5010000,31.4325
2016-12-06,47.1500,47.1500,46.7600,46.9300,4573200,31.4727
2016-12-07,47.0000,47.4200,47.0000,47.1500,5727200,31.6203
2016-12-08,46.8900,47.4600,46.5800,47.4100,5520100,31.7946
2016-12-09,47.4100,47.9500,47.3200,47.9400,5025300,32.1501
2016-12-12,47.8300,48.7500,47.8100,48.7200,5017600,32.6732
2016-12-13,48.8200,49.2100,48.6300,49.1900,5624500,32.9884
2016-12-14,49.3600,49.6400,48.4000,48.4800,6903800,32.5122
2016-12-15,48.0300,48.5700,47.7900,48.4600,6247800,32.4988
2016-12-16,48.5000,49.0000,48.4100,48.9200,6843500,32.8073
2016-12-19,49.0500,49.2900,48.6800,49.0900,2990700,32.9213
2016-12-20,49.0900,49.3800,48.9000,49.2000,2949400,32.9951
2016-12-21,49.2600,49.5500,49.2000,49.2400,2837400,33.0219
2016-12-22,49.1500,49.3800,48.9600,49.3600,2953300,33.1024
2016-12-23,49.3600,49.5000,49.2000,49.3300,1923900,33.0823
2016-12-27,49.3200,49.4600,49.0900,49.3000,1992900,33.0621
2016-12-28,49.3600,49.4400,48.8000,48.9000,2520600,32.7939
2016-12-29,49.1900,49.4400,48.9100,49.3700,2766600,33.1091
2016-12-30,49.4400,49.5500,49.0300,49.1900,3484300,32.9884
2017-01-03,49.1500,49.2500,48.6700,49.0400,3974400,32.8878
2017-01-04,49.0200,49.3000,48.8400,48.9900,3864000,32.8542
2017-01-05,49.0500,49.2100,48.6100,49.1400,4844400,32.9548
2017-01-06,48.9600,49.2000,48.7600,49.0100,4800200,32.8676
2017-01-09,48.9000,49.1600,48.4800,48.5300,4271400,32.5457
2017-01-10,48.6000,48.6000,48.1900,48.3800,3569400,32.4452
2017-01-11,48.2800,48.8200,48.2500,48.7400,2636400,32.6866
2017-01-12,48.8000,49.1000,48.5400,49.0000,3500500,32.8610
2017-01-13,48.8300,48.9200,48.4000,48.8000,3590700,32.7268
2017-01-17,48.9500,49.7300,48.8900,49.6900,4882300,33.3237
2017-01-18,49.5500,49.8500,49.5000,49.6200,3444500,33.2767
2017-01-19,49.2800,49.5000,48.9000,49.0500,3738500,32.8945
2017-01-20,49.0900,49.2500,48.8200,49.0600,3598500,32.9012
2017-01-23,49.2100,49.3000,48.8200,48.8300,3170500,32.7469
2017-01-24,48.8300,49.1400,48.5000,48.5700,5507300,32.5726
2017-01-25,48.4700,48.5200,48.2300,48.4900,4373400,32.5189
2017-01-26,48.4500,48.7400,48.3400,48.6300,3485700,32.6128
2017-01-27,48.7400,48.8600,48.3600,48.4800,4255200,32.5122
2017-01-30,48.6200,48.6700,48.2500,48.6600,4040900,32.6329
2017-01-31,48.7400,49.6000,48.6800,49.4300,5863000,33.1493
2017-02-01,49.1200,49.1200,48.1100,48.5500,7546400,32.5592
2017-02-02,48.5800,49.0200,48.4600,48.9800,4380500,32.8475
2017-02-03,49.0200,49.1400,48.7400,48.8300,3389300,32.7469
2017-02-06,48.9700,49.0900,48.7200,48.7600,3145700,32.7000
2017-02-07,48.8600,48.9100,48.6100,48.7700,3710500,32.7067
2017-02-08,48.8500,49.3400,48.8200,49.2200,3932000,33.0085
2017-02-09,49.2200,49.4100,48.7100,48.8600,4827900,32.7671
2017-02-10,48.8100,49.1600,48.7400,49.0500,3502600,32.8945
2017-02-13,49.0600,49.2900,48.8600,49.2200,3348800,33.0085
2017-02-14,49.0100,49.0200,48.2500,48.5900,5319300,32.5860
2017-02-15,48.3500,48.4000,47.9500,48.3500,6017600,32.4250
2017-02-16,47.8500,48.2700,47.7600,48.2400,5632700,32.7304
2017-02-17,48.2900,48.3600,47.6800,47.8000,7118300,32.4318
2017-02-21,47.7400,48.3400,47.5700,48.2800,8673400,32.7575
2017-02-22,48.2600,49.0900,48.0100,48.9900,7522600,33.2392
2017-02-23,49.0000,49.8600,48.9400,49.6700,8940900,33.7006
2017-02-24,49.8000,50.5800,49.7800,50.5000,8351200,34.2637
2017-02-27,50.4500,50.4500,50.2000,50.2700,4650300,34.1077
2017-02-28,50.1400,50.8900,50.1200,50.8200,6668400,34.4809
2017-03-01,50.2700,50.5700,49.9700,50.0600,7153800,33.9652
2017-03-02,49.7800,50.5700,49.6400,50.3200,5343900,34.1416
2017-03-03,50.3400,50.6100,49.9400,50.3700,5710800,34.1755
2017-03-06,50.6000,50.6100,50.1600,50.2400,4245200,34.0873
2017-03-07,50.1000,50.5000,50.0600,50.4000,4507300,34.1959
2017-03-08,50.0400,50.0400,49.6500,49.7700,4324800,33.7684
2017-03-09,49.9000,49.9900,49.4500,49.5000,4246900,33.5853
2017-03-10,49.7700,49.7700,49.3000,49.6300,5128100,33.6735
2017-03-13,49.5900,49.7900,49.5300,49.7300,4403000,33.7413
2017-03-14,49.6900,50.0300,49.6000,49.8800,3294200,33.8431
2017-03-15,49.9400,50.8500,49.8000,50.6300,4398600,34.3520
2017-03-16,50.4500,50.5000,50.0300,50.1900,3785900,34.0534
2017-03-17,50.4200,50.9500,50.2000,50.6700,9720000,34.3791
2017-03-20,50.7000,50.8800,50.2600,50.3800,3839300,34.1823
2017-03-21,50.3100,51.1600,50.2000,51.0100,5945200,34.6098
2017-03-22,51.0700,51.4700,50.7100,50.7300,6175500,34.4198
2017-03-23,50.6300,51.0500,50.1800,50.3700,8531000,34.1755
2017-03-24,50.3700,50.6200,50.1600,50.4200,5248800,34.2095
2017-03-27,50.5500,50.8000,50.1200,50.3000,3680500,34.1280
2017-03-28,50.1800,50.3200,49.9700,50.0900,5733600,33.9856
2017-03-29,49.8200,50.1400,49.5400,49.9500,7637000,33.8906
2017-03-30,49.7500,49.8500,49.3100,49.6700,5575700,33.7006
2017-03-31,49.6300,50.0000,49.6100,49.7800,6506900,33.7752
2017-04-03,49.6800,49.9800,49.4000,49.9600,5177600,33.8974
2017-04-04,49.9600,50.1900,49.7600,50.0200,3854400,33.9381
2017-04-05,49.9200,50.4800,49.8400,50.4300,3586700,34.2162
2017-04-06,50.2500,50.3300,49.9000,50.1300,6301900,34.0127
2017-04-07,50.2100,50.2800,49.6600,49.6900,7308600,33.7142
2017-04-10,49.6900,49.8600,49.3800,49.6700,5021300,33.7006
2017-04-11,49.6400,49.7000,49.1800,49.3000,9536000,33.4496
2017-04-12,49.1100,49.7700,49.0100,49.6600,7684800,33.6938
2017-04-13,49.6800,49.6800,49.3100,49.4200,5981700,33.5310
2017-04-17,49.5200,49.8300,49.4800,49.7800,3201700,33.7752
2017-04-18,49.8600,50.0500,49.7600,49.9700,3755700,33.9041
2017-04-19,49.9100,49.9700,49.6000,49.7500,3742400,33.7549
2017-04-20,49.7500,49.7800,49.2900,49.7700,5219000,33.7684
2017-04-21,49.7100,50.1500,49.7100,49.9800,4433200,33.9109
2017-04-24,50.0300,50.2000,49.6800,50.1500,4097100,34.0263
2017-04-25,49.9900,50.1800,49.8200,50.1600,3176500,34.0331
2017-04-26,50.0600,50.3300,49.9400,49.9700,2781600,33.9041
2017-04-27,50.0300,50.3200,50.0000,50.0700,2944400,33.9720
2017-04-28,50.0000,50.0300,49.6900,49.8000,7684700,33.7888
2017-05-01,49.8100,49.8600,49.5500,49.5900,3018200,33.6463
2017-05-02,49.7000,49.8600,49.4500,49.5100,4031100,33.5920
2017-05-03,49.5800,49.8400,49.4500,49.4700,4202100,33.5649
2017-05-04,49.4000,49.8500,49.2600,49.7900,4635300,33.7820
2017-05-05,49.8800,50.1400,49.7900,50.0700,4593200,33.9720
2017-05-08,50.1000,50.1300,49.7900,50.0300,3817400,33.9449
2017-05-09,50.0000,50.0800,49.8100,49.9800,5246100,33.9109
2017-05-10,50.0000,50.0300,49.6000,49.8700,5279700,33.8363
2017-05-11,49.2500,49.7800,49.1500,49.7700,5507100,34.1658
2017-05-12,49.8100,50.0200,49.7400,49.8700,3996400,34.2345
2017-05-15,49.8600,50.0300,49.7700,49.9800,3452600,34.3100
2017-05-16,49.8900,49.9400,49.3400,49.3400,4477900,33.8706
2017-05-17,49.3400,49.8600,49.3400,49.6400,4554600,34.0766
2017-05-18,49.8000,49.9800,49.4200,49.7700,4243600,34.1658
2017-05-19,49.6800,49.8800,49.5400,49.8800,6325400,34.2413
2017-05-22,49.8200,50.0400,49.6600,50.0100,5880200,34.3306
2017-05-23,50.0500,50.4000,50.0000,50.0800,5441600,34.3786
2017-05-24,50.1900,50.4700,50.1500,50.3800,4048700,34.5846
2017-05-25,50.3800,50.6200,50.2500,50.5000,5144200,34.6669
2017-05-26,50.5000,50.5500,50.3500,50.4500,3265900,34.6326
2017-05-30,50.4700,50.7400,50.3400,50.5700,3848600,34.7150
2017-05-31,50.6600,50.9300,50.6000,50.6100,8671000,34.7424
2017-06-01,50.6500,50.9800,50.5300,50.9300,5270300,34.9621
2017-06-02,51.0300,51.1700,50.8400,51.0100,4994400,35.0170
2017-06-05,50.9300,50.9800,50.7700,50.8100,3221700,34.8797
2017-06-06,51.0900,51.1800,50.7100,50.7900,3850700,34.8660
2017-06-07,50.7600,51.1200,50.7100,51.0100,4475500,35.0170
2017-06-08,51.0100,51.0100,50.4900,50.7400,5667000,34.8317
2017-06-09,50.6300,50.7300,50.3400,50.6800,3498100,34.7905
2017-06-12,50.8600,51.3400,50.7500,50.8500,4967500,34.9072
2017-06-13,50.8000,51.1600,50.6900,51.0600,3653400,35.0514
2017-06-14,51.3600,51.6300,51.2100,51.2200,4916000,35.1612
2017-06-15,51.2100,51.7500,51.1900,51.7100,5185300,35.4976
2017-06-16,51.7800,51.9700,51.4500,51.5300,8791500,35.3740
2017-06-19,51.4900,51.6700,51.2300,51.4200,4144600,35.2985
2017-06-20,51.4300,51.7400,51.4200,51.7100,2724000,35.4976
2017-06-21,51.7300,51.7700,51.0000,51.2000,3678000,35.1475
2017-06-22,51.0500,51.0500,50.2500,50.3800,5180000,34.5846
2017-06-23,50.3000,50.4000,49.7600,49.8400,5480700,34.2139
2017-06-26,49.8900,50.3600,49.7300,50.1000,3721100,34.3923
2017-06-27,49.9000,49.9900,49.2800,49.4000,4399200,33.9118
2017-06-28,49.5200,49.5500,49.1000,49.1500,4316100,33.7402
2017-06-29,48.7400,48.7500,48.1600,48.2900,7203200,33.1498
2017-06-30,48.2400,48.4500,47.8700,47.8800,5782900,32.8684
2017-07-03,47.9900,48.0500,47.5800,47.6500,2804200,32.7105
2017-07-05,47.7200,47.7300,47.3400,47.4200,4753800,32.5526
2017-07-06,47.2800,47.4900,47.1300,47.4000,4044800,32.5389
2017-07-07,47.4500,47.6000,47.2800,47.3600,3510100,32.5114
2017-07-10,47.6600,47.6700,47.2700,47.2800,3980100,32.4565
2017-07-11,47.3600,47.4200,47.0900,47.2800,3380700,32.4565
2017-07-12,47.5500,47.6600,47.4700,47.5100,3439700,32.6144
2017-07-13,47.6200,47.6500,47.1000,47.1200,3334900,32.3466
2017-07-14,47.4200,47.5600,47.2200,47.2600,3453800,32.4428
2017-07-17,47.2500,47.3100,46.9100,47.0400,5191000,32.2917
2017-07-18,47.1000,47.1700,46.8700,47.1200,4916700,32.3466
2017-07-19,47.2000,47.3000,47.0800,47.2300,3519900,32.4222
2017-07-20,47.3100,47.4300,47.1900,47.3200,3373800,32.4839
2017-07-21,47.2700,47.8800,47.2000,47.8800,4117200,32.8684
2017-07-24,47.8600,47.8800,47.2400,47.2500,4513300,32.4359
2017-07-25,47.2900,47.3200,46.7600,46.7800,4010400,32.1132
2017-07-26,46.7800,47.4000,46.7100,47.4000,4153200,32.5389
2017-07-27,47.1900,47.8200,47.0500,47.8200,4629100,32.8272
2017-07-28,47.8100,47.9700,47.2600,47.5100,4263400,32.6144
2017-07-31,47.5100,48.0000,47.3300,47.9300,5973100,32.9027
2017-08-01,48.0300,49.0600,48.0100,48.5300,8875900,33.3146
2017-08-02,48.5100,50.0800,47.9100,49.7800,9067300,34.1727
2017-08-03,49.4800,49.7000,49.1800,49.3600,6066700,33.8843
2017-08-04,49.1000,49.2400,48.5400,48.7900,5375300,33.4931
2017-08-07,48.7800,49.0400,48.6900,49.0000,4051000,33.6372
2017-08-08,48.9100,49.2000,48.7800,49.1200,5256800,33.7196
2017-08-09,49.2000,49.2200,48.7800,48.8500,5181900,33.5342
2017-08-10,48.8100,48.9600,48.5700,48.8100,3319000,33.5068
2017-08-11,48.8100,48.8600,48.2600,48.4200,3227000,33.2391
2017-08-14,48.4200,48.6500,48.3200,48.6400,3773300,33.3901
2017-08-15,48.5300,48.9600,48.5000,48.9600,2917400,33.6098
2017-08-16,48.8800,49.1500,48.8600,48.9900,3033300,33.6303
2017-08-17,48.4200,48.4500,47.9000,47.9200,3346400,33.2900
2017-08-18,47.8400,48.4900,47.6900,48.3000,4853000,33.5539
2017-08-21,48.3400,48.4300,48.0700,48.2900,4699300,33.5470
2017-08-22,48.2000,48.2200,47.7800,47.9500,4134600,33.3108
2017-08-23,47.9900,48.0800,47.8500,48.0400,3224200,33.3733
2017-08-24,48.0300,48.1400,47.8800,48.0200,2877800,33.3594
2017-08-25,48.2000,48.5100,47.9800,48.3100,3792600,33.5609
2017-08-28,48.4300,48.4900,48.1000,48.3500,2549300,33.5887
2017-08-29,48.4100,48.4800,48.1100,48.1800,2334300,33.4706
2017-08-30,48.1500,48.2400,47.9500,48.2100,2460800,33.4914
2017-08-31,48.3500,48.5000,48.2100,48.2600,4325500,33.5261
2017-09-01,48.3200,48.3200,47.8800,48.2600,3112800,33.5261
2017-09-05,48.3100,49.1900,48.2100,49.1600,6725300,34.1514
2017-09-06,49.3500,49.4600,49.0800,49.2800,7368000,34.2347
2017-09-07,49.3000,50.0000,49.1000,49.9500,7074800,34.7002
2017-09-08,49.7300,50.2700,49.6000,50.2000,5696200,34.8739
2017-09-11,50.0500,50.6400,49.9600,50.6100,5297700,35.1587
2017-09-12,50.4900,50.5800,49.2600,49.5600,5912600,34.4293
2017-09-13,49.5200,49.5600,49.1600,49.4200,4398500,34.3320
2017-09-14,49.6500,50.4900,49.4400,50.4000,6166900,35.0128
2017-09-15,50.6000,50.8000,50.3200,50.6400,7244800,35.1795
2017-09-18,50.7000,50.7200,49.7300,50.0700,3859900,34.7835
2017-09-19,50.0700,50.1000,49.6800,49.8700,5110100,34.6446
2017-09-20,50.0200,50.1000,49.2400,49.4500,4721000,34.3528
2017-09-21,49.4900,49.6400,49.2400,49.2700,3040000,34.2278
2017-09-22,49.3600,49.4100,48.7600,48.8200,4155500,33.9152
2017-09-25,48.8000,49.1600,48.7800,49.0300,4518300,34.0611
2017-09-26,49.0000,49.0300,48.6600,48.7900,3976300,33.8943
2017-09-27,48.5300,48.7700,48.2900,48.5200,6676300,33.7068
2017-09-28,48.4200,48.9600,48.3700,48.9400,5880800,33.9986
2017-09-29,49.0300,49.4300,48.5700,49.1400,7244900,34.1375
2017-10-02,49.1700,49.4400,48.9500,49.1400,4478500,34.1375
2017-10-03,48.9700,48.9800,48.6200,48.7900,3546000,33.8943
2017-10-04,48.7400,49.1400,48.7000,49.1000,4321500,34.1097
2017-10-05,49.1400,49.4700,48.9400,49.3600,4040700,34.2903
2017-10-06,49.1800,49.6100,49.0200,49.5900,3208900,34.4501
2017-10-09,49.5700,49.7100,49.5100,49.6500,2955500,34.4918
2017-10-10,49.7400,50.2600,49.6400,50.2400,4139000,34.9017
2017-10-11,50.0900,50.7600,50.0900,50.4800,4431800,35.0684
2017-10-12,50.4800,50.8500,50.3900,50.7400,3420200,35.2490
2017-10-13,50.8500,51.1400,50.7500,50.9400,4632200,35.3879
2017-10-16,50.8400,51.2800,50.8100,51.1400,4365000,35.5269
2017-10-17,51.0700,51.2200,50.7300,51.1400,3691300,35.5269
2017-10-18,51.0300,51.2700,50.8700,51.2700,2699600,35.6172
2017-10-19,51.3000,52.0300,51.2800,52.0000,4804600,36.1243
2017-10-20,51.9000,52.3400,51.8000,52.2100,4122800,36.2702
2017-10-23,52.1400,52.2800,51.9600,52.2000,3000000,36.2633
2017-10-24,52.1000,52.4100,51.9000,52.3700,4889300,36.3814
2017-10-25,52.1800,52.3300,51.6900,52.2100,4600000,36.2702
2017-10-26,52.3500,52.5900,52.0100,52.0600,3501800,36.1660
2017-10-27,51.9800,52.3000,51.8200,52.0900,3179000,36.1869
2017-10-30,52.0400,52.1700,51.8300,52.0900,3346000,36.1869
2017-10-31,52.0200,52.2800,51.8800,52.2000,4721100,36.2633
2017-11-01,52.4000,52.4000,51.7600,52.0800,3957600,36.1799
2017-11-02,52.3800,53.2700,52.2000,53.2500,6568500,36.9927
2017-11-03,53.0900,53.5100,52.4200,52.4400,4841800,36.4300
2017-11-06,52.3400,52.3500,51.5600,51.6500,5631700,35.8812
2017-11-07,51.7200,51.9900,51.3100,51.7200,5454100,35.9298
2017-11-08,51.7400,52.0000,51.2400,51.7700,5425000,35.9645
2017-11-09,51.7500,52.0200,51.5600,52.0100,3633300,36.1313
2017-11-10,51.7300,51.7300,51.3200,51.3600,3501800,35.6797
2017-11-13,51.4500,51.9900,51.4000,51.8200,2780200,35.9993
2017-11-14,51.7100,52.3400,51.6500,52.3100,3890000,36.3397
2017-11-15,52.3400,52.6500,51.8500,51.9200,3589400,36.0687
2017-11-16,51.9500,52.0300,51.5800,51.9400,4356100,36.0826
2017-11-17,51.3700,51.6300,50.9500,50.9700,5389200,35.8087
2017-11-20,51.0500,51.3200,50.9700,51.1800,2950600,35.9562
2017-11-21,51.2600,51.4900,51.1800,51.3000,2592000,36.0405
2017-11-22,51.3600,51.4400,51.1200,51.3600,2643000,36.0826
2017-11-24,51.4000,51.6600,51.3600,51.3900,1155800,36.1037
2017-11-27,51.4100,51.6600,51.2300,51.5600,3981300,36.2232
2017-11-28,51.6000,51.6700,51.1900,51.4900,4185900,36.1740
2017-11-29,51.2800,51.3700,50.8000,51.0900,5099200,35.8930
2017-11-30,51.2100,51.5000,51.0700,51.2000,5499800,35.9702
2017-12-01,51.4500,51.5400,50.8400,51.1100,4709900,35.9070
2017-12-04,51.3700,51.4600,50.2300,50.3300,5505000,35.3590
2017-12-05,50.2200,50.5000,49.7000,50.3600,5578200,35.3801
2017-12-06,50.4600,50.9500,50.4200,50.8900,4041000,35.7524
2017-12-07,51.1500,51.3400,50.4500,51.3300,6637900,36.0616
2017-12-08,51.2200,51.4300,50.9300,51.0600,4791400,35.8719
2017-12-11,51.2600,51.7500,50.9300,51.6800,5095400,36.3074
2017-12-12,51.5600,51.8800,51.1700,51.1900,4031900,35.9632
2017-12-13,51.3500,51.9300,51.2700,51.6800,5115800,36.3074
2017-12-14,51.5300,51.7000,51.0300,51.5200,4534800,36.1950
2017-12-15,51.9100,52.0000,51.2200,51.3100,9391300,36.0475
2017-12-18,51.2600,51.4900,50.4700,50.5500,5331800,35.5136
2017-12-19,50.5400,50.6000,49.7800,49.8100,7315000,34.9937
2017-12-20,49.8000,50.0500,49.6300,49.9400,7125700,35.0850
2017-12-21,49.7600,50.3000,49.4200,49.4900,10331200,34.7689
2017-12-22,49.5300,49.5400,48.4800,48.5000,7877200,34.0734
2017-12-26,48.5100,48.7500,48.0200,48.0500,3961500,33.7572
2017-12-27,48.0500,48.2700,47.9200,48.0500,4185700,33.7572
2017-12-28,48.0900,48.4400,48.0800,48.2800,2994500,33.9188
2017-12-29,48.3500,48.4700,48.0100,48.0900,3632900,33.7853
2018-01-02,48.0100,48.0700,46.9600,47.1700,7278800,33.1390
2018-01-03,47.0500,47.3700,46.8400,46.9000,6292800,32.9493
2018-01-04,46.8900,47.0900,46.5800,46.7000,5231500,32.8088
2018-01-05,46.7900,46.9500,46.4400,46.7800,6120500,32.8650
2018-01-08,46.9000,47.2300,46.7300,47.2000,7945500,33.1601
2018-01-09,47.2000,47.2500,46.5800,46.6100,5694500,32.7455
2018-01-10,46.4600,46.5100,45.8100,45.9600,7197000,32.2889
2018-01-11,45.6500,45.8400,45.0800,45.2500,6867800,31.7901
2018-01-12,45.0800,45.3700,44.4400,44.8400,8591200,31.5021
2018-01-16,44.9400,45.1500,44.3100,44.6600,9767000,31.3756
2018-01-17,44.6200,45.2800,44.5600,45.0500,10598400,31.6496
2018-01-18,44.9700,45.1400,44.2600,44.9000,9885100,31.5442
2018-01-19,44.9900,45.0700,44.4100,44.4400,8808600,31.2210
2018-01-22,44.6100,44.7200,43.9700,44.0400,9649500,30.9400
2018-01-23,43.6700,44.7500,43.1600,44.4700,10273700,31.2421
2018-01-24,44.4400,44.5900,44.0800,44.0800,8133000,30.9681
2018-01-25,44.0800,44.6900,44.0300,44.6200,6763800,31.3475
2018-01-26,44.6500,44.8400,43.9800,44.3100,8851900,31.1297
2018-01-29,44.1700,44.2100,43.8500,43.9900,5900400,30.9049
2018-01-30,43.9800,44.9200,43.9800,44.8000,8254700,31.4740
2018-01-31,44.7500,45.1500,44.5100,45.1100,9355200,31.6917
2018-02-01,45.1100,45.3000,44.2200,44.3800,9120700,31.1789
2018-02-02,44.2000,44.5300,44.0200,44.1700,7211600,31.0314
2018-02-05,44.2300,44.7200,43.5200,43.7200,9907400,30.7152
2018-02-06,43.3400,43.8800,42.6300,43.4900,14707700,30.5536
2018-02-07,43.3900,43.9300,43.1800,43.3400,10125300,30.4482
2018-02-08,43.2000,44.0500,43.0300,43.4000,9475700,30.4904
2018-02-09,43.3800,44.6500,43.3000,44.3300,11018600,31.1438
2018-02-12,44.3300,44.8700,43.9700,44.6800,7209700,31.3897
2018-02-13,44.5800,44.8400,44.1000,44.6200,6832400,31.3475
2018-02-14,44.3500,44.4300,43.5600,43.5800,8010300,30.6169
2018-02-15,43.8500,44.5700,43.7300,44.5600,8512300,31.3053
2018-02-16,43.9800,44.0600,43.5100,43.9300,7861100,31.2698
2018-02-20,43.7400,43.9200,43.1900,43.4700,8368500,30.9423
2018-02-21,43.5800,43.8500,42.9100,42.9200,8576300,30.5508
2018-02-22,42.9200,43.4300,42.3800,43.0200,7088800,30.6220
2018-02-23,43.0200,44.2200,42.9900,44.0700,5648000,31.3694
2018-02-26,44.2900,44.5000,43.8600,44.0300,6777700,31.3409
2018-02-27,44.0100,44.3200,43.4000,43.4000,6709500,30.8925
2018-02-28,43.4400,43.5400,42.9300,43.0600,7518600,30.6505
2018-03-01,43.0800,44.2200,43.0800,43.9800,9698300,31.3053
2018-03-02,43.9800,44.6700,43.5800,44.2000,8117400,31.4619
2018-03-05,44.1200,45.1000,44.0400,44.8400,10168200,31.9175
2018-03-06,44.9000,44.9000,44.0200,44.1000,6080600,31.3908
2018-03-07,44.0700,44.2400,43.4700,43.6700,6400400,31.0847
2018-03-08,43.7000,43.9400,43.3500,43.4100,6059700,30.8996
2018-03-09,43.4400,43.7600,43.3100,43.7600,5335400,31.1487
2018-03-12,43.6200,43.8900,43.4900,43.8200,5337300,31.1915
2018-03-13,43.8600,44.0800,43.4700,43.5900,6201500,31.0277
2018-03-14,43.6800,44.2400,43.6600,44.0500,4019400,31.3552
2018-03-15,44.0000,44.4800,43.8000,43.9300,4937200,31.2698
2018-03-16,43.9200,44.2900,43.8400,44.1900,9154500,31.4548
2018-03-19,44.2000,44.6300,43.9400,44.1700,6060400,31.4406
2018-03-20,44.1900,44.3900,43.7100,43.8500,4360100,31.2128
2018-03-21,43.9000,44.4600,43.7900,43.9000,4510100,31.2484
2018-03-22,43.9000,44.6200,43.8000,43.8100,9938000,31.1843
2018-03-23,43.9300,43.9900,43.0200,43.1100,5458100,30.6861
2018-03-26,43.1900,43.9100,43.0700,43.8200,6647700,31.1915
2018-03-27,43.8200,44.8800,43.6800,44.5300,6241700,31.6968
2018-03-28,44.6200,44.9800,44.4000,44.6400,4792500,31.7751
2018-03-29,44.7500,45.0500,44.5600,44.6600,4507100,31.7894
2018-04-02,44.7300,44.9500,43.9000,44.2100,4895200,31.4691
2018-04-03,44.2300,44.4300,44.0300,44.1700,4563000,31.4406
2018-04-04,44.2000,44.8600,43.9700,44.7900,5422400,31.8819
2018-04-05,44.8000,45.1600,44.1100,45.0100,4187400,32.0385
2018-04-06,45.0400,45.2400,44.6700,44.7900,4113500,31.8819
2018-04-09,44.8000,45.0600,44.6200,44.7700,3227000,31.8677
2018-04-10,44.7600,44.8900,44.1700,44.3000,4422500,31.5331
2018-04-11,44.3300,44.5400,44.1000,44.4700,3536200,31.6541
2018-04-12,44.4800,44.7000,43.7500,43.8200,4581200,31.1915
2018-04-13,43.9300,44.1600,43.8600,43.9400,4847000,31.2769
2018-04-16,44.1000,45.0900,44.0900,45.0700,6830200,32.0812
2018-04-17,45.1400,46.0100,44.9500,45.8200,6351800,32.6151
2018-04-18,45.8700,46.2900,45.4100,45.4300,4027300,32.3375
2018-04-19,45.3500,45.6200,45.1000,45.6000,4297600,32.4585
2018-04-20,45.6600,45.8700,45.1200,45.2200,4990300,32.1880
2018-04-23,45.2700,45.4800,45.0700,45.2400,3525200,32.2022
2018-04-24,45.3800,45.9000,45.2200,45.7000,5078300,32.5297
2018-04-25,45.5900,46.3200,45.5700,46.0300,6090700,32.7646
2018-04-26,46.0100,46.2400,45.8800,46.0900,4231000,32.8073
2018-04-27,46.0000,46.7500,45.9100,46.4000,4888700,33.0279
2018-04-30,46.5300,46.6200,46.1100,46.1200,4999300,32.8286
2018-05-01,46.0000,46.1200,45.6700,45.8100,5998100,32.6080
2018-05-02,45.8100,46.4300,45.6200,46.2500,5186800,32.9211
2018-05-03,46.1100,46.4700,45.7500,46.2600,4566300,32.9283
2018-05-04,46.2700,46.5800,46.0100,46.0300,4151000,32.7646
2018-05-07,46.0300,46.1900,45.3600,45.4500,5224700,32.3517
2018-05-08,45.2800,45.3400,44.1400,44.1500,6020400,31.4264
2018-05-09,44.2900,44.3200,43.6100,43.7900,4662400,31.1701
2018-05-10,44.0000,44.7600,43.9100,44.7100,4247800,31.8250
2018-05-11,44.7200,45.1300,44.5900,44.9300,3467900,31.9816
2018-05-14,44.9500,45.1300,44.3000,44.5500,4243700,31.7111
2018-05-15,44.4200,44.5100,44.0200,44.2100,4828700,31.4691
2018-05-16,44.2300,44.4700,43.6200,43.8900,4736200,31.2413
2018-05-17,43.9100,43.9700,43.5300,43.6200,5043800,31.0491
2018-05-18,43.1300,43.3800,42.4200,42.7300,6696800,30.8398
2018-05-21,43.2700,43.7200,43.0300,43.4400,8321700,31.3522
2018-05-22,43.5000,43.8500,43.2800,43.5500,4643900,31.4316
2018-05-23,43.6600,44.0600,43.6200,43.9900,5352600,31.7492
2018-05-24,43.9300,44.3600,43.7700,44.2500,4156300,31.9368
2018-05-25,44.2900,44.6400,44.2900,44.5200,4511400,32.1317
2018-05-29,44.4100,44.7200,44.1800,44.3000,7259900,31.9729
2018-05-30,44.1700,44.8200,43.9600,44.7400,4749600,32.2905
2018-05-31,44.6900,45.1500,44.4000,44.9000,6990400,32.4060
2018-06-01,44.8100,44.8900,44.0100,44.2000,4029600,31.9007
2018-06-04,44.3900,44.6000,43.9200,43.9300,4196700,31.7059
2018-06-05,44.0300,44.1500,43.5400,43.7700,5533600,31.5904
2018-06-06,43.9300,43.9900,42.8000,42.8900,5945100,30.9553
2018-06-07,43.0500,43.5900,42.8300,43.1800,4871400,31.1646
2018-06-08,43.2100,43.3900,42.9700,43.2800,3981500,31.2367
2018-06-11,43.2600,43.3300,42.7300,42.8400,4887300,30.9192
2018-06-12,42.8400,43.4900,42.8100,43.4400,4338400,31.3522
2018-06-13,43.4500,43.9400,43.2100,43.7800,7778200,31.5976
2018-06-14,43.7800,44.4300,43.7500,44.2100,5690100,31.9080
2018-06-15,44.1000,44.4800,43.7800,44.4300,10329400,32.0667
2018-06-18,44.3900,44.7800,44.2600,44.5700,4592300,32.1678
2018-06-19,44.6200,45.0800,44.5800,45.0600,7068200,32.5214
2018-06-20,45.0400,45.2200,44.8400,45.0500,4269700,32.5142
2018-06-21,45.0500,45.4500,44.9600,45.2900,4932800,32.6874
2018-06-22,45.4800,45.9300,45.2500,45.8100,6345600,33.0627
2018-06-25,45.9800,46.7200,45.8600,46.6000,6812100,33.6329
2018-06-26,46.0900,46.5800,45.7300,46.0900,5917300,33.2648
2018-06-27,46.0000,46.4400,45.9300,46.3300,3929900,33.4380
2018-06-28,46.5000,46.8500,46.2700,46.3400,5500400,33.4453
2018-06-29,46.3100,46.5900,46.0000,46.3100,4017100,33.4236
2018-07-02,46.4200,46.9100,46.3700,46.9000,4198900,33.8494
2018-07-03,46.8300,47.3400,46.7000,47.0000,2346200,33.9216
2018-07-05,47.0200,47.5600,46.8300,47.5600,4763200,34.3258
2018-07-06,47.5500,47.8500,47.4700,47.7600,3550300,34.4701
2018-07-09,47.6900,47.7100,46.1900,46.3700,4564200,33.4669
2018-07-10,46.2500,47.7300,46.0200,47.3400,8859400,34.1670
2018-07-11,47.4000,47.8900,47.3200,47.7700,5138500,34.4773
2018-07-12,47.7500,48.0700,47.5900,47.9800,6483300,34.6289
2018-07-13,47.9000,48.1200,47.5400,47.9600,3508100,34.6145
2018-07-16,47.7600,47.9600,47.4900,47.7100,3172200,34.4340
2018-07-17,47.8000,47.9000,47.5100,47.6500,2192300,34.3907
2018-07-18,47.7300,47.7300,47.1800,47.5500,3163800,34.3186
2018-07-19,47.6000,48.2400,47.6000,47.9200,4496700,34.5856
2018-07-20,47.6700,47.8200,47.2000,47.5200,4342400,34.2969
2018-07-23,47.5800,47.7000,47.1300,47.3600,2342800,34.1814
2018-07-24,47.1900,47.6800,46.6600,47.5400,4285800,34.3113
2018-07-25,47.3200,47.7900,47.3100,47.5500,3674500,34.3186
2018-07-26,47.9200,48.2300,47.7500,48.0800,5977700,34.7011
2018-07-27,48.1300,48.2900,47.7900,47.9700,3439700,34.6217
2018-07-30,47.9200,48.0500,47.6500,47.9100,3360500,34.5784
2018-07-31,48.0500,48.6500,48.0000,48.6000,5986100,35.0764
2018-08-01,48.4200,48.4700,47.6600,48.0800,5303600,34.7011
2018-08-02,48.0800,48.5400,47.9100,48.4700,4906800,34.9826
2018-08-03,48.4400,49.0300,48.2000,48.9300,4288600,35.3146
2018-08-06,48.9000,49.4300,48.8400,48.9900,4468300,35.3579
2018-08-07,48.9300,49.2200,48.7100,49.0800,4575700,35.4228
2018-08-08,47.4500,47.5000,46.7000,46.8800,10954000,33.8350
2018-08-09,46.0900,46.8700,45.8800,46.8100,7202200,33.7845
2018-08-10,46.7200,46.8200,46.0600,46.1300,6840000,33.2937
2018-08-13,46.2700,46.4600,46.0500,46.4000,4918200,33.4886
2018-08-14,46.4000,46.8200,46.3100,46.7200,4402900,33.7195
2018-08-15,46.8200,47.4300,46.6800,47.1500,6350100,34.0299
2018-08-16,47.0600,47.6200,46.9300,47.5000,6024400,34.2825
2018-08-17,46.9300,47.1000,46.6500,46.9700,5421500,34.3336
2018-08-20,46.9100,46.9400,46.5500,46.6100,4245200,34.0705
2018-08-21,46.5100,46.5700,45.9300,46.0000,5648200,33.6246
2018-08-22,45.9900,46.0000,45.0800,45.2600,7524100,33.0837
2018-08-23,45.2700,45.4900,45.0300,45.1400,5877300,32.9960
2018-08-24,45.1700,45.2200,44.9300,45.0300,6664300,32.9156
2018-08-27,45.0400,45.0900,44.4500,44.6300,7225400,32.6232
2018-08-28,44.5500,44.6300,44.3200,44.3300,6929800,32.4039
2018-08-29,44.4200,44.6700,44.3500,44.5400,6845900,32.5574
2018-08-30,44.5400,44.6400,44.0600,44.1900,5573000,32.3015
2018-08-31,44.1800,44.3900,43.6300,43.7800,6210000,32.0018
2018-09-04,43.7700,44.2700,43.7200,43.8900,7283500,32.0823
2018-09-05,43.8900,44.6700,43.8200,44.6600,9068300,32.6451
2018-09-06,44.8000,45.9800,44.6500,45.7600,11908100,33.4492
2018-09-07,45.3400,45.4800,44.3200,44.3300,9198200,32.4039
2018-09-10,44.5400,44.6700,44.1300,44.3600,6248800,32.4258
2018-09-11,44.3700,44.4200,44.0000,44.1700,6197300,32.2869
2018-09-12,44.1600,44.4600,43.7100,44.1200,4486500,32.2504
2018-09-13,44.1100,44.3300,43.6600,44.2900,5140300,32.3746
2018-09-14,44.1600,44.2100,43.6100,43.9000,5383500,32.0896
2018-09-17,43.9500,44.4600,43.8100,44.3900,4496000,32.4477
2018-09-18,44.3800,44.8800,44.2300,44.7900,5845800,32.7401
2018-09-19,44.8100,44.8100,43.5500,43.7000,7345600,31.9434
2018-09-20,43.6500,43.6800,43.1000,43.2900,10364700,31.6437
2018-09-21,43.2100,44.1400,43.1500,44.0100,13119100,32.1700
2018-09-24,43.9100,44.3100,43.6100,43.8300,9173100,32.0384
2018-09-25,43.4300,43.4600,42.6800,42.7300,9874500,31.2343
2018-09-26,42.8800,43.2000,42.5700,42.6600,10275500,31.1832
2018-09-27,42.6900,43.7400,42.6500,43.2400,9961800,31.6071
2018-09-28,43.3300,43.7700,43.2800,43.6000,7748800,31.8703
2018-10-01,43.4900,43.5000,42.9300,43.1800,4762300,31.5633
2018-10-02,43.3600,43.6600,43.2400,43.4300,5066700,31.7460
2018-10-03,43.4100,43.4600,42.5100,42.7900,6818000,31.2782
2018-10-04,42.6800,43.3500,42.5400,42.9800,8156500,31.4171
2018-10-05,43.0500,43.9400,42.9800,43.7100,6106900,31.9507
2018-10-08,43.8100,44.3400,43.6700,43.9200,5947300,32.1042
2018-10-09,43.9800,44.3500,43.8100,44.1200,5865400,32.2504
2018-10-10,44.1900,44.6400,43.9300,43.9400,7005100,32.1188
2018-10-11,44.0900,44.2000,43.3700,43.5400,8222900,31.8264
2018-10-12,43.4900,43.7300,43.0300,43.5800,6174300,31.8556
2018-10-15,43.7400,44.6400,43.6000,44.2200,6543100,32.3235
2018-10-16,44.1200,44.7700,43.9000,44.5100,4487600,32.5355
2018-10-17,44.4100,44.5800,44.1600,44.3100,4176200,32.3893
2018-10-18,44.4300,44.5300,44.0900,44.3000,4606600,32.3820
2018-10-19,44.2900,45.5800,44.2200,45.0700,6466500,32.9448
2018-10-22,45.0500,45.3300,44.7000,44.9700,3815500,32.8717
2018-10-23,44.9600,45.3500,44.5500,44.7300,5034600,32.6963
2018-10-24,44.9200,46.2600,44.6300,46.0200,7469400,33.6392
2018-10-25,45.8200,45.8200,45.0400,45.2700,5570100,33.0910
2018-10-26,45.5000,45.6900,44.5100,44.8600,7821300,32.7913
2018-10-29,45.0400,45.9600,44.9700,45.8900,6919600,33.5442
2018-10-30,46.0000,46.3300,45.1700,45.8200,7970200,33.4930
2018-10-31,45.5000,45.5000,44.6200,45.0300,8395700,32.9156
2018-11-01,45.0400,45.1700,44.4500,44.9000,5398200,32.8205
2018-11-02,44.9800,45.0000,44.3300,44.7400,5800200,32.7036
2018-11-05,44.8800,45.4400,44.8500,45.2500,5316900,33.0764
2018-11-06,45.2000,45.6800,45.1100,45.6700,5054200,33.3834
2018-11-07,45.7800,47.1000,45.6200,47.0100,8829300,34.3629
2018-11-08,47.0500,47.2200,46.2400,46.5800,5475600,34.0486
2018-11-09,46.5600,47.0000,46.3200,46.8100,6378300,34.2167
2018-11-12,46.6500,47.4800,46.5300,46.8900,5580200,34.2752
2018-11-13,46.7800,47.3800,46.6300,47.2700,5165700,34.5529
2018-11-14,47.1000,47.6900,47.0100,47.4000,6180800,34.6480
2018-11-15,47.2500,47.2600,46.5600,47.1800,7808400,34.4871
2018-11-16,46.8800,47.2000,46.5800,46.8900,7552000,34.7167
2018-11-19,46.7900,47.1800,46.6800,47.0400,5301300,34.8277
2018-11-20,47.0900,47.3300,46.3700,46.6600,6324500,34.5464
2018-11-21,46.5000,46.6000,45.5400,45.6300,6920800,33.7838
2018-11-23,45.7700,45.8700,45.3900,45.7200,2805400,33.8504
2018-11-26,45.7300,45.9400,45.3500,45.6500,5739300,33.7986
2018-11-27,45.6400,46.2500,45.4900,46.0900,6882000,34.1244
2018-11-28,46.0900,46.2900,45.8200,46.1200,5182600,34.1466
2018-11-29,46.1200,46.5500,45.6500,46.5400,4810900,34.4575
2018-11-30,46.6400,47.3700,46.5100,47.3300,7133600,35.0424
2018-12-03,47.0800,47.4900,46.8700,47.4900,4647500,35.1609
2018-12-04,47.6600,47.8900,47.1700,47.2400,7202200,34.9758
2018-12-06,47.4100,47.4700,45.6100,46.5200,8745600,34.4427
2018-12-07,46.5000,47.5500,46.2000,46.9800,5786900,34.7833
2018-12-10,47.0000,47.4200,46.3100,47.2200,5023500,34.9610
2018-12-11,47.4000,47.7800,47.2800,47.5600,5526400,35.2127
2018-12-12,47.5600,47.8300,46.9300,47.0100,5418900,34.8055
2018-12-13,47.1500,47.9800,47.1500,47.5500,5298800,35.2053
2018-12-14,47.5100,47.7200,47.1100,47.3300,3710600,35.0424
2018-12-17,47.4000,47.6800,45.8800,46.0000,6726300,34.0577
2018-12-18,46.2000,46.5800,45.4100,45.5300,6184700,33.7097
2018-12-19,45.7400,46.0400,45.0800,45.2800,8112000,33.5246
2018-12-20,45.2800,45.6900,44.4800,45.0900,8836400,33.3840
2018-12-21,44.9400,46.2400,44.8200,45.0900,12739700,33.3840
2018-12-24,44.9400,45.2600,42.9300,43.0200,5339800,31.8514
2018-12-26,43.1400,43.6600,42.5000,43.6400,5686400,32.3104
2018-12-27,43.6000,43.9500,42.9300,43.9500,7048100,32.5399
2018-12-28,44.0100,44.3800,43.7600,43.9500,4722700,32.5399
2018-12-31,43.9600,44.1500,43.4300,43.9200,4394000,32.5177
2019-01-02,43.8900,43.9500,43.2600,43.7200,5756100,32.3696
2019-01-03,43.7600,44.6900,43.7600,44.3400,9405500,32.8287
2019-01-04,44.1200,44.7300,44.0400,44.7100,5680700,33.1026
2019-01-07,44.5100,44.7600,44.1800,44.6100,5397800,33.0286
2019-01-08,44.6100,45.9700,44.5000,45.8800,7246200,33.9689
2019-01-09,45.8000,46.0400,45.3200,45.4900,6687600,33.6801
2019-01-10,45.6000,46.4200,45.3800,46.3400,4634900,34.3095
2019-01-11,46.2200,46.7900,45.8200,46.6100,6137000,34.5093
2019-01-14,46.1900,46.4600,45.5500,46.1600,6328900,34.1762
2019-01-15,46.0800,47.0900,46.0700,46.7900,5433100,34.6426
2019-01-16,46.5300,46.9400,46.2600,46.8700,5475300,34.7019
2019-01-17,46.8600,47.1100,46.6300,47.0700,3578600,34.8499
2019-01-18,47.1000,47.2400,46.8900,47.2200,4015400,34.9610
2019-01-22,46.9600,47.2200,46.4900,47.0700,5292400,34.8499
2019-01-23,47.0700,47.6100,46.9800,47.5800,4754800,35.2275
2019-01-24,47.6000,48.0000,47.1800,47.9600,4812200,35.5089
2019-01-25,47.8500,48.1700,47.3700,47.5000,4862400,35.1683
2019-01-28,47.5100,47.6200,47.1100,47.4300,3927000,35.1165
2019-01-29,47.5800,47.8400,47.3700,47.5800,5205000,35.2275
2019-01-30,47.4900,48.1200,47.3600,47.8700,3556200,35.4422
2019-01-31,47.9300,48.6800,47.5600,48.6000,7149000,35.9827
2019-02-01,48.5400,48.6500,47.9400,48.4900,4216100,35.9013
2019-02-04,48.1000,48.6100,47.8100,48.6100,4306300,35.9901
2019-02-05,48.5700,48.8100,48.3100,48.7300,5116600,36.0790
2019-02-06,48.5700,48.8000,48.4000,48.5400,3224100,35.9383
2019-02-07,48.5400,49.1800,48.3300,49.1600,4178500,36.3973
2019-02-08,49.0000,49.1300,48.7200,49.1200,4033100,36.3677
2019-02-11,49.0500,49.3800,49.0200,49.2400,5158600,36.4566
2019-02-12,49.2600,49.6200,48.9300,49.3700,3926000,36.5528
2019-02-13,49.3100,49.3500,49.0000,49.2200,3815300,36.4418
2019-02-14,49.2000,49.4500,48.9400,49.2000,4007900,36.4269
2019-02-15,48.8400,48.9600,48.4500,48.5600,4647700,36.3970
2019-02-19,48.5400,48.9600,48.4200,48.9200,6270500,36.6668
2019-02-20,49.0200,50.0000,48.7500,49.7400,9627100,37.2814
2019-02-21,49.3300,50.3500,49.2400,50.2200,8402900,37.6412
2019-02-22,50.1100,50.5400,49.6900,50.3700,7245500,37.7536
2019-02-25,50.2500,50.2900,49.2700,49.5600,5728100,37.1465
2019-02-26,49.7300,49.8000,49.0100,49.2200,6112700,36.8917
2019-02-27,49.0900,49.5400,49.0100,49.3800,3288500,37.0116
2019-02-28,49.3600,49.8800,49.1400,49.6900,6105400,37.2439
2019-03-01,49.7900,50.0800,49.3500,49.9800,4261600,37.4613
2019-03-04,50.1000,50.1900,49.6200,50.1000,4078700,37.5512
2019-03-05,50.0000,50.3200,49.9600,50.0700,3951300,37.5288
2019-03-06,50.2300,50.3200,49.9300,50.1300,3603300,37.5737
2019-03-07,50.2700,50.6400,50.1700,50.4900,5103300,37.8435
2019-03-08,50.5200,50.9100,50.3100,50.9000,4039000,38.1509
2019-03-11,50.9100,51.4100,50.8500,51.4000,5685900,38.5256
2019-03-12,51.4400,51.8200,51.3800,51.6800,5173100,38.7355
2019-03-13,51.6500,51.8700,51.4700,51.7300,4390900,38.7730
2019-03-14,51.7500,51.9500,51.4500,51.5300,4696200,38.6231
2019-03-15,51.4800,51.9300,51.3000,51.8600,8350500,38.8704
2019-03-18,51.8800,51.9200,51.5400,51.7800,4443600,38.8104
2019-03-19,51.7800,51.7900,50.7700,50.9900,6250400,38.2183
2019-03-20,51.0300,51.5500,50.8900,51.1800,4241000,38.3607
2019-03-21,51.1400,51.6600,51.1000,51.5700,3091600,38.6530
2019-03-22,51.7300,52.3100,51.5600,51.8800,6068100,38.8854
2019-03-25,52.0000,52.2000,51.7500,52.0500,3043300,39.0128
2019-03-26,52.1000,52.5400,52.0000,52.5300,3253000,39.3726
2019-03-27,52.5700,52.6500,51.9900,52.2300,3441100,39.1477
2019-03-28,52.2800,52.3200,51.2600,51.3500,4552300,38.4881
2019-03-29,51.4700,51.6800,51.2100,51.6800,6053500,38.7355
2019-04-01,51.6800,51.6800,50.9800,51.4100,5059100,38.5331
2019-04-02,51.5000,51.6600,51.0200,51.6400,4050200,38.7055
2019-04-03,51.6000,51.6700,51.1900,51.5000,4654600,38.6006
2019-04-04,51.6800,51.6900,50.8900,51.2000,3881200,38.3757
2019-04-05,51.2900,51.7100,51.1000,51.6500,3983000,38.7130
2019-04-08,51.6200,51.7000,51.2800,51.5100,3675900,38.6081
2019-04-09,51.5000,51.9800,51.4200,51.9500,3972500,38.9379
2019-04-10,51.9900,52.4200,51.7000,51.7700,4464400,38.8029
2019-04-11,51.8900,52.2300,51.7400,52.1200,4481300,39.0653
2019-04-12,51.9600,52.5100,51.6300,52.5000,3819300,39.3501
2019-04-15,52.5000,52.8100,52.3800,52.7200,4936000,39.5150
2019-04-16,52.6100,52.9800,52.1700,52.3900,5586500,39.2677
2019-04-17,52.5000,52.5000,52.0700,52.1600,3582300,39.0953
2019-04-18,52.0900,52.4500,51.9000,51.9600,3717100,38.9454
2019-04-22,51.9600,52.2000,51.8000,51.9300,3290100,38.9229
2019-04-23,51.9600,52.1800,51.4500,51.8400,4253000,38.8554
2019-04-24,51.8800,52.3700,51.8400,52.2300,3069600,39.1477
2019-04-25,52.0700,52.6300,51.9000,52.4400,2755500,39.3051
2019-04-26,52.7100,53.0000,52.4800,52.5400,2810600,39.3801
2019-04-29,52.4400,52.5200,52.0400,52.2600,3315100,39.1702
2019-04-30,52.3500,53.2900,52.1800,53.2200,7218500,39.8898
2019-05-01,52.2300,53.2100,52.1600,52.5200,6057600,39.3651
2019-05-02,52.6000,53.1100,52.2400,52.7500,4842100,39.5375
2019-05-03,52.8900,53.3700,52.7600,53.2400,3490500,39.9048
2019-05-06,53.1600,53.4000,52.8500,53.0100,4033800,39.7324
2019-05-07,53.0100,53.2200,52.6400,52.8600,3557800,39.6199
2019-05-08,52.8400,52.9900,52.1600,52.2000,3965100,39.1252
2019-05-09,52.2600,52.6100,52.1800,52.3600,4080500,39.2452
2019-05-10,52.2300,53.4200,52.2300,53.3700,4165800,40.0022
2019-05-13,53.3000,54.1400,53.2500,54.1000,6482400,40.5493
2019-05-14,53.9000,54.0400,53.5100,53.6300,4294500,40.1971
2019-05-15,53.7400,53.9900,53.6000,53.6400,4033100,40.2046
2019-05-16,53.5900,54.2800,53.5200,54.0600,5262200,40.5194
2019-05-17,53.0700,54.0000,53.0100,53.8200,4847500,40.8075
2019-05-20,53.9900,54.1800,53.8000,54.0800,3459500,41.0046
2019-05-21,54.0800,54.4400,53.8500,53.9700,3435000,40.9212
2019-05-22,54.0500,54.2200,53.8900,54.1100,3904700,41.0274
2019-05-23,54.2000,54.4400,54.0500,54.3400,4640800,41.2018
2019-05-24,54.4000,54.7700,54.2900,54.3500,2830100,41.2093
2019-05-28,54.4000,54.4700,53.4600,53.5600,4747900,40.6104
2019-05-29,53.7400,53.8200,52.7800,52.8900,3254200,40.1023
2019-05-30,53.0000,53.3400,52.8300,53.0000,3254800,40.1857
2019-05-31,53.1000,53.5700,52.9700,53.5000,3925000,40.5649
2019-06-03,53.5000,54.2100,53.3600,54.1600,4210400,41.0653
2019-06-04,54.0900,54.2700,53.1500,54.2000,3868500,41.0956
2019-06-05,54.1900,55.0500,54.0700,54.8100,5624000,41.5581
2019-06-06,55.0500,55.4400,54.7400,55.3800,4727200,41.9903
2019-06-07,55.5300,55.9500,54.7000,54.7100,4097200,41.4823
2019-06-10,54.7100,54.7900,54.1200,54.4800,4450800,41.3079
2019-06-11,54.3700,54.7800,54.2600,54.5500,3396000,41.3610
2019-06-12,54.7600,55.1500,54.6800,55.1500,2884700,41.8159
2019-06-13,55.1500,55.2700,54.6800,55.1500,3444600,41.8159
2019-06-14,55.3700,55.8000,55.2200,55.6500,4081200,42.1950
2019-06-17,55.6300,55.8400,55.1200,55.5000,2989100,42.0813
2019-06-18,55.7200,55.7500,54.7900,55.2600,3842100,41.8993
2019-06-19,55.0200,56.0100,54.9900,55.7400,6153400,42.2633
2019-06-20,55.8200,56.2300,55.4400,56.0200,4018700,42.4756
2019-06-21,55.8500,56.3200,55.5200,56.2700,8627300,42.6651
2019-06-24,56.3300,56.5400,55.9500,56.2800,3741200,42.6727
2019-06-25,56.2500,56.3900,55.8800,55.9800,2704600,42.4452
2019-06-26,55.8500,55.8800,54.9600,54.9800,4704100,41.6870
2019-06-27,55.1600,55.3100,54.6600,55.0800,3413800,41.7629
2019-06-28,55.0300,55.5600,54.8500,55.2800,5611000,41.9145
2019-07-01,55.1000,55.2700,54.4400,54.8400,4354100,41.5809
2019-07-02,55.0900,55.8800,55.0600,55.8600,2913900,42.3543
2019-07-03,56.0000,56.5400,56.0000,56.3100,2629500,42.6954
2019-07-05,55.9300,56.4100,55.3500,56.3600,3133900,42.7334
2019-07-08,56.4700,56.5700,55.9900,56.3100,2789200,42.6954
2019-07-09,56.4300,56.6400,56.0800,56.5600,3590900,42.8850
2019-07-10,56.6700,57.0800,56.3400,56.9100,3406100,43.1504
2019-07-11,56.8200,56.9000,56.1000,56.4900,3583400,42.8319
2019-07-12,56.5700,56.6200,55.5700,55.6700,4341300,42.2102
2019-07-15,55.5400,56.2100,55.5000,56.1100,4005300,42.5438
2019-07-16,56.0000,56.1600,55.4200,55.6600,3127400,42.2026
2019-07-17,55.7800,56.1100,55.6800,55.7900,3223800,42.3012
2019-07-18,55.8600,56.2400,55.3400,56.1300,3379900,42.5590
2019-07-19,55.9700,56.2400,55.2500,55.2700,5517800,41.9069
2019-07-22,55.4000,55.6100,54.8700,55.4800,4623300,42.0661
2019-07-23,55.5000,55.6200,55.0100,55.4200,3023300,42.0206
2019-07-24,55.4600,55.6700,55.1000,55.6400,3613900,42.1875
2019-07-25,55.5400,55.8100,55.2500,55.3600,3280900,41.9751
2019-07-26,55.3400,55.8300,55.2000,55.7400,2288700,42.2633
2019-07-29,55.9500,56.2000,55.6500,56.1100,3329300,42.5438
2019-07-30,56.1100,56.2000,55.0200,55.2900,6918500,41.9221
2019-07-31,55.7500,56.6400,55.1500,56.2000,7190500,42.6121
2019-08-01,56.2500,57.3700,55.8900,56.9800,6143400,43.2035
2019-08-02,57.2800,57.7500,56.7900,57.3600,4389100,43.4916
2019-08-05,57.5100,57.7100,55.6900,55.9300,5779800,42.4073
2019-08-06,55.9900,57.1400,55.3800,56.9400,5004100,43.1731
2019-08-07,57.0000,57.8200,56.2800,57.4500,5139500,43.5598
2019-08-08,57.4600,58.2900,57.0400,58.1900,3842300,44.1209
2019-08-09,58.1900,58.5600,57.9400,58.3300,3097500,44.2271
2019-08-12,58.4300,58.7800,58.2900,58.6800,3080000,44.4924
2019-08-13,58.2600,58.3300,57.1400,57.2000,10429300,43.3703
2019-08-14,57.3500,57.8800,56.9600,57.0600,13002000,43.2641
2019-08-15,57.1500,57.8400,56.8900,57.6300,5623600,43.6963
2019-08-16,57.2000,57.6200,56.9700,57.4800,6259100,44.0566
2019-08-19,57.4000,58.2800,57.2300,57.9400,4640400,44.4091
2019-08-20,57.9000,58.0000,57.5800,57.6900,4010300,44.2175
2019-08-21,57.6600,57.9700,57.3800,57.9500,4406500,44.4168
2019-08-22,58.0000,58.5800,57.7800,58.4500,4368700,44.8000
2019-08-23,58.6000,58.8400,57.4100,57.6800,4926200,44.2098
2019-08-26,57.7100,58.3400,57.6000,58.3400,3838100,44.7157
2019-08-27,58.4600,58.6800,57.7000,57.7600,6155600,44.2712
2019-08-28,57.9600,58.3400,57.6200,57.8100,5194400,44.3095
2019-08-29,58.1000,58.1500,57.5900,58.1200,4883300,44.5471
2019-08-30,58.1700,58.4500,57.8200,58.2600,7426700,44.6544
2019-09-03,58.2800,59.8000,58.2400,59.7700,9082500,45.8118
2019-09-04,59.9900,60.6500,59.7200,60.1100,5577900,46.0724
2019-09-05,59.7200,59.9000,59.1000,59.5000,6242300,45.6048
2019-09-06,59.7600,59.9000,59.4200,59.6800,4680700,45.7428
2019-09-09,59.4600,59.6300,58.8100,59.0200,4730900,45.2369
2019-09-10,58.9000,59.1900,58.5700,59.1900,4459100,45.3672
2019-09-11,59.0900,59.7900,58.8700,59.7100,4344200,45.7658
2019-09-12,60.0000,60.3800,59.5600,59.9900,4333700,45.9804
2019-09-13,59.7700,60.3000,59.5300,60.1300,5492500,46.0877
2019-09-16,60.2000,60.2900,59.7200,59.8600,4658600,45.8807
2019-09-17,59.9500,60.8200,59.9500,60.5500,3962000,46.4096
2019-09-18,60.8000,60.9100,60.3000,60.8000,3896900,46.6012
2019-09-19,60.9000,61.1400,60.8000,61.0600,3502700,46.8005
2019-09-20,61.2000,61.2500,60.6300,61.1100,7474800,46.8388
2019-09-23,61.0600,61.4400,60.8800,61.3200,3888900,46.9998
2019-09-24,61.5200,62.3600,61.5000,61.9800,5090400,47.5056
2019-09-25,61.9700,62.0600,61.4200,61.7300,4208300,47.3140
2019-09-26,61.8000,62.0800,61.6000,61.8600,2890300,47.4137
2019-09-27,61.8900,62.0000,61.3800,61.7700,2991400,47.3447
2019-09-30,61.8300,62.0400,61.6000,61.7700,3441800,47.3447
2019-10-01,61.6000,61.9200,61.4000,61.8800,3022400,47.4290
2019-10-02,61.8700,61.9000,60.9600,61.1500,4189000,46.8695
2019-10-03,61.2000,61.4300,60.8700,61.3600,4216200,47.0304
2019-10-04,61.4400,62.1800,61.2100,62.0500,3556700,47.5593
2019-10-07,62.0000,62.0800,61.6200,61.9200,3355000,47.4597
2019-10-08,61.9200,62.0300,61.3500,61.3600,3510900,47.0304
2019-10-09,61.5700,62.1000,61.5000,61.9000,2897100,47.4443
2019-10-10,61.6300,62.1100,61.2800,61.8000,3601000,47.3677
2019-10-11,61.7400,61.9400,61.3000,61.5200,3459100,47.1531
2019-10-14,61.6300,61.7400,60.7800,60.9200,2890700,46.6932
2019-10-15,60.9700,61.1500,60.5400,60.7000,3648200,46.5246
2019-10-16,60.6100,61.2000,60.4500,61.0900,4395400,46.8235
2019-10-17,61.0200,61.2600,60.6700,61.0600,3444500,46.8005
2019-10-18,60.8700,61.2800,60.7600,61.1400,4178700,46.8618
2019-10-21,60.9800,61.6300,60.9600,61.5900,3146400,47.2067
2019-10-22,61.7000,61.8600,61.3500,61.4400,2667400,47.0918
2019-10-23,61.4300,61.9500,61.4300,61.9500,2796800,47.4827
2019-10-24,61.9400,62.0400,61.7600,61.9500,2452000,47.4827
2019-10-25,62.0400,62.0700,61.1600,61.3500,2865600,47.0228
2019-10-28,61.0900,61.4200,60.8300,61.0100,4342900,46.7622
2019-10-29,60.8700,61.4000,60.6900,60.9200,4874200,46.6932
2019-10-30,61.0100,62.8800,61.0000,62.6300,5253200,48.0038
2019-10-31,62.5700,62.6900,62.1600,62.6600,5169900,48.0269
2019-11-01,62.8700,63.0900,62.0600,62.2600,4353500,47.7203
2019-11-04,62.3300,62.3700,61.5400,61.7400,4050100,47.3217
2019-11-05,61.4800,61.8800,61.1300,61.3600,3958900,47.0304
2019-11-06,61.4900,62.0100,61.4900,61.8500,2812700,47.4060
2019-11-07,61.5000,61.5600,60.3800,60.7100,5991700,46.5322
2019-11-08,60.6000,61.2600,60.6000,61.2600,3909100,46.9538
2019-11-11,61.2700,61.2700,60.4200,60.4700,3400700,46.3483
2019-11-12,60.6100,60.9100,60.4800,60.6900,3337900,46.5169
2019-11-13,60.8600,62.1300,60.8600,61.9100,4965900,47.4520
2019-11-14,62.2600,62.7000,61.9400,62.3900,5399800,47.8199
2019-11-15,61.8400,62.2000,61.7500,62.2000,5433400,48.1528
2019-11-18,62.2600,63.0800,62.2600,62.4800,4968300,48.3696
2019-11-19,61.9500,62.6100,61.7800,62.2100,3639200,48.1605
2019-11-20,62.2000,62.8300,62.1200,62.7800,3057800,48.6018
2019-11-21,62.8300,62.9300,62.5100,62.6800,2776700,48.5244
2019-11-22,62.8800,63.0200,62.3600,62.8900,3629200,48.6870
2019-11-25,62.8900,63.2900,62.0400,62.1800,6383700,48.1373
2019-11-26,62.3400,62.3900,61.9900,62.2500,8201000,48.1915
2019-11-27,62.3100,62.4500,61.9000,62.3100,3532000,48.2380
2019-11-29,62.5100,62.8900,61.9900,61.9900,1863800,47.9902
2019-12-02,61.8400,62.0100,61.3500,61.6000,4334100,47.6883
2019-12-03,62.0800,62.4000,61.7500,62.3700,4746300,48.2844
2019-12-04,62.3100,62.9500,62.2500,62.6900,5336100,48.5321
2019-12-05,62.5400,62.8400,62.3700,62.7600,3217000,48.5863
2019-12-06,62.7200,62.8400,62.1000,62.1400,3520600,48.1063
2019-12-09,62.1400,62.2700,61.3200,61.4400,4310500,47.5644
2019-12-10,61.4400,61.4400,60.0900,60.3300,7917500,46.7051
2019-12-11,60.6500,61.0000,60.3400,60.6900,5796500,46.9838
2019-12-12,60.5000,61.0500,60.2700,60.7100,6446500,46.9993
2019-12-13,60.6500,61.1800,60.4400,60.7600,5158600,47.0380
2019-12-16,60.9900,62.3200,60.9800,62.2700,7574900,48.2070
2019-12-17,62.4000,64.2600,62.3300,63.7000,10599000,49.3140
2019-12-18,63.5700,63.8700,63.1800,63.6300,6382800,49.2598
2019-12-19,63.5900,63.6300,62.3900,63.0700,8192100,48.8263
2019-12-20,63.7500,64.1500,63.3200,63.8600,11392300,49.4379
2019-12-23,63.7600,63.9500,63.1400,63.2600,3678000,48.9734
2019-12-24,63.2700,63.2900,62.9600,63.1300,1962500,48.8728
2019-12-26,63.0900,63.2400,62.9000,63.1700,2361000,48.9037
2019-12-27,63.0500,63.4800,62.9900,63.4600,2432000,49.1282
2019-12-30,63.2400,63.4100,62.9300,63.3400,2772700,49.0353
2019-12-31,63.3100,63.7200,63.1800,63.7000,3767500,49.3140
2020-01-02,63.6500,63.6700,62.4200,62.6200,4675900,48.4779
2020-01-03,62.5300,62.9100,62.4300,62.5600,3531800,48.4315
2020-01-06,62.5600,63.0000,62.5100,62.8100,3507600,48.6250
2020-01-07,62.5600,62.7300,62.2400,62.6200,3191700,48.4779
2020-01-08,62.7000,62.8400,62.3800,62.6000,3413600,48.4624
2020-01-09,62.7000,63.2800,62.5500,63.2600,3114700,48.9734
2020-01-10,63.4200,63.8100,63.3100,63.6600,4427800,49.2831
2020-01-13,63.7500,64.8200,63.7100,64.5400,5262100,49.9643
2020-01-14,64.5500,64.9200,64.4100,64.9200,5153300,50.2585
2020-01-15,65.0000,65.7000,64.9300,65.5800,3772400,50.7695
2020-01-16,65.6900,66.1900,65.6100,66.1500,3145900,51.2107
2020-01-17,66.3400,67.3300,66.2200,67.2600,6072600,52.0700
2020-01-21,67.3400,68.3000,67.2600,68.1200,4546600,52.7358
2020-01-22,68.2500,68.5800,68.1300,68.3000,3369800,52.8752
2020-01-23,67.9700,68.9900,67.9000,68.9600,3481200,53.3861
2020-01-24,69.0000,69.5200,68.8600,69.4400,5048900,53.7577
2020-01-27,69.4100,70.0700,69.3400,69.7400,4412300,53.9900
2020-01-28,69.7500,70.4400,69.5200,70.0500,4714600,54.2300
2020-01-29,70.0500,70.3300,69.6500,70.1000,3252100,54.2687
2020-01-30,70.0600,70.9000,69.7300,70.8500,3755400,54.8493
2020-01-31,70.8600,71.1000,70.1100,70.4000,5469000,54.5009
2020-02-03,70.6700,70.7800,70.1900,70.7000,3144600,54.7332
2020-02-04,70.4500,70.7600,69.4100,69.5400,5504400,53.8351
2020-02-05,69.4000,69.5500,68.6000,69.0300,6441600,53.4403
2020-02-06,68.7500,69.4300,68.5600,68.8400,5625700,53.2932
2020-02-07,69.0300,69.1400,68.3100,68.3800,3732400,52.9371
2020-02-10,68.5400,68.6000,68.0900,68.4400,3659800,52.9836
2020-02-11,68.5700,68.7800,68.2700,68.5900,3341900,53.0997
2020-02-12,68.3400,68.9000,68.1700,68.6200,3545000,53.1229
2020-02-13,68.6000,69.6700,68.5400,69.5400,4513500,53.8351
2020-02-14,69.1200,69.2300,68.7600,69.0200,5032000,53.9132
2020-02-18,69.1700,69.5500,69.1500,69.4000,5167500,54.2101
2020-02-19,69.3800,69.4300,68.6000,68.6100,4894000,53.5930
2020-02-20,67.5500,69.9200,67.5300,69.8100,5046500,54.5303
2020-02-21,69.6300,70.3700,68.9600,68.9900,5386400,53.8898
2020-02-24,68.7400,69.4700,67.7000,67.8000,5644300,52.9603
2020-02-25,67.9000,68.1300,66.5900,66.8600,5246600,52.2260
2020-02-26,66.7800,67.5500,66.1500,66.1900,5026400,51.7027
2020-02-27,65.7800,66.2800,62.8700,62.8800,8529100,49.1171
2020-02-28,61.7000,61.8600,59.0700,60.3600,15567600,47.1487
2020-03-02,60.6600,64.1500,60.2700,63.9300,7744600,49.9373
2020-03-03,64.7300,66.0000,63.6100,63.9000,9656500,49.9139
2020-03-04,64.6400,67.8400,64.6300,67.8000,6517200,52.9603
2020-03-05,67.0000,68.5600,66.3100,67.5700,7867000,52.7806
2020-03-06,65.5100,67.1600,63.5000,66.8700,9790800,52.2338
2020-03-09,62.8600,65.1100,61.7000,62.1600,8520000,48.5547
2020-03-10,63.0900,63.3800,58.9700,62.0200,10316600,48.4454
2020-03-11,60.4400,60.7400,57.0900,58.1800,7726600,45.4458
2020-03-12,53.8200,56.6800,50.0300,52.1900,10790400,40.7669
2020-03-13,55.1200,55.1900,51.0000,53.9700,9862400,42.1573
2020-03-16,48.9200,52.6300,47.3300,47.6200,10451100,37.1972
2020-03-17,49.0100,56.5800,48.9300,56.5600,10298100,44.1804
2020-03-18,53.0100,56.1500,50.5400,55.9200,8141700,43.6805
2020-03-19,55.9200,56.0200,50.5100,50.9000,6855400,39.7593
2020-03-20,51.0100,51.2200,46.1500,46.3600,11839200,36.2130
2020-03-23,45.6800,45.8400,41.9600,43.2300,10346000,33.7680
2020-03-24,45.5700,49.3900,44.7100,49.0400,8055000,38.3064
2020-03-25,48.9100,52.0000,47.2200,50.1400,8206500,39.1656
2020-03-26,50.0000,55.8000,49.9000,55.1400,8647300,43.0712
2020-03-27,53.2200,58.2600,53.0000,56.0100,10065000,43.7508
2020-03-30,56.7200,58.3700,56.2600,57.9900,7222600,45.2974
2020-03-31,57.0000,57.2900,53.5900,54.1400,9803300,42.2901
2020-04-01,51.9000,52.4300,49.2600,50.1400,6932900,39.1656
2020-04-02,49.4100,52.8500,49.3100,52.4000,5471100,40.9309
2020-04-03,51.5900,52.8200,49.9400,50.2700,6180300,39.2671
2020-04-06,52.5300,56.2000,52.2300,55.4000,6795800,43.2743
2020-04-07,57.3600,57.5000,54.8800,55.1200,6086000,43.0556
2020-04-08,55.2800,58.6200,54.8000,58.1800,5636100,45.4458
2020-04-09,58.9100,61.8600,58.8100,60.3300,7529500,47.1253
2020-04-13,60.0000,60.2300,57.1600,57.7200,4771400,45.0865
2020-04-14,59.0700,59.5900,58.0400,59.0000,4522300,46.0864
2020-04-15,57.9800,57.9900,55.4800,55.8900,5571900,43.6571
2020-04-16,56.2200,56.4500,55.0200,55.3200,5003600,43.2118
2020-04-17,56.5000,57.8500,56.0100,57.4700,4648100,44.8913
2020-04-20,56.7600,56.7600,55.2200,55.5300,4436400,43.3759
2020-04-21,54.9100,55.8200,54.4000,55.5000,5497900,43.3524
2020-04-22,56.4800,57.6300,56.2300,57.0500,3662900,44.5632
2020-04-23,57.0100,57.5000,56.1000,56.8000,4653200,44.3679
2020-04-24,56.9100,58.1900,56.2900,57.7300,4860100,45.0943
2020-04-27,58.1900,59.2300,57.9700,58.4800,4661900,45.6802
2020-04-28,59.2100,59.8800,57.7600,58.0600,3713900,45.3521
2020-04-29,59.2200,59.3000,57.2700,57.3700,4590300,44.8131
2020-04-30,57.4400,57.4500,55.6700,56.7300,8494300,44.3132
2020-05-01,56.1800,56.3200,54.0900,54.4100,4758700,42.5010
2020-05-04,54.4700,55.1100,53.6700,54.9200,4480200,42.8994
2020-05-05,55.2400,56.2600,55.1600,55.6300,4002700,43.4540
2020-05-06,55.9300,55.9300,53.5000,53.6400,3796700,41.8995
2020-05-07,54.2800,54.7500,53.8700,54.2300,4697700,42.3604
2020-05-08,54.8100,55.6400,54.5500,55.4100,4349200,43.2821
2020-05-11,54.8700,56.0000,54.0200,55.8100,6946800,43.5946
2020-05-12,56.0400,56.8700,55.2300,55.5200,8897900,43.3681
2020-05-13,55.1700,55.4600,53.3200,53.7900,7166300,42.0167
2020-05-14,53.2300,54.8100,52.7000,54.7500,5028800,42.7666
2020-05-15,53.6000,53.7200,51.9900,52.5400,7756200,41.5257
2020-05-18,53.9600,54.8400,53.7500,54.4200,4266000,43.0116
2020-05-19,54.0900,54.3700,53.5600,53.5700,3199300,42.3398
2020-05-20,54.1900,55.3200,53.7500,54.8300,6340900,43.3357
2020-05-21,54.7300,55.1000,53.6900,53.8300,3198500,42.5453
2020-05-22,53.7200,54.6200,53.5800,54.5800,4437800,43.1381
2020-05-26,55.5000,55.8300,54.5400,54.6600,6801200,43.2013
2020-05-27,55.6500,55.6500,54.3900,55.0100,4483100,43.4779
2020-05-28,55.6900,57.0500,55.5200,56.9100,4551000,44.9796
2020-05-29,56.5300,57.7100,56.1800,57.0700,6581700,45.1061
2020-06-01,57.1000,58.1200,56.5200,57.7000,3119300,45.6040
2020-06-02,57.9400,58.0400,57.0700,58.0000,4098400,45.8411
2020-06-03,58.3400,59.3200,58.1000,58.7100,3717700,46.4023
2020-06-04,58.4100,58.6600,57.0900,57.9500,3346300,45.8016
2020-06-05,58.3500,60.0200,58.2600,58.4500,4681600,46.1968
2020-06-08,58.3000,60.4700,58.1300,60.2700,5035800,47.6352
2020-06-09,59.3500,59.6900,58.2600,59.3600,7344200,46.9160
2020-06-10,59.2600,60.2800,58.9200,59.2000,5150100,46.7895
2020-06-11,58.0000,58.1900,55.8200,56.0900,5447600,44.3315
2020-06-12,57.3200,57.4500,55.4000,56.1700,4533700,44.3947
2020-06-15,55.3000,56.9600,54.5200,56.4200,4628200,44.5923
2020-06-16,57.6600,58.0300,55.8700,56.2200,5000900,44.4343
2020-06-17,56.4800,56.5200,55.3000,56.0400,4593200,44.2920
2020-06-18,55.7100,56.2000,55.2100,56.1100,3770300,44.3473
2020-06-19,56.8900,57.1000,53.6100,53.6100,10434600,42.3714
2020-06-22,53.9500,54.8200,53.3400,54.6700,4692700,43.2092
2020-06-23,55.2900,55.4400,53.2600,53.2700,6071100,42.1027
2020-06-24,52.8800,53.0500,51.7100,52.3800,6370300,41.3993
2020-06-25,52.1000,52.2500,50.7200,51.2500,6995100,40.5061
2020-06-26,51.1700,51.8800,50.4000,50.9200,6730000,40.2453
2020-06-29,51.3700,51.5600,50.6200,51.5600,3956200,40.7512
2020-06-30,51.6500,52.1600,51.1300,51.8500,5075800,40.9804
2020-07-01,51.8600,53.0600,51.6600,52.8700,3873300,41.7865
2020-07-02,53.2900,53.4300,52.6700,52.7900,3413100,41.7233
2020-07-06,52.9900,53.4900,52.0600,52.6100,3318800,41.5810
2020-07-07,52.0000,52.8800,51.6500,52.7200,3520800,41.6680
2020-07-08,52.5200,53.3200,52.4500,53.0600,3346100,41.9367
2020-07-09,52.7300,52.7700,51.4200,51.9400,3700500,41.0515
2020-07-10,52.0000,53.4100,52.0000,53.2300,4034500,42.0711
2020-07-13,53.3100,53.8800,52.8700,53.1800,3562200,42.0315
2020-07-14,53.0600,54.1800,53.0500,53.6800,6023600,42.4267
2020-07-15,54.4200,54.5800,52.9100,53.0200,4380200,41.9051
2020-07-16,53.1600,53.9100,53.0500,53.7400,3201100,42.4742
2020-07-17,54.1000,54.7500,53.9300,54.5800,3806100,43.1381
2020-07-20,54.3400,54.6500,54.0600,54.2600,3044100,42.8851
2020-07-21,54.2300,55.3900,54.2200,54.8700,3954700,43.3673
2020-07-22,54.7200,56.2700,53.9600,55.7800,3870400,44.0865
2020-07-23,55.5900,56.0500,55.1700,55.5600,3690900,43.9126
2020-07-24,55.8400,56.3000,54.6500,54.8500,2741800,43.3515
2020-07-27,54.7700,54.8400,53.9500,54.2600,3341400,42.8851
2020-07-28,54.1000,55.6400,54.1000,55.2800,2702900,43.6913
2020-07-29,55.5000,55.6200,54.7300,55.3900,3248400,43.7783
2020-07-30,55.3100,55.5300,54.2700,55.2400,4483900,43.6597
2020-07-31,54.8700,54.9800,53.7700,54.6100,5643600,43.1618
2020-08-03,54.5700,54.6100,53.8800,54.0100,3927600,42.6876
2020-08-04,53.8800,54.7300,53.8000,54.4400,3803600,43.0274
2020-08-05,54.6000,54.6400,53.2800,53.4000,4043300,42.2054
2020-08-06,53.3000,54.0700,53.0700,53.8900,2713500,42.5927
2020-08-07,53.5600,54.9300,53.5600,54.6900,3145000,43.2250
2020-08-10,54.8400,55.3700,54.5800,55.0700,2255500,43.5253
2020-08-11,55.2700,55.3800,54.0300,54.1900,5215700,42.8298
2020-08-12,54.5200,55.3900,54.2500,54.8600,4673200,43.3594
2020-08-13,54.6200,55.0500,54.4500,55.0100,3926100,43.4779
2020-08-14,54.1500,54.2500,53.4200,53.5600,3122000,42.8302
2020-08-17,53.5600,54.0300,53.2500,53.5900,2725500,42.8542
2020-08-18,53.5800,53.7300,52.8300,53.0500,6647500,42.4224
2020-08-19,53.3700,53.4800,52.9400,53.1900,2594200,42.5343
2020-08-20,52.8500,53.1200,52.0800,52.2500,3309500,41.7826
2020-08-21,52.4600,52.5500,51.8600,52.3700,3536900,41.8786
2020-08-24,52.3900,52.9500,51.9700,52.8600,3386100,42.2704
2020-08-25,53.0300,53.0600,52.1900,52.4100,2409100,41.9106
2020-08-26,52.0100,52.2200,51.4600,51.7200,3015300,41.3588
2020-08-27,51.7500,52.3600,51.6500,52.2000,3543000,41.7426
2020-08-28,52.3000,52.5100,51.8600,52.4200,2867000,41.9186
2020-08-31,52.1100,52.6500,52.0400,52.1800,3863500,41.7266
2020-09-01,52.0200,52.3200,51.5900,51.8100,3214200,41.4308
2020-09-02,51.7700,53.4900,51.6100,53.2100,4046900,42.5503
2020-09-03,53.4100,53.9400,52.1900,52.6000,4326000,42.0625
2020-09-04,52.7100,52.8700,51.5200,52.2900,3475700,41.8146
2020-09-08,52.4300,53.3200,51.8700,52.8500,6763200,42.2624
2020-09-09,53.1600,53.8100,52.6700,52.8500,4665400,42.2624
2020-09-10,52.0600,52.1100,51.4000,51.5600,6263300,41.2309
2020-09-11,51.5300,51.9600,51.2200,51.7600,3803000,41.3908
2020-09-14,51.9900,53.1900,51.9900,52.8600,3705700,42.2704
2020-09-15,53.1200,53.8000,52.7400,53.0100,3519000,42.3904
2020-09-16,52.8000,53.8200,52.8000,53.2900,2842000,42.6143
2020-09-17,52.9800,53.5500,52.5600,53.5200,3841900,42.7982
2020-09-18,53.1500,53.4900,52.7100,52.8100,6289200,42.2304
2020-09-21,52.7200,53.1500,52.2100,53.0300,4813100,42.4064
2020-09-22,52.9400,53.6700,52.7000,53.1200,4047500,42.4783
2020-09-23,53.3000,53.3000,52.4800,52.5300,2786700,42.0065
2020-09-24,52.5300,53.1900,52.0100,53.0500,3146300,42.4224
2020-09-25,52.7000,53.8500,52.5300,53.8100,3061900,43.0301
2020-09-28,54.0000,54.7000,53.6100,53.7100,4436000,42.9501
2020-09-29,53.9500,54.1800,53.2200,53.7000,2951300,42.9421
2020-09-30,53.9800,54.5000,53.8800,54.2200,4659900,43.3580
2020-10-01,54.3000,54.7400,53.9800,54.6200,5565800,43.6778
2020-10-02,54.3100,56.5700,54.0900,56.2600,6696900,44.9893
2020-10-05,56.3200,57.3600,56.2700,57.1700,5229100,45.7170
2020-10-06,57.0400,58.8300,56.9200,57.8300,4779300,46.2448
2020-10-07,58.1800,58.6100,57.6800,57.8000,3224300,46.2208
2020-10-08,58.0000,58.9600,57.9000,58.7100,3003000,46.9485
2020-10-09,59.0000,59.2000,58.3800,58.7400,3920600,46.9725
2020-10-12,58.6900,59.1900,58.4400,58.8600,3807100,47.0684
2020-10-13,58.4500,58.7000,57.4500,58.3400,3590500,46.6526
2020-10-14,58.1500,58.4500,57.8100,58.0000,2596600,46.3807
2020-10-15,57.6100,58.2100,57.3800,58.0200,3356700,46.3967
2020-10-16,58.2800,58.5500,57.8200,58.3500,3241600,46.6606
2020-10-19,58.4300,59.0500,58.0100,58.0400,3989500,46.4127
2020-10-20,58.2600,58.7900,57.9900,58.6000,3384500,46.8605
2020-10-21,58.2200,59.1700,58.1600,58.8700,3900500,47.0764
2020-10-22,58.8500,60.6200,58.7000,60.5600,4964000,48.4279
2020-10-23,60.7600,61.2600,60.4900,60.8500,4395200,48.6598
2020-10-26,60.2700,60.8400,59.8200,60.6100,3949400,48.4678
2020-10-27,60.7700,61.1000,60.2100,60.2100,3484200,48.1480
2020-10-28,59.5000,60.0500,58.1800,58.3600,4240300,46.6686
2020-10-29,57.9300,59.2200,57.0000,58.2100,3758900,46.5486
2020-10-30,58.1800,58.5900,56.9200,57.4500,4145200,45.9409
2020-11-02,58.0200,59.2500,57.7800,59.0100,3659400,47.1884
2020-11-03,59.6300,60.6200,59.5200,59.8600,3121200,47.8681
2020-11-04,59.5200,60.9600,59.3000,59.7600,4100000,47.7881
2020-11-05,59.9300,61.3800,59.9300,60.1700,2758600,48.1160
2020-11-06,60.2700,60.7900,59.6300,59.9600,2971200,47.9481
2020-11-09,62.1900,64.4900,61.5000,62.3200,6353000,49.8353
2020-11-10,62.6200,64.6700,62.5300,64.1700,5515400,51.3147
2020-11-11,64.2400,64.5800,63.7300,63.9200,3459900,51.1147
2020-11-12,63.5500,64.5100,62.9700,63.5200,4189700,50.7949
2020-11-13,63.0000,64.1500,62.9500,63.9000,3654500,51.6188
2020-11-16,64.8000,64.9300,63.6900,64.1200,4014000,51.7966
2020-11-17,63.6500,63.7900,62.2400,62.3600,3770800,50.3748
2020-11-18,62.7200,63.0800,61.7200,61.7800,3990500,49.9063
2020-11-19,61.7300,61.7300,60.4200,61.0700,3394000,49.3327
2020-11-20,60.9800,61.4700,60.6400,60.8800,3967300,49.1793
2020-11-23,60.9500,61.0100,60.3700,60.4500,3324400,48.8319
2020-11-24,60.9900,61.4700,60.5000,61.1900,3353100,49.4297
2020-11-25,61.0700,61.4500,60.4000,60.8900,2849800,49.1873
2020-11-27,60.7900,60.8000,60.2200,60.6500,1694800,48.9935
2020-11-30,60.2600,60.4700,59.4600,59.8500,6823000,48.3472
2020-12-01,60.5800,61.8500,60.0400,60.5700,5216800,48.9288
2020-12-02,60.5100,61.9300,60.1900,61.8800,3892400,49.9871
2020-12-03,61.6600,62.2100,61.3800,61.8800,4171400,49.9871
2020-12-04,61.9400,62.2000,61.0500,61.5200,2928600,49.6963
2020-12-07,61.2900,62.1400,61.1700,61.7300,4111000,49.8659
2020-12-08,61.3700,61.5000,60.6200,61.0000,3677400,49.2762
2020-12-09,61.0000,61.2700,60.4700,60.7700,2691400,49.0904
2020-12-10,60.9300,61.1900,60.4400,60.5000,3206000,48.8723
2020-12-11,60.2700,60.6200,60.1900,60.4200,2139800,48.8077
2020-12-14,61.0800,61.2200,59.6300,59.6600,3017500,48.1937
2020-12-15,60.3700,61.2300,59.7900,60.8600,3116300,49.1631
2020-12-16,61.0500,61.5500,60.2500,60.4300,2670800,48.8158
2020-12-17,60.8100,61.4400,60.7500,61.0700,2991500,49.3327
2020-12-18,61.0700,61.2600,59.8100,60.1400,7612100,48.5815
2020-12-21,59.7200,60.0700,59.0500,60.0000,4059200,48.4684
2020-12-22,59.9300,60.0500,59.6200,59.7200,2714800,48.2422
2020-12-23,60.0100,60.3700,59.3600,59.3800,2462400,47.9676
2020-12-24,59.5800,59.8500,59.3000,59.8000,858000,48.3068
2020-12-28,60.0200,60.5200,59.7100,59.9900,2293800,48.4603
2020-12-29,60.0100,60.5000,59.9200,60.0700,1746700,48.5249
2020-12-30,60.0700,60.8700,60.0300,60.6100,1963800,48.9612
2020-12-31,60.5800,61.4800,60.4500,61.4300,2417300,49.6236
2021-01-04,61.3800,61.4900,58.9500,59.3600,4774300,47.9514
2021-01-05,59.5300,59.9700,59.2700,59.7500,3905200,48.2664
2021-01-06,60.0600,61.6000,59.8500,61.2100,4102500,49.4458
2021-01-07,61.3800,61.5500,60.8100,61.1400,4690300,49.3893
2021-01-08,61.0700,61.7100,60.7700,61.5700,3965800,49.7366
2021-01-11,61.1900,61.7200,60.7500,61.2100,2873300,49.4458
2021-01-12,61.0500,61.1500,58.5000,58.8200,7012200,47.5152
2021-01-13,58.8600,59.9800,58.8500,59.7100,3949500,48.2341
2021-01-14,59.5800,59.6900,58.9800,59.0400,3776700,47.6929
2021-01-15,58.7500,59.8500,58.4600,59.6600,4107900,48.1937
2021-01-19,60.3100,61.1400,59.8900,61.0600,6270300,49.3247
2021-01-20,60.7800,61.1300,60.1600,60.6500,5151000,48.9935
2021-01-21,60.0000,60.5900,59.6100,59.8800,3530400,48.3715
2021-01-22,59.7200,60.5400,59.6300,60.1400,3079400,48.5815
2021-01-25,59.8700,61.0400,59.5800,61.0200,4013100,49.2924
2021-01-26,60.8900,60.9400,59.6900,59.6900,3222800,48.2180
2021-01-27,59.5000,59.6800,58.1300,58.5400,5062700,47.2890
2021-01-28,58.7500,60.2700,58.6500,59.0400,2764400,47.6929
2021-01-29,58.7600,59.2700,58.2100,58.9200,3464500,47.5960
2021-02-01,59.2900,59.7700,58.6300,59.1100,3257200,47.7495
2021-02-02,59.3000,60.7000,58.9400,59.6400,3391700,48.1776
2021-02-03,59.6000,59.8900,59.3100,59.4500,3165000,48.0241
2021-02-04,59.5500,60.4700,59.4500,60.3400,3223600,48.7430
2021-02-05,60.6300,61.2400,60.3400,60.8800,3087200,49.1793
2021-02-08,60.9400,61.2800,60.6300,60.7300,3550200,49.0581
2021-02-09,60.8300,60.8900,60.4100,60.6400,2077400,48.9854
2021-02-10,60.9200,61.2200,60.5800,60.9300,3022400,49.2196
2021-02-11,60.9800,61.5200,60.6000,61.2900,4502600,49.5105
2021-02-12,60.4500,60.7000,59.5100,60.1000,4867000,49.0615
2021-02-16,60.0100,60.1000,59.2900,59.3000,3039600,48.4084
2021-02-17,59.3700,59.4300,58.9300,59.2700,2933200,48.3839
2021-02-18,59.3200,60.3400,59.2500,59.8500,4530700,48.8574
2021-02-19,59.7600,59.8700,59.0800,59.3100,3194800,48.4166
2021-02-22,59.3200,59.5700,58.4400,59.2900,4076100,48.4002
2021-02-23,59.2200,60.2900,58.9100,58.9200,3990600,48.0982
2021-02-24,58.7700,58.9300,58.1400,58.3800,5076900,47.6574
2021-02-25,58.2800,58.6500,57.6200,57.7600,4064300,47.1513
2021-02-26,58.0500,58.3400,56.6900,56.7200,6092400,46.3023
2021-03-01,57.2700,58.5800,57.2700,57.7800,3210700,47.1676
2021-03-02,57.8100,58.3300,57.1100,57.8300,3574200,47.2084
2021-03-03,57.5000,57.7800,57.0600,57.5900,3859400,47.0125
2021-03-04,57.8100,58.6900,57.0200,57.4100,4843400,46.8655
2021-03-05,57.5700,58.6400,57.0600,58.3500,4435200,47.6329
2021-03-08,59.1500,59.8700,58.6100,59.6100,7440100,48.6615
2021-03-09,59.7000,59.9600,59.2400,59.4100,4703100,48.4982
2021-03-10,59.4100,60.2000,59.2900,59.7800,4075700,48.8003
2021-03-11,59.5700,60.1500,59.2500,59.2800,3351000,48.3921
2021-03-12,59.5800,60.2200,59.3300,59.8400,4062400,48.8492
2021-03-15,60.0000,61.1300,59.8600,60.9800,3470200,49.7799
2021-03-16,60.7800,61.4500,60.6200,61.2500,4410500,50.0003
2021-03-17,61.2500,61.2800,60.6700,60.7000,3850300,49.5513
2021-03-18,60.7100,60.9100,59.8200,60.4000,4042900,49.3064
2021-03-19,59.8000,60.2800,58.5300,59.7000,8891400,48.7349
2021-03-22,59.5000,59.8900,59.2800,59.6900,3026900,48.7268
2021-03-23,59.7600,60.9700,59.5200,60.6300,3601400,49.4941
2021-03-24,60.2800,61.2900,60.1900,60.6900,3485600,49.5431
2021-03-25,61.0000,61.8100,60.7200,61.3800,4303700,50.1064
2021-03-26,61.3400,61.7400,60.8700,61.6600,2929100,50.3349
2021-03-29,61.6600,62.6000,61.5800,62.3200,4505600,50.8737
2021-03-30,62.0200,62.0300,61.1500,61.5400,3008300,50.2370
2021-03-31,61.6300,62.2800,61.5000,62.1600,4346900,50.7431
2021-04-01,62.2500,62.3300,61.5800,62.3300,3396300,50.8819
2021-04-05,62.2000,62.9700,62.2000,62.6600,3104000,51.1513
2021-04-06,62.4500,63.1500,62.2600,63.1100,2879900,51.5186
2021-04-07,63.1400,63.3600,62.6000,62.8000,2311400,51.2656
2021-04-08,62.9400,63.3300,62.6800,62.8600,3717500,51.3146
2021-04-09,62.9700,63.1400,62.6800,62.7300,2641800,51.2084
2021-04-12,62.8200,63.2200,62.6300,62.8900,3240900,51.3390
2021-04-13,62.5000,63.8600,62.5000,63.5600,4413500,51.8860
2021-04-14,63.3800,63.9300,63.2600,63.8900,3455000,52.1554
2021-04-15,63.9200,64.6100,63.6800,64.4900,4773900,52.6452
2021-04-16,65.0000,65.2600,64.5700,65.0100,5307800,53.0697
2021-04-19,65.0200,65.1400,64.4000,64.9200,3555000,52.9962
2021-04-20,64.9100,66.4000,64.8200,66.0900,4870900,53.9513
2021-04-21,66.1800,66.4000,65.3900,65.7300,3331700,53.6574
2021-04-22,65.6300,65.9400,65.0500,65.1000,3975400,53.1431
2021-04-23,65.1800,65.6400,65.0500,65.3300,3885800,53.3309
2021-04-26,65.4600,65.4600,64.5200,64.6600,3924700,52.7840
2021-04-27,64.5800,64.6500,64.1800,64.3300,2967900,52.5146
2021-04-28,64.3900,64.6300,64.0900,64.3400,3610200,52.5227
2021-04-29,64.1900,65.3400,64.1000,65.1600,5034800,53.1921
2021-04-30,65.3700,66.2300,65.0100,66.1700,5414000,54.0166
2021-05-03,66.1800,66.7000,65.8300,66.0500,3764600,53.9186
2021-05-04,66.2200,66.7100,65.8500,66.4200,3815300,54.2207
2021-05-05,66.2100,66.3000,64.8700,65.4500,4259400,53.4288
2021-05-06,65.5900,66.1700,65.2300,66.0500,3333600,53.9186
2021-05-07,65.9200,66.5100,65.8000,66.2600,3608800,54.0901
2021-05-10,66.4500,66.9300,66.2900,66.3100,3753400,54.1309
2021-05-11,66.3000,66.4600,65.4300,65.8000,4057700,53.7146
2021-05-12,65.6500,65.7300,64.3100,64.3600,3781500,52.5390
2021-05-13,64.5100,66.1600,64.4000,65.7300,3533700,53.6574
2021-05-14,65.1600,65.5600,65.0500,65.1100,3859600,53.6904
2021-05-17,65.1100,65.6700,64.4000,64.4400,4449900,53.1379
2021-05-18,64.4500,64.7800,64.1000,64.1600,4955800,52.9070
2021-05-19,63.7200,64.0000,63.0200,63.9800,4758900,52.7586
2021-05-20,64.0000,64.5700,63.7900,64.0600,3520000,52.8246
2021-05-21,64.2600,64.5900,63.8500,64.3800,6245500,53.0884
2021-05-24,64.6300,64.7800,64.2200,64.4200,2566200,53.1214
2021-05-25,64.4000,64.4300,63.7300,64.0800,3634500,52.8411
2021-05-26,63.9900,64.0600,63.6000,63.7200,2895300,52.5442
2021-05-27,63.9400,63.9700,63.5300,63.6600,5675000,52.4947
2021-05-28,64.0000,64.1400,63.7300,63.9200,3754600,52.7091
2021-06-01,64.1300,64.1800,63.3100,63.4300,4008900,52.3051
2021-06-02,63.6700,64.3800,63.3100,63.9000,3012600,52.6926
2021-06-03,63.9500,64.6800,63.5700,64.4600,3245100,53.1544
2021-06-04,64.6200,64.7700,64.3100,64.3500,2950200,53.0637
2021-06-07,64.5000,64.9300,64.2900,64.6700,5518800,53.3276
2021-06-08,64.8000,64.8000,63.4000,63.4400,4757400,52.3133
2021-06-09,63.4200,63.7200,63.0700,63.6300,4454800,52.4700
2021-06-10,63.7400,63.9400,63.4800,63.8800,3162600,52.6761
2021-06-11,63.7600,63.9700,63.4900,63.8500,3123400,52.6514
2021-06-14,63.7700,64.1400,63.5400,63.7900,3300900,52.6019
2021-06-15,63.9000,64.6800,63.8200,64.3200,3155700,53.0390
2021-06-16,64.3700,64.5800,62.9600,62.9800,4200200,51.9340
2021-06-17,63.0100,63.6400,62.7300,63.3500,4425800,52.2391
2021-06-18,63.0400,63.0900,61.3800,61.4500,6549300,50.6723
2021-06-21,61.7200,62.9200,61.5400,62.5000,4303000,51.5382
2021-06-22,62.3600,62.7400,62.0400,62.0800,3626200,51.1918
2021-06-23,62.0100,62.0600,61.2300,61.4700,4500900,50.6888
2021-06-24,61.5400,61.5800,60.9300,60.9800,4963900,50.2848
2021-06-25,60.9700,61.6000,60.5900,61.5300,4703900,50.7383
2021-06-28,61.7500,61.9200,61.3400,61.4900,2363300,50.7053
2021-06-29,61.2200,61.6700,60.2800,60.4600,4097100,49.8560
2021-06-30,60.4500,60.6900,60.1200,60.5100,4155200,49.8972
2021-07-01,60.8000,61.6500,60.6000,61.4800,3635500,50.6971
2021-07-02,61.5100,61.6100,61.2500,61.5300,2940600,50.7383
2021-07-06,61.5200,61.6700,60.7600,61.6400,3030600,50.8290
2021-07-07,61.5000,61.7700,61.1900,61.6900,3001400,50.8702
2021-07-08,61.4000,61.8400,61.2900,61.5500,3480100,50.7548
2021-07-09,61.6600,61.7800,61.0600,61.4700,3688600,50.6888
2021-07-12,61.3400,61.8900,61.1500,61.8000,3121400,50.9609
2021-07-13,61.7200,61.8400,61.1200,61.3400,2426200,50.5816
2021-07-14,61.3200,62.1400,61.0600,61.8900,2969500,51.0352
2021-07-15,61.5600,62.7200,61.5600,62.6700,3600700,51.6784
2021-07-16,62.7400,63.4400,62.5700,63.1100,3651400,52.0412
2021-07-19,62.9300,63.6300,61.8100,62.7900,6866700,51.7773
2021-07-20,63.0000,63.9500,62.8000,62.9500,4566500,51.9092
2021-07-21,63.0400,63.6100,62.7500,62.8200,3966100,51.8020
2021-07-22,62.8900,63.4000,62.8200,62.9800,4387500,51.9340
2021-07-23,63.0700,63.9800,63.0000,63.8600,2823600,52.6596
2021-07-26,63.9000,64.1300,63.5000,63.7300,3960800,52.5524
2021-07-27,63.5800,64.8300,63.2400,64.5400,5830100,53.2204
2021-07-28,64.7100,64.7100,63.5500,63.9900,5104800,52.7668
2021-07-29,63.7900,64.6900,63.6800,64.4600,4512500,53.1544
2021-07-30,64.1900,64.8700,63.7100,63.8700,5192100,52.6679
2021-08-02,63.9900,64.4200,63.7500,64.0800,3616700,52.8411
2021-08-03,64.1000,64.5500,63.6900,64.1300,4137500,52.8823
2021-08-04,64.0000,64.1600,63.1400,64.0300,4537700,52.7998
2021-08-05,64.1400,64.8100,63.9600,64.7800,3792300,53.4183
2021-08-06,64.8300,65.1000,64.5100,64.7000,3327000,53.3523
2021-08-09,64.8400,64.9100,64.4000,64.8500,2906600,53.4760
2021-08-10,64.9200,65.4300,64.6000,65.2100,3484600,53.7729
2021-08-11,65.2500,66.0000,65.2100,65.6300,3452600,54.1192
2021-08-12,65.6500,65.9700,65.5200,65.7200,5412400,54.1934
2021-08-13,65.1500,65.6400,64.9700,65.5300,3635200,54.5849
2021-08-16,65.6300,66.8600,65.5600,66.3800,5504500,55.2929
2021-08-17,66.3600,66.6100,65.8900,66.4500,5004300,55.3513
2021-08-18,66.4400,66.5200,65.7800,66.0100,3545700,54.9847
2021-08-19,66.0600,66.7100,65.9800,66.3800,4005800,55.2929
2021-08-20,66.3700,67.4600,65.9600,67.3200,4319000,56.0760
2021-08-23,67.1400,67.3200,66.6100,66.6700,4798200,55.5345
2021-08-24,66.6100,66.6100,65.4400,65.7300,5062700,54.7515
2021-08-25,65.6200,66.1600,65.4000,65.8700,3037100,54.8681
2021-08-26,65.8800,66.2700,65.6700,66.1400,3378600,55.0930
2021-08-27,66.2700,66.4200,65.8300,65.9900,3579600,54.9681
2021-08-30,65.8600,65.9900,65.6500,65.7500,3221100,54.7682
2021-08-31,65.6500,65.9600,65.3900,65.7300,4581500,54.7515
2021-09-01,65.9700,66.7600,65.8500,66.4800,3574900,55.3762
2021-09-02,66.6000,66.9800,66.5300,66.8500,3544200,55.6844
2021-09-03,66.7900,66.7900,66.1900,66.2700,2891300,55.2013
2021-09-07,66.8600,67.1100,66.0700,66.1900,6416900,55.1347
2021-09-08,66.2200,67.4600,66.0100,67.3100,4759600,56.0676
2021-09-09,67.2600,67.5400,67.0900,67.1800,4789800,55.9593
2021-09-10,67.0400,67.1100,66.1100,66.2100,3818800,55.1513
2021-09-13,66.6400,66.8700,66.0300,66.3300,3243700,55.2513
2021-09-14,66.4000,66.6400,65.7700,65.9700,3252700,54.9514
2021-09-15,65.7600,66.3400,65.4200,66.0100,3037000,54.9847
2021-09-16,66.1300,66.3400,65.2100,65.3800,4049400,54.4600
2021-09-17,65.0100,65.3800,64.0800,64.1400,9457600,53.4271
2021-09-20,64.0500,64.5000,63.2900,63.9600,4444100,53.2771
2021-09-21,64.1500,64.6800,63.8000,63.8100,3381600,53.1522
2021-09-22,64.0100,64.1700,63.4800,63.6100,3500100,52.9856
2021-09-23,63.6200,64.0800,63.3200,63.4000,2802500,52.8107
2021-09-24,63.3200,63.7400,63.0100,63.1600,3449600,52.6108
2021-09-27,63.1500,63.7100,62.4000,62.4400,3375400,52.0110
2021-09-28,62.4700,62.6200,61.5600,61.9400,5101000,51.5945
2021-09-29,61.9700,63.1300,61.8100,62.6400,3889600,52.1776
2021-09-30,62.8100,62.9100,61.9300,61.9700,4987400,51.6195
2021-10-01,62.3500,62.3800,61.5900,61.7500,4654900,51.4363
2021-10-04,61.5600,62.6300,61.5000,62.4300,6268900,52.0027
2021-10-05,62.6600,62.8500,61.9200,62.0600,4266400,51.6945
2021-10-06,61.8200,62.7800,61.4600,62.7300,3386900,52.2526
2021-10-07,63.0000,63.4800,62.5000,62.6700,2863400,52.2026
2021-10-08,62.6500,62.9600,62.3800,62.5600,2624000,52.1110
2021-10-11,62.3800,62.4800,61.7500,61.9200,3238300,51.5779
2021-10-12,61.9500,62.4200,61.7600,62.1000,2600900,51.7278
2021-10-13,62.0500,62.5600,61.5100,62.5100,3200100,52.0693
2021-10-14,62.7600,63.3400,62.5300,63.2600,2853900,52.6941
2021-10-15,63.2500,63.7000,63.0100,63.1300,2895900,52.5858
2021-10-18,62.6400,62.7500,62.0100,62.4500,4180200,52.0194
2021-10-19,62.6300,63.1500,62.5400,62.9700,2661200,52.4525
2021-10-20,63.2100,63.9700,63.2100,63.7100,2688200,53.0689
2021-10-21,63.8500,64.1800,63.7600,64.1600,2895000,53.4437
2021-10-22,64.1700,64.2500,62.9000,62.9500,5067200,52.4358
2021-10-25,62.8000,63.2100,62.6200,62.8100,2632300,52.3192
2021-10-26,62.9300,63.8600,62.8500,63.2800,3686000,52.7107
2021-10-27,63.2300,63.4400,62.5800,62.6400,2854400,52.1776
2021-10-28,62.5200,62.8400,62.2600,62.7400,2714600,52.2609
2021-10-29,62.7100,63.0900,62.0600,62.3200,3718700,51.9111
2021-11-01,62.4000,62.7500,62.1800,62.4800,3469600,52.0443
2021-11-02,62.6800,62.7600,62.0800,62.4900,3806200,52.0527
2021-11-03,62.3000,62.7000,61.9100,62.5500,4064100,52.1026
2021-11-04,62.6100,62.7400,61.7700,62.5000,3797400,52.0610
2021-11-05,62.7300,63.3600,62.5600,63.1000,3611600,52.5608
2021-11-08,63.3400,63.3600,62.2400,62.6200,4727100,52.1610
2021-11-09,62.6600,63.5700,62.5100,63.3500,5442700,52.7690
2021-11-10,63.1000,63.9500,62.9700,63.8600,3753300,53.1938
2021-11-11,63.6400,63.8100,62.7200,63.0500,3772600,52.5191
2021-11-12,62.1900,62.4300,61.6300,61.8900,4157600,52.0982
2021-11-15,62.1100,62.3900,61.7700,62.2000,3473700,52.3592
2021-11-16,62.3500,62.6500,61.9700,62.0000,4492500,52.1908
2021-11-17,62.0000,62.2900,61.5200,62.1700,3727000,52.3339
2021-11-18,61.9900,62.0400,61.4800,61.6300,3160400,51.8794
2021-11-19,61.7600,62.7300,61.5100,62.6700,5363700,52.7548
2021-11-22,62.5900,63.2300,62.2800,63.1200,3622900,53.1336
2021-11-23,63.2500,63.5800,62.8000,63.0100,3391400,53.0410
2021-11-24,63.1100,63.2400,62.7300,63.1000,2793800,53.1168
2021-11-26,62.7400,63.1000,61.9500,62.0400,2353900,52.2245
2021-11-29,62.2900,63.0000,62.0000,62.8200,6722200,52.8811
2021-11-30,62.6800,62.6800,60.9900,61.1000,6875800,51.4332
2021-12-01,61.4500,62.6400,61.1000,61.1400,5750300,51.4669
2021-12-02,61.3500,62.7400,61.3100,62.0100,5742000,52.1993
2021-12-03,62.4700,62.8600,61.8300,62.8300,5959400,52.8895
2021-12-06,63.9300,65.9100,63.6500,64.6600,8959500,54.4300
2021-12-07,64.4000,64.8700,63.9200,64.4700,4280400,54.2701
2021-12-08,64.5200,64.9100,64.2600,64.7500,4511100,54.5058
2021-12-09,64.7700,64.9100,64.0700,64.5700,4872800,54.3542
2021-12-10,64.8900,65.4400,64.5700,65.0800,4207500,54.7835
2021-12-13,65.0500,66.5600,65.0000,66.1800,8051400,55.7095
2021-12-14,66.1700,66.4600,65.6700,65.9700,4289700,55.5327
2021-12-15,65.6300,67.0200,65.6300,66.7500,5217700,56.1893
2021-12-16,66.7300,67.6600,66.5600,67.5500,4740400,56.8628
2021-12-17,67.5000,68.2100,66.7500,66.8400,10776000,56.2651
2021-12-20,66.1400,67.2500,65.7300,67.1200,4457300,56.5008
2021-12-21,67.3500,67.5000,66.2700,66.3900,6802800,55.8863
2021-12-22,66.2600,66.7400,66.2600,66.6500,2349700,56.1052
2021-12-23,66.8000,67.0500,66.5200,66.5400,2126500,56.0125
2021-12-27,66.7000,66.9800,66.3700,66.9600,1888800,56.3661
2021-12-28,67.1500,67.7400,67.0000,67.7300,2152800,57.0143
2021-12-29,67.7500,68.1200,67.6600,68.0700,2321300,57.3005
2021-12-30,68.2200,68.4300,67.7700,68.3600,3203800,57.5446
2021-12-31,68.2600,68.8800,68.1600,68.5800,3609700,57.7298
2022-01-03,68.5000,68.5400,67.3600,68.1700,3616600,57.3847
2022-01-04,68.0200,69.1200,67.9300,68.1700,5259900,57.3847
2022-01-05,67.6500,68.9700,67.6500,68.2500,4542900,57.4520
2022-01-06,68.3300,68.7000,67.8100,68.1700,4015300,57.3847
2022-01-07,67.8800,69.1400,67.4700,68.6400,4380300,57.7803
2022-01-10,68.5900,69.2300,68.3700,68.5300,5599200,57.6877
2022-01-11,68.5300,68.6800,67.2200,67.6500,4071900,56.9469
2022-01-12,67.3100,67.9400,67.1800,67.7800,3043500,57.0564
2022-01-13,67.8700,68.5300,67.5400,68.3500,3617800,57.5362
2022-01-14,68.4000,68.7400,67.9200,68.6600,5700600,57.7972
2022-01-18,68.2900,68.4900,67.3200,68.0100,4240300,57.2500
2022-01-19,68.1200,68.9300,67.7500,68.3300,3728000,57.5194
2022-01-20,68.4300,68.9400,67.7900,67.8800,4225100,57.1406
2022-01-21,68.5300,68.7100,67.6600,67.8100,5959000,57.0816
2022-01-24,67.7700,68.1000,65.4000,67.3700,8840400,56.7112
2022-01-25,66.9400,67.8000,66.7100,67.2500,8001100,56.6102
2022-01-26,67.1900,68.0400,66.4400,67.0200,6076000,56.4166
2022-01-27,67.5000,68.6900,67.4800,68.0300,6318100,57.2668
2022-01-28,68.0000,69.0300,67.6400,69.0000,6140300,58.0834
2022-01-31,68.4300,69.7700,68.2900,69.4900,14481900,58.4958
2022-02-01,69.2300,69.2800,67.4400,67.9900,6632600,57.2331
2022-02-02,68.0500,68.9400,67.5900,68.8100,6443600,57.9234
2022-02-03,69.0000,69.3900,68.4100,69.2500,5654100,58.2938
2022-02-04,68.6500,69.2800,68.1400,68.6900,6456000,57.8224
2022-02-07,67.9000,68.1100,67.2100,67.6500,7758700,56.9469
2022-02-08,68.1800,68.2700,67.6400,67.8900,4136900,57.1490
2022-02-09,68.3300,68.3900,67.7100,68.0800,4001200,57.3089
2022-02-10,67.8000,67.8000,65.8200,65.9500,7823100,55.5159
2022-02-11,66.2300,67.1600,66.1600,66.7900,8139100,56.2230
2022-02-14,66.9000,67.0600,65.1800,65.8500,7365500,55.4317
2022-02-15,66.2800,66.4700,64.6600,65.0200,6117700,54.7330
2022-02-16,65.0700,65.4700,64.3100,64.8700,7320400,54.6068
2022-02-17,63.8800,65.0900,63.4500,64.7900,7046400,54.5394
2022-02-18,63.8000,64.3100,63.4100,63.7700,9113100,54.2333
2022-02-22,63.8800,64.5400,63.1700,64.2900,7425800,54.6755
2022-02-23,64.3000,64.5900,62.7300,62.8400,5992500,53.4423
2022-02-24,62.5000,62.9700,61.7700,62.8800,8625500,53.4764
2022-02-25,63.5200,65.0800,63.3100,65.0400,8768800,55.3133
2022-02-28,64.6000,64.9800,64.1000,64.7700,8132900,55.0837
2022-03-01,64.7300,65.0600,62.9700,64.1000,7192400,54.5139
2022-03-02,64.1400,64.8500,63.9700,64.5700,4959200,54.9136
2022-03-03,64.8600,66.7400,64.8400,66.4000,6799700,56.4700
2022-03-04,65.9300,67.6100,65.6600,67.5800,6514700,57.4735
2022-03-07,67.8000,69.6400,66.9000,69.2300,9994900,58.8767
2022-03-08,68.9200,69.4900,67.7300,67.8200,7528900,57.6776
2022-03-09,68.2700,68.4500,67.0700,67.1200,5795800,57.0823
2022-03-10,67.0100,68.7500,66.8500,68.6100,5693500,58.3494
2022-03-11,68.3300,69.1500,68.3300,68.6900,4415500,58.4175
2022-03-14,68.9400,69.4500,68.2800,68.6600,4530200,58.3920
2022-03-15,69.3900,69.5000,68.3400,68.6600,4836700,58.3920
2022-03-16,68.4400,68.6800,67.4800,68.5200,5351500,58.2729
2022-03-17,68.5800,69.0900,68.2400,68.4100,5035900,58.1794
2022-03-18,68.5600,68.8200,67.6100,68.0300,8192100,57.8562
2022-03-21,68.2500,69.2300,68.1600,68.8900,4730600,58.5876
2022-03-22,68.9600,69.0300,68.2200,68.8200,3441000,58.5280
2022-03-23,68.8000,69.2400,68.3800,68.7900,3724000,58.5025
2022-03-24,68.7600,69.5800,68.7300,69.3000,3889000,58.9362
2022-03-25,69.5000,70.9300,69.3800,70.9300,5845600,60.3225
2022-03-28,70.9900,71.1700,70.3000,71.0000,3276800,60.3820
2022-03-29,71.0000,72.0700,70.7200,72.0600,5422300,61.2835
2022-03-30,72.0000,72.5000,71.7700,72.5000,3956900,61.6577
2022-03-31,72.4900,73.1800,72.3800,72.5100,5688300,61.6662
2022-04-01,72.3300,74.1900,71.9700,74.1200,6034300,63.0354
2022-04-04,73.4500,73.6200,72.4800,73.1200,4660800,62.1850
2022-04-05,73.4200,75.1400,73.3200,74.3500,6729800,63.2310
2022-04-06,74.6800,76.5300,74.4100,76.5100,6877400,65.0680
2022-04-07,76.0500,76.2600,75.0400,75.7600,6436300,64.4302
2022-04-08,75.9900,76.6900,75.6400,76.4900,3731200,65.0510
2022-04-11,76.4900,76.8700,74.3600,74.4800,8172500,63.3416
2022-04-12,74.4600,75.9300,73.9900,75.5400,6069500,64.2431
2022-04-13,75.5500,75.6400,74.5600,75.3600,4667200,64.0900
2022-04-14,75.4100,76.2800,74.9800,75.9900,5925800,64.6258
2022-04-18,76.0000,76.5700,75.4600,75.8300,3716600,64.4897
2022-04-19,76.2200,76.4400,75.4300,76.2700,3759200,64.8639
2022-04-20,76.9100,77.0800,76.4000,76.5000,4583000,65.0595
2022-04-21,76.2800,77.2400,76.1000,76.4600,4898800,65.0255
2022-04-22,76.5000,76.7900,75.8200,75.9100,4861700,64.5577
2022-04-25,76.1400,76.3200,73.9400,74.9700,7424100,63.7583
2022-04-26,74.7500,75.4200,73.7200,73.7400,6880500,62.7123
2022-04-27,73.9000,74.5200,72.8500,73.4800,6407600,62.4911
2022-04-28,74.6400,76.1400,73.9000,75.5800,5702100,64.2771
2022-04-29,75.2900,75.3700,73.2700,73.3900,8189500,62.4146
2022-05-02,74.0400,74.2700,72.1300,73.2100,6371900,62.2615
2022-05-03,73.1800,74.5300,72.8600,73.1200,4747600,62.1850
2022-05-04,73.5500,74.7800,73.2100,74.5700,5712500,63.4181
2022-05-05,74.2500,75.1400,73.4300,74.0600,4969700,62.9844
2022-05-06,73.8700,74.8700,73.5200,74.6700,5242400,63.5032
2022-05-09,74.3000,75.0000,73.3000,74.2300,6063500,63.1290
2022-05-10,74.3000,75.3700,72.5500,73.2000,5314100,62.2530
2022-05-11,73.4100,74.9900,73.2000,73.9800,5758900,62.9164
2022-05-12,73.9800,74.3100,72.5500,74.0800,6631400,63.0014
2022-05-13,73.9000,74.0300,72.6700,73.6500,5018100,63.2160
2022-05-16,73.9100,74.6100,73.5900,74.2500,4537900,63.7310
2022-05-17,74.5000,74.6100,72.9000,74.1500,4527900,63.6452
2022-05-18,74.6000,74.7800,73.6500,73.8200,5498700,63.3619
2022-05-19,73.7100,73.8500,72.5200,73.3300,5814900,62.9413
2022-05-20,73.2800,73.7700,72.4400,73.4100,5758200,63.0100
2022-05-23,74.1100,74.7000,73.3800,74.1500,3927300,63.6452
2022-05-24,74.4200,75.9700,74.0200,75.6900,7298300,64.9670
2022-05-25,75.8000,76.0900,75.1400,75.6900,3859800,64.9670
2022-05-26,76.2500,76.3000,75.2400,75.2900,3561800,64.6237
2022-05-27,75.1100,76.1100,75.0600,76.0700,3773800,65.2932
2022-05-31,75.3300,75.9900,74.9700,75.6600,8118800,64.9412
2022-06-01,75.8000,75.9200,74.7600,75.5500,4902600,64.8468
2022-06-02,76.1400,76.2400,74.1200,75.9500,4732900,65.1901
2022-06-03,75.6800,75.9300,75.1200,75.2600,2686200,64.5979
2022-06-06,75.4900,75.9700,75.2700,75.3500,4674500,64.6752
2022-06-07,75.3600,75.7200,74.8000,75.6900,3471200,64.9670
2022-06-08,75.4100,75.6100,74.5400,74.6300,2981600,64.0571
2022-06-09,74.8500,75.4000,72.8400,72.8900,4184800,62.5636
2022-06-10,72.5500,72.7800,71.6200,72.1400,4967400,61.9199
2022-06-13,71.3200,71.5800,68.3800,68.7500,6507600,59.0102
2022-06-14,68.8100,68.8800,66.1100,66.7800,6889000,57.3193
2022-06-15,66.9600,67.4600,65.6900,66.5700,6543300,57.1390
2022-06-16,65.8200,66.2900,64.9400,66.2800,7006200,56.8901
2022-06-17,66.4000,66.6100,64.7900,65.3900,9042000,56.1262
2022-06-21,65.7500,67.4300,65.5800,67.1500,6334900,57.6369
2022-06-22,66.7000,68.2400,66.6500,67.6900,5613500,58.1004
2022-06-23,68.1200,69.4300,67.8900,69.2800,5067600,59.4651
2022-06-24,69.7000,70.0400,69.2500,69.8300,4607600,59.9372
2022-06-27,69.3900,70.6800,69.2900,70.3700,3679500,60.4007
2022-06-28,70.7100,71.4300,70.5600,70.6200,3788700,60.6153
2022-06-29,70.8600,71.3100,70.3400,70.6700,2910400,60.6582
2022-06-30,70.3300,71.7000,70.1700,71.3100,5389200,61.2075
2022-07-01,71.7500,73.2400,71.4400,73.1400,5053400,62.7782
2022-07-05,72.9200,73.0300,69.8500,70.8200,5903000,60.7869
2022-07-06,71.0700,72.2200,70.6400,71.4700,4338900,61.3448
2022-07-07,71.6400,72.0800,71.1100,71.2900,2622600,61.1903
2022-07-08,71.2900,71.5300,70.8200,71.1900,3294700,61.1045
2022-07-11,71.0000,71.7900,70.9000,71.7700,4028200,61.6023
2022-07-12,71.5600,72.5300,71.3400,71.9800,3887100,61.7826
2022-07-13,71.4200,72.1800,71.1800,71.2000,3727100,61.1131
2022-07-14,69.9500,71.9600,69.9200,71.8600,3119600,61.6796
2022-07-15,72.4300,72.4900,71.4400,72.3300,4975700,62.0830
2022-07-18,72.1800,72.3000,71.3900,71.6900,3699800,61.5337
2022-07-19,72.0700,72.2900,71.5800,71.7500,5626800,61.5852
2022-07-20,71.7900,71.9900,70.7600,70.9400,4217100,60.8899
2022-07-21,70.9300,71.0800,70.3500,70.8500,3434200,60.8127
2022-07-22,71.3100,71.9600,71.1400,71.9400,3437400,61.7483
2022-07-25,71.7900,72.7000,71.6000,72.6900,3227600,62.3920
2022-07-26,72.7100,73.6500,72.5700,73.5100,2717500,63.0958
2022-07-27,73.1500,73.4500,72.5700,73.2600,6341700,62.8813
2022-07-28,73.9300,76.0000,73.2600,75.8400,5841000,65.0957
2022-07-29,75.8400,77.6100,75.6500,76.8900,7830100,65.9970
2022-08-01,76.6700,77.2700,76.1400,76.6800,4324600,65.8167
2022-08-02,76.9800,77.5000,75.8600,75.9300,4795000,65.1730
2022-08-03,75.8900,77.4000,74.7500,77.2600,4436900,66.3146
2022-08-04,77.5000,78.7800,77.4600,77.9700,5241900,66.9240
2022-08-05,77.5400,77.8700,76.4200,77.2700,4136200,66.3232
2022-08-08,77.8500,78.1500,76.9100,77.1900,4259600,66.2545
2022-08-09,77.5300,78.4100,77.4700,78.2500,3149600,67.1643
2022-08-10,78.4700,78.6200,77.9200,78.2900,3140900,67.1986
2022-08-11,78.2800,78.8200,77.6900,77.9000,3619600,66.8639
2022-08-12,77.6300,78.1700,77.4800,78.1200,3152400,67.6432
2022-08-15,78.1300,78.6500,77.9500,78.3700,5578300,67.8597
2022-08-16,78.3600,79.3800,78.2100,79.0700,4122900,68.4658
2022-08-17,78.9300,79.5400,78.8400,79.2500,3602600,68.6217
2022-08-18,79.2600,79.9600,79.2100,79.7200,2867300,69.0286
2022-08-19,79.9000,80.5700,79.5900,80.1600,3483400,69.4096
2022-08-22,79.8300,80.0400,78.9000,79.1100,2593600,68.5004
2022-08-23,79.2400,79.2400,78.5100,78.7900,2234100,68.2233
2022-08-24,79.0200,79.1500,78.3100,78.8700,2508000,68.2926
2022-08-25,79.0100,79.1600,78.2600,79.1200,2471000,68.5091
2022-08-26,79.1800,79.4800,78.1400,78.2000,3091400,67.7125
2022-08-29,77.7800,79.2400,77.5100,78.6800,2714300,68.1281
2022-08-30,78.6100,78.7900,77.2600,77.5800,3087000,67.1756
2022-08-31,77.5200,78.0900,77.0500,77.0700,4301400,66.7340
2022-09-01,77.2500,78.9000,77.1700,78.7700,3740300,68.2060
2022-09-02,78.9100,79.6500,77.6200,77.8700,3128300,67.4267
2022-09-06,78.2000,78.9700,77.5900,77.7800,4134200,67.3488
2022-09-07,78.1600,79.9300,78.1500,79.7500,5148100,69.0546
2022-09-08,79.5400,80.0200,79.0400,79.4100,2684100,68.7602
2022-09-09,79.7200,80.0800,79.1900,79.5200,3240400,68.8554
2022-09-12,79.6000,80.3200,79.4000,80.1500,3368300,69.4010
2022-09-13,79.4700,79.7800,77.8900,78.2300,3211600,67.7384
2022-09-14,78.3500,79.7400,78.3500,79.4300,2905800,68.7775
2022-09-15,79.1500,79.1500,77.2300,77.2900,3976900,66.9245
2022-09-16,77.2700,77.8300,76.9100,77.2500,8144500,66.8899
2022-09-19,77.0300,78.3400,76.6900,78.2700,3977700,67.7731
2022-09-20,77.8200,77.9100,76.4100,77.2200,2999100,66.8639
2022-09-21,77.6300,78.2200,76.1200,76.1300,2458700,65.9201
2022-09-22,76.1300,76.5400,75.5500,75.9400,2831100,65.7556
2022-09-23,75.3000,75.5200,74.2400,74.9900,3283500,64.9330
2022-09-26,74.9400,74.9500,72.2100,73.1500,4095300,63.3397
2022-09-27,73.6000,73.6000,71.4600,71.7200,3975500,62.1015
2022-09-28,72.6000,72.9500,71.6800,72.5200,4003600,62.7942
2022-09-29,72.4500,72.6700,69.2700,69.3800,3994400,60.0753
2022-09-30,69.7900,70.1000,67.8500,68.0000,7156100,58.8804
2022-10-03,69.2700,70.2800,68.5200,69.7300,4279600,60.3784
2022-10-04,69.8600,71.1100,69.3300,70.6900,4521500,61.2096
2022-10-05,69.9700,69.9700,68.0100,68.7300,4030500,59.5125
2022-10-06,68.5000,68.5800,65.6700,65.7300,6649900,56.9148
2022-10-07,65.8300,65.9900,63.7900,64.1200,4889300,55.5208
2022-10-10,64.2600,64.9800,63.9400,63.9900,2943500,55.4082
2022-10-11,63.6500,64.5500,63.3700,63.6400,3906900,55.1051
2022-10-12,63.5500,63.7900,61.4800,61.5000,5066300,53.2521
2022-10-13,60.9600,64.1400,60.7100,64.0500,5246700,55.4602
2022-10-14,64.6500,65.7700,63.2000,63.5100,5079900,54.9926
2022-10-17,64.0800,65.1500,64.0800,64.2800,4018700,55.6593
2022-10-18,65.1700,65.8600,64.8200,65.3900,3841500,56.6204
2022-10-19,64.5500,65.1200,64.1800,64.6900,3158900,56.0143
2022-10-20,65.0400,65.0400,63.3900,63.5000,4098700,54.9839
2022-10-21,63.5600,64.8000,63.3600,64.5000,5225600,55.8498
2022-10-24,64.6200,65.0400,63.8100,64.5900,4327100,55.9277
2022-10-25,64.6900,65.7900,64.6800,65.7200,3752900,56.9062
2022-10-26,66.0000,66.4400,65.1200,65.6400,4312800,56.8369
2022-10-27,66.4600,66.8900,65.0200,65.1700,7106500,56.4299
2022-10-28,65.5100,67.1200,65.5100,66.3400,4509800,57.4430
2022-10-31,65.9900,66.2800,65.1500,65.4800,5054800,56.6984
2022-11-01,65.7700,66.0600,64.9800,65.5300,3196200,56.7417
2022-11-02,65.3400,66.6400,64.7700,64.8000,4289200,56.1096
2022-11-03,64.2600,65.4400,63.8800,64.8500,4163200,56.1529
2022-11-04,65.0000,65.2900,63.9500,64.9100,3542500,56.2048
2022-11-07,64.8200,64.8200,62.4200,63.3600,5010800,54.8627
2022-11-08,63.5500,64.3700,63.3900,63.9500,3346800,55.3736
2022-11-09,63.8700,64.3700,63.3100,63.4400,3404700,54.9320
2022-11-10,65.0000,65.8000,63.9500,65.7100,5143100,56.8975
2022-11-11,65.8500,65.8900,64.5200,65.0900,4638900,56.3607
2022-11-14,65.4700,65.8400,64.5200,64.5400,5160600,55.8844
2022-11-15,65.2900,65.9400,64.6600,65.8900,5905900,57.0534
2022-11-16,66.0000,66.4600,65.4800,65.8300,5338500,57.0014
2022-11-17,65.3100,65.7400,64.6100,64.9200,4464500,56.2135
2022-11-18,64.7000,65.6300,64.4100,65.5700,5202900,57.3773
2022-11-21,65.3800,65.9200,65.1100,65.7300,4837600,57.5173
2022-11-22,65.9900,66.4400,65.5500,65.9500,3760800,57.7098
2022-11-23,65.8200,66.3800,65.6000,66.3600,3900000,58.0686
2022-11-25,66.6300,67.1900,66.5300,66.9100,1435600,58.5499
2022-11-28,66.4100,66.7700,65.5800,65.8400,4907700,57.6135
2022-11-29,65.4600,65.7600,65.0300,65.7300,4408600,57.5173
2022-11-30,65.6200,67.8300,65.4700,67.6400,8262100,59.1887
2022-12-01,67.9400,68.5600,67.1600,67.7200,4807100,59.2587
2022-12-02,67.1200,67.5400,66.7800,67.3400,4003500,58.9261
2022-12-05,66.7900,67.7700,66.6900,67.4800,4281000,59.0487
2022-12-06,67.8500,68.5100,67.7800,68.4800,6586400,59.9237
2022-12-07,68.3500,69.2700,68.2400,68.5000,4855000,59.9412
2022-12-08,68.3500,69.1400,68.1100,68.6800,3668000,60.0987
2022-12-09,68.3200,68.7400,68.0300,68.3600,3466000,59.8187
2022-12-12,69.7500,71.1100,69.2900,71.0300,5793900,62.1551
2022-12-13,71.8800,72.3900,70.4700,71.2100,4377400,62.3126
2022-12-14,71.4300,72.0500,70.5000,71.1100,5043500,62.2251
2022-12-15,70.6500,71.3700,70.1800,70.3700,6068900,61.5776
2022-12-16,69.9600,70.2300,68.4000,69.4300,18469900,60.7550
2022-12-19,69.1700,69.4600,68.5000,68.9100,4358400,60.3000
2022-12-20,68.8500,70.0000,68.4700,69.4700,4940700,60.7900
2022-12-21,69.8100,71.1900,69.6100,70.7300,6730000,61.8926
2022-12-22,70.6400,70.8900,69.6900,70.7600,3546000,61.9188
2022-12-23,70.6400,71.7500,70.6400,71.7400,2981700,62.7764
2022-12-27,71.7500,72.4300,71.4000,72.2700,3682900,63.2402
2022-12-28,72.4200,72.8300,71.4700,71.6500,2282600,62.6976
2022-12-29,71.9500,72.4800,71.8900,72.1900,2367300,63.1702
2022-12-30,72.1800,72.2700,70.8100,71.4100,2910900,62.4876
2023-01-03,71.4300,72.0200,70.6900,71.9000,3761200,62.9164
2023-01-04,72.0300,73.0400,71.8200,72.5100,3857500,63.4502
2023-01-05,72.0000,72.2300,70.1200,70.3800,4098700,61.5863
2023-01-06,71.1400,72.0600,70.9200,71.6300,4040800,62.6801
2023-01-09,71.4000,72.1900,71.2400,71.5000,3168300,62.5664
2023-01-10,71.3700,71.3700,70.4400,71.1100,3215000,62.2251
2023-01-11,71.1500,71.6400,70.9800,71.5600,2965400,62.6189
2023-01-12,71.4200,71.5300,70.2700,70.3400,5082000,61.5513
2023-01-13,69.9500,70.5700,69.3300,70.3200,3637100,61.5338
2023-01-17,70.0500,70.9200,69.9100,70.0500,3601900,61.2975
2023-01-18,70.2000,70.2500,67.6800,67.7200,3494900,59.2587
2023-01-19,67.4700,67.6100,66.3300,66.4500,3967500,58.1473
2023-01-20,66.3300,67.1600,65.1300,67.1200,3963000,58.7336
2023-01-23,66.9500,67.7600,66.5500,66.8600,3502400,58.5061
2023-01-24,68.7900,71.1800,65.8400,66.7000,3444200,58.3661
2023-01-25,66.2000,67.3700,65.7600,67.2600,3796000,58.8561
2023-01-26,66.9500,67.7600,66.7700,67.5200,3235500,59.0837
2023-01-27,67.3400,68.1700,67.0300,68.0000,2904300,59.5037
2023-01-30,67.6800,68.2500,67.4200,67.4300,3498400,59.0049
2023-01-31,67.6800,67.8000,66.8700,67.6800,5420900,59.2237
2023-02-01,67.4900,69.4400,67.3900,68.8600,5792400,60.2562
2023-02-02,68.7900,69.2100,67.4900,68.6200,4820500,60.0462
2023-02-03,68.1400,68.2700,66.2400,67.2700,3888200,58.8649
2023-02-06,67.1500,67.9600,66.9000,67.9000,3000200,59.4162
2023-02-07,67.3700,67.8600,66.5200,67.7400,3226000,59.2762
2023-02-08,67.3100,67.3100,65.9600,66.4500,2619600,58.1473
2023-02-09,66.5300,67.2200,65.7100,65.7800,3243000,57.5611
2023-02-10,65.8500,66.9900,65.6400,66.8800,2592400,58.5236
2023-02-13,66.8000,67.4500,66.8000,67.1300,2345000,58.7424
2023-02-14,67.0000,67.5100,66.4100,66.6500,2705300,58.3224
2023-02-15,66.4300,66.7900,66.1000,66.7700,3758800,58.4274
2023-02-16,66.6000,66.6300,65.1400,65.8600,5312200,57.6311
2023-02-17,64.9300,66.9700,64.8600,66.6300,5356500,58.9131
2023-02-21,66.0600,66.2700,65.3600,65.5500,3088400,57.9582
2023-02-22,65.4800,66.2100,65.0300,65.2400,3523600,57.6841
2023-02-23,65.1300,65.3600,64.4000,64.7400,7870800,57.2420
2023-02-24,64.1700,64.6500,63.7100,64.5600,5468100,57.0829
2023-02-27,64.7600,65.5800,64.2100,64.3700,4839900,56.9149
2023-02-28,64.1300,64.4200,63.0200,63.0600,4751200,55.7566
2023-03-01,62.5900,62.7100,61.7300,62.3200,5571900,55.1023
2023-03-02,62.4500,63.7000,62.2500,63.6700,5766100,56.2959
2023-03-03,63.6700,64.8800,63.2000,64.8100,4965500,57.3039
2023-03-06,64.7100,65.3400,64.6500,65.2300,4832700,57.6753
2023-03-07,65.1200,65.5900,64.0400,64.3300,4115000,56.8795
2023-03-08,64.2500,64.9100,63.8800,64.7300,3238900,57.2332
2023-03-09,64.9200,65.9100,64.4200,64.5500,3564800,57.0740
2023-03-10,64.8100,64.9000,63.6300,63.9400,3892600,56.5347
2023-03-13,63.7900,66.7800,63.7900,65.1500,5202200,57.6045
2023-03-14,65.6200,66.3900,65.4300,66.1800,5092400,58.5152
2023-03-15,66.0400,68.0300,65.8300,67.6500,6256400,59.8150
2023-03-16,67.4000,68.6400,67.3100,68.1200,6737200,60.2306
2023-03-17,69.0000,69.0500,67.3500,67.9000,10618900,60.0360
2023-03-20,68.0000,70.4200,67.9200,68.5500,5773400,60.6108
2023-03-21,68.4500,68.6100,66.2300,67.1300,6030900,59.3552
2023-03-22,66.9800,68.1800,66.7000,66.7100,6618600,58.9839
2023-03-23,66.7100,67.4200,66.0600,66.3400,4542600,58.6567
2023-03-24,66.5200,68.6000,66.4200,68.5900,4885300,60.6461
2023-03-27,68.8600,69.1300,68.0500,68.2400,4100400,60.3367
2023-03-28,68.2000,68.9600,68.0200,68.3900,5637000,60.4693
2023-03-29,68.6400,69.5800,68.6400,69.3400,4229000,61.3093
2023-03-30,69.4200,69.7600,68.8500,69.0600,3997100,61.0617
2023-03-31,69.2000,69.6100,68.7700,69.5800,5195200,61.5215
2023-04-03,69.1400,69.6300,68.2500,68.9700,4323500,60.9821
2023-04-04,69.1300,69.6600,68.7200,69.6300,3067100,61.5657
2023-04-05,70.0000,71.6700,69.7700,71.5000,4522100,63.2191
2023-04-06,71.9100,72.5500,71.6700,72.3100,4504800,63.9353
2023-04-10,71.8900,72.0500,71.1400,72.0400,3175800,63.6966
2023-04-11,72.0200,72.1400,71.3900,71.8300,3239100,63.5109
2023-04-12,71.8500,72.6100,71.4200,72.1200,3811400,63.7673
2023-04-13,71.8400,72.4900,70.9000,72.4600,4190000,64.0679
2023-04-14,71.9700,72.3300,71.6800,71.9400,3349900,63.6081
2023-04-17,72.1700,72.4900,71.5800,72.3400,2988200,63.9618
2023-04-18,72.3000,72.7900,72.0800,72.5800,3267200,64.1740
2023-04-19,72.8100,73.2500,72.6100,72.8100,2987100,64.3774
2023-04-20,72.8200,73.2800,72.6100,73.0200,3696800,64.5631
2023-04-21,73.6800,73.9800,73.1000,73.6100,3184800,65.0847
2023-04-24,73.6600,74.1500,73.2200,74.1000,2616800,65.5180
2023-04-25,74.2300,74.4600,73.7600,73.9800,3337400,65.4119
2023-04-26,73.5400,73.6500,72.4600,72.5900,3999000,64.1828
2023-04-27,72.8000,73.6200,72.6200,73.5100,4126300,64.9963
2023-04-28,73.5400,74.0300,73.0900,73.5500,4598700,65.0317
2023-05-01,73.5000,74.5600,73.3300,74.0900,4044500,65.5091
2023-05-02,74.2500,74.3600,73.0800,73.1500,4180300,64.6780
2023-05-03,73.6000,74.1900,73.1900,73.3300,3240500,64.8372
2023-05-04,73.4400,74.2900,72.5300,74.2500,4305200,65.6506
2023-05-05,73.7800,74.9600,73.6600,74.9400,3945500,66.2607
2023-05-08,74.8100,75.1600,74.2700,74.5700,2971600,65.9335
2023-05-09,74.3200,74.8800,74.0300,74.6900,4205600,66.0396
2023-05-10,74.9600,75.7500,74.8000,75.6600,4021700,66.8973
2023-05-11,75.5900,75.8000,74.3900,74.6500,3206600,66.0043
2023-05-12,74.1700,74.2500,72.7900,73.3500,4820400,65.4688
2023-05-15,73.5400,73.6400,72.0900,72.4200,3706000,64.6387
2023-05-16,72.3600,72.5400,70.5500,70.9000,4008200,63.2820
2023-05-17,71.0100,71.3300,70.4700,70.9400,4411600,63.3177
2023-05-18,70.6500,71.1300,70.3500,71.0500,4355300,63.4159
2023-05-19,71.4100,71.8100,70.9100,71.4100,4665600,63.7372
2023-05-22,71.6000,71.8000,70.9400,70.9500,2913800,63.3266
2023-05-23,70.6500,71.4000,70.6300,71.1500,4500000,63.5051
2023-05-24,71.0500,71.6700,70.7300,70.8500,4044700,63.2374
2023-05-25,71.1000,71.1900,69.6700,69.8200,4980700,62.3180
2023-05-26,69.7200,69.8000,69.0200,69.4700,5056000,62.0057
2023-05-30,69.4600,70.1900,69.1700,69.8300,4197200,62.3270
2023-05-31,69.8300,70.2900,69.1500,69.7500,6383300,62.2556
2023-06-01,69.9900,69.9900,68.9300,69.1800,5021800,61.7468
2023-06-02,68.8900,69.8800,68.5900,69.4500,4840700,61.9878
2023-06-05,69.3400,70.1600,69.2500,69.6900,3445300,62.2020
2023-06-06,70.1600,70.3100,69.3500,69.3700,5025700,61.9164
2023-06-07,69.3800,70.3800,68.8100,70.1300,4954200,62.5947
2023-06-08,70.3400,71.1100,69.8600,71.0800,4215900,63.4427
2023-06-09,71.1000,71.3500,70.3500,71.2600,3937100,63.6033
2023-06-12,71.4800,71.5000,70.6600,70.8400,3395000,63.2285
2023-06-13,70.3300,70.8800,69.9400,70.4500,4128900,62.8803
2023-06-14,70.6000,71.4100,70.3700,70.4800,4249300,62.9071
2023-06-15,70.8800,71.3500,70.5400,70.7600,4141900,63.1570
2023-06-16,70.6400,72.1900,70.5600,71.7600,9349900,64.0496
2023-06-20,71.4800,71.6200,70.2900,70.3400,3723600,62.7822
2023-06-21,70.1800,71.6600,69.8400,71.6400,2958000,63.9425
2023-06-22,71.9100,72.0300,71.0900,71.3000,2513800,63.6390
2023-06-23,71.4700,71.7200,70.4100,70.4500,4605200,62.8803
2023-06-26,70.6600,71.7500,70.4200,71.7300,3078300,64.0228
2023-06-27,71.8500,71.9400,70.8500,71.1200,4005800,63.4784
2023-06-28,71.0000,71.0800,69.7100,69.8700,3895000,62.3627
2023-06-29,69.5100,69.8900,68.6700,69.1400,5376100,61.7111
2023-06-30,69.4300,70.3900,68.8500,70.2500,5505600,62.7018
2023-07-03,70.5000,70.6700,70.1100,70.5700,2156300,62.9874
2023-07-05,70.3600,72.0800,70.3600,71.6800,5197600,63.9782
2023-07-06,71.1300,71.2200,70.3700,70.7900,3966800,63.1838
2023-07-07,70.3900,71.1400,70.0700,70.6800,3455800,63.0856
2023-07-10,70.5800,70.7100,69.7500,70.1400,2652000,62.6037
2023-07-11,70.1600,70.7500,69.7500,70.7300,2770600,63.1303
2023-07-12,70.9300,71.7100,70.5500,71.5900,3708400,63.8979
2023-07-13,71.5100,71.7500,71.0600,71.4800,4050600,63.7997
2023-07-14,71.2900,71.6700,71.0100,71.3800,2810400,63.7104
2023-07-17,71.2400,71.3400,70.1600,70.1800,2941200,62.6394
2023-07-18,70.1800,70.4100,68.8100,69.0900,3611600,61.6665
2023-07-19,69.2200,70.4300,69.0100,70.1400,3383900,62.6037
2023-07-20,70.3600,71.3000,69.9800,71.0700,6103700,63.4337
2023-07-21,71.3600,73.2900,71.1800,73.0600,5326200,65.2099
2023-07-24,73.2400,73.3700,72.5000,72.9500,3446600,65.1117
2023-07-25,72.7000,73.1800,72.4000,72.6100,3997200,64.8082
2023-07-26,72.5100,73.8400,72.4600,73.0900,3005600,65.2367
2023-07-27,72.8100,73.0200,72.3900,72.8600,5379900,65.0314
2023-07-28,73.3100,73.6400,72.1600,72.3500,5362800,64.5762
2023-07-31,72.7100,72.8800,72.0000,72.3400,6777500,64.5673
2023-08-01,72.2800,72.5400,71.2500,71.2800,3892700,63.6212
2023-08-02,71.0200,71.6400,70.8900,70.9700,3746600,63.3445
2023-08-03,71.3600,71.9800,68.6000,68.6200,5397400,61.2470
2023-08-04,68.7400,69.6200,67.5100,67.8400,4105500,60.5508
2023-08-07,68.0000,68.5300,67.8400,68.0200,3197200,60.7114
2023-08-08,68.0100,68.8300,67.6800,68.8100,3567200,61.4166
2023-08-09,68.8200,69.7100,68.7500,69.1900,3729200,61.7557
2023-08-10,69.7000,69.9700,69.1000,69.4100,2583800,61.9521
2023-08-11,69.3400,69.7000,68.9300,69.5000,3230300,62.0324
2023-08-14,69.4100,69.7400,68.6000,68.8300,2773200,61.4344
2023-08-15,68.3700,68.5300,67.7000,67.7800,3450200,60.4972
2023-08-16,68.0900,68.4800,67.7800,68.1100,2246900,60.7918
2023-08-17,68.2400,69.0800,68.1200,68.2500,2620500,60.9167
2023-08-18,67.5800,68.2000,67.4600,67.8100,2682700,61.1512
2023-08-21,67.7500,67.8500,67.1400,67.6100,2308900,60.9708
2023-08-22,67.4900,67.9600,67.2200,67.7300,2060700,61.0791
2023-08-23,68.1100,68.1500,67.2400,67.5500,2655000,60.9167
2023-08-24,67.5500,68.6400,67.4100,67.4300,2414700,60.8085
2023-08-25,67.6100,68.4400,67.4700,68.0900,2227400,61.4037
2023-08-28,68.2100,68.4100,67.7300,68.1300,2380400,61.4398
2023-08-29,68.3000,68.6000,67.9100,68.5700,2535700,61.8366
2023-08-30,68.5500,69.1800,68.1800,68.6200,3583400,61.8817
2023-08-31,68.8200,68.8300,67.7000,67.7300,4063800,61.0791
2023-09-01,68.2200,68.5300,66.4100,67.2200,3505400,60.6191
2023-09-05,67.0500,67.3300,65.9300,66.3000,3197800,59.7895
2023-09-06,66.4600,66.5500,65.9700,66.2500,5730300,59.7444
2023-09-07,66.7900,67.9300,66.7400,67.1100,3728600,60.5199
2023-09-08,67.2000,67.9400,66.9800,67.9300,4412100,61.2594
2023-09-11,67.8300,68.4500,67.7100,68.1300,2838600,61.4398
2023-09-12,68.0800,68.8800,67.4500,68.6000,3754600,61.8636
2023-09-13,68.9900,69.9900,68.7400,69.5000,3632100,62.6753
2023-09-14,69.9100,70.9700,69.7400,70.9000,3698700,63.9378
2023-09-15,70.5100,71.4300,70.5100,71.0900,7353100,64.1091
2023-09-18,71.2100,71.3000,70.4100,70.9500,3686800,63.9828
2023-09-19,70.9900,71.2400,70.5900,70.9100,3961500,63.9468
2023-09-20,71.1500,71.7400,70.7100,71.2000,4072900,64.2083
2023-09-21,71.1700,71.2000,69.8700,69.9000,3982700,63.0360
2023-09-22,69.6000,69.9900,69.1200,69.3700,3528500,62.5580
2023-09-25,69.0600,69.4000,68.6700,69.2900,3038000,62.4859
2023-09-26,68.8100,69.1100,66.8000,67.1100,3948400,60.5199
2023-09-27,67.0000,67.4400,66.0300,66.1400,4712500,59.6452
2023-09-28,66.5300,66.7100,64.9300,65.0700,5083500,58.6803
2023-09-29,65.8200,65.9000,64.3600,64.7200,4928500,58.3646
2023-10-02,64.3000,64.4800,61.9200,62.7100,7772700,56.5520
2023-10-03,62.3000,64.3800,61.5600,64.0300,8589500,57.7424
2023-10-04,64.3000,64.7300,63.3600,64.6200,5147200,58.2745
2023-10-05,64.4300,65.0700,63.7200,64.5900,5269100,58.2474
2023-10-06,63.4900,65.1400,62.2600,64.9700,5158400,58.5901
2023-10-09,65.0000,65.9300,64.8800,65.9100,3845600,59.4378
2023-10-10,66.0000,66.5600,65.6800,66.4400,4253000,59.9157
2023-10-11,66.8000,67.2800,66.2800,67.1000,3908100,60.5109
2023-10-12,66.9200,67.1500,65.2500,65.7000,4192400,59.2484
2023-10-13,66.3500,66.8600,66.0000,66.5500,3368600,60.0149
2023-10-16,67.0700,67.7200,66.5800,67.5000,4242000,60.8716
2023-10-17,67.1100,67.5500,66.5500,67.1100,4596300,60.5199
2023-10-18,67.1000,67.5200,66.4100,66.6000,3545000,60.0600
2023-10-19,66.6000,67.3400,66.2400,66.4400,4067000,59.9157
2023-10-20,66.1900,67.1100,65.7000,65.7300,4195000,59.2755
2023-10-23,65.0800,66.2300,64.5300,65.4300,3700200,59.0049
2023-10-24,66.0600,66.6400,65.8900,66.4500,3782100,59.9247
2023-10-25,66.1200,66.7400,65.8200,66.6100,3781700,60.0690
2023-10-26,66.6300,67.6400,66.5400,67.1600,4655100,60.5650
2023-10-27,66.8000,67.5900,66.1200,66.5300,4214300,59.9969
2023-10-30,66.8600,67.3200,66.6100,66.7900,3945800,60.2314
2023-10-31,67.0100,67.6000,66.7000,67.3000,4856500,60.6913
2023-11-01,67.6400,68.8100,67.1300,68.4300,4880600,61.7103
2023-11-02,67.3800,70.5600,67.3800,70.1200,5970700,63.2344
2023-11-03,70.5600,71.3300,70.3700,70.3900,5554400,63.4779
2023-11-06,70.4100,70.7200,69.2200,69.2300,5497000,62.4318
2023-11-07,69.3600,69.4800,68.5500,68.7200,5092600,61.9718
2023-11-08,68.4500,68.6700,67.5200,68.6000,4665700,61.8636
2023-11-09,68.8100,69.1900,67.9500,68.0400,5923300,61.3586
2023-11-10,68.3900,68.4400,67.7000,68.1000,5902500,61.4127
2023-11-13,67.9500,68.2000,67.1900,67.3400,5187100,60.7273
2023-11-14,68.2400,69.2900,68.1300,69.2100,5711500,62.4137
2023-11-15,69.0800,69.8100,68.6800,68.7700,3392300,62.0169
2023-11-16,69.3900,70.3500,69.2600,70.2700,4517100,63.3696
2023-11-17,69.9900,70.0500,69.2900,69.7700,4594500,63.5518
2023-11-20,69.6500,69.6500,68.6300,69.4400,3353000,63.2512
2023-11-21,69.6300,69.8900,68.8300,69.6500,3251400,63.4425
2023-11-22,69.9300,69.9400,69.2100,69.5900,2753000,63.3878
2023-11-24,69.6800,69.8200,69.3100,69.6100,1119300,63.4061
2023-11-27,69.6300,70.4100,69.4400,70.2600,3794300,63.9981
2023-11-28,70.2800,71.1500,69.9300,70.4900,4804700,64.2076
2023-11-29,70.5800,70.9700,69.9100,70.2300,4201800,63.9708
2023-11-30,70.3400,71.2800,70.2200,70.9800,8114700,64.6540
2023-12-01,70.9100,71.5300,70.4000,71.5200,3996100,65.1458
2023-12-04,71.2500,71.7900,71.1600,71.2800,4205900,64.9272
2023-12-05,71.3800,71.4600,70.7900,70.9300,3635500,64.6084
2023-12-06,71.1000,72.3000,71.1000,72.2600,4829500,65.8199
2023-12-07,72.4700,72.5500,71.5600,71.6500,3575900,65.2643
2023-12-08,71.6900,72.1900,70.9400,71.5000,2711200,65.1276
2023-12-11,71.2300,71.5600,70.8400,71.3600,4000800,65.0001
2023-12-12,71.4900,71.4900,70.1300,70.4700,4376000,64.1894
2023-12-13,70.5600,73.1000,70.1000,73.0800,5762900,66.5668
2023-12-14,73.2300,73.4200,71.3300,71.5000,6377300,65.1276
2023-12-15,70.8400,70.9800,70.0300,70.8600,12327600,64.5447
2023-12-18,70.6700,71.6800,70.6600,71.4200,5131900,65.0547
2023-12-19,71.1500,71.9500,71.0300,71.2600,3733500,64.9090
2023-12-20,71.2200,71.4400,69.6700,69.6900,4363800,63.4789
2023-12-21,69.9200,70.1600,68.7100,69.3700,4146700,63.1875
2023-12-22,69.8000,70.2000,69.3300,69.4400,3013400,63.2512
2023-12-26,69.3000,69.8500,69.1800,69.4500,2131000,63.2603
2023-12-27,69.2200,69.6700,69.0100,69.4100,2771900,63.2239
2023-12-28,69.3600,70.3200,69.2800,70.1600,2790500,63.9071
2023-12-29,69.8500,70.2600,69.6300,70.1200,2895500,63.8706
2024-01-02,69.6700,70.9600,69.6000,70.8500,3955100,64.5355
2024-01-03,71.0000,72.3000,70.9900,72.2400,6290500,65.8017
2024-01-04,72.3100,72.5400,71.5800,71.7100,3442500,65.3189
2024-01-05,71.7400,71.8500,70.7100,71.6100,5670200,65.2278
2024-01-08,71.5000,72.1800,71.1800,72.1600,3296400,65.7288
2024-01-09,71.7000,72.0100,71.3400,71.8700,3073600,65.4646
2024-01-10,71.9900,71.9900,71.3500,71.8300,2563200,65.4282
2024-01-11,72.0000,72.0000,70.4200,70.5800,3407600,64.2896
2024-01-12,71.0500,71.5700,70.8100,71.4200,3184000,65.0547
2024-01-16,71.1000,71.1000,70.1800,70.3200,3515000,64.0528
2024-01-17,70.0000,70.8900,69.1100,69.6300,3775800,63.4243
2024-01-18,69.3100,69.4700,68.4500,68.7700,3797300,62.6409
2024-01-19,68.9100,69.3300,68.4500,68.9500,5003300,62.8049
2024-01-22,68.9400,69.3500,68.0900,68.8200,3670700,62.6865
2024-01-23,68.7600,68.9500,68.4700,68.8300,5660300,62.6956
2024-01-24,69.2200,69.4100,67.7000,68.2000,6257700,62.1217
2024-01-25,68.8400,69.2600,68.2900,69.2400,3897800,63.0690
2024-01-26,69.2400,69.4400,68.5900,69.1100,5987600,62.9506
2024-01-29,69.1500,69.2900,68.6800,69.1900,4673800,63.0235
2024-01-30,69.1100,69.5800,68.7100,69.2500,4578700,63.0781
2024-01-31,70.0000,70.3300,69.0700,69.5200,8371500,63.3241
2024-02-01,69.1000,70.5300,68.8000,70.5000,4554400,64.2168
2024-02-02,69.8200,69.9600,67.9600,68.6500,5652100,62.5316
2024-02-05,68.3000,68.3400,67.0700,67.1800,5015400,61.1926
2024-02-06,67.0800,67.6800,66.9400,67.4000,3471600,61.3930
2024-02-07,67.5400,67.7700,66.8000,66.9500,4406200,60.9831
2024-02-08,66.6100,67.0300,66.3600,66.9400,3811100,60.9740
2024-02-09,66.6300,67.2000,66.5100,66.9100,3792800,60.9467
2024-02-12,66.9400,68.3300,66.6300,68.3100,4782800,62.2219
2024-02-13,68.0000,68.5600,66.4900,67.5100,5357500,61.4932
2024-02-14,67.4600,67.8900,67.2300,67.8100,4146900,61.7665
2024-02-15,67.0500,68.2000,66.0800,66.8300,10332900,60.8738
2024-02-16,65.9900,66.6400,65.8000,66.4800,8509100,61.1960
2024-02-20,66.6200,68.3400,66.4300,67.0400,6385800,61.7115
2024-02-21,67.4400,67.8500,67.1100,67.7300,4256500,62.3467
2024-02-22,67.1700,67.5800,66.5400,67.2800,3530400,61.9324
2024-02-23,67.3200,68.0600,67.2200,67.6900,3222200,62.3098
2024-02-26,67.4100,67.5000,66.2400,66.2500,4060000,60.9843
2024-02-27,66.4000,66.7400,66.0800,66.4600,4146900,61.1776
2024-02-28,66.4600,66.8200,66.2000,66.8100,5211700,61.4998
2024-02-29,67.1200,67.6400,66.8000,67.2500,8578100,61.9048
2024-03-01,67.0300,67.1200,65.9900,66.8600,4748200,61.5458
2024-03-04,66.8700,68.2900,66.6200,68.2000,4285900,62.7793
2024-03-05,68.5000,69.2600,67.5500,67.9800,4542800,62.5768
2024-03-06,68.4700,68.9200,67.9800,68.5800,4629200,63.1291
2024-03-07,69.2000,69.4200,68.7600,69.2500,4896000,63.7458
2024-03-08,69.3300,69.5100,68.5600,69.0100,3705200,63.5249
2024-03-11,68.9200,69.8800,68.6900,69.7800,3490900,64.2337
2024-03-12,69.4400,70.1000,69.0300,69.3500,3255400,63.8379
2024-03-13,69.8400,70.4300,69.8000,69.9400,5086200,64.3810
2024-03-14,69.6500,69.9300,68.8000,69.3800,4212500,63.8655
2024-03-15,68.9600,69.7700,68.7000,69.0900,8653700,63.5986
2024-03-18,69.1800,69.6200,68.9900,69.4200,2688800,63.9023
2024-03-19,69.6300,70.3300,69.0200,70.2100,3848600,64.6295
2024-03-20,70.1200,70.6600,69.8900,70.2300,4251000,64.6480
2024-03-21,70.4400,70.8000,69.8700,69.9000,2864700,64.3442
2024-03-22,70.2900,70.5200,69.7900,69.8000,3137900,64.2521
2024-03-25,69.9000,70.1000,69.5200,69.7600,2065200,64.2153
2024-03-26,69.5500,69.7200,69.1500,69.2700,4360500,63.7642
2024-03-27,69.6400,71.0700,69.6000,71.0500,4328300,65.4028
2024-03-28,71.0200,71.9100,70.8000,71.7400,4731200,66.0379
2024-04-01,71.4900,71.7000,70.5600,71.1000,3147500,65.4488
2024-04-02,71.2400,72.0800,71.0900,71.3400,3829400,65.6697
2024-04-03,71.4400,71.7100,70.8000,70.9800,3798400,65.3384
2024-04-04,70.9800,71.3700,69.6600,70.0500,6240900,64.4823
2024-04-05,69.5500,70.1600,69.1600,69.9100,5302600,64.3534
2024-04-08,69.7600,70.3200,69.6300,70.0600,3400300,64.4915
2024-04-09,70.3600,70.6000,69.8600,70.5900,4811600,64.9793
2024-04-10,69.3700,69.9100,68.9700,69.7700,8425000,64.2245
2024-04-11,70.1100,70.1100,68.9600,69.5800,3297600,64.0496
2024-04-12,69.8400,69.9300,68.3200,68.7300,4818400,63.2672
2024-04-15,68.9900,69.4800,67.9500,68.3900,3974100,62.9542
2024-04-16,68.2400,68.2400,67.5300,67.7700,4426800,62.3835
2024-04-17,68.0900,69.9800,68.0200,69.8000,6705800,64.2521
2024-04-18,70.0000,70.6900,69.4300,70.5700,4602100,64.9609
2024-04-19,70.8700,72.1800,70.7000,72.1500,6549300,66.4154
2024-04-22,71.9000,73.1500,71.6600,72.9800,5387600,67.1794
2024-04-23,72.9700,73.7700,72.5500,73.2500,6054400,67.4279
2024-04-24,72.7500,74.2200,72.1100,73.9100,5661800,68.0355
2024-04-25,73.8700,74.8500,73.2200,74.3700,6164400,68.4589
2024-04-26,74.3700,74.4400,73.1400,73.2100,5478800,67.3911
2024-04-29,73.6700,74.4800,73.6700,74.3900,3851400,68.4773
2024-04-30,73.9100,74.5500,73.2300,73.5000,5271300,67.6580
2024-05-01,73.3800,75.1300,73.2000,74.5200,5241700,68.5970
2024-05-02,75.0100,75.9200,74.6400,75.3300,5468400,69.3426
2024-05-03,75.8500,75.9800,74.9100,75.8500,4578200,69.8213
2024-05-06,75.5100,76.2800,74.8800,75.4700,8062100,69.4715
2024-05-07,75.2000,77.0700,75.2000,76.9500,8919700,70.8338
2024-05-08,76.8900,77.7700,76.6600,77.6300,6695000,71.4598
2024-05-09,77.5900,78.3000,77.1000,78.2500,5542600,72.0305
2024-05-10,78.6900,78.7400,77.8400,78.1400,4939800,71.9292
2024-05-13,78.5000,78.9400,78.3400,78.7000,4420100,72.4447
2024-05-14,79.0000,79.1600,78.3700,78.7100,5224300,72.4539
2024-05-15,79.1100,79.7700,79.0300,79.2900,4130000,72.9879
2024-05-16,79.2300,79.8500,79.2300,79.3800,5718800,73.0707
2024-05-17,78.6700,79.6800,78.2300,79.5400,4833700,73.8882
2024-05-20,79.6800,79.7000,78.9700,79.1900,2984100,73.5630
2024-05-21,79.3100,80.1400,79.2500,79.7800,3694100,74.1111
2024-05-22,79.3200,79.6100,78.5600,78.6900,3356200,73.0986
2024-05-23,78.3300,78.3400,77.1100,77.1700,3890000,71.6866
2024-05-24,77.3300,77.8200,77.2500,77.7500,2424700,72.2253
2024-05-28,77.5600,78.3300,77.2800,77.5400,2941700,72.0303
2024-05-29,77.0500,77.3800,76.6400,77.2000,4413800,71.7144
2024-05-30,77.4000,78.1000,76.8700,78.0800,4237900,72.5319
2024-05-31,78.3300,80.2300,78.1500,80.1400,7168000,74.4455
2024-06-03,79.7800,80.4900,79.2800,80.3900,4539700,74.6778
2024-06-04,80.2500,80.8400,79.5600,80.7100,5106500,74.9750
2024-06-05,80.6700,80.6700,79.1700,79.4200,4245700,73.7767
2024-06-06,79.4700,79.8800,78.5900,78.6500,4210900,73.0614
2024-06-07,78.2300,78.6100,77.8900,77.9400,3865800,72.4018
2024-06-10,77.8600,79.0100,77.6100,78.9700,5509200,73.3587
2024-06-11,78.4400,79.0500,78.0500,78.5000,3814900,72.9221
2024-06-12,79.4000,79.4000,77.8300,78.4400,2825600,72.8663
2024-06-13,78.5600,78.9100,77.8100,78.6900,2678100,73.0986
2024-06-14,78.4900,78.9700,78.0000,78.6500,2444400,73.0614
2024-06-17,78.0700,78.6000,77.4400,77.6800,3747600,72.1603
2024-06-18,77.6200,78.0200,77.2500,77.9400,3356300,72.4018
2024-06-20,78.1400,79.0700,77.6600,78.8700,3996500,73.2658
2024-06-21,78.9800,79.4300,78.3000,78.4600,8470400,72.8849
2024-06-24,78.4600,79.5800,78.3700,79.3400,2574400,73.7024
2024-06-25,79.2400,79.3000,77.8100,78.0200,2998900,72.4762
2024-06-26,77.7700,78.4500,77.4500,78.2100,2856000,72.6527
2024-06-27,78.2000,78.3300,77.5100,78.0400,3040800,72.4947
2024-06-28,78.0200,78.2000,77.1800,77.5700,6227000,72.0582
2024-07-01,78.0300,78.4700,76.9600,77.0000,2936500,71.5286
2024-07-02,77.2800,77.8400,77.0000,77.5500,2766600,72.0396
2024-07-03,77.6100,78.3800,77.5600,77.7200,1432800,72.1975
2024-07-05,77.8300,78.6300,77.4700,78.0400,2343600,72.4947
2024-07-08,78.0200,78.2200,77.6200,77.8000,2359600,72.2718
2024-07-09,77.7100,78.7100,77.7100,78.1200,2623600,72.5691
2024-07-10,78.4300,78.5400,77.7900,78.4400,2443100,72.8663
2024-07-11,78.7000,80.0700,78.6100,79.8600,3542500,74.1854
2024-07-12,80.0000,80.3500,79.6300,79.9900,3682300,74.3062
2024-07-15,79.5200,80.2500,79.3000,80.0500,4114000,74.3619
2024-07-16,80.5000,81.1900,80.2600,81.1200,3211400,75.3559
2024-07-17,81.3800,82.8400,81.1800,81.6300,4313700,75.8296
2024-07-18,81.0600,82.2600,81.0600,81.3100,2921900,75.5324
2024-07-19,81.8300,81.8300,81.0400,81.4000,2729800,75.6160
2024-07-22,81.4800,82.1700,81.3300,81.8500,3619900,76.0340
2024-07-23,81.7400,81.8200,81.2900,81.3500,2188300,75.5695
2024-07-24,82.0500,82.6900,81.5100,82.6700,4190600,76.7958
2024-07-25,82.9700,83.4600,81.3200,81.6600,4028800,75.8575
2024-07-26,81.9500,82.5100,81.8200,82.1700,4010100,76.3313
2024-07-29,82.4200,83.3000,82.2000,83.0500,3571700,77.1488
2024-07-30,82.6400,83.4900,82.5400,83.3800,4032500,77.4553
2024-07-31,82.9400,83.7000,82.2900,83.5200,7362300,77.5854
2024-08-01,83.9200,87.6800,83.3300,87.5700,8598500,81.3476
2024-08-02,88.3800,89.2400,86.4200,88.5800,7196600,82.2858
2024-08-05,88.9900,89.6800,86.4000,86.5700,6380200,80.4186
2024-08-06,86.8000,87.8600,86.4400,86.4500,4332800,80.3072
2024-08-07,86.8100,87.8400,86.5000,87.2900,5028600,81.0875
2024-08-08,86.4600,87.4300,86.2500,86.4600,4337300,80.3164
2024-08-09,86.5500,86.8900,85.6200,86.8000,3974000,80.6323
2024-08-12,87.0000,87.3000,86.4700,87.2000,3641200,81.0039
2024-08-13,87.4000,87.6900,86.8100,87.2000,3408900,81.0039
2024-08-14,86.7800,87.7800,86.5800,87.1900,2284200,80.9946
2024-08-15,86.5000,87.1900,86.2700,87.0100,2810600,80.8274
2024-08-16,87.3900,87.8500,86.7500,87.3600,3754400,81.1525
2024-08-19,86.8300,87.0300,86.5200,86.9400,2670400,81.4335
2024-08-20,87.0300,87.5200,86.5600,86.8000,3576500,81.3024
2024-08-21,86.7600,87.7000,86.6600,87.5700,4543000,82.0236
2024-08-22,87.5200,87.5200,86.0300,86.4100,5935200,80.9371
2024-08-23,86.6800,86.8800,86.0400,86.1200,3987500,80.6654
2024-08-26,86.2800,86.8200,86.1900,86.4900,3965900,81.0120
2024-08-27,86.3200,86.6400,85.6500,85.7400,3129900,80.3095
2024-08-28,86.0300,86.7000,85.5100,85.7500,4115900,80.3189
2024-08-29,85.5900,85.8700,84.8800,85.8000,5020100,80.3657
2024-08-30,85.9100,86.5200,85.6300,86.4000,4137400,80.9277
2024-09-03,86.4300,89.2400,86.3600,88.9100,6486800,83.2787
2024-09-04,89.4300,90.2500,88.4100,89.1300,4189800,83.4848
2024-09-05,89.9800,90.3400,88.8700,89.5100,4598200,83.8407
2024-09-06,89.5400,89.8500,88.2200,88.4100,4614200,82.8104
2024-09-09,88.4400,89.4100,88.4000,89.3200,3854300,83.6628
2024-09-10,89.5000,90.2000,89.3400,89.6400,4104500,83.9625
2024-09-11,89.3200,89.4000,88.1400,88.7700,3877200,83.1476
2024-09-12,88.8600,89.2200,88.3100,88.4900,3527100,82.8853
2024-09-13,88.5600,89.5000,88.2200,89.4400,2311700,83.7752
2024-09-16,89.0000,90.1300,89.0000,89.8900,3701100,84.1967
2024-09-17,89.7800,89.8400,89.1100,89.6500,3019200,83.9719
2024-09-18,89.5300,89.7500,88.4700,89.0100,3676000,83.3724
2024-09-19,88.6500,89.0100,88.0000,88.8600,7627700,83.2319
2024-09-20,90.1200,90.1400,88.4700,89.7000,9736500,84.0187
2024-09-23,89.8500,90.5900,89.5300,90.5200,3825100,84.7867
2024-09-24,89.9900,90.8500,89.4900,89.7300,6222400,84.0468
2024-09-25,90.1500,90.5500,88.9200,89.3500,3457200,83.6909
2024-09-26,88.8900,89.6200,88.6500,88.9500,3742400,83.3162
2024-09-27,89.1900,90.1300,88.9100,90.1000,4531700,84.3934
2024-09-30,90.0500,90.6300,89.5500,90.1800,6838500,84.4683
2024-10-01,90.4600,91.7700,90.0000,90.8800,4029900,85.1239
2024-10-02,90.2500,91.8200,90.1200,91.5900,4869000,85.7890
2024-10-03,91.8200,91.8700,90.1900,90.7000,6120700,84.9553
2024-10-04,89.9000,90.4800,89.3500,90.3100,3432300,84.5900
2024-10-07,90.0600,90.2300,88.6700,88.8900,4871300,83.2600
2024-10-08,89.2000,89.7200,88.8000,89.2900,2865500,83.6347
2024-10-09,89.4400,90.0000,88.8100,88.9300,4127800,83.2975
2024-10-10,88.9700,89.8000,88.2100,88.2600,3288000,82.6699
2024-10-11,88.6100,89.0800,88.3200,88.9600,3081200,83.3256
2024-10-14,88.7500,89.9500,88.7500,89.8400,2764600,84.1498
2024-10-15,90.5000,91.4000,90.3600,90.7100,3716600,84.9647
2024-10-16,90.9800,92.4600,90.6000,92.2900,3425700,86.4446
2024-10-17,92.3100,92.8500,92.0200,92.7000,3908700,86.8287
2024-10-18,92.7000,93.3500,92.0200,93.2400,3663400,87.3345
2024-10-21,93.4200,93.7300,92.6100,92.7300,3188100,86.8568
2024-10-22,92.3500,93.1900,92.1100,93.0800,3021100,87.1846
2024-10-23,92.9100,94.1800,92.8300,94.1500,4738900,88.1869
2024-10-24,93.8800,94.4500,93.3300,93.6100,2722300,87.6810
2024-10-25,94.1400,94.1900,91.8100,91.8800,2498800,86.0606
2024-10-28,92.2200,92.6900,91.7600,91.7900,2773000,85.9763
2024-10-29,91.0000,91.0300,89.6300,89.8200,5860700,84.1311
2024-10-30,90.3300,90.3300,89.0400,89.3600,7005800,83.7002
2024-10-31,90.6900,92.3800,90.1200,91.0300,10247100,85.2645
2024-11-01,91.0000,91.0000,88.3000,88.5400,6817400,82.9321
2024-11-04,88.5400,89.2100,87.5000,88.1200,4745100,82.5388
2024-11-05,88.1800,88.7800,87.7800,88.7000,4438000,83.0820
2024-11-06,88.2000,88.7400,87.1100,87.4200,4708100,81.8831
2024-11-07,87.5100,87.7300,86.3700,86.9300,4574500,81.4241
2024-11-08,87.4400,88.7900,87.1500,88.6400,3805900,83.0258
2024-11-11,88.1400,89.1300,88.1400,88.3300,2899600,82.7355
2024-11-12,88.4000,88.6300,87.6000,87.7100,4171500,82.1547
2024-11-13,88.2300,88.2300,86.7800,87.5200,3329800,81.9768
2024-11-14,87.4900,87.5000,86.6100,86.7800,3316300,81.2836
2024-11-15,86.6700,88.0000,86.6700,87.9300,4464500,82.3608
2024-11-18,87.0000,88.1700,86.8400,88.0400,4991500,83.1446
2024-11-19,87.8100,88.3900,87.1400,88.2900,3546400,83.3808
2024-11-20,88.1000,88.4100,87.8000,87.9700,4239900,83.0785
2024-11-21,87.8500,88.4100,87.3700,88.1400,5635600,83.2391
2024-11-22,88.5500,88.6300,87.5800,87.6000,3440000,82.7291
2024-11-25,87.9500,88.4400,87.4100,88.4200,5833900,83.5035
2024-11-26,88.5300,89.3600,88.1400,89.3300,3509100,84.3629
2024-11-27,89.6800,90.2400,89.3400,89.7400,3504700,84.7501
2024-11-29,89.9100,90.0900,88.9200,89.1300,2364000,84.1740
2024-12-02,89.3900,89.3900,87.6400,87.7700,4030000,82.8897
2024-12-03,88.2700,88.5000,86.2400,86.2600,5724600,81.4636
2024-12-04,86.1700,86.4700,85.5000,85.8500,3795700,81.0764
2024-12-05,85.9000,86.6500,85.8900,86.1900,3007600,81.3975
2024-12-06,86.1200,86.4400,84.5000,84.8100,4798300,80.0942
2024-12-09,84.9000,85.2000,83.8500,84.3100,3866600,79.6220
2024-12-10,84.1100,84.6800,83.2400,84.3900,3250000,79.6976
2024-12-11,84.1600,84.3600,83.0000,83.2500,5066800,78.6210
2024-12-12,83.5700,84.1700,83.1800,83.3700,3053900,78.7343
2024-12-13,83.2700,83.3900,82.7100,83.2000,2549300,78.5738
2024-12-16,83.1600,83.3400,81.8200,81.8800,4716300,77.3272
2024-12-17,81.5500,83.3600,81.3800,83.2800,5500700,78.6493
2024-12-18,82.8900,83.2000,81.4500,81.5000,4016000,76.9683
2024-12-19,81.5000,82.7900,81.3800,81.7800,4044400,77.2327
2024-12-20,81.7500,83.1000,81.4000,82.8600,7725000,78.2527
2024-12-23,82.8500,83.1000,81.9600,83.0400,2556400,78.4227
2024-12-24,83.0600,83.1700,82.7100,83.1600,1146300,78.5360
2024-12-26,82.7100,83.1800,82.5000,82.8400,2177500,78.2338
2024-12-27,82.3200,83.3200,82.2600,83.1400,2603000,78.5171
2024-12-30,82.7900,82.9600,82.0300,82.3800,3813100,77.7994
2024-12-31,82.4400,82.7900,81.6500,82.3200,2987200,77.7427
2025-01-02,82.8700,82.9900,81.8100,82.0700,2653100,77.5066
2025-01-03,82.2700,83.0000,82.1000,82.3200,4648000,77.7427
2025-01-06,82.0300,82.3800,80.4600,80.9600,5375500,76.4583
2025-01-07,81.1100,82.1000,80.9700,81.0900,4533300,76.5811
2025-01-08,81.5200,83.0500,81.3100,83.0200,7807500,78.4038
2025-01-10,82.3000,82.9300,81.2000,81.3200,5002300,76.7983
2025-01-13,81.7400,81.9600,80.5000,81.8700,3555600,77.3177
2025-01-14,82.0000,82.2400,81.4100,82.0500,3693200,77.4877
2025-01-15,82.9000,83.2100,82.0000,82.3400,4113300,77.7616
2025-01-16,82.1000,83.9300,81.9600,83.8900,4452800,79.2254
2025-01-17,83.6800,84.4900,83.3500,83.9000,5407000,79.2348
2025-01-21,84.1800,85.4700,84.1000,84.7300,5647500,80.0187
2025-01-22,84.2800,84.5600,82.4600,82.5200,5195000,77.9316
2025-01-23,82.5200,82.9000,82.1300,82.2600,5846700,77.6860
2025-01-24,82.0900,83.9100,82.0500,83.4800,6574400,78.8382
2025-01-27,83.9100,86.6500,82.8700,86.5000,7700200,81.6903
2025-01-28,86.1400,86.2800,83.5300,83.5400,6138500,78.8949
2025-01-29,83.8800,84.4500,82.6900,82.8300,5771800,78.2243
2025-01-30,83.8000,85.1000,83.5000,84.9300,6408100,80.2076
2025-01-31,84.5100,84.7400,83.4300,83.9500,4685500,79.2821
2025-02-03,83.5200,84.3800,83.0000,83.9700,6165300,79.3010
2025-02-04,83.7000,83.8900,82.7800,83.2000,4716200,78.5738
2025-02-05,83.8800,84.1900,83.2300,83.8700,4161500,79.2065
2025-02-06,84.2300,84.2300,82.9000,83.7900,3339000,79.1310
2025-02-07,83.5900,84.6600,83.1600,84.5800,5077900,79.8770
2025-02-10,84.7000,85.5300,84.1800,85.5100,4141600,80.7553
2025-02-11,85.2400,86.5300,84.2900,86.4500,4376900,81.6431
2025-02-12,85.4600,86.8700,85.0000,86.8100,4723000,81.9830
2025-02-13,86.7900,87.0300,86.0300,86.7800,4396300,81.9547
2025-02-14,87.0200,87.4800,85.4800,85.5800,4390800,80.8214
2025-02-18,84.9000,85.9000,84.6700,85.8900,4207600,81.8024
2025-02-19,86.0000,86.6100,85.3800,86.4800,5049800,82.3643
2025-02-20,84.5000,89.0000,84.5000,87.8200,9109200,83.6406
2025-02-21,87.5500,88.9800,87.1000,88.4000,5347900,84.1929
2025-02-24,88.8800,89.6300,88.0700,88.8900,5476400,84.6596
2025-02-25,89.2200,90.0300,88.9300,89.8500,4871100,85.5739
2025-02-26,89.3800,89.4600,88.2300,88.7500,5241800,84.5263
2025-02-27,88.2500,89.0700,87.9500,88.2900,5155700,84.0882
2025-02-28,89.3300,89.8000,88.3300,89.7900,6142200,85.5168
2025-03-03,89.6100,90.8500,89.3400,90.8500,5725400,86.5264
2025-03-04,91.4000,92.3300,89.7600,89.8900,8846200,85.6121
2025-03-05,89.2100,90.1900,88.3800,88.6500,4595700,84.4311
2025-03-06,88.2500,89.1600,87.0900,88.7200,5368300,84.4977
2025-03-07,88.5500,91.7700,88.5200,91.4000,6728000,87.0502
2025-03-10,91.4500,93.4800,91.2000,92.9600,7370100,88.5359
2025-03-11,92.5000,92.6800,89.9600,90.1000,6760600,85.8120
2025-03-12,89.4200,89.6100,88.3000,88.6800,4536200,84.4596
2025-03-13,89.1100,90.0000,88.6800,89.6300,3587200,85.3644
2025-03-14,89.3600,90.5400,88.7800,90.3800,2990800,86.0787
2025-03-17,90.3500,91.4100,89.8700,90.5400,3649800,86.2311
2025-03-18,90.1300,90.4700,89.6600,90.2300,3505400,85.9359
2025-03-19,90.0000,90.4900,89.2700,89.6000,3366200,85.3358
2025-03-20,89.9200,90.0600,89.1400,89.9700,4652800,85.6882
2025-03-21,89.8400,90.6700,88.7500,89.3600,8327300,85.1073
2025-03-24,89.1600,90.1400,88.7700,88.8800,3641000,84.6501
2025-03-25,88.9200,88.9200,87.4000,87.7300,3912800,83.5548
2025-03-26,88.0000,89.2000,87.8500,89.0600,3953300,84.8215
2025-03-27,89.4700,90.2800,89.0000,90.0300,3830500,85.7454
2025-03-28,90.8800,91.4400,90.2700,91.1300,4483700,86.7930
2025-03-31,91.5500,92.6900,91.0900,91.9500,6340400,87.5740
2025-04-01,91.6000,92.1700,91.1500,91.8200,4178900,87.4502
2025-04-02,92.0000,92.0500,90.7100,91.3000,4704500,86.9549
2025-04-03,92.7300,93.3000,92.0000,92.5600,6392600,88.1550
2025-04-04,93.2100,93.6500,88.4900,88.9400,8268800,84.7073
2025-04-07,87.7500,89.4300,86.3600,87.2200,8150900,83.0691
2025-04-08,88.6900,88.6900,86.1600,86.8600,6248000,82.7262
2025-04-09,86.3100,89.4000,85.0000,87.8000,7694500,83.6215
2025-04-10,87.9800,89.7000,87.0000,88.8900,7047400,84.6596
2025-04-11,88.4600,90.1800,87.6800,89.8600,4022000,85.5835
2025-04-14,89.7700,91.6900,89.1600,91.1600,3330900,86.8216
2025-04-15,91.5600,91.7000,90.9300,91.0200,2381200,86.6883
2025-04-16,91.9000,91.9000,90.2600,90.4700,2731300,86.1644
2025-04-17,90.8900,93.0400,90.8100,91.8100,3462000,87.4407
2025-04-21,91.6200,91.7100,89.5800,90.2300,3015000,85.9359
2025-04-22,90.4400,92.2200,90.2500,91.8600,3849500,87.4883
2025-04-23,91.4800,91.5800,90.1700,91.1300,5214600,86.7930
2025-04-24,91.0400,91.4400,90.2700,91.0500,3018400,86.7168
2025-04-25,91.0500,91.3400,90.1500,90.4300,3442800,86.1263
2025-04-28,90.3500,91.0500,89.8200,90.7500,2332200,86.4311
2025-04-29,90.6000,91.6000,90.3400,91.4500,3234900,87.0978
2025-04-30,91.8500,92.2300,90.4000,91.8900,5934700,87.5169
2025-05-01,92.4400,92.4400,90.7500,91.4600,5319700,87.1073
2025-05-02,91.3400,91.8500,90.3700,91.0500,4060800,86.7168
2025-05-05,91.3000,91.5500,90.1300,91.0500,3572800,86.7168
2025-05-06,91.0700,91.8400,90.9000,91.2200,2995100,86.8788
2025-05-07,90.9400,92.5600,90.9400,92.1100,5011300,87.7264
2025-05-08,91.6500,92.0500,90.1700,90.3100,3711500,86.0120
2025-05-09,90.3200,90.8400,90.0400,90.3500,2982500,86.0501
2025-05-12,89.3500,89.7200,87.4600,87.7800,6666100,83.6025
2025-05-13,87.7900,88.2600,85.5100,85.5700,7041400,81.4976
2025-05-14,85.2000,85.5800,83.0900,84.9100,8015100,80.8691
2025-05-15,85.6100,87.4000,85.6100,87.3800,5255900,83.2215
2025-05-16,87.2900,88.7400,87.1300,88.7100,4181800,84.4882
2025-05-19,88.5600,89.5400,88.0800,89.4800,5997500,85.9384
2025-05-20,89.3400,91.0000,89.2000,90.8300,9612400,87.2350
2025-05-21,90.7000,90.8100,89.2900,89.6600,9104500,86.1113
2025-05-22,89.4900,89.4900,88.3900,88.8400,5055500,85.3238
2025-05-23,89.5400,89.7500,88.1200,89.6400,3129500,86.0921
2025-05-27,90.0100,90.2700,89.5700,89.9200,4316700,86.3610
2025-05-28,89.6300,89.9200,87.6000,88.2200,5217900,84.7283
2025-05-29,87.8900,88.8000,87.4100,88.7500,3670400,85.2373
2025-05-30,88.6600,90.0700,88.3400,90.0000,10682400,86.4379
2025-06-02,89.3000,90.0200,88.8400,89.9400,4338600,86.3802
2025-06-03,89.9400,90.0900,88.7100,89.5900,5353800,86.0441
2025-06-04,89.6000,89.6200,88.2700,88.2900,5816000,84.7955
2025-06-05,89.3000,89.3100,88.0800,88.3800,6725100,84.8820
2025-06-06,88.5400,88.6800,87.7300,88.2600,3995800,84.7667
2025-06-09,87.7200,89.1700,87.4900,88.5000,3907800,84.9972
2025-06-10,88.6700,89.5300,88.5700,89.3000,3969000,85.7656
2025-06-11,89.2100,89.6500,88.9200,89.5500,5151500,86.0057
2025-06-12,89.8500,91.0500,89.4200,90.3600,7122500,86.7836
2025-06-13,90.7600,91.0700,89.9300,90.3500,5059000,86.7740
2025-06-16,90.5600,90.9300,88.7900,88.9400,5374100,85.4198
2025-06-17,88.9500,89.1800,87.8500,88.4200,4413400,84.9204
2025-06-18,88.5400,88.9600,88.1500,88.6300,5189700,85.1221
2025-06-20,88.6000,89.9600,88.4700,89.3000,10746100,85.7656
2025-06-23,89.7000,90.7400,89.4400,90.6700,5907600,87.0813
2025-06-24,90.4800,91.2900,90.4400,90.8900,4558100,87.2926
2025-06-25,90.5600,90.6900,89.8100,90.4000,5548300,86.8220
2025-06-26,90.4300,91.0000,89.4700,90.3500,6003400,86.7740
2025-06-27,90.2400,91.3000,90.1900,90.9000,5228200,87.3022
2025-06-30,90.5900,91.9400,90.4300,91.8300,4924600,88.1954
2025-07-01,92.0000,92.5200,91.2700,92.3000,7399400,88.6468
2025-07-02,91.7900,92.2000,90.4900,91.1500,6437200,87.5424
2025-07-03,91.0000,91.9700,90.6400,91.5100,3467200,87.8881
2025-07-07,91.4400,91.7300,91.1500,91.6600,3433100,88.0322
2025-07-08,90.9000,91.5700,90.3800,91.2600,4600000,87.6480
2025-07-09,91.4000,91.9800,90.7600,91.9600,3236200,88.3203
2025-07-10,91.4500,93.6800,91.4500,93.2600,6686800,89.5688
2025-07-11,92.8500,93.0200,92.2300,92.6600,5014900,88.9926
2025-07-14,92.6200,93.2900,92.1200,92.6800,7698600,89.0118
2025-07-15,92.5500,93.0000,91.8700,92.4700,5215600,88.8101
2025-07-16,92.3800,93.4400,92.2600,93.3000,4498100,89.6072
2025-07-17,93.0000,93.8100,92.7800,93.3300,4489200,89.6361
2025-07-18,93.5300,94.6300,93.3700,94.1000,4197800,90.3756
2025-07-21,94.2600,95.2900,94.1500,94.7900,4206800,91.0383
2025-07-22,95.1200,96.4400,94.8000,95.8500,3889500,92.0563
2025-07-23,95.7500,95.9400,94.5700,95.1300,4353400,91.3648
2025-07-24,95.1700,95.6900,94.9300,95.0000,3904600,91.2400
2025-07-25,94.9100,95.5400,94.9100,95.3500,3069800,91.5761
2025-07-28,95.2000,95.3200,93.9600,94.3000,5481400,90.5677
2025-07-29,94.5500,95.2400,94.3500,95.2000,5217400,91.4320
2025-07-30,95.3000,95.6200,94.6400,94.9000,6808000,91.1439
2025-07-31,94.8800,95.9000,92.9100,94.4800,12682300,90.7405
2025-08-01,95.2400,95.5200,94.1500,94.9900,7496800,91.2303
2025-08-04,95.1200,96.2000,95.0200,96.0000,5838300,92.2004
2025-08-05,95.7600,96.4200,93.9600,94.3900,6033400,90.6541
2025-08-06,94.7200,95.5400,94.1700,94.6800,3656300,90.9326
2025-08-07,94.4000,95.5700,94.3100,95.3500,4162500,91.5761
2025-08-08,95.5700,95.7900,94.4700,94.6900,4148300,90.9422
2025-08-11,95.0200,95.3400,94.2300,94.5700,4313200,90.8270
2025-08-12,94.6500,94.6800,93.2800,93.9600,7908600,90.2411
2025-08-13,93.8900,94.8600,93.4000,94.7900,5478100,91.0383
2025-08-14,94.7000,94.7000,93.7500,94.1900,5252500,90.4620
2025-08-15,94.3300,94.7600,93.6300,94.0700,5698500,90.3468
2025-08-18,93.5800,93.6400,92.7700,92.8500,5070500,89.8821
2025-08-19,92.8800,94.2200,92.8400,94.1800,4691000,91.1696
2025-08-20,94.5000,95.6400,94.3300,94.9300,5556600,91.8956
2025-08-21,94.9600,95.1800,94.3600,94.6200,3294400,91.5955
2025-08-22,95.0600,95.5000,94.0800,94.4800,3304900,91.4600
2025-08-25,94.2300,94.4900,92.9900,93.1300,2559500,90.1532
2025-08-26,93.1500,93.5000,92.4900,93.0900,3699500,90.1144
2025-08-27,93.1900,93.4600,92.8100,93.2800,3089900,90.2984
2025-08-28,93.0400,93.0400,92.0700,92.2400,2797400,89.2916
2025-08-29,92.4700,92.8100,92.2200,92.3000,3227600,89.3497
2025-09-02,92.2400,92.8200,91.6300,92.0900,3467500,89.1464
2025-09-03,91.6400,91.9700,91.1700,91.6600,3481000,88.7302
2025-09-04,92.2400,92.4400,91.4300,91.8700,3468700,88.9334
2025-09-05,91.9800,92.3800,91.5500,91.7800,3166400,88.8463
2025-09-08,91.4300,91.8500,90.5900,90.8300,3712000,87.9267
2025-09-09,90.6800,91.5000,90.5300,91.2100,2889600,88.2945
2025-09-10,91.1000,91.6700,90.7200,91.5600,4309800,88.6333
2025-09-11,91.5500,92.1400,91.2200,92.1300,3701900,89.1851
2025-09-12,91.8800,92.4400,91.7200,92.2700,4076300,89.3206
2025-09-15,92.0100,92.4000,91.5600,92.2800,3922300,89.3303
2025-09-16,92.1000,92.3200,91.3500,91.3600,6625700,88.4397
2025-09-17,91.5900,92.0600,91.4000,91.6300,5065100,88.7011
2025-09-18,90.7700,91.8800,90.7100,91.4500,6073900,88.5269
2025-09-19,91.0400,92.3000,90.3500,91.8000,9381500,88.8657
2025-09-22,91.8800,92.5800,91.6300,92.3300,5569500,89.3787
2025-09-23,92.3000,93.7200,92.1100,93.7200,4413500,90.7243
2025-09-24,93.6100,94.4400,93.1600,94.4100,4826500,91.3923
2025-09-25,94.5900,95.0600,93.5800,93.6900,6968400,90.6953
2025-09-26,94.0800,94.6700,93.8300,94.5300,5203400,91.5084
2025-09-29,94.5000,94.5300,93.4500,93.9100,8002600,90.9082
2025-09-30,93.8300,95.0300,93.6400,94.7700,7481500,91.7407
2025-10-01,94.9200,95.3800,94.6100,94.8000,4625900,91.7698
2025-10-02,94.1800,94.5300,93.5300,93.8900,4436200,90.8889
2025-10-03,93.5000,94.8500,93.5000,94.5400,6022100,91.5181
2025-10-06,94.4300,95.5300,94.4000,95.4900,4870200,92.4377
2025-10-07,95.4900,96.7700,95.3000,96.4200,5607700,93.3380
2025-10-08,96.7900,96.7900,95.5000,96.1800,3700500,93.1057
2025-10-09,96.6600,96.6600,96.0100,96.1300,4113900,93.0573
2025-10-10,96.6600,98.3600,96.4500,98.2900,5296400,95.1482
2025-10-13,97.6200,98.4200,97.1900,98.0800,4261800,94.9449
2025-10-14,98.7000,99.8100,98.4600,99.6800,5343000,96.4938
2025-10-15,99.6000,100.2400,99.1700,99.7200,7287400,96.5325
2025-10-16,100.1200,100.8400,98.3800,98.4300,4927000,95.2838
2025-10-17,99.1200,99.1500,97.6100,97.8000,4916300,94.6739
2025-10-20,98.4000,98.4100,97.3400,97.6900,5044900,94.5674
2025-10-21,98.2100,98.2900,96.5300,97.0000,4582900,93.8995
2025-10-22,96.9800,98.1100,96.4400,97.4800,3438200,94.3641
2025-10-23,97.8700,98.0000,96.1200,96.1500,3194500,93.0766
2025-10-24,96.2600,96.6100,95.8400,95.8800,4353300,92.8153
2025-10-27,95.7000,95.7000,94.7800,95.4000,4019300,92.3506
2025-10-28,95.1000,95.2400,93.3200,93.9100,6012800,90.9082
2025-10-29,93.5700,94.3900,92.8500,93.5100,6431000,90.5210
2025-10-30,93.0600,95.5200,93.0600,95.0700,7421400,92.0312
2025-10-31,94.4800,94.6800,93.6000,94.0400,5432500,91.0341
2025-11-03,93.5700,95.0900,92.1800,93.1500,14019100,90.1725
2025-11-04,93.1500,93.5100,92.4100,92.7300,12289100,89.7660
2025-11-05,91.3200,92.2300,90.5000,91.4100,12553100,88.4881
2025-11-06,91.0000,92.0500,90.8600,90.9000,4916100,87.9944
2025-11-07,91.1600,91.9100,90.8600,91.4400,4769600,88.5172
2025-11-10,91.1700,91.3500,89.9600,90.7600,6177900,87.8589
2025-11-11,90.9100,91.4500,90.5500,91.1400,3885400,88.2268
2025-11-12,91.1700,92.0200,90.8800,91.8900,5588400,88.9528
2025-11-13,92.0000,92.3800,91.0800,91.1700,5696400,88.2558
2025-11-14,91.3000,91.6200,90.3000,90.6900,4613600,87.7912
2025-11-17,90.4900,90.9700,90.1400,90.5800,5709100,88.4060
2025-11-18,91.0400,91.4100,90.5300,90.6900,4992500,88.5134
2025-11-19,90.7800,90.8100,88.9000,89.0500,5014600,86.9128
2025-11-20,89.2300,89.5000,88.4300,88.5700,7947400,86.4443
2025-11-21,88.6900,90.0600,88.5000,89.2700,6434600,87.1275
2025-11-24,89.5900,89.7200,88.2000,89.1400,6045200,87.0006
2025-11-25,89.0000,89.5300,88.6200,89.2900,5363600,87.1470
2025-11-26,89.7400,90.4000,89.5400,90.2400,3490300,88.0742
2025-11-28,90.3900,91.1200,90.2600,91.1200,2548700,88.9331
2025-12-01,90.6200,90.7500,88.9900,89.0100,5749000,86.8737
2025-12-02,89.2900,89.3000,88.3200,89.0400,5825600,86.9030
2025-12-03,89.2300,90.3400,87.0700,87.9800,10934400,85.8684
2025-12-04,87.7400,88.6200,86.9600,87.3300,7651900,85.2340
2025-12-05,87.4400,88.0900,86.1500,86.2800,7255500,84.2092
2025-12-08,86.2200,86.4000,85.4700,85.5600,6726100,83.5065
2025-12-09,86.0000,86.3600,85.4400,85.4900,6830100,83.4382
2025-12-10,85.1800,85.3800,83.8000,84.0800,8528200,82.0620
2025-12-11,84.8900,85.4700,84.2600,84.7300,6262600,82.6964
2025-12-12,84.4900,85.1500,84.2600,84.4400,4796100,82.4134
2025-12-15,84.8200,86.1600,84.5100,86.0000,6826800,83.9360
2025-12-16,85.4000,85.9800,85.0000,85.7100,6579500,83.6529
2025-12-17,85.6200,87.5800,85.6000,87.0300,8995400,84.9412
2025-12-18,87.1600,87.4600,86.7100,87.2200,5553400,85.1267
2025-12-19,86.7500,86.9200,85.2300,85.2800,11300700,83.2332
2025-12-22,85.2800,85.8100,84.8400,85.7200,5245900,83.6627
2025-12-23,85.7100,86.7900,85.6000,86.3900,4319300,84.3166
2025-12-24,86.5300,87.2000,86.3800,87.1700,1617500,85.0779
2025-12-26,86.9200,87.6300,86.7800,87.1700,2308500,85.0779
2025-12-29,87.3000,88.1700,87.2500,87.5400,3491000,85.4390
2025-12-30,87.6000,87.8200,87.1700,87.5700,2975100,85.4683
2025-12-31,87.4400,87.6300,87.1700,87.2000,3234300,85.1072
