Date,Open,High,Low,Close,Volume,Adj Close
2016-10-05,16.0000,16.5000,15.5000,15.5000,569700,11.3376
2016-10-06,15.5000,15.9000,15.5000,15.7500,264900,11.5205
2016-10-07,15.9000,15.9000,15.7000,15.9000,110900,11.6302
2016-10-10,15.9500,25.2400,15.9000,16.0000,6300,11.7034
2016-10-11,16.1000,16.5000,16.0000,16.3500,158400,11.9594
2016-10-12,16.3500,17.0000,16.0000,16.3500,160500,11.9594
2016-10-13,16.5000,16.5000,16.0000,16.1000,265800,11.7765
2016-10-14,16.0500,16.1000,16.0500,16.1000,45500,11.7765
2016-10-17,16.1500,16.1500,16.1000,16.1000,20600,11.7765
2016-10-18,16.1400,16.1400,15.9600,16.0000,464300,11.7034
2016-10-19,15.7500,16.0000,15.7500,15.9900,140400,11.6960
2016-10-20,15.9000,16.0000,15.7500,15.9000,653900,11.6302
2016-10-21,15.6500,15.8000,15.5000,15.7000,27500,11.4839
2016-10-24,15.7500,15.7500,15.5000,15.6800,130300,11.4693
2016-10-25,15.5100,15.5800,15.2500,15.5800,6200,11.3961
2016-10-26,15.5000,15.5000,15.3500,15.4500,52300,11.3011
2016-10-27,15.3500,15.3500,15.1600,15.2000,271100,11.1182
2016-10-28,15.2000,15.4500,15.0000,15.2000,2185200,11.1182
2016-10-31,15.2500,15.2500,15.0000,15.2000,25900,11.1182
2016-11-01,15.0000,15.0000,14.9000,15.0000,11800,10.9719
2016-11-02,14.8000,14.8000,13.5000,13.6000,9900,9.9479
2016-11-03,13.7500,13.8000,13.6000,13.6000,122300,9.9479
2016-11-04,13.6000,14.0000,13.6000,14.0000,603600,10.2404
2016-11-07,14.1000,14.2500,14.1000,14.1000,2300,10.3136
2016-11-08,14.0000,14.2500,13.9000,14.2000,335100,10.3867
2016-11-09,13.9000,14.1500,13.9000,14.0500,106300,10.2770
2016-11-10,14.1000,14.2300,14.1000,14.2300,2629000,10.4087
2016-11-11,14.4000,14.9000,14.4000,14.7100,13400,10.7598
2016-11-14,14.7000,14.9500,14.4000,14.4000,121500,10.5330
2016-11-15,14.4000,14.4500,14.3200,14.3200,798600,10.4745
2016-11-16,14.3500,14.3500,14.1000,14.1000,65600,10.3136
2016-11-17,14.1000,14.1000,14.0000,14.0500,60400,10.2770
2016-11-18,14.1000,14.1500,13.9000,14.1000,728700,10.3136
2016-11-21,14.0000,14.0400,14.0000,14.0000,28000,10.2404
2016-11-22,14.0500,14.0500,14.0500,14.0500,100000,10.2770
2016-11-23,14.0000,14.0000,14.0000,14.0000,50000,10.2404
2016-11-25,14.0000,14.0000,14.0000,14.0000,0,10.2404
2016-11-28,14.0500,14.1500,14.0500,14.1500,500,10.3502
2016-11-29,14.1500,14.1500,13.7500,13.7500,124600,10.0576
2016-11-30,13.8500,13.9500,13.8000,13.9500,291500,10.2039
2016-12-01,14.0100,14.0100,13.9600,13.9600,127300,10.2112
2016-12-02,13.9000,13.9000,13.6500,13.8500,18400,10.1307
2016-12-05,14.1500,14.5000,14.0000,14.4500,530600,10.5696
2016-12-06,15.3000,15.6500,15.0000,15.6000,925600,11.4108
2016-12-07,15.5800,15.6000,15.4500,15.5000,523700,11.3376
2016-12-08,15.5500,16.0000,15.5000,15.9000,625800,11.6302
2016-12-09,16.0000,16.5500,15.9000,16.4000,588400,11.9959
2016-12-12,16.5000,16.5000,16.2500,16.2500,982700,11.8862
2016-12-13,16.3000,16.3000,16.1500,16.2300,2901100,11.8716
2016-12-14,16.1950,16.3000,16.0000,16.2800,2399400,11.9082
2016-12-15,14.0000,14.2800,14.0000,14.1900,1151700,12.1044
2016-12-16,14.1900,14.2000,14.0600,14.0600,70800,11.9935
2016-12-19,14.1000,14.2300,13.9600,14.2300,1242500,12.1385
2016-12-20,14.2200,14.4000,14.2000,14.3500,1128700,12.2408
2016-12-21,14.3800,14.4400,14.3000,14.3500,607400,12.2408
2016-12-22,14.3500,14.4500,14.2400,14.2900,525600,12.1897
2016-12-23,14.2500,14.4000,14.2200,14.3850,35100,12.2707
2016-12-27,14.4500,15.0300,14.4500,15.0000,149200,12.7953
2016-12-28,15.0100,15.2500,14.9500,15.0000,121400,12.7953
2016-12-29,15.0000,15.6000,15.0000,15.5000,414800,13.2218
2016-12-30,15.5000,15.8000,15.4600,15.5000,72200,13.2218
2017-01-03,15.5000,15.5000,15.1500,15.3600,3188000,13.1024
2017-01-04,15.3600,16.1000,15.3600,16.1000,869100,13.7336
2017-01-05,16.1400,16.4000,16.0000,16.1900,743200,13.8104
2017-01-06,16.1900,16.2800,16.1200,16.2000,1096100,13.8189
2017-01-09,16.1950,16.3000,15.9000,15.9000,655300,13.5630
2017-01-10,15.9100,15.9500,15.8400,15.8500,169400,13.5204
2017-01-11,15.8500,16.2500,15.5800,15.6700,660000,13.3668
2017-01-12,15.7400,16.0000,15.6900,16.0000,278700,13.6483
2017-01-13,16.0400,16.6500,16.0400,16.4500,191300,14.0322
2017-01-17,16.5800,16.8900,16.4000,16.8500,903100,14.3734
2017-01-18,16.8500,17.1000,16.7700,17.0500,1593400,14.5440
2017-01-19,17.0000,17.0000,16.7300,16.8800,925000,14.3990
2017-01-20,16.8900,17.0200,16.8900,16.9400,1252300,14.4502
2017-01-23,16.9500,17.0500,16.7700,16.9500,1843200,14.4587
2017-01-24,16.9530,16.9800,16.7000,16.8000,659400,14.3307
2017-01-25,16.7700,16.8900,16.5000,16.7500,510500,14.2881
2017-01-26,16.8000,16.9500,16.7950,16.8500,618200,14.3734
2017-01-27,16.9000,16.9000,16.6700,16.7300,479500,14.2710
2017-01-30,16.8400,16.8400,16.3000,16.3000,87900,13.9042
2017-01-31,16.4000,16.5000,16.0500,16.2100,266400,13.8275
2017-02-01,16.4000,16.4100,16.2900,16.3500,751100,13.9469
2017-02-02,16.3900,16.3900,16.2300,16.2900,49900,13.8957
2017-02-03,16.3000,16.7000,16.2000,16.7000,526500,14.2454
2017-02-06,17.1500,17.8100,17.0700,17.1500,521100,14.6293
2017-02-07,17.3000,17.3000,17.0900,17.1200,787700,14.6037
2017-02-08,17.1000,17.4000,17.0700,17.2500,727800,14.7146
2017-02-09,17.2500,17.3000,17.1700,17.2500,120100,14.7146
2017-02-10,17.3000,17.9500,17.0000,17.9500,1072200,15.3117
2017-02-13,17.8500,17.9000,17.5000,17.7500,506200,15.1411
2017-02-14,17.7500,17.7700,17.6700,17.7000,543500,15.0985
2017-02-15,17.7200,17.7500,17.6500,17.6500,283500,15.0558
2017-02-16,17.7000,17.7000,17.4000,17.4000,267100,14.8426
2017-02-17,17.4000,17.4000,17.1500,17.3500,180000,14.7999
2017-02-21,17.3500,17.3500,17.1000,17.1300,1330900,14.6122
2017-02-22,17.1500,17.2500,16.6000,16.7850,626800,14.3180
2017-02-23,16.7300,16.7400,16.1000,16.3000,906900,13.9042
2017-02-24,16.2900,16.6200,16.1800,16.6200,555100,14.1772
2017-02-27,16.5900,16.6000,16.0500,16.1700,1063000,13.7933
2017-02-28,16.2400,16.2400,16.1200,16.1600,82700,13.7848
2017-03-01,16.1600,16.6000,16.1600,16.3000,151000,13.9042
2017-03-02,16.3500,16.5600,16.2000,16.2000,201600,13.8189
2017-03-03,16.1800,16.3000,16.1800,16.2600,550900,13.8701
2017-03-06,16.3000,16.3000,16.0000,16.1700,1063000,13.7933
2017-03-07,16.1700,16.2400,16.0600,16.1000,90800,13.7336
2017-03-08,16.1000,16.1000,15.8000,15.8500,481700,13.5204
2017-03-09,15.8100,15.8100,15.3400,15.4100,542700,13.1451
2017-03-10,15.3500,15.8000,15.3500,15.6900,830900,13.3839
2017-03-13,15.7500,16.4000,15.7500,16.2200,300600,13.8360
2017-03-14,16.2000,16.2200,16.0500,16.1700,331300,13.7933
2017-03-15,16.2150,16.2500,16.0500,16.1400,490300,13.7678
2017-03-16,16.1500,16.2500,16.1500,16.1500,248000,13.7763
2017-03-17,16.1700,16.2000,16.0000,16.0800,1420300,13.7166
2017-03-20,16.0900,16.2200,16.0800,16.2000,167100,13.8189
2017-03-21,16.2400,16.2400,15.9500,16.0000,891800,13.6483
2017-03-22,16.0000,16.0000,15.8000,15.8500,506800,13.5204
2017-03-23,15.9700,16.0000,15.7300,15.7300,514100,13.4180
2017-03-24,15.7500,16.0000,15.7350,15.8000,548800,13.4777
2017-03-27,15.7800,15.8700,15.7700,15.8500,859600,13.5204
2017-03-28,15.8400,15.9600,15.8400,15.9000,2530900,13.5630
2017-03-29,15.9100,16.2600,15.9100,16.2500,2384200,13.8616
2017-03-30,16.5500,16.6000,15.9900,16.2800,3010900,13.8872
2017-03-31,16.2800,16.4800,16.0000,16.3000,1458000,13.9042
2017-04-03,16.4900,16.5000,16.0000,16.3500,720000,13.9469
2017-04-04,16.3100,16.4900,16.3100,16.4900,924200,14.0663
2017-04-05,16.4600,16.5300,16.4200,16.4800,120500,14.0578
2017-04-06,16.5000,16.5000,16.3800,16.4100,66000,13.9981
2017-04-07,16.4000,16.4600,16.0700,16.2500,135000,13.8616
2017-04-10,16.2900,16.3000,16.2300,16.2500,154400,13.8616
2017-04-11,16.2400,16.2500,16.0710,16.1500,78100,13.7763
2017-04-12,16.1200,16.1200,15.9800,16.0000,221300,13.6483
2017-04-13,16.0000,16.2100,16.0000,16.1700,367800,13.7933
2017-04-17,16.1850,16.2200,15.9000,15.9800,1134100,13.6313
2017-04-18,15.9800,16.0300,15.8800,16.0000,582200,13.6483
2017-04-19,16.0000,16.0100,15.7000,15.8000,752600,13.4777
2017-04-20,15.8000,15.8600,15.5500,15.5500,402100,13.2645
2017-04-21,15.5500,15.5500,14.9700,15.2000,1135000,12.9659
2017-04-24,15.1910,15.6000,15.1600,15.4800,344200,13.2048
2017-04-25,15.5300,15.5500,15.3500,15.4500,614400,13.1792
2017-04-26,15.4250,15.6500,15.4000,15.6300,640600,13.3327
2017-04-27,15.6300,15.6500,15.2000,15.2200,536500,12.9830
2017-04-28,15.3180,15.3300,14.9500,14.9500,629000,12.7527
2017-05-01,15.0000,15.0500,14.9300,14.9800,530300,12.7783
2017-05-02,15.0000,15.0200,14.5000,14.5900,735100,12.4456
2017-05-03,14.5900,14.9350,14.5900,14.6900,770400,12.5309
2017-05-04,14.7150,14.8000,14.6100,14.6200,692200,12.4712
2017-05-05,14.7100,15.2400,14.7100,15.0300,1424300,12.8209
2017-05-08,15.0300,15.0500,14.9700,15.0000,2124100,12.7953
2017-05-09,15.0000,15.0200,14.9700,15.0100,2346700,12.8038
2017-05-10,15.1500,15.3000,14.9800,15.1500,2299800,12.9233
2017-05-11,15.1000,15.3500,15.0000,15.3200,3080400,13.0683
2017-05-12,15.3500,15.8300,15.3300,15.5800,972700,13.2901
2017-05-15,15.5400,15.7700,15.5000,15.7300,692600,13.4180
2017-05-16,15.7700,16.0000,15.3900,15.4200,1235800,13.1536
2017-05-17,15.4700,15.6700,15.0300,15.0900,1080900,12.8721
2017-05-18,15.1500,15.1500,14.6900,14.8000,1413600,12.6247
2017-05-19,15.2500,15.3000,14.5000,15.0400,5709800,12.8294
2017-05-22,15.0000,15.1400,14.8800,14.9600,1442200,12.7612
2017-05-23,14.9500,15.0050,14.8500,15.0000,1370200,12.7953
2017-05-24,14.9600,15.0900,14.8100,15.0000,1953300,12.7953
2017-05-25,14.9700,15.0300,14.8050,14.8500,2504400,12.6674
2017-05-26,14.8900,15.0500,14.7800,14.9900,2107000,12.7868
2017-05-30,14.9500,14.9900,14.7600,14.9200,1328500,12.7271
2017-05-31,14.8600,14.9500,14.7000,14.7700,1114300,12.5991
2017-06-01,14.7500,14.9550,14.7500,14.9100,1227000,12.7185
2017-06-02,14.9500,15.0200,14.8100,14.9900,2294200,12.7868
2017-06-05,15.1900,15.5200,15.1000,15.2600,4910400,13.0171
2017-06-06,15.1700,15.5700,15.0700,15.5200,3637900,13.2389
2017-06-07,15.5000,15.7900,15.3500,15.6800,4022700,13.3754
2017-06-08,15.6000,15.8500,15.5600,15.7200,1957000,13.4095
2017-06-09,15.7900,15.9800,15.6700,15.8000,1820300,13.4777
2017-06-12,15.7000,16.1000,15.6000,16.0000,2991700,13.6483
2017-06-13,15.9900,16.4800,15.9900,16.3500,3229900,13.9469
2017-06-14,16.3000,16.8000,16.3000,16.7900,5430800,14.3222
2017-06-15,16.6800,16.8400,16.5100,16.6000,2330000,14.1601
2017-06-16,16.6000,16.8800,16.4000,16.7000,22643500,14.2454
2017-06-19,16.6400,16.7900,16.6300,16.7000,2528300,14.2454
2017-06-20,16.6600,16.7800,16.6150,16.7200,4076800,14.2625
2017-06-21,16.7200,16.7400,16.6050,16.7000,2813800,14.2454
2017-06-22,16.7500,16.7500,16.4800,16.6500,4504500,14.2028
2017-06-23,16.7400,16.9100,16.6000,16.7500,20845100,14.2881
2017-06-26,16.7500,16.8600,16.6200,16.7000,2591600,14.2454
2017-06-27,16.7000,16.8500,16.6650,16.7000,2854200,14.2454
2017-06-28,16.7500,16.9000,16.6300,16.8600,2770800,14.3819
2017-06-29,16.8500,16.8800,16.6900,16.7000,3179800,14.2454
2017-06-30,16.6900,16.8200,16.6100,16.7900,1450000,14.3222
2017-07-03,16.8600,17.0400,16.7900,17.0100,880700,14.5099
2017-07-05,17.0000,17.0000,16.6500,16.7400,1571800,14.2796
2017-07-06,16.8200,16.8400,16.3900,16.4700,1432000,14.0493
2017-07-07,16.6400,16.6600,16.3300,16.4400,1720600,14.0237
2017-07-10,16.4100,16.5100,16.3100,16.4200,1290000,14.0066
2017-07-11,16.3700,16.4900,16.1600,16.4400,1709400,14.0237
2017-07-12,16.4600,16.5800,16.1500,16.2700,2418600,13.8787
2017-07-13,16.3100,16.3100,15.7900,15.8800,1888500,13.5460
2017-07-14,15.8950,16.0700,15.8250,16.0200,1298400,13.6654
2017-07-17,16.0000,16.0850,15.8600,15.9600,1130000,13.6142
2017-07-18,16.0200,16.1500,15.9500,16.0300,1715700,13.6739
2017-07-19,15.9600,16.1500,15.8900,15.9600,836000,13.6142
2017-07-20,16.0500,16.2600,15.9100,16.2000,1209100,13.8189
2017-07-21,16.2800,16.4200,16.2500,16.3900,1038700,13.9810
2017-07-24,16.3200,16.7500,16.2000,16.6000,1410700,14.1601
2017-07-25,16.6000,16.7700,16.2800,16.6100,1975200,14.1687
2017-07-26,16.6100,16.6800,16.3900,16.5100,1002400,14.0834
2017-07-27,16.4300,16.5450,16.3700,16.5200,598300,14.0919
2017-07-28,16.4800,16.5400,16.3700,16.4300,523800,14.0151
2017-07-31,16.4000,16.4910,16.3600,16.4300,484600,14.0151
2017-08-01,16.3800,16.6100,16.3300,16.6100,920900,14.1687
2017-08-02,16.4900,16.6000,16.2800,16.5200,1092000,14.0919
2017-08-03,16.6000,16.6500,16.0850,16.1800,1056600,13.8019
2017-08-04,16.1800,16.6900,15.9200,16.6600,1611000,14.2113
2017-08-07,16.6900,17.0900,16.6900,17.0200,744200,14.5184
2017-08-08,16.9500,17.2200,16.8500,17.1900,1043500,14.6634
2017-08-09,17.1100,17.2400,16.9900,17.0700,1450100,14.5611
2017-08-10,17.0200,17.1700,16.9500,17.0000,1501500,14.5014
2017-08-11,16.9100,17.3300,16.8800,17.2100,1166500,14.6805
2017-08-14,17.2100,17.5000,17.0700,17.3800,1239900,14.8255
2017-08-15,17.3800,17.5500,17.3200,17.5100,1405700,14.9364
2017-08-16,17.4500,17.7000,17.4100,17.6600,1334300,15.0644
2017-08-17,17.8200,17.8500,17.1000,17.1200,1558200,14.6037
2017-08-18,17.1800,17.6250,17.0900,17.5400,1571900,14.9620
2017-08-21,17.5000,17.7700,17.4200,17.6600,1076100,15.0644
2017-08-22,17.6600,17.7700,17.5400,17.6800,947000,15.0814
2017-08-23,17.6400,17.7900,17.6400,17.7200,825800,15.1155
2017-08-24,17.7000,17.7600,17.6350,17.6500,858800,15.0558
2017-08-25,17.7500,17.7900,17.6400,17.7500,729900,15.1411
2017-08-28,17.8000,17.8000,17.7100,17.7600,955200,15.1496
2017-08-29,17.5900,17.8000,17.5900,17.7100,689800,15.1070
2017-08-30,17.6900,17.7400,17.3000,17.3600,858700,14.8084
2017-08-31,17.3500,17.7100,17.3050,17.7000,792100,15.0985
2017-09-01,17.6800,18.0800,17.6800,17.8400,2499100,15.2179
2017-09-05,17.9500,17.9500,17.5800,17.7500,1172700,15.1411
2017-09-06,17.7400,17.8550,17.6800,17.7700,758900,15.1582
2017-09-07,17.6800,17.9200,17.6800,17.8700,912600,15.2435
2017-09-08,17.8600,17.9300,17.1600,17.6500,1159600,15.0558
2017-09-11,17.7200,17.8700,17.5900,17.7200,652300,15.1155
2017-09-12,17.6800,17.7700,17.5700,17.7000,594100,15.0985
2017-09-13,17.7800,17.9100,17.6400,17.7100,1663900,15.1070
2017-09-14,17.6700,17.9900,17.5400,17.8000,1010300,15.1838
2017-09-15,17.8500,17.9500,17.6600,17.7800,1880200,15.1667
2017-09-18,17.8100,18.0000,17.6900,17.9900,2046300,15.3458
2017-09-19,17.9600,18.0500,17.8400,17.8800,1584900,15.2520
2017-09-20,18.0500,18.3100,17.9700,18.2200,1534000,15.5420
2017-09-21,18.1700,18.2170,18.0200,18.1600,581200,15.4909
2017-09-22,18.1800,18.2750,18.1300,18.1500,884600,15.4823
2017-09-25,18.2600,18.2750,18.1100,18.1600,848800,15.4909
2017-09-26,18.2400,18.5600,18.1300,18.4600,1247500,15.7468
2017-09-27,18.4900,18.8500,18.4200,18.7000,1481700,15.9515
2017-09-28,18.7000,18.9600,18.6050,18.6500,1769100,15.9088
2017-09-29,18.6600,18.9000,18.5800,18.6900,1895300,15.9430
2017-10-02,18.7000,18.9400,18.6400,18.9000,1875100,16.1221
2017-10-03,19.2000,19.2500,18.7000,18.9000,3313000,16.1221
2017-10-04,18.9100,19.0900,18.8600,18.9300,6352000,16.1477
2017-10-05,18.9700,19.3300,18.9300,19.1200,4771000,16.3098
2017-10-06,19.2900,19.2900,18.6500,18.7900,3453900,16.0283
2017-10-09,18.8700,18.9500,18.6900,18.9300,1734300,16.1477
2017-10-10,18.9500,19.0900,18.7100,18.8100,2102500,16.0453
2017-10-11,18.7300,19.0100,18.7200,19.0100,1955100,16.2159
2017-10-12,19.0800,19.1500,18.8300,19.0800,2087600,16.2756
2017-10-13,19.1500,19.1600,18.8300,19.0000,1540800,16.2074
2017-10-16,19.0700,19.1050,18.9300,18.9900,2834800,16.1989
2017-10-17,19.0300,19.1000,18.8500,19.0100,1915800,16.2159
2017-10-18,19.0000,19.1600,18.6500,18.7000,1511600,15.9515
2017-10-19,18.6000,18.8400,18.4400,18.8300,1302100,16.0624
2017-10-20,18.9800,19.0500,18.8800,19.0300,1608200,16.2330
2017-10-23,19.0200,19.5800,19.0200,19.4800,1782700,16.6168
2017-10-24,19.6700,19.7500,19.5600,19.5800,1925600,16.7021
2017-10-25,19.6500,20.4400,19.4400,20.3200,6720100,17.3334
2017-10-26,20.3200,21.2000,20.1700,20.4900,4931000,17.4784
2017-10-27,20.4700,20.6600,20.1700,20.3000,3175400,17.3163
2017-10-30,20.0000,20.0100,18.3700,18.5700,26446200,15.8406
2017-10-31,18.7200,19.5700,18.6100,19.4400,11236700,16.5827
2017-11-01,19.5700,19.6500,19.0600,19.2100,5730600,16.3865
2017-11-02,19.2200,19.4500,18.5550,19.1200,6306100,16.3098
2017-11-03,19.1200,19.3700,18.9600,19.2300,4222700,16.4036
2017-11-06,19.2700,19.4700,19.1400,19.3600,3905200,16.5145
2017-11-07,19.3800,19.4800,18.9400,18.9500,4194900,16.1647
2017-11-08,19.0000,19.0200,18.8350,18.8800,5564100,16.1050
2017-11-09,18.8100,18.9700,18.2200,18.3000,5514300,15.6103
2017-11-10,18.2600,18.6900,18.2400,18.6100,6009500,15.8747
2017-11-13,18.6300,19.0100,18.4500,18.9500,3810700,16.1647
2017-11-14,18.9800,19.4000,18.9700,19.1800,7720500,16.3609
2017-11-15,19.1500,19.3100,18.8200,19.1500,5911600,16.3353
2017-11-16,19.2200,19.2600,18.9000,18.9800,6226300,16.1903
2017-11-17,19.0400,19.2400,18.8900,19.1500,6946200,16.3353
2017-11-20,19.1500,19.1700,18.8500,18.9300,3103300,16.1477
2017-11-21,18.9900,19.0050,18.7300,18.9000,4769900,16.1221
2017-11-22,18.9700,19.4550,18.9700,19.4400,3314800,16.5827
2017-11-24,19.4200,19.4900,19.2000,19.2800,1959900,16.4462
2017-11-27,19.3200,19.3200,18.8500,19.0200,5567000,16.2245
2017-11-28,19.0800,19.2500,19.0350,19.2300,5034400,16.4036
2017-11-29,19.1700,19.2800,18.8400,19.1500,6259500,16.3353
2017-11-30,19.2300,19.4200,18.8100,18.9000,18083700,16.1221
2017-12-01,18.8700,19.0700,18.5400,18.7300,6515400,15.9771
2017-12-04,18.8300,18.8600,18.4100,18.5700,6615100,15.8406
2017-12-05,18.5200,18.5400,17.5800,17.8100,5591800,15.1923
2017-12-06,17.8400,17.8900,17.3500,17.5100,5073200,14.9364
2017-12-07,17.5200,17.8200,17.3550,17.7700,4589200,15.1582
2017-12-08,17.7600,17.8600,17.5300,17.7500,2862700,15.1411
2017-12-11,17.7200,18.1500,17.7200,18.1100,5689700,15.4482
2017-12-12,18.1400,18.3500,17.9300,18.0700,4216200,15.4141
2017-12-13,17.9500,18.0100,17.1000,17.4500,6053500,14.8852
2017-12-14,17.3200,17.5100,17.1500,17.2400,4332500,14.7061
2017-12-15,17.2100,17.4700,17.2100,17.3100,5321600,14.7658
2017-12-18,17.2700,17.8300,17.2700,17.7900,3594900,15.1752
2017-12-19,17.8300,18.1800,17.7200,18.0000,4859500,15.3544
2017-12-20,18.1100,18.4600,18.0600,18.1600,4206600,15.4909
2017-12-21,18.2000,18.4000,18.0700,18.1600,6193900,15.4909
2017-12-22,18.1000,18.2000,17.8350,17.9800,4314700,15.3373
2017-12-26,17.9800,18.1200,17.7200,17.7400,3764100,15.1326
2017-12-27,17.7700,18.1300,17.7700,17.8500,3263000,15.2264
2017-12-28,17.8400,18.0150,17.7400,17.9100,3391900,15.2776
2017-12-29,17.9000,18.5300,17.8800,18.3200,4558300,15.6273
2018-01-02,18.2600,18.4300,18.1200,18.4200,3790700,15.7126
2018-01-03,18.4800,18.8300,18.3200,18.4700,4049700,15.7553
2018-01-04,18.4500,18.9800,18.4000,18.4900,4480500,15.7724
2018-01-05,18.5600,18.7000,18.3000,18.6800,2765500,15.9344
2018-01-08,18.6800,18.8400,18.5150,18.7000,3789300,15.9515
2018-01-09,18.6200,18.6500,18.2100,18.4600,4521200,15.7468
2018-01-10,18.3900,18.5050,18.2000,18.3500,2610800,15.6529
2018-01-11,18.4700,18.5800,18.2400,18.5400,3591900,15.8150
2018-01-12,18.5500,18.6200,18.4400,18.5700,2015200,15.8406
2018-01-16,18.6300,18.6300,17.9500,17.9800,3053200,15.3373
2018-01-17,18.1000,18.5900,18.0100,18.4400,4217000,15.7297
2018-01-18,18.5800,18.8200,18.5450,18.7900,8061900,16.0283
2018-01-19,18.8100,19.5550,18.7750,19.4900,7149300,16.6254
2018-01-22,19.5300,19.7600,19.2200,19.2400,4690700,16.4121
2018-01-23,19.2200,19.4500,19.1400,19.2300,4096300,16.4036
2018-01-24,19.2700,19.7900,19.2200,19.4800,5249700,16.6168
2018-01-25,19.5600,19.7550,19.3500,19.7200,3372600,16.8216
2018-01-26,19.7700,19.9000,19.5900,19.7900,2234800,16.8813
2018-01-29,19.7000,19.7600,19.4150,19.5600,2450900,16.6851
2018-01-30,19.4700,19.5100,19.0350,19.1600,3917400,16.3439
2018-01-31,19.1700,19.5200,19.1300,19.5000,2919600,16.6339
2018-02-01,19.4700,19.8500,19.4300,19.6400,4312700,16.7533
2018-02-02,19.4300,19.5900,19.0500,19.1500,3360600,16.3353
2018-02-05,18.9900,19.1950,18.3600,18.5300,3691400,15.8065
2018-02-06,18.1700,18.8500,17.8000,18.6700,5663500,15.9259
2018-02-07,18.5700,19.2600,18.5200,18.5300,5851800,15.8065
2018-02-08,18.5300,18.6350,17.4400,17.4600,4777900,14.8937
2018-02-09,17.5500,18.0700,17.3100,17.8800,5662600,15.2520
2018-02-12,17.9500,18.0300,17.4100,17.9600,4424100,15.3203
2018-02-13,17.9100,18.3350,17.8400,18.2500,2400000,15.5676
2018-02-14,18.1200,18.4000,18.0500,18.2600,1754700,15.5762
2018-02-15,18.3900,18.7200,18.1700,18.6900,1950900,15.9430
2018-02-16,18.6400,19.0100,18.6000,18.8300,1548300,16.0624
2018-02-20,18.7800,18.9950,18.7400,18.8800,2945600,16.1050
2018-02-21,18.9500,19.0400,18.6000,18.6700,2487200,15.9259
2018-02-22,18.7300,18.9900,18.5700,18.7200,3585500,15.9685
2018-02-23,18.8000,19.0500,18.7000,19.0200,4884700,16.2245
2018-02-26,19.1300,19.2300,18.4400,18.9800,3358000,16.1903
2018-02-27,19.0100,19.3000,18.9200,18.9800,4245500,16.1903
2018-02-28,19.1000,19.1450,18.8800,18.9500,3852500,16.1647
2018-03-01,19.0000,19.3050,18.8000,19.1000,3240000,16.2927
2018-03-02,18.9700,19.6200,18.8600,19.5900,2934000,16.7107
2018-03-05,19.5800,20.0600,19.5000,19.9100,4934500,16.9836
2018-03-06,20.1400,20.5300,19.8050,20.4700,8881700,17.4613
2018-03-07,20.5500,20.7600,20.2200,20.5900,4276900,17.5637
2018-03-08,20.7700,20.8800,20.5400,20.8100,5226200,17.7514
2018-03-09,20.8700,20.9650,20.6000,20.6900,4891300,17.6490
2018-03-12,20.6500,20.7800,20.3800,20.4600,5421700,17.4528
2018-03-13,20.5900,20.6200,20.1500,20.4600,8115400,17.4528
2018-03-14,20.5000,20.6200,20.1350,20.2900,5061000,17.3078
2018-03-15,20.3800,20.7400,20.3000,20.6900,5541200,17.6490
2018-03-16,20.6900,20.7500,20.3500,20.4300,4212200,17.4272
2018-03-19,20.3800,20.3800,19.7900,19.9300,4342900,17.0007
2018-03-20,20.0000,20.1100,19.6850,19.8200,3759900,16.9069
2018-03-21,19.8600,20.3000,19.7900,20.1500,4039700,17.1884
2018-03-22,19.9600,20.5600,19.9200,20.3500,6223200,17.3590
2018-03-23,20.3200,20.5850,20.1000,20.1900,4377800,17.2225
2018-03-26,20.2300,20.8500,20.1450,20.7100,4057000,17.6661
2018-03-27,20.7100,21.1500,20.5950,20.8600,4796000,17.7940
2018-03-28,21.3300,21.4350,20.8100,21.1300,4717600,18.0243
2018-03-29,21.1500,21.1800,20.7050,20.8300,4904700,17.7684
2018-04-02,20.8100,20.9100,20.0100,20.3500,3415600,17.3590
2018-04-03,20.4400,20.8400,20.0900,20.7800,4979900,17.7258
2018-04-04,20.5800,20.7000,20.3600,20.6100,5006900,17.5808
2018-04-05,20.7000,20.9400,20.0500,20.2200,4761300,17.2481
2018-04-06,20.1900,20.2300,19.5900,19.6800,14214500,16.7875
2018-04-09,19.8700,21.3450,19.7700,20.8300,11306700,17.7684
2018-04-10,21.0300,21.3200,20.6300,21.3200,9086800,18.1864
2018-04-11,21.2500,21.5700,21.2150,21.4700,8343100,18.3144
2018-04-12,21.5600,22.1600,21.3300,21.4600,9270000,18.3058
2018-04-13,21.5000,21.8500,21.3500,21.6500,8445400,18.4679
2018-04-16,21.8500,22.2500,21.7500,21.9900,8280200,18.7579
2018-04-17,22.1700,22.4600,21.9350,22.3500,5408800,19.0650
2018-04-18,22.3800,22.5700,22.3100,22.3400,4540300,19.0565
2018-04-19,22.2500,22.3700,21.8200,22.1200,3833100,18.8688
2018-04-20,22.0900,22.1500,21.7950,21.8800,5551200,18.6641
2018-04-23,21.9700,22.3300,21.9100,22.3300,4724800,19.0480
2018-04-24,22.4900,22.7900,22.1950,22.2800,4562900,19.0053
2018-04-25,22.3500,22.6000,22.1900,22.4800,3413300,19.1759
2018-04-26,22.5300,22.9800,22.3600,22.6000,5803000,19.2783
2018-04-27,22.6600,23.0050,22.3550,22.7400,3587200,19.3977
2018-04-30,22.8700,23.0100,22.7600,22.8500,4032800,19.4915
2018-05-01,22.9600,22.9600,22.4900,22.8500,4012800,19.4915
2018-05-02,22.9000,23.4200,22.8800,22.9900,5348600,19.6109
2018-05-03,23.0000,23.3700,22.6000,23.1400,5485300,19.7389
2018-05-04,24.0000,24.3900,22.8200,23.0100,9115100,19.6280
2018-05-07,23.0400,24.0400,23.0400,23.8000,7160500,20.3019
2018-05-08,23.8200,23.9400,22.9850,23.1700,6072700,19.7645
2018-05-09,23.2000,23.3200,22.6000,22.9900,4587000,19.6109
2018-05-10,22.6600,23.0100,22.6500,22.9100,4681600,19.5427
2018-05-11,22.9600,23.1800,22.8100,22.9400,4052100,19.5683
2018-05-14,23.0800,23.3650,22.9700,23.1000,2878600,19.7048
2018-05-15,23.0300,23.2000,22.9450,23.1400,4516900,19.7389
2018-05-16,23.1800,23.4500,22.9650,23.0800,3837100,19.6877
2018-05-17,23.0600,23.1500,22.6300,22.8800,4051500,19.5171
2018-05-18,22.7900,23.0400,22.7900,23.0100,3841200,19.6280
2018-05-21,23.1100,23.1700,22.7400,23.0100,3340400,19.6280
2018-05-22,23.1300,23.4300,23.1300,23.2200,2017800,19.8071
2018-05-23,23.1800,23.2800,23.0750,23.2300,3508500,19.8157
2018-05-24,23.6000,24.2400,23.5500,24.0800,6064400,20.5407
2018-05-25,24.0200,24.1550,23.8150,23.9500,3174000,20.4298
2018-05-29,23.9500,24.1600,23.8600,24.0100,2998300,20.4810
2018-05-30,24.0600,24.5600,24.0600,24.2700,4846900,20.7028
2018-05-31,24.4100,24.6950,24.2600,24.5300,10162400,20.9246
2018-06-01,24.5300,24.5950,24.3100,24.3400,4055800,20.7625
2018-06-04,24.5000,24.6500,24.0600,24.2700,3801000,20.7028
2018-06-05,24.2800,24.6400,24.2000,24.3800,3647500,20.7966
2018-06-06,24.3800,24.7200,24.3700,24.6100,4563100,20.9928
2018-06-07,24.6600,24.8100,24.6300,24.6700,3776400,21.0440
2018-06-08,24.5900,24.7300,24.2700,24.5600,2348700,20.9502
2018-06-11,24.5600,24.6750,24.0350,24.0900,3832700,20.5493
2018-06-12,24.0800,24.3700,24.0150,24.2000,4105600,20.6431
2018-06-13,24.3200,24.6400,24.1800,24.3900,9875100,20.8052
2018-06-14,24.4600,24.8100,23.9800,24.0100,4273900,20.4810
2018-06-15,23.8600,23.9200,23.5250,23.7500,5565400,20.2592
2018-06-18,23.6200,23.8800,23.4700,23.5200,4715100,20.0630
2018-06-19,23.3800,23.5800,23.0600,23.4600,6467400,20.0119
2018-06-20,23.6000,23.8600,23.5200,23.6500,5305600,20.1739
2018-06-21,23.7800,24.1100,23.6700,24.0700,3552300,20.5322
2018-06-22,24.0600,24.2000,23.5100,23.6500,9068700,20.1739
2018-06-25,23.6600,23.7600,23.2200,23.3300,4497500,19.9010
2018-06-26,23.3600,23.9400,23.3250,23.8400,5392300,20.3360
2018-06-27,23.7400,24.0900,23.6450,23.7500,3388600,20.2592
2018-06-28,23.7000,24.0100,23.4900,23.5000,4137800,20.0460
2018-06-29,23.5700,24.0250,23.5000,23.6600,3085500,20.1825
2018-07-02,23.4800,24.0100,23.3300,24.0100,3306800,20.4810
2018-07-03,23.8900,23.9100,22.7450,22.8100,3476000,19.4574
2018-07-05,22.8900,22.8900,22.3600,22.6200,4288100,19.2953
2018-07-06,22.6300,23.0450,22.5700,22.9100,3452300,19.5427
2018-07-09,22.9500,23.2600,22.5900,22.7100,3806700,19.3721
2018-07-10,22.6800,23.1300,22.6800,23.0100,4119900,19.6280
2018-07-11,22.9800,23.1000,22.7900,22.8700,2321300,19.5086
2018-07-12,22.8400,23.2400,22.7000,23.1900,2422100,19.7816
2018-07-13,23.1100,23.4450,23.0100,23.4400,2506200,19.9948
2018-07-16,23.4300,23.7600,23.3800,23.7100,2937800,20.2251
2018-07-17,23.7400,24.0100,23.5100,23.5900,2562500,20.1228
2018-07-18,23.6400,23.7900,23.4900,23.5500,2991300,20.0886
2018-07-19,23.5100,23.6300,23.0400,23.2300,3197200,19.8157
2018-07-20,23.1700,23.4200,22.9000,23.1800,2537600,19.7730
2018-07-23,23.3000,23.4100,22.8300,22.8900,2341900,19.5256
2018-07-24,22.8400,22.8500,22.2800,22.4500,3485500,19.1503
2018-07-25,22.5200,22.7200,22.1900,22.3100,2846900,19.0309
2018-07-26,22.3300,22.7800,22.3000,22.5500,2166000,19.2356
2018-07-27,22.5900,22.6850,22.3300,22.3500,1993700,19.0650
2018-07-30,22.4100,22.4400,22.0800,22.1700,1528100,18.9115
2018-07-31,22.2100,22.6700,22.1400,22.6000,3363900,19.2783
2018-08-01,22.5800,22.7700,22.3600,22.7200,2706600,19.3806
2018-08-02,22.5900,22.7500,22.3000,22.5600,3094200,19.2441
2018-08-03,22.5600,22.8600,22.4600,22.6200,3921900,19.2953
2018-08-06,22.6500,23.7500,22.6300,23.2000,5380900,19.7901
2018-08-07,23.1300,23.6800,22.7900,23.4700,4320000,20.0204
2018-08-08,23.3100,23.4200,23.1700,23.3300,3454200,19.9010
2018-08-09,23.3100,23.5900,23.2700,23.3600,3569300,19.9266
2018-08-10,23.2300,23.4250,22.6200,22.7800,5373600,19.4318
2018-08-13,22.7100,22.7900,21.8500,22.1000,8113400,18.8518
2018-08-14,22.3700,22.4450,22.1800,22.4100,4114500,19.1162
2018-08-15,22.4900,22.5400,21.9600,22.0600,6609800,18.8176
2018-08-16,22.1000,22.6000,22.0400,22.4500,5167200,19.1503
2018-08-17,22.4200,22.7500,22.3150,22.4200,3329800,19.1247
2018-08-20,22.4200,22.6200,22.3100,22.5100,2224200,19.2015
2018-08-21,22.5500,22.6300,22.3200,22.3300,2053000,19.0480
2018-08-22,22.3900,22.6000,22.3300,22.5000,3217100,19.1930
2018-08-23,22.5000,22.7600,22.4600,22.4800,3149800,19.1759
2018-08-24,22.5800,22.7800,22.4900,22.6600,2519100,19.3295
2018-08-27,22.7100,23.1800,22.7100,22.7900,2964300,19.4403
2018-08-28,22.8100,23.0500,22.7900,22.9000,3041400,19.5342
2018-08-29,22.9900,23.3250,22.6600,22.9800,4622800,19.6024
2018-08-30,22.9300,23.7600,22.9300,23.4000,5071500,19.9607
2018-08-31,23.3200,23.5800,23.3200,23.5400,3541100,20.0801
2018-09-04,23.4800,23.5700,23.1500,23.2100,4398800,19.7986
2018-09-05,23.2100,23.2600,22.7200,22.9900,3610400,19.6109
2018-09-06,22.9100,23.1100,22.4100,22.4600,3974000,19.1588
2018-09-07,22.3400,22.5400,22.1750,22.5000,2871000,19.1930
2018-09-10,22.6100,23.0400,22.5300,22.9000,2600100,19.5342
2018-09-11,22.8200,23.2100,22.7600,22.9800,3520300,19.6024
2018-09-12,22.9600,23.3350,22.9500,23.2500,3761600,19.8327
2018-09-13,23.3200,23.4900,23.1300,23.3500,2445000,19.9180
2018-09-14,23.2700,23.6100,23.2700,23.3500,3375300,19.9180
2018-09-17,23.2700,23.6200,22.9550,23.0300,3389100,19.6451
2018-09-18,23.0200,23.4300,23.0000,23.2700,4486600,19.8498
2018-09-19,23.3400,23.5500,23.0200,23.0600,4876400,19.6707
2018-09-20,23.2200,23.6100,23.1700,23.4200,3276000,19.9778
2018-09-21,23.4000,23.9800,23.3700,23.8400,9448800,20.3360
2018-09-24,23.7900,24.0200,23.6800,23.8700,2797500,20.3616
2018-09-25,23.6500,23.9400,23.2500,23.5500,3803800,20.0886
2018-09-26,23.6500,24.0200,23.5400,23.7400,4466200,20.2507
2018-09-27,23.8200,24.2500,23.6900,24.1800,3433400,20.6260
2018-09-28,24.1800,25.2200,24.1800,24.8800,8265600,21.2232
2018-10-01,24.9200,25.2600,24.7800,25.2600,4817700,21.5473
2018-10-02,25.3600,26.2900,25.2800,25.4500,12196700,21.7094
2018-10-03,25.4200,26.0200,25.3250,25.4200,6891400,21.6838
2018-10-04,25.3500,25.5200,25.0700,25.2500,4223100,21.5388
2018-10-05,25.3500,25.6400,25.1800,25.6200,4186200,21.8544
2018-10-08,25.5900,25.8200,25.2600,25.4300,3751900,21.6923
2018-10-09,25.4000,25.5900,24.9550,25.3100,5025700,21.5900
2018-10-10,25.1700,25.4900,24.8900,24.9000,4841900,21.2402
2018-10-11,24.9000,24.9400,24.1500,24.2100,5257700,20.6516
2018-10-12,24.4600,24.6100,23.8000,24.2200,5217800,20.6602
2018-10-15,24.2100,24.4400,23.7800,23.8300,6142600,20.3275
2018-10-16,23.9400,24.3600,23.7200,23.9900,6074400,20.4640
2018-10-17,24.0200,24.0400,23.1300,23.3900,5479700,19.9522
2018-10-18,23.2400,23.3000,22.8000,22.8600,5397400,19.5001
2018-10-19,22.8700,23.1900,22.6300,22.6500,3817300,19.3209
2018-10-22,22.6700,23.2000,22.3900,23.0100,8097200,19.6280
2018-10-23,22.7800,22.8050,21.8200,22.5000,8845700,19.1930
2018-10-24,22.5700,22.6400,22.0500,22.1400,3283500,18.8859
2018-10-25,22.3000,22.5700,22.2200,22.2600,4280200,18.9882
2018-10-26,22.1700,22.3500,21.7600,22.1100,4335900,18.8603
2018-10-29,22.2400,22.4000,21.6300,21.8100,4170900,18.6044
2018-10-30,21.8000,22.0650,21.5600,21.8900,3713900,18.6726
2018-10-31,22.0100,22.7700,22.0100,22.6300,5737500,19.3039
2018-11-01,22.6100,23.1500,22.3600,23.1000,4285800,19.7048
2018-11-02,24.0000,24.8400,23.7500,24.3900,14068000,20.8052
2018-11-05,24.4700,25.0100,24.4700,24.9700,6764400,21.2999
2018-11-06,24.8100,25.2150,24.2250,24.4800,4607300,20.8819
2018-11-07,24.5700,24.8500,24.4400,24.7100,4831900,21.0781
2018-11-08,24.6200,24.8800,23.9900,24.2500,3636200,20.6858
2018-11-09,24.0100,24.4200,23.9300,24.0800,4188700,20.5407
2018-11-12,24.0800,24.7700,23.9700,24.6100,3833400,20.9928
2018-11-13,24.7500,24.9400,24.2300,24.3200,2708800,20.7455
2018-11-14,24.2900,24.4500,23.6500,23.8500,3392100,20.3445
2018-11-15,23.7300,23.8300,23.0200,23.2900,3855800,19.8669
2018-11-16,23.5000,23.8000,23.3050,23.6700,5241900,20.1910
2018-11-19,23.6400,23.9750,23.4750,23.5500,6656300,20.0886
2018-11-20,23.3900,23.4100,22.0200,22.3700,10882000,19.0821
2018-11-21,22.5400,23.2600,22.5400,22.8000,5246200,19.4489
2018-11-23,22.7300,23.0100,22.6900,22.8600,1640200,19.5001
2018-11-26,22.9800,23.3500,22.9110,23.1900,4428100,19.7816
2018-11-27,23.2000,23.2800,22.8700,22.9200,2747300,19.5512
2018-11-28,23.0400,23.5100,23.0100,23.3500,4785700,19.9180
2018-11-29,23.3500,23.5200,22.9700,23.2000,4539300,19.7901
2018-11-30,23.2200,23.6150,23.1800,23.4800,6242700,20.0289
2018-12-03,23.7100,23.9500,23.5900,23.7800,5523900,20.2848
2018-12-04,23.8000,24.1250,23.4800,23.4800,4473400,20.0289
2018-12-06,23.3000,24.2200,22.9000,24.0900,9417400,20.5493
2018-12-07,24.1900,24.3600,23.8700,23.9500,5018600,20.4298
2018-12-10,23.6500,23.9600,23.4000,23.6500,4263700,20.1739
2018-12-11,23.8400,24.2450,23.6100,23.9200,5070900,20.4043
2018-12-12,24.1800,24.8050,24.0100,24.4200,7325900,20.8308
2018-12-13,24.4400,25.0900,24.4100,24.8400,5780200,21.1890
2018-12-14,24.6200,25.0950,24.5600,24.7100,4239300,21.0781
2018-12-17,24.7200,24.7950,23.7900,23.8900,6226800,20.3787
2018-12-18,24.0100,24.4500,23.2700,23.3600,5057200,19.9266
2018-12-19,23.3900,23.7000,23.0100,23.1600,4556000,19.7560
2018-12-20,23.0800,23.1400,22.0050,22.2500,7677400,18.9797
2018-12-21,22.3100,22.4700,21.3400,21.4300,7803500,18.2802
2018-12-24,21.2900,21.4900,20.8350,21.1900,2728400,18.0755
2018-12-26,21.2300,22.2600,21.0300,22.2000,6044000,18.9371
2018-12-27,21.9700,22.3200,21.4900,22.3100,3088500,19.0309
2018-12-28,22.3400,22.6000,22.1000,22.3000,2659600,19.0224
2018-12-31,22.4100,22.9300,22.3600,22.8900,2697800,19.5256
2019-01-02,22.5100,23.1000,22.2750,22.3800,3952300,19.0906
2019-01-03,22.3600,22.6600,22.0200,22.1700,2940800,18.9115
2019-01-04,22.3100,23.1300,22.3100,23.0700,3017400,19.6792
2019-01-07,23.1200,23.8950,23.0650,23.4600,5250900,20.0119
2019-01-08,23.5100,23.8600,23.3100,23.4700,3681700,20.0204
2019-01-09,23.4500,23.5700,23.2150,23.3100,3416900,19.8839
2019-01-10,23.2600,24.1200,23.2600,24.1100,4586800,20.5663
2019-01-11,24.0900,24.0900,23.4900,23.7900,3299300,20.2934
2019-01-14,23.6400,23.8300,23.3100,23.5500,4236800,20.0886
2019-01-15,23.4300,24.0200,23.4300,23.7300,3058600,20.2422
2019-01-16,23.7100,24.3450,23.6600,24.2500,3899200,20.6858
2019-01-17,24.2600,24.7900,24.2000,24.6100,3331700,20.9928
2019-01-18,24.7000,24.8500,24.1100,24.2000,3435600,20.6431
2019-01-22,24.3400,24.4500,24.0000,24.2800,3867000,20.7113
2019-01-23,24.3800,24.9300,24.3800,24.7600,4387800,21.1208
2019-01-24,24.7500,24.8850,24.4500,24.6400,3841900,21.0184
2019-01-25,24.6500,24.8400,24.5100,24.6500,3375700,21.0270
2019-01-28,24.4800,24.7200,24.3800,24.4100,3821300,20.8222
2019-01-29,24.4000,24.8500,24.4000,24.6400,2159800,21.0184
2019-01-30,24.7500,25.0500,24.6800,24.9200,2272500,21.2573
2019-01-31,24.8600,25.3650,24.7500,25.1100,3321200,21.4194
2019-02-01,25.1000,25.4600,25.0400,25.0700,3218000,21.3852
2019-02-04,25.1000,25.5300,24.9300,25.4000,3418400,21.6667
2019-02-05,25.5400,25.6300,25.1300,25.2000,2689400,21.4961
2019-02-06,25.1600,25.4550,25.0900,25.2600,2268100,21.5473
2019-02-07,25.2500,25.6150,25.1700,25.5300,2210100,21.7776
2019-02-08,25.4900,25.9400,25.4800,25.9300,3836100,22.1188
2019-02-11,26.0000,26.1700,25.8950,26.1100,2210800,22.2724
2019-02-12,26.2500,26.6100,26.2000,26.2900,3827600,22.4259
2019-02-13,26.2700,26.5500,26.0150,26.1300,3822500,22.2894
2019-02-14,26.1400,26.4400,26.0700,26.3100,2292600,22.4430
2019-02-15,26.4300,26.5500,26.2400,26.5100,3044200,22.6136
2019-02-19,26.4700,26.7100,26.4000,26.5900,3671800,22.6818
2019-02-20,26.5500,26.7800,26.4300,26.6400,3886400,22.7245
2019-02-21,26.5100,26.8600,26.4300,26.7600,2699600,22.8268
2019-02-22,26.7700,27.0100,26.7200,26.8900,2100600,22.9377
2019-02-25,26.8900,26.9050,26.4000,26.5600,2567300,22.6562
2019-02-26,26.6100,26.6100,26.1600,26.2800,4181600,22.4174
2019-02-27,26.2800,26.4350,26.0500,26.1500,3589200,22.3065
2019-02-28,25.9800,26.5000,25.6160,26.0400,4580200,22.2127
2019-03-01,26.1700,26.6200,25.9950,26.5500,3233900,22.6477
2019-03-04,26.6800,26.7500,25.0400,25.4300,7132300,21.6923
2019-03-05,25.3400,25.7050,24.9700,25.4800,5089800,21.7350
2019-03-06,25.4300,25.5300,25.1300,25.2300,4467900,21.5217
2019-03-07,25.3100,25.4400,24.8400,24.9400,3579100,21.2743
2019-03-08,24.7600,25.1400,24.5700,25.1300,3973000,21.4364
2019-03-11,25.1600,25.3300,25.0500,25.2500,3277400,21.5388
2019-03-12,25.3200,25.9200,25.1500,25.8800,4597900,22.0762
2019-03-13,25.9600,26.4100,25.9350,26.0200,5225600,22.1956
2019-03-14,25.8700,25.8700,25.5000,25.5500,2368000,21.8999
2019-03-15,25.5500,25.8600,25.3100,25.5900,3760700,21.9342
2019-03-18,25.5800,25.7900,25.5250,25.7900,2922700,22.1056
2019-03-19,25.8100,25.9700,25.4950,25.5800,2720900,21.9256
2019-03-20,25.6100,25.9200,25.5600,25.6000,4261900,21.9427
2019-03-21,25.6300,26.2500,25.6300,26.1400,2994500,22.4056
2019-03-22,26.2500,26.3600,25.9400,25.9800,3882300,22.2685
2019-03-25,26.0800,26.3500,25.7900,26.0900,4295800,22.3627
2019-03-26,26.2200,26.3050,25.8500,25.9600,3703400,22.2513
2019-03-27,26.0200,26.1000,25.6600,25.9000,5556500,22.1999
2019-03-28,25.9500,26.0750,25.6850,25.8000,4626300,22.1142
2019-03-29,25.7200,26.2000,25.7200,26.0300,4165800,22.3113
2019-04-01,26.1500,26.3850,25.8400,26.0300,2725300,22.3113
2019-04-02,26.0700,26.3400,25.9100,26.3200,2903700,22.5599
2019-04-03,26.3400,26.6100,26.1500,26.1900,3727000,22.4485
2019-04-04,26.1400,26.2100,25.8400,26.0500,3376600,22.3285
2019-04-05,26.1200,26.1500,25.7650,25.9400,3946000,22.2342
2019-04-08,25.9000,25.9200,25.6000,25.7600,3864600,22.0799
2019-04-09,25.7700,25.8050,25.3100,25.4900,4313100,21.8485
2019-04-10,25.5300,26.0600,25.4600,25.9000,3990200,22.1999
2019-04-11,25.9700,26.1600,25.9000,26.0400,3489700,22.3199
2019-04-12,26.1100,26.1500,25.9200,26.1000,3590200,22.3713
2019-04-15,26.1300,26.3650,25.8900,25.9900,2842700,22.2770
2019-04-16,25.9800,26.2600,25.9450,25.9800,3230800,22.2685
2019-04-17,26.0500,26.2100,25.4900,25.6700,3477200,22.0027
2019-04-18,25.7900,26.1600,25.7300,26.0100,3179200,22.2942
2019-04-22,25.9900,26.3300,25.9900,26.2000,3166900,22.4570
2019-04-23,26.2600,26.5700,26.2100,26.4200,2535000,22.6456
2019-04-24,26.4500,26.7000,26.3300,26.5900,2735200,22.7913
2019-04-25,26.6100,27.0000,26.4250,26.8000,3315700,22.9713
2019-04-26,26.9200,27.1000,26.8700,27.0200,3630800,23.1599
2019-04-29,27.0700,27.1500,26.9000,27.0500,2567200,23.1856
2019-04-30,27.0200,27.2700,26.9350,27.2500,6184100,23.3570
2019-05-01,27.2300,27.4600,27.1100,27.2500,3825500,23.3570
2019-05-02,27.1100,27.4800,27.0650,27.2500,4376300,23.3570
2019-05-03,27.5600,27.8600,26.5950,26.6600,5232500,22.8513
2019-05-06,26.8300,26.8500,26.0700,26.3100,5325500,22.5513
2019-05-07,26.1000,26.5700,26.0700,26.1500,5209900,22.4142
2019-05-08,25.9000,26.0200,24.6000,25.1900,10494100,21.5913
2019-05-09,24.9500,25.0400,24.5150,24.8500,5930200,21.2999
2019-05-10,24.9200,25.0100,24.5700,24.8300,4873900,21.2828
2019-05-13,24.4500,24.4900,24.0300,24.4700,5866300,20.9742
2019-05-14,24.5500,25.0100,24.5000,24.5700,5193500,21.0599
2019-05-15,24.5400,24.8100,24.2800,24.5000,3506800,20.9999
2019-05-16,24.4800,24.8800,24.4300,24.6600,3576600,21.1370
2019-05-17,24.4500,24.9900,24.4200,24.8100,5581100,21.2656
2019-05-20,24.7500,25.3100,24.6900,25.0600,4867300,21.4799
2019-05-21,25.1300,25.9800,25.1300,25.7500,8589500,22.0713
2019-05-22,25.6400,25.7500,25.2800,25.4500,3870800,21.8142
2019-05-23,25.3100,25.3300,24.5950,24.8000,4289000,21.2570
2019-05-24,24.8300,24.9200,24.4800,24.4800,3022300,20.9827
2019-05-28,24.5700,24.8950,24.3050,24.5900,5944700,21.0770
2019-05-29,24.5800,24.6500,23.7500,24.0200,5216100,20.5885
2019-05-30,23.9800,24.1200,22.9600,23.4200,6915600,20.0742
2019-05-31,23.2300,23.8650,23.1900,23.5600,7731200,20.1942
2019-06-03,23.6200,23.8900,23.5300,23.7600,3868100,20.3656
2019-06-04,24.1200,24.3100,23.5150,24.2700,5738800,20.8028
2019-06-05,24.3700,24.6900,24.1000,24.6100,3995100,21.0942
2019-06-06,24.7100,25.1400,24.4100,24.6200,2783900,21.1028
2019-06-07,24.7200,24.8100,24.2900,24.3100,4268600,20.8370
2019-06-10,24.3000,24.4800,24.0350,24.1100,2852300,20.6656
2019-06-11,24.1200,24.5900,24.0400,24.5700,2895400,21.0599
2019-06-12,24.6200,24.7000,24.0400,24.2200,3577100,20.7599
2019-06-13,24.1400,24.3400,23.7450,23.8600,3474800,20.5574
2019-06-14,23.8600,23.9000,23.5550,23.7700,2875100,20.4799
2019-06-17,23.7400,23.7500,23.1650,23.2600,6941800,20.0405
2019-06-18,23.4400,23.7200,23.3600,23.6000,4431900,20.3334
2019-06-19,23.6000,23.9200,23.5900,23.8200,3856000,20.5230
2019-06-20,24.1100,24.2500,23.9000,24.1900,3043400,20.8417
2019-06-21,24.2100,24.3200,23.7500,24.1000,11378100,20.7642
2019-06-24,24.2000,24.2250,23.7700,23.8900,4640000,20.5833
2019-06-25,23.9000,23.9100,23.2900,23.3700,5542400,20.1352
2019-06-26,23.3300,23.4700,22.2000,22.2600,9892000,19.1789
2019-06-27,22.2600,22.3700,21.8900,22.2400,9463400,19.1617
2019-06-28,22.3000,22.6650,22.2900,22.6400,8405600,19.5063
2019-07-01,22.7100,22.8500,22.4300,22.7600,4171100,19.6097
2019-07-02,22.7900,22.8400,22.4300,22.6200,4029900,19.4891
2019-07-03,22.6900,22.8900,22.5150,22.5400,6179900,19.4201
2019-07-05,22.4600,22.8400,22.3900,22.5400,3071800,19.4201
2019-07-08,22.4100,22.5600,22.1700,22.4300,4829400,19.3254
2019-07-09,22.3900,22.5600,22.2600,22.4200,3373000,19.3167
2019-07-10,22.4400,22.7550,22.3900,22.4300,3610700,19.3254
2019-07-11,22.4400,22.4600,22.1600,22.3900,5320800,19.2909
2019-07-12,22.4700,22.7200,22.2200,22.5800,2316000,19.4546
2019-07-15,22.6000,22.6400,22.3500,22.5500,2719200,19.4287
2019-07-16,22.4500,22.6400,21.8600,21.9700,4410100,18.9290
2019-07-17,21.9500,22.3700,21.9500,22.2200,3056700,19.1444
2019-07-18,22.1700,22.2800,21.8400,22.1100,2598000,19.0497
2019-07-19,22.1400,22.2700,21.8300,21.8300,2978900,18.8084
2019-07-22,21.8400,21.8550,21.5800,21.6100,2981300,18.6189
2019-07-23,21.6700,21.6800,21.3650,21.4300,2451400,18.4638
2019-07-24,21.4100,21.6350,21.3250,21.5600,1959100,18.5758
2019-07-25,21.4600,22.0750,21.4400,21.9200,2949900,18.8860
2019-07-26,21.9500,22.0600,21.6500,21.7500,1956000,18.7395
2019-07-29,21.7700,21.9350,21.5300,21.7700,3175100,18.7567
2019-07-30,21.6800,21.9000,21.6000,21.8700,2870400,18.8429
2019-07-31,21.8500,21.9650,21.4300,21.4600,5401600,18.4896
2019-08-01,21.4500,21.8000,21.3500,21.5500,3266500,18.5672
2019-08-02,21.7500,22.3600,21.3500,22.0400,4687400,18.9893
2019-08-05,21.8400,21.9550,21.5100,21.7200,5243000,18.7136
2019-08-06,21.7500,22.3250,21.6300,22.2800,5022400,19.1961
2019-08-07,22.2300,22.6100,22.0600,22.0600,6233800,19.0066
2019-08-08,22.0900,22.8300,22.0450,22.7500,4783200,19.6011
2019-08-09,22.7000,22.7700,22.1300,22.1300,3182400,19.0669
2019-08-12,22.0300,22.1100,21.7450,22.1000,1880900,19.0410
2019-08-13,22.0500,22.7400,22.0000,22.5900,4371500,19.4632
2019-08-14,22.5300,22.8700,22.2200,22.2900,8127100,19.2047
2019-08-15,22.4000,22.7400,22.2500,22.6100,5829700,19.4804
2019-08-16,22.7000,23.7400,22.7000,23.6900,5835000,20.4110
2019-08-19,23.9900,23.9900,23.4550,23.6900,5318100,20.4110
2019-08-20,23.6100,23.8300,23.2900,23.7900,7207500,20.4971
2019-08-21,23.9400,24.1900,23.7600,24.1100,6583200,20.7728
2019-08-22,24.1200,24.4150,24.0500,24.1400,4263000,20.7987
2019-08-23,24.2200,24.4000,23.9000,23.9800,5871000,20.6608
2019-08-26,24.1000,24.2700,23.9500,24.2600,3064000,20.9021
2019-08-27,24.3500,24.5900,23.9500,23.9900,4009600,20.6694
2019-08-28,24.0000,24.0550,23.9300,24.0400,2858900,20.7125
2019-08-29,24.2000,24.4400,24.1800,24.4000,4064700,21.0227
2019-08-30,24.5000,25.0170,24.5000,24.9500,3064800,21.4965
2019-09-03,24.9000,25.1100,24.7900,25.0700,4526500,21.5999
2019-09-04,25.3000,25.4600,25.0200,25.2200,3647800,21.7292
2019-09-05,25.2200,25.7200,25.1050,25.6800,3816200,22.1255
2019-09-06,25.7500,25.8800,25.4000,25.5300,4901800,21.9963
2019-09-09,25.5200,25.6700,25.3800,25.5500,5314100,22.0135
2019-09-10,25.6300,26.1200,25.5850,25.6200,6054100,22.0738
2019-09-11,25.6300,26.1000,25.5940,25.9700,9105700,22.3754
2019-09-12,26.0100,26.4850,25.9800,26.2700,3636600,22.6338
2019-09-13,26.0000,26.2800,25.8400,26.2500,3741800,22.7247
2019-09-16,26.2600,26.6800,26.1200,26.5600,4657500,22.9931
2019-09-17,26.5900,26.9450,26.5600,26.6600,7206700,23.0797
2019-09-18,26.7100,26.8300,26.4800,26.7500,6021000,23.1576
2019-09-19,26.8500,26.9200,26.5800,26.6800,4201100,23.0970
2019-09-20,26.8000,27.1900,26.6600,27.1400,9024200,23.4952
2019-09-23,27.0800,27.2300,26.9250,26.9600,4127200,23.3394
2019-09-24,27.0200,27.2100,26.7100,26.9800,4222900,23.3567
2019-09-25,26.9100,27.2100,26.7400,27.1500,3781200,23.5039
2019-09-26,27.1500,27.1600,26.7600,26.8800,3351900,23.2701
2019-09-27,26.9400,26.9700,26.5450,26.7400,3232400,23.1489
2019-09-30,26.6200,26.8800,26.5900,26.7300,4049400,23.1403
2019-10-01,26.7100,26.8700,26.4700,26.5000,2711000,22.9412
2019-10-02,26.3900,26.4620,26.1200,26.1200,5042500,22.6122
2019-10-03,26.1600,26.2950,26.0200,26.2300,3152900,22.7074
2019-10-04,26.3400,26.9300,26.1700,26.9300,2798200,23.3134
2019-10-07,26.9300,27.2200,26.8100,27.0000,4198200,23.3740
2019-10-08,26.9400,27.4800,26.8200,27.1400,4395500,23.4952
2019-10-09,27.1800,27.3200,26.9400,27.0700,3013700,23.4346
2019-10-10,27.0500,27.0500,26.7500,26.9200,3639100,23.3048
2019-10-11,27.0300,27.4150,26.9300,27.0900,3626200,23.4519
2019-10-14,27.2300,27.2300,26.9100,26.9700,2106400,23.3481
2019-10-15,27.0000,27.1500,26.8050,26.9000,3470900,23.2875
2019-10-16,26.8400,26.9400,26.5400,26.6600,2974300,23.0797
2019-10-17,26.7600,26.9300,26.6400,26.8400,2899100,23.2355
2019-10-18,26.8400,26.9450,26.5700,26.7900,4131700,23.1922
2019-10-21,26.9500,27.2200,26.9500,27.0500,3258200,23.4173
2019-10-22,27.1200,27.2050,26.9400,27.1000,2334500,23.4606
2019-10-23,27.0600,27.1650,26.8800,27.0400,2594800,23.4086
2019-10-24,27.1700,27.1700,26.8500,26.9900,2787000,23.3654
2019-10-25,26.9500,27.1500,26.9200,27.1000,3156500,23.4606
2019-10-28,27.1400,27.2350,26.9800,26.9900,2671700,23.3654
2019-10-29,26.8600,27.1850,26.7900,27.0300,4210100,23.4000
2019-10-30,27.0800,27.2900,26.8300,27.2500,4523800,23.5905
2019-10-31,27.2000,27.4200,26.9800,27.0300,3552900,23.4000
2019-11-01,27.0900,27.2800,26.9500,27.1700,3485700,23.5212
2019-11-04,27.1300,27.5200,27.0700,27.3700,4911800,23.6943
2019-11-05,27.5600,27.9600,26.3250,26.3600,5592900,22.8200
2019-11-06,26.4400,26.5800,25.6500,25.7500,4139700,22.2919
2019-11-07,26.2300,26.7300,25.8250,26.2100,5206900,22.6901
2019-11-08,26.2100,26.2900,25.8880,26.0000,3823000,22.5083
2019-11-11,26.0400,26.2200,26.0100,26.0900,3014700,22.5862
2019-11-12,26.0100,26.4800,26.0100,26.3000,3348800,22.7680
2019-11-13,26.2900,26.2900,25.9800,26.0000,3509000,22.5083
2019-11-14,26.0600,26.5300,25.8400,26.3400,10555700,22.8027
2019-11-15,26.3900,26.5100,26.1250,26.2000,7102000,22.6815
2019-11-18,26.2800,26.7800,26.2450,26.6800,6045000,23.0970
2019-11-19,26.7200,26.7200,26.2000,26.4400,4163900,22.8892
2019-11-20,26.3600,26.6900,26.3600,26.6900,4800800,23.1057
2019-11-21,26.7200,26.8000,26.2700,26.4400,3049600,22.8892
2019-11-22,26.4300,26.6900,26.3000,26.5300,2878300,22.9671
2019-11-25,26.5000,26.7000,26.1700,26.2700,2721100,22.7421
2019-11-26,26.3100,26.3100,26.0050,26.1700,3042500,22.6555
2019-11-27,26.2800,26.5100,26.1400,26.4800,1759300,22.9239
2019-11-29,26.4300,26.6800,26.2650,26.5300,1477800,22.9671
2019-12-02,26.5200,26.6900,26.4400,26.4600,3318000,22.9065
2019-12-03,26.4300,26.5100,26.0900,26.4100,2968000,22.8633
2019-12-04,25.7300,25.7300,24.9450,25.1100,15051700,21.7378
2019-12-05,25.2100,25.3000,24.3300,24.4500,7182300,21.1665
2019-12-06,24.4800,24.5900,24.0100,24.0900,7784500,20.8548
2019-12-09,24.1700,24.2650,23.5700,23.6700,7410700,20.4912
2019-12-10,23.9000,24.0600,23.4350,23.8400,7237800,20.6384
2019-12-11,23.7800,24.1100,23.7800,23.9000,3455300,20.6903
2019-12-12,24.0000,24.2350,23.9200,24.0500,3563300,20.8202
2019-12-13,24.0000,24.1000,23.6600,23.7100,3242500,20.6331
2019-12-16,23.6800,24.3050,23.6600,24.2400,6451200,21.0943
2019-12-17,24.3900,24.4100,23.8300,23.9400,5751700,20.8333
2019-12-18,23.9000,24.1900,23.7400,23.8800,5735300,20.7810
2019-12-19,23.8900,24.5150,23.8800,24.2300,7397400,21.0856
2019-12-20,24.2800,24.6000,23.9400,24.0100,13691800,20.8942
2019-12-23,24.0700,24.0800,23.5500,23.6500,4751000,20.5809
2019-12-24,23.6800,23.7100,23.4400,23.4900,1177000,20.4416
2019-12-26,23.5500,23.5800,22.9700,23.0300,3350000,20.0413
2019-12-27,23.0000,23.0900,22.6450,22.8200,4282600,19.8586
2019-12-30,22.7200,23.0150,22.6850,22.8200,3846800,19.8586
2019-12-31,22.7400,23.0500,22.7200,22.9900,3475900,20.0065
2020-01-02,23.0800,23.0800,22.6250,22.8400,3934900,19.8760
2020-01-03,22.7200,23.1300,22.7200,23.0800,3768200,20.0848
2020-01-06,23.0400,23.1350,22.6100,22.6900,4901400,19.7455
2020-01-07,22.6100,22.8800,22.5350,22.8300,4697800,19.8673
2020-01-08,22.7900,23.2150,22.7000,23.1300,5776900,20.1284
2020-01-09,23.1500,23.2200,22.8300,22.8600,3955900,19.8934
2020-01-10,22.8600,23.0650,22.6650,22.7600,4132500,19.8064
2020-01-13,22.7200,22.8600,22.5000,22.5300,5545700,19.6062
2020-01-14,22.5100,22.7400,22.4800,22.6700,3805800,19.7281
2020-01-15,22.6000,23.0100,22.6000,22.7300,4738600,19.7803
2020-01-16,22.8100,23.4300,22.8100,23.2000,6538100,20.1893
2020-01-17,23.2600,23.3600,22.9300,22.9400,3208700,19.9630
2020-01-21,22.9300,22.9900,22.7000,22.7100,3703100,19.7629
2020-01-22,22.8300,23.0200,22.6900,22.7400,2727500,19.7890
2020-01-23,22.7700,23.0100,22.6300,22.9600,3577200,19.9804
2020-01-24,22.8800,22.9350,22.0600,22.1700,3768600,19.2929
2020-01-27,22.0100,22.0900,21.6500,21.6500,3040000,18.8404
2020-01-28,21.7100,21.7900,21.5400,21.5400,2610400,18.7447
2020-01-29,21.5100,22.2200,21.3600,22.1300,5300400,19.2581
2020-01-30,22.1600,22.4500,21.8200,22.4100,4797800,19.5018
2020-01-31,22.3000,22.6000,22.2200,22.5200,5032700,19.5975
2020-02-03,22.5300,22.7500,22.3700,22.5700,3294300,19.6410
2020-02-04,22.6800,22.8300,22.0400,22.0400,3919600,19.1798
2020-02-05,22.0700,22.5050,21.8500,21.9300,4304300,19.0841
2020-02-06,21.9600,22.0100,21.7200,21.7200,3945300,18.9013
2020-02-07,21.7400,22.3600,21.7400,22.3000,4736800,19.4061
2020-02-10,22.3000,22.3750,22.0700,22.2700,2971400,19.3800
2020-02-11,22.3700,23.4400,22.3300,22.9800,9173400,19.9978
2020-02-12,22.8300,23.1950,22.8300,22.9300,5164400,19.9543
2020-02-13,22.9300,23.0900,22.8600,23.0700,1847200,20.0761
2020-02-14,23.1300,23.3000,23.0600,23.2900,3262100,20.2676
2020-02-18,23.3800,23.6000,23.1600,23.3600,4229100,20.3285
2020-02-19,23.4000,23.4550,22.6800,22.6900,3211100,19.7455
2020-02-20,22.7100,22.9600,22.5850,22.9100,3439100,19.9369
2020-02-21,22.8700,23.4600,22.7900,23.4300,4101600,20.3894
2020-02-24,23.1800,23.1900,22.6200,22.9800,3824400,19.9978
2020-02-25,23.0400,23.2800,22.1300,22.1400,6927000,19.2668
2020-02-26,22.3200,22.6250,21.6700,21.6800,6505700,18.8665
2020-02-27,21.5800,21.6000,20.4600,20.5900,7335100,17.9180
2020-02-28,20.4300,20.4300,18.7500,19.2300,12553900,16.7345
2020-03-02,19.3000,20.2350,18.9400,20.1400,8020800,17.5264
2020-03-03,20.2500,21.0300,20.1000,20.2500,5850400,17.6221
2020-03-04,20.5200,21.0800,20.4200,21.0500,5557900,18.3183
2020-03-05,20.8800,21.0000,20.3800,20.6400,4195700,17.9615
2020-03-06,19.9100,20.8300,19.8400,20.5300,3905500,17.8658
2020-03-09,19.0400,19.3150,18.0400,18.4300,7633800,16.0383
2020-03-10,18.9700,19.3800,17.8900,19.3400,5197100,16.8302
2020-03-11,18.7600,18.9400,17.2700,17.7900,9774300,15.4814
2020-03-12,16.3600,16.7500,14.2700,14.5500,9958400,12.6618
2020-03-13,15.4100,15.9100,14.5100,15.4900,8778900,13.4798
2020-03-16,14.2600,15.4750,13.5000,13.6900,6744100,12.0182
2020-03-17,14.0700,14.3800,12.6650,12.8900,5373900,11.3159
2020-03-18,11.9500,13.0400,11.3000,12.6000,8804100,11.0613
2020-03-19,12.4300,14.4400,12.3400,14.2200,7457700,12.4834
2020-03-20,14.6000,14.7300,13.8250,14.0800,11443200,12.3605
2020-03-23,14.0300,14.1200,12.7050,12.9200,9830700,11.3422
2020-03-24,13.7300,15.0150,13.6750,14.6100,6688200,12.8258
2020-03-25,14.5700,15.5300,13.8600,14.6900,6976600,12.8960
2020-03-26,14.8400,16.2050,14.2600,15.7900,7048600,13.8617
2020-03-27,15.2100,16.7100,14.7200,16.3900,6820300,14.3884
2020-03-30,16.4900,16.6300,15.4600,16.0600,4086300,14.0987
2020-03-31,15.8300,16.2600,15.5950,15.9600,5448300,14.0109
2020-04-01,15.2700,15.4550,15.0400,15.3300,4538300,13.4579
2020-04-02,15.1600,16.0300,15.0900,15.9800,6455400,14.0285
2020-04-03,15.8500,16.1500,15.6000,15.8300,7313300,13.8968
2020-04-06,16.4900,16.8200,15.7300,16.0200,6454300,14.0636
2020-04-07,16.6000,16.9700,16.2600,16.3000,4790600,14.3094
2020-04-08,16.4000,17.5300,16.3100,17.4600,2937600,15.3278
2020-04-09,17.7800,18.6900,17.4150,17.7900,3392700,15.6175
2020-04-13,17.6900,17.7400,16.4700,17.1400,2806900,15.0468
2020-04-14,17.4600,17.7100,16.9700,17.4200,4031900,15.2926
2020-04-15,16.8700,16.9700,15.9750,16.1900,5434600,14.2129
2020-04-16,16.2700,16.3200,15.7700,16.1000,5722500,14.1338
2020-04-17,16.5000,17.6300,16.4100,17.5400,4376100,15.3980
2020-04-20,17.2200,17.5900,16.6800,16.8900,5457200,14.8274
2020-04-21,16.5300,17.0750,16.3600,17.0200,4577500,14.9415
2020-04-22,17.3900,17.7300,17.0700,17.6400,2847300,15.4858
2020-04-23,17.7500,17.7700,17.3700,17.5000,2386400,15.3629
2020-04-24,17.5200,18.2260,17.4600,18.0400,1728400,15.8369
2020-04-27,18.3900,19.0700,18.1300,18.9500,3005900,16.6358
2020-04-28,19.3300,19.9400,19.0700,19.2100,3901500,16.8640
2020-04-29,19.7900,20.2000,19.4700,19.7500,5214900,17.3381
2020-04-30,19.5500,19.6900,19.0800,19.5400,3620100,17.1537
2020-05-01,19.1600,19.5200,18.8500,19.3500,3537300,16.9869
2020-05-04,19.1500,19.2500,18.6500,18.9700,3783000,16.6534
2020-05-05,20.6800,20.6800,18.6800,18.7200,5490000,16.4339
2020-05-06,18.7600,18.8700,18.0400,18.2300,3254600,16.0037
2020-05-07,18.4200,18.5400,17.8800,17.9500,4784200,15.7579
2020-05-08,18.2300,19.1050,18.0900,18.9000,2832400,16.5919
2020-05-11,18.7200,18.7200,18.1350,18.3200,3006500,16.0827
2020-05-12,18.2700,18.5000,18.0300,18.1000,2913000,15.8896
2020-05-13,18.0100,18.2500,17.5000,17.8200,4922700,15.6438
2020-05-14,17.7100,18.7450,17.6100,18.7100,3079300,16.4251
2020-05-15,18.4900,18.8510,18.3700,18.5700,3130400,16.3022
2020-05-18,19.2200,20.0300,19.2200,19.9200,4311500,17.4873
2020-05-19,19.8400,20.0250,19.5300,19.5300,2721200,17.1450
2020-05-20,19.8000,20.5900,19.7850,19.9900,4293300,17.5488
2020-05-21,19.8500,20.0200,19.5750,19.6000,3201000,17.2064
2020-05-22,19.5400,19.8350,19.3100,19.8100,1969800,17.3908
2020-05-26,20.4400,20.4800,19.6000,19.7200,5272100,17.3118
2020-05-27,20.0500,20.1200,19.5700,20.1200,3483300,17.6629
2020-05-28,20.3000,20.9300,20.1200,20.8100,4085700,18.2686
2020-05-29,20.7600,20.9400,20.1400,20.4400,7388300,17.9438
2020-06-01,20.3400,21.0200,20.3400,20.9400,3143100,18.3828
2020-06-02,21.0400,21.2650,20.5150,20.6300,4414300,18.1106
2020-06-03,20.8400,20.9350,20.4850,20.8100,3232900,18.2686
2020-06-04,20.7400,20.8400,19.9400,20.2800,3989000,17.8034
2020-06-05,20.8200,21.3900,20.6500,20.8700,4149700,18.3213
2020-06-08,21.2100,22.0150,21.0000,22.0000,6988700,19.3133
2020-06-09,21.9900,21.9900,21.0100,21.1700,4255300,18.5847
2020-06-10,21.1600,21.4300,20.5400,21.2200,4236300,18.6286
2020-06-11,20.5900,20.6200,19.5000,19.7500,3259000,17.3381
2020-06-12,20.3100,20.5600,19.7300,20.2000,4000200,17.7331
2020-06-15,19.5900,20.1600,19.3000,19.8700,2978600,17.5608
2020-06-16,20.4600,21.0000,20.2200,20.4900,4619900,18.1088
2020-06-17,20.5300,20.7100,20.0200,20.2800,4986000,17.9232
2020-06-18,20.0800,20.4300,20.0200,20.2900,4704000,17.9320
2020-06-19,20.5700,20.6300,19.8000,19.8300,7364100,17.5255
2020-06-22,19.8000,19.8400,19.2900,19.6500,4792400,17.3664
2020-06-23,19.7200,19.7550,18.7550,18.8900,5692300,16.6947
2020-06-24,18.6700,18.8800,18.4200,18.6100,4048000,16.4472
2020-06-25,18.5800,18.9000,18.3750,18.8700,3236600,16.6770
2020-06-26,18.7300,18.8000,17.8200,18.1300,8666900,16.0230
2020-06-29,18.3000,18.7600,17.9850,18.7400,3304200,16.5621
2020-06-30,18.6000,18.7200,18.3200,18.6200,4131000,16.4561
2020-07-01,18.6200,19.2500,18.5400,19.1400,4010500,16.9156
2020-07-02,19.3900,19.4700,18.9400,19.0400,3236600,16.8273
2020-07-06,19.3400,19.5300,19.0500,19.2800,2175500,17.0394
2020-07-07,19.1100,19.1100,18.8950,18.9800,2666100,16.7742
2020-07-08,19.0600,19.6700,18.9400,19.5600,2757600,17.2868
2020-07-09,19.4400,19.4400,18.7130,19.0000,2586200,16.7919
2020-07-10,19.0000,19.2200,18.8300,18.8700,3963700,16.6770
2020-07-13,18.9600,19.4900,18.8500,19.1100,3541000,16.8891
2020-07-14,19.0200,19.3750,18.9450,19.1900,2102300,16.9598
2020-07-15,19.3900,19.5650,19.1740,19.3000,2404100,17.0570
2020-07-16,19.2100,19.6200,19.1850,19.4000,3494100,17.1454
2020-07-17,19.4100,19.7000,19.4050,19.6200,1621100,17.3399
2020-07-20,19.5300,19.6200,18.9500,19.1000,4465300,16.8803
2020-07-21,19.1800,19.6200,19.1500,19.2400,2580800,17.0040
2020-07-22,19.1200,19.6250,18.9100,19.5200,4874500,17.2515
2020-07-23,19.4600,19.6200,19.0700,19.1600,5564100,16.9333
2020-07-24,19.1900,19.4800,18.6850,18.8800,4421700,16.6859
2020-07-27,18.8800,18.8840,18.0000,18.2000,5009000,16.0849
2020-07-28,18.2600,18.7500,18.1890,18.4400,3488900,16.2970
2020-07-29,18.4800,18.9100,18.4400,18.8700,2509700,16.6770
2020-07-30,18.6400,18.8600,18.2300,18.8000,1884800,16.6152
2020-07-31,18.7900,18.8600,18.4300,18.6600,2507800,16.4914
2020-08-03,18.6300,18.7950,18.2900,18.7600,2381700,16.5798
2020-08-04,18.7300,19.2250,18.6900,18.7600,4558000,16.5798
2020-08-05,19.0000,19.3900,18.0950,18.2600,4892800,16.1379
2020-08-06,18.1300,18.9650,18.1300,18.8300,2813900,16.6417
2020-08-07,18.7300,19.1450,18.4850,18.9000,3991100,16.7035
2020-08-10,18.9300,19.2700,18.8100,19.2000,2421600,16.9687
2020-08-11,19.3800,19.6600,18.8500,18.8900,2335400,16.6947
2020-08-12,19.0800,19.4400,19.0200,19.3400,2371800,17.0924
2020-08-13,19.2700,19.3300,18.9900,19.1100,1064100,16.8891
2020-08-14,18.9300,19.1950,18.8000,19.0500,1316300,16.8361
2020-08-17,19.1300,19.3980,18.9900,19.3500,2235600,17.1012
2020-08-18,19.4000,20.4000,19.3500,20.1400,6428000,17.7994
2020-08-19,20.2100,20.2100,19.6900,19.7300,2396500,17.4371
2020-08-20,19.6000,19.7500,19.3400,19.4000,2021100,17.1454
2020-08-21,19.3100,19.5300,19.0500,19.1000,3077300,16.8803
2020-08-24,19.1600,19.4100,18.9000,19.3000,1748500,17.0570
2020-08-25,19.4100,19.5050,19.0000,19.1400,1774400,16.9156
2020-08-26,19.0000,19.0200,18.4800,18.7600,2115800,16.5798
2020-08-27,18.8300,19.1400,18.7200,19.1000,2436000,16.8803
2020-08-28,19.2500,19.3250,18.9600,19.3000,1030500,17.0570
2020-08-31,19.3400,19.4750,19.1900,19.2300,2526900,16.9952
2020-09-01,19.1100,19.1100,18.6800,18.7600,2036100,16.5798
2020-09-02,18.7900,19.4350,18.5100,19.2900,1801400,17.0482
2020-09-03,19.2600,19.5200,18.6650,18.7500,2076000,16.5710
2020-09-04,18.7700,18.9000,18.0250,18.2300,2352300,16.1114
2020-09-08,18.2300,18.4000,17.7500,17.8500,2845400,15.7756
2020-09-09,18.0800,18.6200,18.0600,18.4200,2598100,16.2793
2020-09-10,18.3800,18.4150,18.0800,18.0900,1860800,15.9877
2020-09-11,18.4200,18.5100,17.9290,18.5100,2949400,16.3589
2020-09-14,18.5100,18.8800,18.2500,18.8700,2871500,16.6770
2020-09-15,18.7600,18.7600,18.3600,18.4200,4239600,16.3966
2020-09-16,18.3200,18.8300,18.3000,18.6100,4199100,16.5658
2020-09-17,18.4700,18.5000,18.1100,18.2800,4829700,16.2720
2020-09-18,18.2500,18.5000,18.0150,18.1100,4210800,16.1207
2020-09-21,17.8100,18.0950,17.6700,17.8900,3740600,15.9248
2020-09-22,18.0800,18.1900,17.6800,17.8200,4177500,15.8625
2020-09-23,17.8900,18.1400,17.8200,17.9600,3876600,15.9872
2020-09-24,17.9500,18.1100,17.6400,17.9900,2915800,16.0139
2020-09-25,17.9000,18.1050,17.7600,18.0100,2261200,16.0317
2020-09-28,18.1600,18.2100,17.9350,17.9700,3745300,15.9961
2020-09-29,18.1500,18.8600,18.1500,18.5300,8584100,16.4945
2020-09-30,18.6700,18.9800,18.3300,18.8600,7880600,16.7883
2020-10-01,18.9400,18.9600,17.8550,17.8900,5387900,15.9248
2020-10-02,17.4400,18.0400,17.2100,17.9900,4149100,16.0139
2020-10-05,18.0400,18.2250,17.7900,17.8100,5855800,15.8536
2020-10-06,17.8500,18.2200,17.7400,17.9500,6051800,15.9783
2020-10-07,18.0000,18.0400,17.7600,17.8300,5771000,15.8714
2020-10-08,17.9400,18.3100,17.9000,18.2800,5212600,16.2720
2020-10-09,18.3600,18.4300,17.9900,17.9900,3355800,16.0139
2020-10-12,17.9400,18.1800,17.7800,18.0000,3888500,16.0228
2020-10-13,17.9000,18.1450,17.6900,18.0300,5596400,16.0495
2020-10-14,18.1000,19.0200,18.0700,18.7600,4168400,16.6993
2020-10-15,18.5500,19.0650,18.4400,18.7500,2374100,16.6904
2020-10-16,18.7900,19.2650,18.6550,19.0200,2492500,16.9307
2020-10-19,19.0900,19.1300,18.8100,18.8100,2184900,16.7438
2020-10-20,18.9500,19.2000,18.7950,18.9500,2256400,16.8684
2020-10-21,18.7700,19.1500,18.7150,18.9400,2492500,16.8595
2020-10-22,18.9900,19.1950,18.6500,19.0600,1943700,16.9663
2020-10-23,19.2200,19.3700,19.0210,19.2800,1713800,17.1622
2020-10-26,19.1400,19.2000,18.7500,19.0900,1970700,16.9930
2020-10-27,19.0000,19.2600,18.3650,18.4400,3817500,16.4144
2020-10-28,18.1300,18.2200,17.3050,17.3500,4082000,15.4442
2020-10-29,17.1900,17.5300,16.9100,17.3400,3114600,15.4353
2020-10-30,17.3100,17.6550,17.2300,17.3700,3819500,15.4620
2020-11-02,17.5900,17.9100,17.4200,17.7400,5941700,15.7913
2020-11-03,18.0500,18.6800,18.0300,18.3900,4046000,16.3699
2020-11-04,18.6000,18.8800,18.0630,18.3400,3310900,16.3254
2020-11-05,18.5300,18.9800,18.3350,18.4900,2319500,16.4589
2020-11-06,18.3700,18.7300,18.2400,18.2600,2266100,16.2542
2020-11-09,19.0100,19.6500,18.6400,18.9100,4571800,16.8328
2020-11-10,18.9900,20.1950,18.8500,20.1800,4548300,17.9633
2020-11-11,20.2100,20.3200,19.4100,19.6400,3453400,17.4826
2020-11-12,19.7100,19.8550,18.8300,19.0300,3940100,16.9396
2020-11-13,19.1700,19.8450,19.1700,19.7300,2649500,17.5627
2020-11-16,20.0000,20.1600,19.5700,19.8000,2962300,17.6250
2020-11-17,19.6000,19.8000,19.1100,19.3300,2616500,17.2067
2020-11-18,19.3500,19.4900,18.6100,18.6200,3483800,16.5747
2020-11-19,18.5700,18.7300,18.1800,18.5300,2798300,16.4945
2020-11-20,18.4500,18.6900,18.1800,18.2000,2012300,16.2008
2020-11-23,18.3400,18.6700,18.3200,18.5700,1991300,16.5301
2020-11-24,18.8400,19.3800,18.6000,19.3700,3340600,17.2423
2020-11-25,19.3700,19.5770,19.2350,19.4700,2248600,17.3313
2020-11-27,19.5100,19.6500,19.4600,19.5900,1391500,17.4381
2020-11-30,19.5900,19.6800,18.5800,18.6800,4669400,16.6281
2020-12-01,18.7500,19.1200,18.6900,18.7800,2870500,16.7171
2020-12-02,18.6400,18.8900,18.5000,18.8700,1826400,16.7972
2020-12-03,18.8400,18.9500,18.6050,18.7700,2436000,16.7082
2020-12-04,18.8900,19.2400,18.8800,19.1500,2387000,17.0464
2020-12-07,19.2000,19.2000,18.6600,18.9700,3878300,16.8862
2020-12-08,18.8100,18.9700,18.5250,18.9500,3582500,16.8684
2020-12-09,19.0000,19.1400,18.8250,19.0100,2899400,16.9218
2020-12-10,19.0100,19.0750,18.6750,18.8200,3746500,16.7527
2020-12-11,18.6400,18.7200,18.2150,18.2800,4090100,16.2720
2020-12-14,18.5100,18.6200,17.9850,18.1400,5038700,16.1474
2020-12-15,18.2000,18.5150,17.9600,18.4600,4275100,16.5554
2020-12-16,18.5300,18.5500,17.9100,18.0800,3949400,16.2146
2020-12-17,17.9800,18.1100,17.7850,17.9300,4985800,16.0801
2020-12-18,17.9000,18.0800,17.5800,17.6500,5841600,15.8290
2020-12-21,17.7400,17.7750,17.3900,17.5600,5939100,15.7483
2020-12-22,17.7700,18.1550,17.6800,18.1300,4624500,16.2595
2020-12-23,18.2500,18.5700,18.0810,18.4700,4270100,16.5644
2020-12-24,18.7900,18.8000,18.4750,18.7100,1503700,16.7796
2020-12-28,18.8000,19.1600,18.7700,19.1200,2379500,17.1473
2020-12-29,19.2000,19.3300,18.8600,18.9000,2394700,16.9500
2020-12-30,18.8200,19.5320,18.8000,19.4900,3357200,17.4792
2020-12-31,19.5600,19.7500,19.4000,19.6600,2653800,17.6316
2021-01-04,19.6400,19.7300,19.1550,19.1800,4338400,17.2012
2021-01-05,19.1600,20.0500,19.1300,19.8200,4014400,17.7751
2021-01-06,20.0100,20.9000,20.0100,20.2900,5533600,18.1966
2021-01-07,20.3000,20.6100,20.1200,20.1800,3347200,18.0980
2021-01-08,20.3000,21.0600,20.2800,20.9900,4281800,18.8244
2021-01-11,20.7400,21.2700,20.5600,21.1700,4897000,18.9858
2021-01-12,21.2600,21.7200,21.2000,21.5600,3927400,19.3356
2021-01-13,21.5500,21.9800,21.4600,21.8000,3054200,19.5508
2021-01-14,21.8700,21.9000,21.3050,21.3300,4129800,19.1293
2021-01-15,21.2900,21.6900,21.2330,21.5100,4013300,19.2908
2021-01-19,21.6600,21.8800,21.5100,21.7100,3681900,19.4701
2021-01-20,21.7100,21.8200,21.3100,21.4200,4582300,19.2100
2021-01-21,21.3700,21.4600,20.9600,21.1900,4557000,19.0038
2021-01-22,21.0500,21.4250,20.7900,21.3400,3934800,19.1383
2021-01-25,21.2300,21.5200,20.8400,20.8500,4918000,18.6989
2021-01-26,20.8500,20.9400,20.6800,20.8000,3955200,18.6540
2021-01-27,20.5500,20.9000,20.1800,20.1800,5036100,18.0980
2021-01-28,20.1600,20.4800,19.7800,20.1800,3319200,18.0980
2021-01-29,20.0600,20.4800,19.9700,19.9700,3904200,17.9096
2021-02-01,20.0200,20.5500,19.9200,20.3700,3389100,18.2684
2021-02-02,20.5700,21.1150,20.4700,20.8200,4558200,18.6720
2021-02-03,20.6400,21.7300,20.5500,21.3000,7976200,19.1024
2021-02-04,21.3500,21.4300,20.8600,21.0900,4385400,18.9141
2021-02-05,21.2600,21.2700,20.9250,21.0500,2866800,18.8782
2021-02-08,21.1000,21.3700,20.8400,21.0400,3620900,18.8693
2021-02-09,21.1200,21.4700,20.9800,21.3300,2680600,19.1293
2021-02-10,21.5300,21.5850,21.0800,21.4500,2079000,19.2369
2021-02-11,21.4900,21.6300,21.3400,21.5200,3888000,19.2997
2021-02-12,21.5800,21.6100,21.2150,21.3300,2375300,19.1293
2021-02-16,21.9900,22.1200,21.7100,21.9100,6371500,19.6495
2021-02-17,22.0000,22.3000,21.7100,22.0100,4514400,19.7392
2021-02-18,22.1400,23.3000,22.0200,23.1500,9159900,20.7616
2021-02-19,23.2400,23.3400,22.8000,22.9100,5536300,20.5463
2021-02-22,23.0000,23.2300,22.7150,23.0500,5783800,20.6719
2021-02-23,23.0500,23.4800,22.4550,23.3800,6475000,20.9678
2021-02-24,23.5600,24.2000,23.4100,23.8300,5513700,21.3714
2021-02-25,23.7400,24.0100,22.7300,22.7600,7078900,20.4118
2021-02-26,18.6600,19.2000,17.1150,17.2500,29798900,15.4703
2021-03-01,18.0100,18.3000,17.3700,17.4100,21195500,15.6138
2021-03-02,17.5100,17.5100,16.6900,16.7000,12942800,14.9770
2021-03-03,16.6000,16.7900,16.1950,16.4300,12035100,14.7349
2021-03-04,16.6500,17.5700,16.4700,17.4900,10713400,15.6855
2021-03-05,17.8700,18.0900,17.3200,17.8200,7587200,15.9815
2021-03-08,18.0700,19.1750,18.0400,18.8800,7913400,16.9321
2021-03-09,18.9000,19.3600,18.5400,18.6500,8209800,16.7258
2021-03-10,18.6300,19.5650,18.6300,19.5200,7075900,17.5061
2021-03-11,19.5000,19.6270,18.3050,18.8100,8720600,16.8693
2021-03-12,18.8600,19.0200,18.1550,18.4000,12757300,16.5016
2021-03-15,18.4000,18.6400,18.2200,18.5900,8233700,16.6720
2021-03-16,18.3100,18.3100,17.9200,18.1200,6541200,16.3827
2021-03-17,17.0100,17.7100,17.0100,17.2900,10168500,15.6323
2021-03-18,17.1600,17.2950,16.7700,16.7900,7972800,15.1802
2021-03-19,16.8000,17.3500,16.6400,17.3000,8380700,15.6413
2021-03-22,17.1600,17.3400,16.6300,16.7000,7602400,15.0989
2021-03-23,16.7900,17.0950,16.6300,16.7000,6574200,15.0989
2021-03-24,16.6600,17.1900,16.6000,16.8200,6247400,15.2073
2021-03-25,16.8800,17.2780,16.6100,17.0500,6400900,15.4153
2021-03-26,17.0800,17.1850,16.6000,16.8700,4641400,15.2526
2021-03-29,16.8300,17.7400,16.7700,17.6200,6447700,15.9306
2021-03-30,17.6100,17.8200,17.4500,17.8100,4370300,16.1024
2021-03-31,17.8700,17.9400,17.6700,17.6800,4724100,15.9849
2021-04-01,17.6500,17.7400,17.3500,17.7200,3120500,16.0211
2021-04-05,17.9000,17.9900,17.5100,17.6800,3738500,15.9849
2021-04-06,17.5000,18.0050,17.4700,17.8800,5133700,16.1657
2021-04-07,17.8500,17.9300,17.6000,17.6900,3215300,15.9939
2021-04-08,17.7300,17.8000,17.5500,17.6000,2668700,15.9126
2021-04-09,17.5400,17.6500,17.2500,17.5000,4556300,15.8222
2021-04-12,17.4800,17.6100,17.1200,17.1600,4964500,15.5148
2021-04-13,17.1500,17.6500,17.0100,17.5500,4713200,15.8674
2021-04-14,17.7500,17.8200,17.5200,17.6300,3579900,15.9397
2021-04-15,17.6300,17.9200,17.6300,17.9200,3589200,16.2019
2021-04-16,17.9600,18.0100,17.7300,17.8000,4379800,16.0934
2021-04-19,18.0000,18.0200,17.8100,17.8600,4248300,16.1476
2021-04-20,17.8300,18.0600,17.7150,17.8100,4265200,16.1024
2021-04-21,17.7500,17.9100,17.6500,17.7600,4484600,16.0572
2021-04-22,17.8300,17.9900,17.4100,17.4200,5103500,15.7498
2021-04-23,17.4200,17.5300,17.2300,17.4900,3212900,15.8131
2021-04-26,16.8300,17.4150,16.6300,17.0500,8312600,15.4153
2021-04-27,17.0000,17.0600,16.7400,16.8400,5617800,15.2254
2021-04-28,16.7600,16.8800,16.7200,16.7900,5003800,15.1802
2021-04-29,16.8900,17.3150,16.8400,17.0600,6223600,15.4243
2021-04-30,16.9900,17.0800,16.7600,16.8700,4121100,15.2526
2021-05-03,16.9100,17.0600,16.8000,16.8000,3636100,15.1893
2021-05-04,16.8600,16.8600,16.2900,16.2900,7868300,14.7282
2021-05-05,16.3200,16.4000,15.7000,16.2600,14499100,14.7010
2021-05-06,16.2400,16.3200,15.5200,16.0600,9773300,14.5202
2021-05-07,16.0600,16.0600,15.4700,16.0500,11042400,14.5112
2021-05-10,16.2400,16.4500,16.0000,16.0100,4886200,14.4750
2021-05-11,16.1200,16.4300,16.0200,16.3300,7179100,14.7643
2021-05-12,16.3400,16.5300,15.9800,16.0000,7436500,14.4660
2021-05-13,16.0700,16.3500,15.9400,16.0600,6655500,14.5202
2021-05-14,16.1700,16.6850,16.1600,16.3800,4340800,14.8095
2021-05-17,16.2200,16.3200,15.7600,15.9200,6588000,14.3936
2021-05-18,15.9100,16.3350,15.8000,16.1500,5171000,14.6016
2021-05-19,15.9700,16.5600,15.8600,16.5300,5856100,14.9452
2021-05-20,16.6900,16.8970,16.4700,16.4800,8113000,14.8999
2021-05-21,16.5700,16.8000,16.5100,16.6800,4327700,15.0808
2021-05-24,16.8200,16.8600,16.4250,16.6600,3052900,15.0627
2021-05-25,16.5500,16.6800,16.1700,16.1800,5289100,14.6287
2021-05-26,16.1500,16.3700,16.0600,16.2300,4062200,14.6739
2021-05-27,16.2400,16.3200,15.9100,16.0600,7598500,14.5202
2021-05-28,16.0100,16.2300,15.9500,16.1700,6334900,14.6197
2021-06-01,16.3000,16.5300,16.1800,16.4500,6135200,14.8728
2021-06-02,16.5000,16.8400,16.3300,16.7500,6838600,15.1441
2021-06-03,16.3100,17.4600,16.0600,17.3700,8380000,15.7046
2021-06-04,17.3000,17.4600,17.1400,17.4000,6969200,15.7317
2021-06-07,17.4550,17.7300,17.3000,17.6100,5554300,15.9216
2021-06-08,17.6600,18.2750,17.5200,18.1500,7152800,16.4098
2021-06-09,18.2400,18.3700,18.0800,18.2800,4303900,16.5274
2021-06-10,18.3400,18.3400,17.9400,18.1700,3314200,16.4279
2021-06-11,18.2500,18.6500,18.1600,18.6300,3584100,16.8438
2021-06-14,18.6300,18.6700,18.2400,18.3900,3619000,16.6268
2021-06-15,18.2800,18.4900,18.0800,18.4100,3242700,16.7818
2021-06-16,18.4500,18.5700,17.9600,18.1400,4213500,16.5357
2021-06-17,18.1200,18.2050,17.9750,18.1500,4186800,16.5448
2021-06-18,18.0600,18.1000,17.4200,17.4700,4557600,15.9249
2021-06-21,17.6400,17.9600,17.5700,17.9200,3130200,16.3351
2021-06-22,17.8700,18.0400,17.7400,17.8800,5578200,16.2987
2021-06-23,17.8800,17.9400,17.7000,17.7500,2634300,16.1802
2021-06-24,17.7600,18.2800,17.6300,18.2500,3520700,16.6359
2021-06-25,18.2500,18.4900,18.1800,18.3900,4748300,16.7636
2021-06-28,18.4000,18.8350,18.2200,18.8100,4082600,17.1464
2021-06-29,18.8700,18.9400,18.3100,18.3900,4640600,16.7636
2021-06-30,18.4100,18.6200,18.1900,18.5500,4950700,16.9094
2021-07-01,18.6500,18.9650,18.5750,18.8800,3824000,17.2102
2021-07-02,18.9100,19.2400,18.7300,19.0400,4047600,17.3561
2021-07-06,18.9800,19.0200,18.0500,18.3400,5254000,16.7180
2021-07-07,18.6100,19.5300,18.5500,19.3900,9637400,17.6751
2021-07-08,19.0500,19.0600,18.6500,18.7500,6707600,17.0917
2021-07-09,19.2000,19.5650,19.0900,19.3200,4442500,17.6113
2021-07-12,19.2100,19.3100,18.9800,19.3100,3596200,17.6022
2021-07-13,19.3900,19.3900,18.7900,18.8200,3290900,17.1555
2021-07-14,18.8200,19.0200,18.7400,18.8000,2202800,17.1373
2021-07-15,18.6300,18.9000,18.4700,18.8200,3170600,17.1555
2021-07-16,18.9400,19.1250,18.7600,18.8100,3520400,17.1464
2021-07-19,18.5000,18.6300,17.7200,17.7900,3924600,16.2166
2021-07-20,17.8400,18.3050,17.8400,18.1900,4331800,16.5812
2021-07-21,18.1900,18.5750,18.1500,18.3200,2709500,16.6997
2021-07-22,18.6700,18.9100,18.4300,18.8300,4007800,17.1646
2021-07-23,18.7700,19.1400,18.6900,19.1000,2679500,17.4108
2021-07-26,19.0700,19.3350,18.8850,19.1000,2420500,17.4108
2021-07-27,19.0800,19.2900,18.7400,19.2700,2575900,17.5657
2021-07-28,19.3000,19.4850,19.0900,19.4700,4169500,17.7480
2021-07-29,19.5500,19.6000,19.3440,19.3800,2352100,17.6660
2021-07-30,19.2800,19.5600,19.1100,19.1500,3068100,17.4563
2021-08-02,19.2500,19.3500,18.9600,18.9800,2968600,17.3014
2021-08-03,18.9100,19.2000,18.8500,18.9500,2780100,17.2740
2021-08-04,18.8200,19.0500,18.5500,18.9100,3187000,17.2376
2021-08-05,18.4000,18.6600,17.8500,18.2700,6675900,16.6542
2021-08-06,18.3600,18.8250,18.3280,18.5600,3351100,16.9185
2021-08-09,18.6100,18.9100,18.5200,18.8900,3742800,17.2193
2021-08-10,18.8900,18.8900,18.3550,18.4900,3325500,16.8547
2021-08-11,18.4100,18.5200,18.2000,18.3500,2667800,16.7271
2021-08-12,18.4200,18.4500,18.0550,18.3900,3001000,16.7636
2021-08-13,18.3700,18.4900,18.3150,18.4000,2053200,16.7727
2021-08-16,18.2700,18.4300,17.9550,17.9800,2418700,16.3898
2021-08-17,17.9500,18.1950,17.8100,18.1500,3109300,16.5448
2021-08-18,18.0500,18.2100,17.9200,18.0100,2076800,16.4172
2021-08-19,17.9100,18.1200,17.7800,17.8000,3253300,16.2257
2021-08-20,17.8600,18.1700,17.7000,18.1300,2324300,16.5266
2021-08-23,18.0700,18.1300,17.9600,18.0300,2238600,16.4354
2021-08-24,18.2000,18.5400,18.1100,18.4500,2976600,16.8182
2021-08-25,18.5400,19.0800,18.3900,19.0000,3451600,17.3196
2021-08-26,18.9500,19.0500,18.4700,18.4900,3668200,16.8547
2021-08-27,18.5600,18.7200,18.4200,18.6800,3894400,17.0279
2021-08-30,18.7500,19.0550,18.7000,18.8500,3329500,17.1829
2021-08-31,18.8900,19.0900,18.7950,19.0900,3580900,17.4016
2021-09-01,19.2400,19.3750,19.0900,19.1500,2955900,17.4563
2021-09-02,19.1500,19.4000,19.1250,19.2800,3578800,17.5748
2021-09-03,19.1900,19.2700,18.9900,19.1100,1614900,17.4199
2021-09-07,19.0100,19.1050,18.8050,18.8400,2928300,17.1737
2021-09-08,18.8100,19.2900,18.7070,19.2000,2158500,17.5019
2021-09-09,19.1550,19.2300,18.7400,18.9000,2363600,17.2284
2021-09-10,19.0000,19.0000,18.4300,18.4400,2023000,16.8091
2021-09-13,18.5800,18.7300,18.4000,18.6000,2038300,16.9550
2021-09-14,18.6800,18.6800,17.9900,18.0000,3601100,16.4080
2021-09-15,17.8500,18.4400,17.7900,18.4400,3131700,16.9504
2021-09-16,18.3000,18.3100,17.8400,17.9000,3226100,16.4540
2021-09-17,18.0000,18.0800,17.7600,17.7900,6337300,16.3529
2021-09-20,17.6500,17.8200,16.9250,17.3500,6400700,15.9484
2021-09-21,17.4900,17.6900,17.3900,17.3900,5828600,15.9852
2021-09-22,17.5500,17.7300,17.4200,17.4300,2420500,16.0220
2021-09-23,17.6300,17.8500,17.5100,17.6100,4454600,16.1874
2021-09-24,17.7000,17.8500,17.5600,17.5600,4287100,16.1415
2021-09-27,17.5500,17.6350,17.0900,17.1100,5177800,15.7278
2021-09-28,17.0400,17.1080,16.7150,16.7700,4795200,15.4153
2021-09-29,16.7400,17.0600,16.5100,16.9500,4766200,15.5808
2021-09-30,17.3500,17.5550,17.0850,17.1000,5830800,15.7186
2021-10-01,17.2100,17.2200,16.6950,16.8500,4198700,15.4888
2021-10-04,16.7200,17.1900,16.6900,17.0200,3331700,15.6451
2021-10-05,17.0750,17.3700,17.0000,17.3600,6159600,15.9576
2021-10-06,17.1900,17.6200,17.0300,17.5800,3827100,16.1599
2021-10-07,17.6100,18.0870,17.5000,17.9500,6470900,16.5000
2021-10-08,17.9700,18.3300,17.8800,17.9000,3097400,16.4540
2021-10-11,17.9000,18.0400,17.5500,17.5700,2446500,16.1507
2021-10-12,17.5300,17.9300,17.4600,17.8400,2837100,16.3989
2021-10-13,19.5000,19.9000,19.2500,19.8100,15378700,18.2097
2021-10-14,19.9600,20.1000,19.4900,19.5700,6521300,17.9891
2021-10-15,19.6900,19.8700,19.4300,19.6800,3273300,18.0902
2021-10-18,19.4700,19.5250,19.2500,19.3300,10655000,17.7685
2021-10-19,19.5400,19.6300,19.1900,19.2100,2754800,17.6582
2021-10-20,19.2150,19.5350,19.1700,19.3100,2053600,17.7501
2021-10-21,19.1700,19.3400,19.0300,19.1000,2516600,17.5571
2021-10-22,19.1200,19.3300,18.9750,19.1100,2656300,17.5663
2021-10-25,19.0700,19.5600,19.0700,19.5000,6030600,17.9248
2021-10-26,19.5000,19.7450,19.3600,19.5000,3051200,17.9248
2021-10-27,19.5000,19.7500,19.4000,19.6600,3035100,18.0718
2021-10-28,19.6500,19.8900,19.6500,19.8500,2572300,18.2465
2021-10-29,19.6700,19.8600,19.5300,19.5900,3176000,18.0075
2021-11-01,19.6000,20.1100,19.5400,20.0100,2756500,18.3936
2021-11-02,20.0100,20.0200,19.6250,19.8700,4006000,18.2649
2021-11-03,19.6700,19.9050,19.5600,19.6800,2460100,18.0902
2021-11-04,19.5300,19.5800,18.9300,19.2100,6093500,17.6582
2021-11-05,20.0000,20.7900,19.9500,20.5000,9136100,18.8440
2021-11-08,20.5600,20.6000,19.6800,19.7400,5650800,18.1454
2021-11-09,19.9300,19.9300,19.3030,19.3400,3353900,17.7777
2021-11-10,19.2100,19.7300,19.2000,19.4400,2271500,17.8696
2021-11-11,19.6000,19.7200,19.3450,19.6000,2689500,18.0167
2021-11-12,19.6500,19.7900,19.5850,19.6500,2396500,18.0626
2021-11-15,19.7500,20.4800,19.6500,20.4600,2727000,18.8072
2021-11-16,20.5500,20.5850,20.4170,20.4400,5736500,18.7888
2021-11-17,20.3900,20.4450,20.0600,20.2000,1798700,18.5682
2021-11-18,20.1200,20.2400,19.9700,20.1500,2977500,18.5222
2021-11-19,20.0800,20.1800,19.7950,20.0500,4026300,18.4303
2021-11-22,20.0500,20.7000,19.9300,20.2800,4515300,18.6417
2021-11-23,20.2700,20.9700,20.2100,20.6200,6669300,18.9543
2021-11-24,20.5100,20.8150,20.5100,20.6200,2546100,18.9543
2021-11-26,20.0900,20.3500,19.9200,20.1600,4147400,18.5314
2021-11-29,20.4000,20.4000,19.6500,20.0900,4114400,18.4671
2021-11-30,19.9400,20.4300,19.7900,19.8800,8850600,18.2741
2021-12-01,20.1900,21.0050,20.1550,20.5500,5950100,18.8899
2021-12-02,20.7300,21.2600,20.6600,20.9600,6267700,19.2668
2021-12-03,21.0500,21.1000,20.5700,20.7100,4143000,19.0370
2021-12-06,20.9300,21.0750,20.7200,20.9200,4810700,19.2300
2021-12-07,20.9500,21.3000,20.8500,20.9300,3876500,19.2392
2021-12-08,20.8300,21.2700,20.8300,21.2100,3836600,19.4966
2021-12-09,21.1900,21.2350,20.8400,20.8900,2682200,19.2025
2021-12-10,20.9600,21.0700,20.8250,21.0200,2852400,19.3220
2021-12-13,20.7700,21.0150,20.6800,20.7300,3952700,19.0554
2021-12-14,20.6750,21.1200,20.6700,20.7700,4358100,19.0922
2021-12-15,20.7200,20.8100,20.4350,20.7000,4531000,19.1662
2021-12-16,20.7000,21.2250,20.6500,20.9300,3057900,19.3792
2021-12-17,20.8200,21.3600,20.6800,21.2300,3848300,19.6570
2021-12-20,21.0000,21.1600,20.7350,21.0900,2604000,19.5273
2021-12-21,21.3000,21.8550,21.2600,21.8100,3112500,20.1940
2021-12-22,21.8100,22.3500,21.7200,22.3300,4211000,20.6755
2021-12-23,22.3600,22.4850,22.0300,22.0300,3279700,20.3977
2021-12-27,22.0500,22.2100,21.8500,22.1900,2283600,20.5458
2021-12-28,22.2100,22.3200,21.9350,22.0500,1864300,20.4162
2021-12-29,22.0000,22.0600,21.8200,21.8700,2895400,20.2495
2021-12-30,21.8800,22.4700,21.8800,22.3900,7636100,20.7310
2021-12-31,22.3000,22.8700,22.2400,22.7700,3243500,21.0829
2022-01-03,22.8200,22.9450,22.3400,22.7400,3925100,21.0551
2022-01-04,22.7700,22.9600,22.4900,22.5200,4572900,20.8514
2022-01-05,22.4800,22.7600,22.0900,22.1100,4037900,20.4718
2022-01-06,22.1800,22.3600,21.9600,22.3200,5284200,20.6662
2022-01-07,22.3200,22.7600,22.1100,22.7100,6078300,21.0273
2022-01-10,22.6650,22.7800,22.3900,22.4600,4341900,20.7958
2022-01-11,22.5500,22.6700,22.3150,22.5100,6657100,20.8421
2022-01-12,22.4600,22.9900,22.4250,22.9300,7344300,21.2310
2022-01-13,22.9000,22.9100,22.5300,22.6100,3709100,20.9347
2022-01-14,22.6100,22.6400,22.3550,22.5900,2994300,20.9162
2022-01-18,22.5400,22.7550,22.3750,22.4400,4215900,20.7773
2022-01-19,22.5100,22.6700,22.3750,22.4800,7263300,20.8143
2022-01-20,22.5300,22.7950,21.7000,21.7300,5162700,20.1199
2022-01-21,21.6400,22.0200,21.4200,21.7200,4244400,20.1107
2022-01-24,21.5000,22.0100,21.2650,21.9600,6039800,20.3329
2022-01-25,21.7500,21.9700,21.4500,21.6700,5173300,20.0644
2022-01-26,21.9600,22.2400,21.3800,21.5300,5850500,19.9347
2022-01-27,21.7700,21.9500,21.1500,21.3100,4854900,19.7310
2022-01-28,21.2900,21.6800,21.1350,21.6700,4707900,20.0644
2022-01-31,21.6300,21.9100,21.6300,21.8100,6126000,20.1940
2022-02-01,21.9700,21.9900,21.4400,21.6500,4526700,20.0458
2022-02-02,21.8100,22.2600,21.5300,22.2400,6964000,20.5921
2022-02-03,21.7800,22.1450,21.5400,21.8500,3931200,20.2310
2022-02-04,21.7100,22.0100,21.2600,21.8300,5344000,20.2125
2022-02-07,21.8700,22.1150,21.5700,21.9800,4638900,20.3514
2022-02-08,22.0250,22.3700,21.9100,22.2700,4337800,20.6199
2022-02-09,22.4500,22.6800,22.3400,22.4900,4984600,20.8236
2022-02-10,22.2200,22.5300,22.0100,22.0800,5460200,20.4440
2022-02-11,22.1600,22.3500,21.6250,21.8100,4527200,20.1940
2022-02-14,21.7600,21.9100,21.2350,21.6000,4181000,19.9995
2022-02-15,21.8700,21.9500,21.6500,21.7900,2605400,20.1755
2022-02-16,21.7200,21.9050,21.6100,21.7200,2270800,20.1107
2022-02-17,21.5700,21.7200,21.4800,21.4900,2465600,19.8977
2022-02-18,21.4500,21.7500,21.3400,21.4500,2877300,19.8607
2022-02-22,21.2600,21.5950,21.1100,21.2100,3681900,19.6384
2022-02-23,21.2000,21.4100,20.8100,20.8100,4535200,19.2681
2022-02-24,20.5000,21.8100,20.2590,21.6800,5802200,20.0736
2022-02-25,21.6800,22.4300,21.3600,21.9000,3879000,20.2773
2022-02-28,21.8700,22.8750,21.7000,22.8200,6381500,21.1292
2022-03-01,22.7900,22.8100,21.7050,21.9300,6823000,20.3051
2022-03-02,22.0000,22.3150,21.7600,22.2200,4145000,20.5736
2022-03-03,22.2800,22.4700,21.8450,21.9800,4018900,20.3514
2022-03-04,21.9100,22.5600,21.7700,22.5100,5107400,20.8421
2022-03-07,22.6700,23.4850,22.2800,22.3600,5599800,20.7032
2022-03-08,22.5000,22.9000,22.3100,22.6500,6063800,20.9718
2022-03-09,22.8700,23.0700,22.5300,22.7400,4542500,21.0551
2022-03-10,22.6300,22.7000,22.4050,22.6500,3534200,20.9718
2022-03-11,22.7200,22.8250,22.3800,22.4300,3280300,20.7680
2022-03-14,22.3700,22.7050,21.9100,22.4200,3805000,20.7588
2022-03-15,22.5000,22.6400,22.0400,22.3300,3216300,20.6755
2022-03-16,22.3000,22.6450,22.2500,22.5900,3992800,20.9162
2022-03-17,22.5200,22.7250,22.2800,22.3100,3411400,20.6569
2022-03-18,22.2300,22.5450,22.1200,22.4100,4951500,20.7495
2022-03-21,22.3200,22.5350,21.9300,22.0500,3329900,20.5723
2022-03-22,22.0700,22.6650,22.0700,22.3900,2959100,20.8895
2022-03-23,22.3100,22.4200,21.7800,21.8000,2566800,20.3390
2022-03-24,21.8500,22.1700,21.8300,22.0500,3094400,20.5723
2022-03-25,22.1300,22.7950,22.1300,22.7400,3268900,21.2160
2022-03-28,22.7600,23.2100,22.6800,23.1100,3570700,21.5612
2022-03-29,23.0600,23.2100,22.9150,23.1500,4380200,21.5985
2022-03-30,23.1300,23.3800,22.9850,23.1000,4118500,21.5519
2022-03-31,23.0700,23.6050,23.0700,23.2500,4651100,21.6918
2022-04-01,23.3100,23.5000,23.0800,23.4400,4560100,21.8691
2022-04-04,23.4000,23.5300,23.1400,23.3300,3590300,21.7665
2022-04-05,23.3900,23.7800,23.3800,23.5800,6805200,21.9997
2022-04-06,23.5000,24.0000,23.3850,24.0000,5816200,22.3916
2022-04-07,23.9800,24.2100,23.7350,24.1200,6428100,22.5035
2022-04-08,24.2100,24.5900,24.0000,24.5100,6982700,22.8674
2022-04-11,24.5200,24.6500,23.9700,24.0000,5151600,22.3916
2022-04-12,24.1100,24.4600,23.9000,24.0500,5277000,22.4382
2022-04-13,24.0700,24.2100,23.6600,23.8000,5349300,22.2050
2022-04-14,23.8300,24.2300,23.8300,24.0300,4708900,22.4196
2022-04-18,24.0000,24.8700,23.9150,24.8400,5308600,23.1753
2022-04-19,24.9200,25.2100,24.4750,24.8200,5429700,23.1566
2022-04-20,25.1800,26.6300,25.1800,26.2600,8990300,24.5001
2022-04-21,26.1900,26.3500,25.6900,25.7400,7014700,24.0150
2022-04-22,25.7500,25.7900,25.3000,25.3500,3623000,23.6511
2022-04-25,25.3000,25.3000,24.5800,25.0100,5130700,23.3339
2022-04-26,24.8100,25.4150,24.8100,24.9000,4039600,23.2313
2022-04-27,24.8800,25.3140,24.7600,24.8800,3608800,23.2126
2022-04-28,25.1200,25.1700,24.7450,25.1300,5008500,23.4459
2022-04-29,25.2200,25.4850,25.0150,25.0200,5342300,23.3432
2022-05-02,25.0000,25.2500,24.1800,24.6900,4692400,23.0353
2022-05-03,24.7700,25.5750,24.7350,25.2500,4094100,23.5578
2022-05-04,25.3600,26.0750,25.3000,25.9200,5214600,24.1829
2022-05-05,26.0000,26.3300,25.2700,25.4100,5171400,23.7071
2022-05-06,26.0000,27.1000,25.7500,26.6200,9739100,24.8360
2022-05-09,26.4300,26.4300,23.9200,24.1300,9713400,22.5129
2022-05-10,24.4500,24.9900,23.8700,24.4400,5004500,22.8021
2022-05-11,24.5900,24.8800,24.2000,24.2900,7373900,22.6621
2022-05-12,24.0400,24.1900,22.8850,23.4100,9500800,21.8411
2022-05-13,23.8600,24.7180,23.8200,24.5800,5521600,22.9327
2022-05-16,24.5300,25.0100,24.3900,25.0000,6949300,23.3246
2022-05-17,25.0500,25.2800,24.7600,25.2500,5014500,23.5578
2022-05-18,25.3100,25.5900,25.1000,25.2300,5070000,23.5392
2022-05-19,25.2700,26.1300,25.1400,26.0800,7959700,24.3322
2022-05-20,25.9600,26.4600,24.8300,25.2300,6190200,23.5392
2022-05-23,25.4100,25.8400,25.1400,25.7300,4484600,24.0056
2022-05-24,25.5100,25.7700,25.2250,25.4800,4046000,23.7724
2022-05-25,25.4700,26.1650,25.4500,26.1000,5564900,24.3508
2022-05-26,26.2200,26.4550,25.9200,25.9300,4707100,24.1922
2022-05-27,25.9800,26.3250,25.7350,26.3100,5778600,24.5468
2022-05-31,26.5000,26.6860,25.8800,26.3700,7762900,24.6028
2022-06-01,26.3600,26.4600,25.2720,25.9000,4618700,24.1642
2022-06-02,25.9600,26.2400,25.5950,25.9800,3846900,24.2389
2022-06-03,25.9100,26.2500,25.8300,25.8500,3389000,24.1176
2022-06-06,25.9900,26.5250,25.8200,26.4900,5238600,24.7147
2022-06-07,26.3900,27.3900,26.3900,27.3900,6773300,25.5544
2022-06-08,27.2400,27.3100,26.6200,26.8400,4206400,25.0413
2022-06-09,26.7400,26.9000,26.1700,26.2000,3390400,24.4441
2022-06-10,25.7700,25.8800,25.4300,25.4400,3853500,23.7351
2022-06-13,25.0000,25.0400,23.4000,23.5000,7472000,21.9251
2022-06-14,23.4500,23.7000,22.6300,22.9600,8304200,21.4213
2022-06-15,23.2200,23.9100,23.1000,23.5000,9339700,21.9251
2022-06-16,23.3200,23.3200,22.2800,22.5200,7894600,21.0108
2022-06-17,22.5300,22.7350,21.8400,22.4200,11501800,20.9175
2022-06-21,22.9800,23.0100,22.5000,22.7700,5046400,21.4131
2022-06-22,22.4200,22.8820,22.3100,22.7100,4595100,21.3566
2022-06-23,22.9700,23.4600,22.8400,23.4100,5669200,22.0149
2022-06-24,23.5200,23.6000,23.0950,23.3900,11738000,21.9961
2022-06-27,23.3900,24.0550,23.3400,23.7500,4359500,22.3347
2022-06-28,23.8000,24.0050,23.0600,23.2500,4875200,21.8645
2022-06-29,23.2200,23.2550,22.3900,22.8900,4657200,21.5259
2022-06-30,22.6200,23.3550,22.5100,22.8500,4965100,21.4883
2022-07-01,23.0700,23.4900,22.8940,23.3500,3340900,21.9585
2022-07-05,22.9700,23.1400,20.9950,21.6600,5959900,20.3692
2022-07-06,21.5400,21.9500,21.3650,21.7000,4709800,20.4068
2022-07-07,22.0000,22.3850,21.9750,22.2300,4068900,20.9052
2022-07-08,22.2100,22.3300,21.8700,22.0800,3026700,20.7642
2022-07-11,22.0200,22.3350,21.7900,22.0900,3355300,20.7736
2022-07-12,21.9800,22.6500,21.9700,22.5200,3799800,21.1780
2022-07-13,22.2000,22.8650,22.1600,22.7300,3551100,21.3754
2022-07-14,22.2000,23.0200,22.1650,22.9300,5687800,21.5635
2022-07-15,23.0300,23.0700,22.2550,22.5800,4025100,21.2344
2022-07-18,22.7400,23.3300,22.6700,22.8200,4135200,21.4601
2022-07-19,23.1600,23.7350,23.1300,23.6300,3764400,22.2218
2022-07-20,23.6200,23.7300,23.1200,23.6400,4827100,22.2312
2022-07-21,23.5500,23.6900,23.0850,23.3600,4230800,21.9679
2022-07-22,23.4100,23.6600,22.7450,23.0000,3575100,21.6294
2022-07-25,23.0400,23.5000,22.7800,23.3600,3285000,21.9679
2022-07-26,23.3100,23.7600,23.1600,23.7500,7887900,22.3347
2022-07-27,23.8000,23.9600,23.4400,23.8300,2702600,22.4099
2022-07-28,24.3900,24.8700,24.0350,24.8200,3494700,23.3409
2022-07-29,25.0000,25.8600,24.9300,25.8500,4894800,24.3095
2022-08-01,25.7000,25.9000,25.2600,25.3600,3020200,23.8487
2022-08-02,25.4800,25.7600,25.2500,25.2600,2875000,23.7547
2022-08-03,25.2200,25.5850,25.1100,25.4600,2604100,23.9428
2022-08-04,25.6000,25.9000,25.5300,25.6200,3411800,24.0932
2022-08-05,25.5300,25.7300,24.3100,24.6000,4760700,23.1340
2022-08-08,24.7500,25.4450,24.5600,24.7300,3798500,23.2563
2022-08-09,24.6100,24.8100,24.3200,24.7900,3838300,23.3127
2022-08-10,24.9300,25.2200,24.8550,25.1700,2967900,23.6700
2022-08-11,25.2700,25.7800,25.2250,25.3400,3323500,23.8299
2022-08-12,25.6200,25.9100,25.5250,25.8800,2716300,24.3377
2022-08-15,25.6500,25.9900,25.3500,25.9700,3192700,24.4224
2022-08-16,25.7900,26.0000,25.6900,25.8300,3706400,24.2907
2022-08-17,25.4900,25.8100,25.4400,25.5300,3232500,24.0086
2022-08-18,25.5300,26.1200,25.5300,25.8400,3623700,24.3001
2022-08-19,25.7400,25.7800,25.1400,25.2500,3863400,23.7453
2022-08-22,24.9000,24.9300,24.5900,24.7300,3630300,23.2563
2022-08-23,24.9200,24.9500,24.4600,24.4700,3662100,23.0118
2022-08-24,24.3700,25.3000,24.3700,25.1900,3435400,23.6888
2022-08-25,25.2900,25.9700,25.1200,25.6500,4571100,24.1214
2022-08-26,25.6700,25.7100,24.9200,24.9300,3672000,23.4443
2022-08-29,24.5900,24.8400,24.4000,24.7400,3433800,23.2657
2022-08-30,24.7500,24.9750,24.1800,24.1800,4375500,22.7390
2022-08-31,24.0600,24.8000,24.0050,24.7500,7453900,23.2751
2022-09-01,24.6700,25.0100,24.5850,24.9600,3535100,23.4726
2022-09-02,25.1800,25.5200,24.8900,24.9600,2519300,23.4726
2022-09-06,24.8800,25.0000,24.3200,24.3400,5326800,22.8895
2022-09-07,24.3700,24.7100,24.2950,24.6400,4030100,23.1716
2022-09-08,24.6500,25.0900,24.5350,24.9000,2890000,23.4161
2022-09-09,25.1900,25.4550,24.9800,25.2500,3995500,23.7453
2022-09-12,25.3300,25.8450,25.2350,25.7900,3347100,24.2531
2022-09-13,25.4000,25.7250,24.8850,24.9800,3683500,23.4914
2022-09-14,24.9800,25.3700,24.9600,25.3600,3449800,23.8487
2022-09-15,25.2200,25.3960,25.0910,25.3700,4091400,23.8581
2022-09-16,25.3200,25.3300,24.8700,25.3100,8706200,23.8017
2022-09-19,25.0400,25.8100,25.0400,25.6200,3615200,24.0932
2022-09-20,25.3400,25.4500,24.7350,24.9100,3129500,23.5950
2022-09-21,25.0300,25.3200,24.4200,24.4400,2874800,23.1498
2022-09-22,24.4200,24.4600,23.9850,24.0600,2848900,22.7899
2022-09-23,23.6300,23.6900,23.1000,23.3700,4406800,22.1363
2022-09-26,23.1100,23.3400,22.3250,22.4700,3717000,21.2838
2022-09-27,22.7500,22.8150,21.6700,22.0200,5809600,20.8576
2022-09-28,22.3100,22.5600,22.1300,22.3000,3833000,21.1228
2022-09-29,22.0100,22.0600,21.1650,21.3800,7073500,20.2513
2022-09-30,21.5000,21.6300,20.9200,21.0000,4597700,19.8914
2022-10-03,21.3700,21.8400,21.0350,21.4700,5198000,20.3366
2022-10-04,21.6900,22.9400,21.6500,22.9400,4833600,21.7290
2022-10-05,22.5400,23.1400,22.2400,22.8900,4434400,21.6816
2022-10-06,22.8300,22.9200,22.4050,22.6500,4290400,21.4543
2022-10-07,22.5100,22.6100,21.9300,21.9700,3270800,20.8102
2022-10-10,22.0000,22.3750,21.6400,21.6800,4969200,20.5355
2022-10-11,21.5600,22.1300,21.3750,21.8000,4973500,20.6492
2022-10-12,21.7900,21.7960,21.3300,21.4400,4601600,20.3082
2022-10-13,21.1100,21.9550,20.7620,21.6800,3843400,20.5355
2022-10-14,21.9300,22.2200,21.3250,21.4200,2511300,20.2892
2022-10-17,21.9500,22.4900,21.8500,22.0300,3498300,20.8670
2022-10-18,22.4400,22.6300,22.3350,22.5600,2961700,21.3690
2022-10-19,22.3300,22.4100,21.7900,22.2000,3410100,21.0281
2022-10-20,22.2300,22.2950,21.3800,21.5200,4054200,20.3840
2022-10-21,21.4800,21.7680,21.1200,21.7500,4248900,20.6018
2022-10-24,21.8000,22.1200,21.4500,21.4900,3992200,20.3555
2022-10-25,21.5200,22.2200,21.4800,21.9900,4838400,20.8291
2022-10-26,22.0800,22.2100,21.8200,21.9000,3419400,20.7439
2022-10-27,22.1200,22.3100,21.8900,21.9800,3738400,20.8197
2022-10-28,22.1000,23.0000,22.0290,22.9800,4167400,21.7669
2022-10-31,22.9300,23.2300,22.7700,22.9700,4428700,21.7574
2022-11-01,23.2100,23.2200,22.7050,22.8700,2978700,21.6627
2022-11-02,22.8300,23.6750,22.7300,22.8700,4376400,21.6627
2022-11-03,22.7900,23.6700,22.5600,23.2300,4399000,22.0037
2022-11-04,23.1600,23.8700,22.4300,22.8500,7181200,21.6437
2022-11-07,22.9500,23.9750,22.7500,23.8300,5051000,22.5720
2022-11-08,23.7900,24.3500,23.7150,24.1200,3912900,22.8467
2022-11-09,24.0000,24.1800,23.4800,23.5500,3345200,22.3068
2022-11-10,24.3900,24.9900,24.0900,24.5900,3465900,23.2919
2022-11-11,24.8000,24.9000,23.8400,24.0900,3527600,22.8183
2022-11-14,23.8900,24.0800,22.9500,22.9500,3675500,21.7385
2022-11-15,23.3900,23.5050,22.6350,22.7000,3885200,21.5017
2022-11-16,22.5000,23.0100,22.4650,22.8300,3395200,21.6248
2022-11-17,22.6600,22.9000,22.3900,22.4600,2599100,21.2743
2022-11-18,22.7200,22.9100,22.6300,22.9100,3763000,21.7006
2022-11-21,22.8600,22.9800,22.5100,22.8800,2292200,21.6722
2022-11-22,22.9900,23.4800,22.8800,23.4300,2276600,22.1931
2022-11-23,23.4200,24.0700,23.4100,24.0000,1865800,22.7330
2022-11-25,23.9500,24.4000,23.9500,24.0800,1271600,22.8088
2022-11-28,23.7600,23.9000,23.5720,23.7900,1896900,22.5341
2022-11-29,23.8100,24.2900,23.5400,24.2300,2631200,22.9509
2022-11-30,24.3700,24.4450,23.9500,24.3300,7650700,23.0456
2022-12-01,24.4700,24.8200,24.3050,24.5300,4111800,23.2351
2022-12-02,24.2000,24.3900,23.9600,23.9900,1941600,22.7236
2022-12-05,23.7800,23.8400,23.2600,23.4400,2570600,22.2026
2022-12-06,23.3000,23.7500,23.1600,23.7200,3779300,22.4678
2022-12-07,23.6300,24.0450,23.5150,23.6400,3313600,22.3920
2022-12-08,23.6800,23.9100,23.4900,23.5900,2201700,22.3447
2022-12-09,23.4100,24.0050,23.3300,23.8600,3274300,22.6004
2022-12-12,23.9800,24.2300,23.8300,24.2200,2360000,22.9414
2022-12-13,24.5800,25.0300,24.0950,24.2900,5246100,23.0077
2022-12-14,24.1000,24.5350,23.9850,24.3500,3566400,23.0646
2022-12-15,24.2400,24.5300,24.0300,24.3300,3407400,23.0456
2022-12-16,24.0800,24.2400,23.6800,24.0700,5457400,22.7993
2022-12-19,24.0500,24.2850,23.7550,23.8600,3304100,22.7831
2022-12-20,23.8400,24.1100,23.7700,23.8200,4042400,22.7449
2022-12-21,24.0000,24.1700,23.8100,24.1700,4215300,23.0791
2022-12-22,24.0300,24.0300,23.3100,23.5500,2380400,22.4871
2022-12-23,23.4100,23.9000,23.3700,23.8700,2249500,22.7927
2022-12-27,23.8200,23.9500,23.4300,23.6900,2208200,22.6208
2022-12-28,23.7100,23.8400,23.5500,23.6600,5352700,22.5921
2022-12-29,23.7500,24.1800,23.6200,24.0700,1954800,22.9836
2022-12-30,24.0000,24.0200,22.8440,23.2000,3424700,22.1529
2023-01-03,23.2400,23.3500,22.1250,22.2700,3868900,21.2649
2023-01-04,22.2800,22.8470,22.0100,22.7500,3934000,21.7232
2023-01-05,22.6100,22.7800,22.2500,22.3200,2319200,21.3126
2023-01-06,22.4800,22.7750,22.2500,22.5100,3411900,21.4940
2023-01-09,22.6300,22.8850,22.4600,22.5300,2912000,21.5131
2023-01-10,22.4100,22.5350,22.1900,22.4000,2873600,21.3890
2023-01-11,22.4000,22.7850,22.4000,22.7400,2395400,21.7137
2023-01-12,22.8600,23.0950,22.6050,22.6900,3315700,21.6659
2023-01-13,22.4300,22.5450,22.1350,22.3800,2806900,21.3699
2023-01-17,22.4200,22.7700,22.1400,22.1500,3593700,21.1503
2023-01-18,22.1100,22.2300,21.4800,21.5000,3684600,20.5296
2023-01-19,21.3800,21.5300,21.2500,21.3900,3749800,20.4246
2023-01-20,21.3200,21.8700,21.3000,21.8500,3420300,20.8638
2023-01-23,21.7800,22.7300,21.7600,22.5000,2798200,21.4845
2023-01-24,22.5000,22.8900,22.2800,22.8300,2632500,21.7996
2023-01-25,22.6300,22.7950,22.3450,22.5700,2231800,21.5513
2023-01-26,22.6000,22.8100,22.2300,22.8000,2012100,21.7709
2023-01-27,22.7000,22.9100,22.6500,22.6700,1899800,21.6468
2023-01-30,22.6000,22.9050,22.3200,22.3700,2132900,21.3604
2023-01-31,22.4400,23.0650,22.3200,23.0600,2573000,22.0192
2023-02-01,22.8600,23.4750,22.8350,23.2000,2495800,22.1529
2023-02-02,23.4300,23.8650,23.0300,23.2800,3012000,22.2293
2023-02-03,22.9800,23.0400,22.5550,22.8800,5011300,21.8473
2023-02-06,22.8400,23.1000,22.7600,22.9700,4087200,21.9333
2023-02-07,22.9400,23.3100,22.6550,23.2400,1930600,22.1911
2023-02-08,23.0800,23.2000,22.8300,22.8600,1398800,21.8282
2023-02-09,22.8900,23.0000,22.6900,22.6900,2709200,21.6659
2023-02-10,22.6600,23.1400,22.6200,23.0400,1872100,22.0001
2023-02-13,23.0300,23.3750,23.0100,23.0500,1590500,22.0097
2023-02-14,22.9700,23.4700,22.8600,23.0100,2431500,21.9715
2023-02-15,22.8100,23.4900,22.8100,23.4400,3412900,22.3821
2023-02-16,23.1700,23.3800,22.5500,22.8200,4614000,21.7900
2023-02-17,22.8900,23.2400,22.7400,22.9600,3582100,21.9237
2023-02-21,22.7700,22.9200,22.4400,22.5700,3216000,21.5513
2023-02-22,22.4800,22.6100,22.2550,22.4200,3114100,21.4081
2023-02-23,22.5700,22.8250,22.3950,22.5000,1819900,21.4845
2023-02-24,22.3200,22.4900,22.1700,22.3600,2340200,21.3508
2023-02-27,22.6000,22.8000,22.2200,22.2500,2603300,21.2458
2023-02-28,22.0700,22.4000,21.8850,21.9900,4883500,20.9975
2023-03-01,22.0800,22.5400,21.5600,21.7100,4455300,20.7301
2023-03-02,21.6600,21.6700,21.2300,21.2900,5173500,20.3291
2023-03-03,21.3200,21.5900,21.1800,21.4100,3455700,20.4437
2023-03-06,22.0500,25.0300,22.0500,24.3800,16329100,23.2796
2023-03-07,24.9500,27.2900,24.6000,26.5100,14242600,25.3135
2023-03-08,26.5100,27.1850,26.1750,26.2000,7018500,25.0175
2023-03-09,26.2400,26.5000,25.6800,25.6900,6133000,24.5305
2023-03-10,25.8900,25.9300,24.5100,24.5200,5888500,23.4133
2023-03-13,24.3800,25.0400,24.0200,24.3400,7722300,23.2414
2023-03-14,24.6800,25.7050,24.5500,25.5000,6022000,24.3491
2023-03-15,24.7650,25.1200,23.9000,24.4100,6411500,23.3083
2023-03-16,24.0000,25.4900,23.9900,25.3400,5547100,24.1963
2023-03-17,25.0900,25.1300,24.2200,24.8400,5046400,23.7189
2023-03-20,25.1000,25.6500,25.0600,25.1000,4331100,23.9671
2023-03-21,25.1400,25.6750,24.7450,25.0600,3389300,24.1192
2023-03-22,24.8600,24.9900,24.2200,24.2300,3333100,23.3204
2023-03-23,24.3300,24.6200,23.6300,23.9100,3234500,23.0124
2023-03-24,23.8200,23.8400,23.0400,23.4200,4852300,22.5408
2023-03-27,23.4900,23.7400,23.1200,23.2000,4108800,22.3290
2023-03-28,23.1700,23.7600,23.1000,23.3400,2799400,22.4638
2023-03-29,23.4800,23.7550,23.3150,23.5100,3517400,22.6274
2023-03-30,23.6700,23.8650,23.4800,23.5900,2154000,22.7044
2023-03-31,23.6500,24.0000,23.5350,24.0000,2284300,23.0990
2023-04-03,23.8800,24.1000,23.6700,23.7000,3017900,22.8103
2023-04-04,23.6700,23.7550,23.1900,23.4100,2587200,22.5311
2023-04-05,23.3600,23.9900,23.3300,23.9200,2736200,23.0220
2023-04-06,24.1200,24.2950,23.8700,24.0700,3021900,23.1664
2023-04-10,23.8300,24.4850,23.8000,24.4200,2735100,23.5032
2023-04-11,24.5500,24.9100,24.4400,24.6900,2742400,23.7631
2023-04-12,24.8000,24.8800,24.4130,24.5500,2962600,23.6283
2023-04-13,24.4300,25.1200,24.3200,24.8300,3680400,23.8978
2023-04-14,24.7000,24.9550,24.3000,24.4900,3169600,23.5706
2023-04-17,24.5300,24.5300,24.0450,24.2500,2382100,23.3396
2023-04-18,24.2700,24.3650,23.9300,24.3100,2834600,23.3974
2023-04-19,24.1500,24.2700,23.8000,24.2600,3231700,23.3492
2023-04-20,24.0600,24.2500,23.7450,23.7800,1985800,22.8873
2023-04-21,23.8000,23.9000,23.4600,23.7000,1809400,22.8103
2023-04-24,23.7900,23.9000,23.4000,23.6500,4038000,22.7621
2023-04-25,23.6000,23.7150,23.2450,23.3500,3717100,22.4734
2023-04-26,23.3200,23.5200,22.9500,22.9700,2636700,22.1077
2023-04-27,23.0500,23.2800,22.9500,23.1300,2603300,22.2617
2023-04-28,23.1400,23.9600,23.0500,23.8600,3165200,22.9643
2023-05-01,23.8600,24.1200,23.4200,23.4300,2539600,22.5504
2023-05-02,23.4100,23.5900,22.6700,23.1100,2937000,22.2424
2023-05-03,23.4000,23.5500,22.9800,23.0100,1951100,22.1462
2023-05-04,23.0600,23.2100,22.6950,23.1700,2640200,22.3002
2023-05-05,23.2700,23.5600,23.2000,23.4200,3008400,22.5408
2023-05-08,23.4500,23.5650,23.2350,23.3800,2426000,22.5023
2023-05-09,23.5900,24.6550,23.5900,24.6000,6624300,23.6765
2023-05-10,25.0000,25.7100,24.8400,25.2200,8049200,24.2732
2023-05-11,25.0100,25.2050,24.5200,24.6400,3650500,23.7150
2023-05-12,24.8300,24.8600,24.2050,24.5200,3458700,23.5995
2023-05-15,24.5000,24.8100,24.4100,24.8000,3242100,23.8690
2023-05-16,24.7500,24.8300,24.0650,24.3500,2840100,23.4359
2023-05-17,24.4600,24.6100,24.2100,24.3500,3512200,23.4359
2023-05-18,24.1600,24.5250,24.0100,24.4400,2611500,23.5225
2023-05-19,24.6800,24.9450,24.5100,24.5100,2772300,23.5899
2023-05-22,24.4500,24.8700,24.4300,24.5100,2456000,23.5899
2023-05-23,24.4500,24.9700,24.3900,24.5600,2062700,23.6380
2023-05-24,24.4900,24.5400,24.2650,24.4000,2972800,23.4840
2023-05-25,24.4600,24.6100,23.8500,24.2700,2598300,23.3589
2023-05-26,24.3400,24.5450,24.0800,24.4500,2569300,23.5321
2023-05-30,24.5300,24.5750,23.9150,23.9500,2434500,23.0509
2023-05-31,23.8100,24.0850,23.5350,23.9700,4908400,23.0701
2023-06-01,24.0400,24.7300,23.9900,24.6400,4772000,23.7150
2023-06-02,24.6900,25.0300,24.4600,24.7200,3299600,23.7920
2023-06-05,24.5700,24.9900,24.5600,24.9000,2585700,23.9652
2023-06-06,24.9000,24.9900,24.6650,24.7300,2493800,23.8016
2023-06-07,24.7800,25.2300,24.6450,25.1600,3010500,24.2154
2023-06-08,25.1600,25.1800,24.6800,24.8200,2612500,23.8882
2023-06-09,24.9700,25.0600,24.7700,24.8200,1514200,23.8882
2023-06-12,24.8100,24.9800,24.5960,24.7000,1771300,23.7727
2023-06-13,24.7000,25.0150,24.6000,24.9000,3407900,23.9652
2023-06-14,24.9200,25.1300,24.7430,24.8100,5449200,23.8786
2023-06-15,24.8400,25.4000,24.8100,25.3300,5900600,24.3791
2023-06-16,25.4100,25.4600,24.9900,25.0600,6532000,24.1192
2023-06-20,24.9500,25.1550,24.7200,24.9700,4547900,24.2298
2023-06-21,24.8700,25.2450,24.7000,25.1500,3948400,24.4045
2023-06-22,25.2600,25.3150,24.9300,25.3000,2493100,24.5500
2023-06-23,25.3300,25.5300,24.9100,25.1000,7426300,24.3560
2023-06-26,25.4800,26.0750,25.4400,25.6000,5450900,24.8411
2023-06-27,25.6900,26.1400,25.5600,25.7900,4740600,25.0255
2023-06-28,25.7700,25.8150,25.5600,25.7300,1866700,24.9673
2023-06-29,25.7300,26.1300,25.6400,26.0400,1686900,25.2681
2023-06-30,26.1000,26.3950,25.9650,26.2500,2301700,25.4719
2023-07-03,26.1600,26.4300,26.0900,26.0900,1222300,25.3166
2023-07-05,25.9100,26.9450,25.8800,26.8400,3070100,26.0444
2023-07-06,26.6000,26.9500,26.5250,26.9500,3374500,26.1511
2023-07-07,26.7300,27.0700,26.6400,26.7000,2043700,25.9085
2023-07-10,26.7000,26.8100,26.3400,26.4600,1651600,25.6757
2023-07-11,26.4400,26.5200,26.2600,26.5200,1917500,25.7339
2023-07-12,26.6200,26.9300,26.5700,26.7600,1991100,25.9668
2023-07-13,26.5700,26.8000,26.5500,26.7100,1712200,25.9182
2023-07-14,26.6800,26.6800,26.3000,26.3400,1288700,25.5592
2023-07-17,26.2000,26.3200,26.0550,26.1300,2146700,25.3554
2023-07-18,26.1800,26.7800,26.1650,26.7800,2468300,25.9862
2023-07-19,26.8200,27.4100,26.7400,27.3300,3692300,26.5199
2023-07-20,27.3100,27.5100,27.2100,27.3700,1512600,26.5587
2023-07-21,27.5500,28.5200,27.3700,28.3600,4584000,27.5193
2023-07-24,28.3600,28.4800,28.1100,28.3000,1939700,27.4611
2023-07-25,28.4300,28.5300,28.0750,28.1000,2748800,27.2670
2023-07-26,28.2000,28.5450,28.0800,28.4100,2838700,27.5679
2023-07-27,28.3700,28.5100,28.0700,28.1000,2048800,27.2670
2023-07-28,28.1800,28.3500,27.5800,27.7200,1875000,26.8983
2023-07-31,28.0000,28.5550,27.8450,28.0600,2792900,27.2282
2023-08-01,27.9700,28.3700,27.7500,27.8900,2377800,27.0633
2023-08-02,27.6500,28.0700,27.5420,27.9900,1935100,27.1603
2023-08-03,27.9700,28.3100,27.7000,27.9400,4245100,27.1118
2023-08-04,28.0100,28.8500,27.9000,28.5400,4728100,27.6940
2023-08-07,28.6700,29.0000,28.5900,28.7000,3243200,27.8493
2023-08-08,28.5600,28.8800,28.3900,28.8200,4245500,27.9657
2023-08-09,29.5400,30.7700,29.1900,30.3100,7461000,29.4115
2023-08-10,30.4400,30.9850,30.4400,30.6900,5922500,29.7803
2023-08-11,30.6200,30.8500,30.0700,30.1400,4828700,29.2466
2023-08-14,30.0400,30.3400,29.9200,30.3200,4458700,29.4212
2023-08-15,30.0300,30.3200,29.9850,30.2400,3258400,29.3436
2023-08-16,30.2800,30.4300,30.0150,30.0700,3004500,29.1786
2023-08-17,30.0000,30.4450,29.4700,29.7100,3470700,28.8293
2023-08-18,29.6000,30.0900,29.5700,29.8600,3267500,28.9749
2023-08-21,29.9500,30.0200,29.7400,30.0000,3002900,29.1107
2023-08-22,29.9000,29.9100,29.4800,29.6600,3676900,28.7808
2023-08-23,29.9100,30.3400,29.8700,30.3300,5043400,29.4309
2023-08-24,30.4300,30.4700,29.8900,30.0100,3957900,29.1204
2023-08-25,30.1200,30.3700,30.0300,30.1200,2932600,29.2272
2023-08-28,30.1300,30.2800,29.8400,29.9700,2761600,29.0816
2023-08-29,30.0700,30.4550,29.9950,30.4200,4530600,29.5183
2023-08-30,30.3900,31.3500,30.3600,31.3300,4426500,30.4013
2023-08-31,31.3700,31.6800,31.3150,31.4200,5297400,30.4886
2023-09-01,31.6100,31.9900,31.5900,31.7900,3880300,30.8477
2023-09-05,32.6000,33.0500,31.9750,32.5000,9795600,31.5366
2023-09-06,32.2400,33.1450,32.2400,32.8100,6026800,31.8374
2023-09-07,33.0200,33.5900,32.6600,33.3700,6964700,32.3808
2023-09-08,33.3300,34.1650,33.3300,34.0600,7431600,33.0504
2023-09-11,34.0700,34.2850,33.6700,33.6900,5262900,32.6913
2023-09-12,33.8100,34.1900,33.5800,33.7000,6221300,32.7010
2023-09-13,33.3000,33.7300,32.9450,33.1800,6629500,32.1965
2023-09-14,33.4600,33.5400,32.9350,33.0400,6554100,32.0606
2023-09-15,33.1400,33.2300,32.7900,32.9100,53404100,31.9345
2023-09-18,32.8900,33.6000,32.8900,33.4900,6597400,32.4973
2023-09-19,33.4600,33.7800,33.1200,33.1500,4450500,32.3664
2023-09-20,33.2800,33.3500,32.2600,32.3400,4081900,31.5756
2023-09-21,32.7400,33.6650,32.7400,33.4500,5137900,32.6593
2023-09-22,33.3000,33.5350,33.1200,33.2200,3962300,32.4348
2023-09-25,33.0400,33.8400,33.0250,33.6600,3411700,32.8644
2023-09-26,33.5900,33.7000,32.9100,32.9900,4370800,32.2102
2023-09-27,33.0000,33.5650,32.8600,33.3200,5572400,32.5324
2023-09-28,33.4100,33.9400,33.2300,33.4300,4491800,32.6398
2023-09-29,33.7300,33.8400,32.8300,33.1800,4839700,32.3957
2023-10-02,33.3800,33.7400,31.9500,32.5300,4982200,31.7611
2023-10-03,32.3400,32.6850,31.3700,32.0000,6436500,31.2436
2023-10-04,32.1900,32.3100,31.1600,31.3900,6521100,30.6480
2023-10-05,31.3900,32.0550,31.3400,31.8300,4402300,31.0776
2023-10-06,31.7300,31.9200,31.2150,31.5400,4792100,30.7945
2023-10-09,31.5700,32.1050,31.5700,31.8500,3306800,31.0972
2023-10-10,31.9200,32.1950,31.8450,32.1000,5909500,31.3413
2023-10-11,32.1000,32.8100,31.9500,32.7700,6961700,31.9954
2023-10-12,32.7900,33.0200,31.4100,31.8000,3725700,31.0483
2023-10-13,31.9300,32.1000,31.4000,31.6400,2954600,30.8921
2023-10-16,31.9800,32.4600,31.8400,32.2900,3368500,31.5268
2023-10-17,31.9700,32.7950,31.9700,32.5700,3255600,31.8001
2023-10-18,32.4800,32.6550,32.2600,32.4200,3175400,31.6537
2023-10-19,32.2900,32.8400,32.0950,32.1100,3717400,31.3510
2023-10-20,32.1900,32.3900,31.7400,31.9300,3267500,31.1753
2023-10-23,31.6800,32.1350,31.4300,31.8900,2998100,31.1362
2023-10-24,32.2400,32.8350,32.2400,32.7000,2668400,31.9271
2023-10-25,32.8900,33.0400,32.5300,32.7800,2652500,32.0052
2023-10-26,33.1600,33.4400,32.6700,32.9000,2926000,32.1224
2023-10-27,32.6800,32.7700,31.9200,32.0200,3259100,31.2631
2023-10-30,32.1700,32.6900,32.1700,32.5800,2499500,31.8099
2023-10-31,32.7600,32.8250,32.3400,32.7200,2819600,31.9466
2023-11-01,32.8800,34.1050,32.6700,33.9300,3786500,33.1280
2023-11-02,34.0000,35.0400,33.9200,34.6600,3556500,33.8407
2023-11-03,34.8600,35.3050,34.7500,34.9900,3980900,34.1629
2023-11-06,35.1500,35.5200,34.8700,35.3300,5641400,34.4949
2023-11-07,35.3500,36.5000,33.8400,34.7500,6032500,33.9286
2023-11-08,35.0900,35.5400,34.5950,34.6700,4593400,33.8505
2023-11-09,34.6600,35.0400,34.5200,34.5600,2870800,33.7431
2023-11-10,34.8600,35.1100,34.4200,34.4800,2719000,33.6650
2023-11-13,34.4800,34.6400,34.2350,34.4000,2692200,33.5869
2023-11-14,34.9000,35.3000,34.8550,35.2200,4171400,34.3875
2023-11-15,35.0700,35.3000,34.6500,34.7000,4098700,33.8798
2023-11-16,35.0000,35.3100,34.3050,34.7400,4827800,33.9189
2023-11-17,34.6500,34.9700,34.6400,34.8600,2903000,34.0360
2023-11-20,34.8600,35.0700,34.6600,34.6900,3877700,33.8700
2023-11-21,34.7000,34.9300,34.4750,34.4900,5000200,33.6748
2023-11-22,34.5500,34.8200,34.2500,34.8100,2980400,33.9872
2023-11-24,34.6300,35.0300,34.6100,34.8600,1190500,34.0360
2023-11-27,34.8900,35.6900,34.7000,35.6400,3560600,34.7976
2023-11-28,35.5400,35.6400,35.1500,35.2200,2591000,34.3875
2023-11-29,35.5100,35.8400,34.8800,34.9200,4312900,34.0946
2023-11-30,34.9600,35.5350,34.8900,35.4100,6258000,34.5730
2023-12-01,35.4100,36.2800,35.4100,36.2800,4204200,35.4225
2023-12-04,36.0400,37.1600,35.9900,37.1200,5748300,36.2426
2023-12-05,37.1300,37.4100,36.7200,37.3700,4136000,36.4867
2023-12-06,37.4100,37.7200,36.2150,36.2800,4382000,35.4225
2023-12-07,36.2500,37.2000,36.1700,37.1700,3413400,36.2914
2023-12-08,37.1000,37.1960,36.4450,36.9600,3606000,36.0864
2023-12-11,37.0000,37.0600,36.4750,36.8800,3211600,36.0083
2023-12-12,36.8600,37.6000,36.8100,37.3300,4330700,36.4476
2023-12-13,37.3900,38.1850,37.3100,38.1200,4128100,37.2190
2023-12-14,38.3200,38.3400,37.3900,37.4900,3702700,36.6039
2023-12-15,37.5000,37.9100,37.3900,37.6800,14998800,36.7894
2023-12-18,37.6800,38.0600,37.4600,37.7600,4450600,36.8675
2023-12-19,37.7100,37.9800,37.3800,37.7200,3445300,37.0373
2023-12-20,37.5300,38.1100,37.4800,37.6100,3122900,36.9293
2023-12-21,37.7700,37.9900,37.5750,37.7900,2076800,37.1061
2023-12-22,37.9000,38.1600,37.7900,38.0200,1609900,37.3319
2023-12-26,37.9600,38.4150,37.8800,38.2000,1454200,37.5086
2023-12-27,38.1500,38.5950,38.1000,38.3800,1984300,37.6854
2023-12-28,38.2200,38.8400,38.2200,38.8200,2040400,38.1174
2023-12-29,38.7600,38.9000,38.3400,38.5200,2312400,37.8229
2024-01-02,38.2900,38.6000,37.8100,38.0700,2722300,37.3810
2024-01-03,38.0300,38.3300,37.7700,38.1800,2941800,37.4890
2024-01-04,38.3200,38.7400,38.2000,38.4000,3312200,37.7050
2024-01-05,38.5900,39.0350,38.4300,38.5900,2625500,37.8916
2024-01-08,38.6600,39.1900,38.5000,39.1400,3977600,38.4316
2024-01-09,39.0000,39.7650,38.4200,39.5900,3582200,38.8735
2024-01-10,39.6800,39.6800,38.3850,38.4600,2686600,37.7640
2024-01-11,38.4600,39.0900,38.0800,38.8700,3466500,38.1665
2024-01-12,39.1300,39.3850,39.0800,39.2200,1978100,38.5102
2024-01-16,38.9500,39.7100,38.9500,39.3200,2887800,38.6084
2024-01-17,39.1400,39.9950,39.0800,39.7200,2752000,39.0011
2024-01-18,39.6700,39.9650,39.0830,39.4100,3238000,38.6968
2024-01-19,39.5600,40.1700,39.4600,40.1700,2639900,39.4430
2024-01-22,40.2500,40.4900,39.9350,39.9700,2799000,39.2466
2024-01-23,40.0600,40.3050,39.5200,39.8500,2988200,39.1288
2024-01-24,40.1300,40.1600,39.1350,39.2300,1918400,38.5200
2024-01-25,39.7400,40.5500,39.6900,40.4300,2193500,39.6983
2024-01-26,40.4850,40.8600,40.3100,40.7800,1739500,40.0420
2024-01-29,40.7900,40.8000,40.5400,40.5600,1941300,39.8259
2024-01-30,40.7200,41.2600,40.5700,41.2300,2420300,40.4838
2024-01-31,41.3500,41.6600,40.7750,41.0300,2626500,40.2874
2024-02-01,41.0300,43.4150,41.0200,43.2600,5523800,42.4771
2024-02-02,43.1000,44.9600,42.7200,44.5500,6605400,43.7437
2024-02-05,44.0400,44.1500,42.9100,43.3500,4184700,42.5654
2024-02-06,43.3000,43.8750,42.9400,43.2600,5362400,42.4771
2024-02-07,43.4300,44.0500,43.2900,43.7600,2696200,42.9680
2024-02-08,43.6000,43.8250,42.6100,42.9000,3702000,42.1236
2024-02-09,42.8200,43.4950,42.7900,43.2300,2610700,42.4476
2024-02-12,43.2100,43.4700,42.2250,42.8100,4260900,42.0352
2024-02-13,42.5600,44.2200,42.3400,44.2000,4587900,43.4001
2024-02-14,44.5300,45.0000,43.9900,44.2700,3128600,43.4688
2024-02-15,44.3700,45.4500,44.2500,45.3900,3776000,44.5685
2024-02-16,45.1900,46.3100,45.1900,45.5800,4619600,44.7551
2024-02-20,45.6600,46.9100,45.5200,46.1500,4732900,45.3148
2024-02-21,46.1800,47.3500,45.8000,46.1800,4256800,45.3442
2024-02-22,46.1800,48.0900,46.1800,47.6200,6149400,46.7582
2024-02-23,47.7700,48.7700,47.5900,48.6200,5202200,47.7401
2024-02-26,48.9800,49.5500,48.5300,48.7500,4644300,47.8677
2024-02-27,48.6300,51.1800,48.2200,50.9800,8679600,50.0574
2024-02-28,50.1000,53.1000,49.7400,53.0200,8231400,52.0604
2024-02-29,53.1800,55.9800,53.0200,54.5400,10144700,53.5529
2024-03-01,54.4000,54.6900,53.4200,54.5000,7128400,53.5136
2024-03-04,55.2800,57.7500,55.2800,56.9900,7083500,55.9586
2024-03-05,56.9200,59.7500,56.9200,58.8900,8054100,57.8242
2024-03-06,59.2700,61.3600,59.2700,60.9000,8495100,59.7978
2024-03-07,61.2100,61.8100,60.5800,61.6800,5436300,60.5637
2024-03-08,61.7100,62.1200,57.6500,60.4900,8957500,59.3952
2024-03-11,60.2400,60.5000,57.5000,58.0500,8162400,56.9994
2024-03-12,58.5100,60.2200,58.0000,60.2000,5732900,59.1105
2024-03-13,60.6300,61.7000,59.9300,61.1600,5365800,60.0531
2024-03-14,61.4200,63.2200,61.3900,63.1100,6297700,61.9678
2024-03-15,62.8800,63.1700,60.7330,61.5600,8450700,60.4459
2024-03-18,61.9500,63.0300,60.8600,62.4800,5771900,61.3492
2024-03-19,62.5000,64.7400,62.1210,63.6800,5980100,62.7434
2024-03-20,64.0000,66.8800,63.9400,66.7500,7788500,65.7683
2024-03-21,67.8500,69.2550,67.3650,68.3700,6271500,67.3644
2024-03-22,68.4900,69.2700,66.4400,69.0900,5790500,68.0738
2024-03-25,69.5000,72.3700,68.2200,71.2000,8282300,70.1528
2024-03-26,71.1900,73.0500,67.8350,67.8900,7808400,66.8915
2024-03-27,69.0000,69.3800,67.4150,68.3000,5728400,67.2955
2024-03-28,68.1700,69.8350,67.7900,69.6500,3826400,68.6256
2024-04-01,70.0000,73.0700,69.4600,71.5300,5401100,70.4780
2024-04-02,69.7500,71.2800,69.2100,71.1500,5143400,70.1035
2024-04-03,71.2500,74.3200,71.0500,73.7600,7145100,72.6752
2024-04-04,74.5600,75.8900,70.3700,70.5400,5664400,69.5025
2024-04-05,70.4500,75.6400,69.9100,75.3300,6099700,74.2221
2024-04-08,74.9600,75.3100,71.9100,74.4200,5816600,73.3255
2024-04-09,74.9000,75.6000,68.5000,69.5300,8450300,68.5074
2024-04-10,68.5800,71.3000,67.6000,70.7600,6583900,69.7193
2024-04-11,71.0200,72.1450,70.1400,72.0000,4234800,70.9410
2024-04-12,71.7700,72.3700,68.8600,69.7400,4264900,68.7143
2024-04-15,70.8300,72.4800,68.2000,68.2200,4413100,67.2166
2024-04-16,68.3700,68.6000,65.6800,67.6000,6553600,66.6058
2024-04-17,68.6200,69.4950,67.2600,68.6500,4546400,67.6403
2024-04-18,68.9900,69.2900,64.9100,65.8800,7846100,64.9111
2024-04-19,65.6000,67.1800,64.2600,65.6600,7598100,64.6943
2024-04-22,66.1300,68.0050,65.3200,66.7200,4505800,65.7387
2024-04-23,67.3800,69.1500,66.6000,68.4500,4165500,67.4433
2024-04-24,70.0000,71.4900,68.8750,70.4600,5167600,69.4237
2024-04-25,67.6700,73.0500,66.6680,72.4800,4980000,71.4140
2024-04-26,72.6700,73.5500,71.5400,72.7000,3583100,71.6308
2024-04-29,73.3100,78.0000,72.9800,77.9600,5158500,76.8134
2024-04-30,77.8300,78.7320,75.8100,75.8400,6002100,74.7246
2024-05-01,75.6700,79.0900,74.7000,76.8600,6170100,75.7296
2024-05-02,77.4500,80.8100,76.1100,79.8700,6810200,78.6953
2024-05-03,80.6000,83.0300,80.0720,81.4900,5588500,80.2915
2024-05-06,82.3100,83.6100,80.1000,83.2400,8043400,82.0157
2024-05-07,82.8800,84.8300,81.1800,81.7400,86269000,80.5378
2024-05-08,81.7800,91.0400,81.7400,89.2000,15076500,87.8881
2024-05-09,89.5600,94.1800,89.5600,93.1700,11060000,91.7997
2024-05-10,94.7400,96.0700,92.0100,93.4200,7428000,92.0460
2024-05-13,94.5300,95.7500,90.0500,90.1700,7957300,88.8438
2024-05-14,89.0200,91.5700,87.9210,91.4700,5848500,90.1247
2024-05-15,93.5000,97.6100,92.7720,96.9100,7198700,95.4847
2024-05-16,97.0000,97.9000,93.0300,93.1400,5988000,91.7701
2024-05-17,94.0400,96.5800,93.3000,94.0800,6084200,92.6963
2024-05-20,94.9500,96.6900,90.8500,91.5100,5603000,90.1641
2024-05-21,91.7700,94.4400,91.5000,94.2400,5926800,92.8539
2024-05-22,94.0700,94.6800,92.4400,94.2700,6531900,92.8835
2024-05-23,96.0000,98.1100,92.6700,96.1300,8472600,94.7162
2024-05-24,96.0600,104.1200,94.1600,102.1000,8333800,100.5983
2024-05-28,105.2700,107.2400,101.3700,106.2000,8089500,104.6380
2024-05-29,104.9000,106.7000,102.4100,103.6200,6491700,102.0960
2024-05-30,104.0000,105.4800,102.5500,105.3700,4772700,103.8203
2024-05-31,105.9400,106.3900,95.4100,99.0800,15074400,97.6228
2024-06-03,99.8700,99.8700,91.5000,93.2500,11391400,91.8785
2024-06-04,92.7500,93.2500,86.6290,89.5500,11177800,88.2329
2024-06-05,90.0700,92.9400,89.6000,92.0000,6167800,90.6469
2024-06-06,91.2100,93.8800,83.0100,86.2600,13449000,84.9913
2024-06-07,85.4500,90.0000,83.8940,85.0700,8785000,83.8188
2024-06-10,84.5500,90.9000,84.5400,88.2200,8739100,86.9225
2024-06-11,87.8100,92.3400,87.5600,91.2200,7243300,89.8784
2024-06-12,92.8800,94.5000,89.0000,90.5600,8781400,89.2281
2024-06-13,90.5800,90.6800,84.5170,88.4000,8288200,87.0999
2024-06-14,87.9000,88.1250,85.5800,87.5900,3728400,86.3018
2024-06-17,87.5900,87.9100,82.3300,84.0400,7445600,82.8040
2024-06-18,83.9100,87.6700,83.4000,87.5800,8668100,86.5163
2024-06-20,88.2800,89.9500,86.7000,88.1900,6583100,87.1189
2024-06-21,87.7200,88.6700,84.6200,86.8600,18311200,85.8051
2024-06-24,86.2300,89.6500,85.8000,88.2300,8497100,87.1584
2024-06-25,87.8800,91.3600,87.1000,89.4100,5918900,88.3241
2024-06-26,88.7500,90.8350,85.3000,85.9100,4998100,84.8666
2024-06-27,85.0000,87.5400,83.6600,87.2200,6696700,86.1607
2024-06-28,87.0000,88.2700,83.3400,85.9800,17908900,84.9358
2024-07-01,88.7400,91.8300,86.3000,87.3400,6732300,86.2792
2024-07-02,86.9700,90.4400,86.8100,87.7000,3981300,86.6349
2024-07-03,87.9000,92.4800,87.7000,91.7200,3371700,90.6060
2024-07-05,92.1000,93.4700,88.6000,89.3600,4526600,88.2747
2024-07-08,89.9500,92.8900,89.4200,92.8800,4437900,91.7519
2024-07-09,91.9500,96.0000,90.7400,91.4000,5747100,90.2899
2024-07-10,91.5500,92.9600,86.8000,92.3100,5020800,91.1889
2024-07-11,92.6100,93.0600,90.3240,91.6100,5859400,90.4974
2024-07-12,91.1800,92.2900,88.6000,91.3300,5239500,90.2208
2024-07-15,90.3700,90.4600,85.3100,86.1900,6019000,85.1432
2024-07-16,86.2800,87.3450,84.5600,85.8700,4974900,84.8271
2024-07-17,82.7600,83.0600,76.0700,76.2000,14373500,75.2745
2024-07-18,77.4800,78.1500,73.7500,76.5500,8680300,75.6203
2024-07-19,76.6700,77.9650,75.3300,76.4700,5141400,75.5413
2024-07-22,77.2800,79.4100,77.0700,79.1700,4578200,78.2085
2024-07-23,79.1400,81.2700,78.6800,80.0700,4712200,79.0975
2024-07-24,79.0000,79.5300,72.1300,72.5800,8862500,71.6985
2024-07-25,73.5500,73.9600,69.0200,70.3800,11659200,69.5252
2024-07-26,72.0800,72.3000,70.1200,71.1200,4229800,70.2562
2024-07-29,71.9500,73.1800,70.8400,71.2400,4846500,70.3748
2024-07-30,71.9300,72.8900,68.7400,69.0000,6362500,68.1620
2024-07-31,82.4400,82.8800,77.1800,79.2200,15755900,78.2579
2024-08-01,79.4800,81.6700,75.2300,76.0400,5827100,75.1165
2024-08-02,74.2900,74.5700,69.8200,72.4300,9363200,71.5503
2024-08-05,66.8200,71.4550,66.5000,70.2000,6967600,69.3474
2024-08-06,70.0000,75.7700,70.0000,74.3900,6285600,73.4865
2024-08-07,76.6800,77.0500,72.5300,73.9500,8856500,73.0519
2024-08-08,75.5000,80.4600,73.5800,79.0800,10747700,78.1196
2024-08-09,78.0000,78.9300,75.9200,78.6400,5586300,77.6849
2024-08-12,78.9900,79.0000,75.0900,77.9600,5417600,77.0132
2024-08-13,79.0300,81.9300,77.9300,80.4500,6495500,79.4729
2024-08-14,80.2700,80.9000,77.4700,79.2500,5144700,78.2875
2024-08-15,79.5500,81.5700,78.3700,81.4500,4956600,80.4608
2024-08-16,81.1300,81.1300,78.5700,79.3500,4821800,78.3863
2024-08-19,79.5000,80.7600,78.4100,80.7400,3848500,79.7594
2024-08-20,80.4500,80.6400,79.0000,79.6400,4433600,78.6728
2024-08-21,79.6500,82.9900,79.0300,82.2800,4041400,81.2807
2024-08-22,82.4100,84.7600,82.0500,83.3000,5187500,82.2883
2024-08-23,83.9400,86.1950,83.3850,85.7700,5315600,84.7283
2024-08-26,86.3100,87.8900,84.1700,84.8800,4774000,83.8491
2024-08-27,84.1300,85.9400,83.4100,84.5900,2951000,83.5626
2024-08-28,84.5700,84.9100,82.2300,82.5000,3549000,81.4980
2024-08-29,83.2000,86.2300,83.2000,84.6700,4849200,83.6417
2024-08-30,85.0700,86.1500,84.2200,85.4300,3947100,84.3924
2024-09-03,85.0000,85.0350,75.6800,75.7400,9487900,74.8201
2024-09-04,75.5000,78.4480,75.0300,76.6800,5282700,75.7487
2024-09-05,76.6100,77.2200,75.5000,75.8300,4306900,74.9090
2024-09-06,75.7200,76.4290,73.1400,73.7000,5161500,72.8049
2024-09-09,75.0000,75.4900,72.9000,74.9500,4121900,74.0397
2024-09-10,75.4100,76.8200,74.5000,76.0800,3392700,75.1560
2024-09-11,76.9600,80.2900,75.2100,80.0600,4994300,79.0876
2024-09-12,80.1000,81.8600,79.0300,80.4700,3860600,79.4927
2024-09-13,82.5200,85.9600,81.1200,85.5500,6323100,84.5110
2024-09-16,85.0000,90.0700,84.9200,89.4000,6947200,88.3142
2024-09-17,90.3200,92.4100,88.8900,91.1500,5981600,90.0430
2024-09-18,91.8300,93.9400,90.7400,91.1900,5958100,90.0825
2024-09-19,94.3300,95.2500,90.2600,92.7400,7887700,91.6137
2024-09-20,99.7300,108.2600,97.8550,107.8800,23358400,106.8232
2024-09-23,110.3500,114.5500,107.0400,111.6300,15615000,110.5365
2024-09-24,111.8900,115.5700,111.1780,112.4000,9722700,111.2989
2024-09-25,114.1800,120.6100,113.7000,119.0800,15868400,117.9135
2024-09-26,120.0000,122.0100,113.6200,114.1600,12987400,113.0417
2024-09-27,115.2500,119.7000,114.3200,117.7200,7133500,116.5668
2024-09-30,117.8800,120.2800,114.8400,118.5400,7519100,117.3788
2024-10-01,118.0000,122.6400,115.0300,122.5500,7126700,121.3495
2024-10-02,120.0500,127.5700,119.6880,125.3700,8792700,124.1419
2024-10-03,128.4000,135.3000,126.0100,132.4500,14026800,131.1525
2024-10-04,134.3400,139.3800,132.8000,138.4100,12377600,137.0541
2024-10-07,139.8600,143.8650,128.3600,131.2700,15672300,129.9840
2024-10-08,131.0000,131.2500,127.7300,127.9600,9002400,126.7065
2024-10-09,126.4100,126.5000,120.7700,124.1800,9781200,122.9635
2024-10-10,124.0000,127.0400,122.9680,124.1100,5842500,122.8942
2024-10-11,117.5000,125.3100,114.5000,125.2900,10896200,124.0626
2024-10-14,127.7700,133.7400,127.2900,132.2600,12001900,130.9644
2024-10-15,132.0100,132.7800,126.5200,128.2900,6937800,127.0332
2024-10-16,130.7400,136.0800,128.4500,135.6900,7574200,134.3608
2024-10-17,139.4800,139.4800,126.9900,127.2700,11724100,126.0232
2024-10-18,127.3000,132.2600,125.3700,131.1600,6257300,129.8751
2024-10-21,131.5800,133.4300,127.8100,130.3800,4314800,129.1028
2024-10-22,128.0000,128.8800,124.7000,125.0400,5758000,123.8151
2024-10-23,124.0000,128.7000,123.1100,126.1100,4554600,124.8746
2024-10-24,125.9100,127.1130,123.3000,125.5800,3317400,124.3498
2024-10-25,127.3500,128.3500,123.1000,124.0300,3792500,122.8150
2024-10-28,125.2100,128.6200,123.9700,127.7800,5213300,126.5282
2024-10-29,125.5800,127.8600,124.3400,126.6600,4738600,125.4192
2024-10-30,127.0500,128.4600,121.5010,124.1100,4166500,122.8942
2024-10-31,124.3100,125.7300,122.4200,124.9600,4073500,123.7359
2024-11-01,124.6000,126.3400,119.0900,119.5100,5979600,118.3393
2024-11-04,117.6900,118.8000,111.5000,115.7400,10742700,114.6062
2024-11-05,116.3100,122.2700,115.8900,121.9000,6438800,120.7058
2024-11-06,125.1700,127.0000,121.0700,126.0900,7411300,124.8548
2024-11-07,138.1100,143.7900,130.0200,135.7300,14877300,134.4004
2024-11-08,135.2400,144.7700,135.2400,141.9000,9826100,140.5099
2024-11-11,146.2800,149.8000,141.9500,145.8000,7850400,144.3717
2024-11-12,143.9200,145.9800,137.2430,142.1600,5314700,140.7674
2024-11-13,145.4300,147.6000,141.3100,142.1200,3863200,140.7278
2024-11-14,142.2300,143.4100,138.1700,138.4600,3230200,137.1036
2024-11-15,137.6000,142.6000,137.0340,142.1500,3562100,140.7575
2024-11-18,142.7200,152.6400,142.7200,146.6300,5744000,145.1936
2024-11-19,144.1400,154.9500,143.1300,154.8600,6372400,153.3430
2024-11-20,155.7700,157.7200,151.2600,154.6300,4446700,153.1152
2024-11-21,157.7400,167.6000,156.8600,166.6100,7868500,164.9779
2024-11-22,168.6700,168.6700,158.1200,161.9200,6993300,160.3338
2024-11-25,166.0000,166.3800,152.7150,154.1400,7673800,152.6300
2024-11-26,154.3800,164.1400,153.6100,162.6600,5331100,161.0666
2024-11-27,161.6800,163.1500,153.4000,154.5200,4819900,153.0063
2024-11-29,158.4900,160.9000,156.7300,159.8400,2475800,158.2742
2024-12-02,161.6000,163.3300,153.5350,154.1100,4843800,152.6003
2024-12-03,155.6400,158.8800,153.9000,154.1600,3898800,152.6498
2024-12-04,158.9400,164.2500,157.0100,161.3100,5327200,159.7298
2024-12-05,161.0000,164.8600,159.5800,160.8800,3554200,159.3040
2024-12-06,161.1000,163.4900,157.2900,159.9800,3220400,158.4128
2024-12-09,160.1700,160.7100,146.1500,148.3100,6844200,146.8571
2024-12-10,145.8800,147.8000,139.3000,141.5200,7109700,140.1337
2024-12-11,145.9400,148.4100,143.4400,146.0000,6209300,144.5697
2024-12-12,146.4300,148.9800,144.6000,145.0800,3703000,143.6588
2024-12-13,146.3500,149.3500,143.5900,144.8900,4016400,143.4706
2024-12-16,144.7100,147.2200,143.2800,145.3300,4801300,143.9063
2024-12-17,142.8800,143.3700,136.1000,139.7700,5475200,138.4008
2024-12-18,141.2500,141.2500,131.6400,132.8900,5690600,131.5882
2024-12-19,134.6100,139.7300,133.3200,137.2000,7554400,135.8560
2024-12-20,132.4500,141.6300,132.0000,139.9500,8735100,138.8036
2024-12-23,140.0000,141.3650,135.6200,140.7900,2871400,139.6367
2024-12-24,142.0300,144.1600,141.0200,143.3600,1642700,142.1857
2024-12-26,142.9000,144.8800,141.4460,144.1100,1928000,142.9295
2024-12-27,143.0000,143.0000,136.7400,139.6800,3214700,138.5358
2024-12-30,136.0500,141.1760,134.8600,140.0900,4930600,138.9425
2024-12-31,139.9100,140.4390,137.0200,137.8700,2761600,136.7406
2025-01-02,139.6300,149.8900,138.2600,149.6600,6169600,148.4341
2025-01-03,154.3600,162.6600,151.6600,162.3600,8762600,161.0301
2025-01-06,165.1600,166.0000,159.5000,163.9500,7406900,162.6070
2025-01-07,164.6100,165.2100,155.8000,163.3700,5258700,162.0318
2025-01-08,162.9700,163.0000,152.6100,160.8100,7198700,159.4928
2025-01-10,161.5000,169.1900,154.4000,166.7300,9743400,165.3642
2025-01-13,161.7100,164.7400,156.3100,162.1300,6289200,160.8019
2025-01-14,166.6800,175.0000,165.6900,170.5100,7486300,169.1133
2025-01-15,175.0000,178.0800,167.0900,169.1700,7817300,167.7843
2025-01-16,170.9300,178.4000,170.0000,174.0000,5772000,172.5747
2025-01-17,169.0300,173.2800,166.5000,170.8600,8263500,169.4604
2025-01-21,179.3000,188.7700,174.8500,185.3500,10678200,183.8317
2025-01-22,192.9900,194.6700,183.3000,186.8600,9003500,185.3293
2025-01-23,189.0000,199.8400,188.2200,191.8900,10217800,190.3181
2025-01-24,194.0200,194.4400,189.1100,191.1100,5265600,189.5445
2025-01-27,154.0900,156.9300,132.5900,137.0800,32356900,135.9571
2025-01-28,142.1800,149.9000,134.9200,149.6400,20931000,148.4142
2025-01-29,147.2500,160.0000,146.6280,155.2100,14323400,153.9386
2025-01-30,159.0200,176.4900,157.0000,176.3000,18034800,174.8559
2025-01-31,175.0000,176.4200,167.1400,168.0300,12159400,166.6536
2025-02-03,157.5000,171.5000,156.2800,168.5300,9849800,167.1495
2025-02-04,168.5200,170.7700,162.9700,168.3300,5652700,166.9512
2025-02-05,172.3800,176.3600,168.6700,171.6100,7017700,170.2043
2025-02-06,171.6100,174.9530,167.2760,169.8800,5943800,168.4884
2025-02-07,170.8800,174.9700,165.1300,166.9000,6438600,165.5329
2025-02-10,169.0000,172.7000,165.5300,168.3900,5726400,167.0107
2025-02-11,166.5100,170.4000,164.3300,167.6100,4000000,166.2370
2025-02-12,163.4300,170.9800,161.0700,166.6100,5265400,165.2452
2025-02-13,168.1400,169.3400,161.2500,165.6500,7820700,164.2931
2025-02-14,165.6100,170.4500,161.5000,167.6600,5713300,166.2866
2025-02-18,168.8700,172.7700,166.8800,169.2800,5963700,167.8934
2025-02-19,168.1000,173.3200,167.1400,169.3500,6213400,167.9628
2025-02-20,167.5000,168.2000,157.8700,163.1800,7134900,161.8433
2025-02-21,163.6500,163.6500,147.8000,150.4400,9974300,149.2077
2025-02-24,151.2000,151.5900,139.0130,142.7600,9860000,141.5906
2025-02-25,139.4200,141.0000,127.6700,137.9200,13529900,136.7903
2025-02-26,143.0000,150.2000,142.5600,148.1900,9208400,146.9761
2025-02-27,149.1100,152.9400,129.7700,130.0100,16672900,128.9450
2025-02-28,128.0000,134.7100,124.0500,133.6600,13060900,132.5652
2025-03-03,133.6600,134.2800,121.7200,123.9500,10900500,122.9347
2025-03-04,122.9800,131.9800,116.4000,126.9400,15914800,125.9002
2025-03-05,123.7450,128.2700,121.4000,126.8700,8481800,125.8308
2025-03-06,120.2200,122.3500,112.1500,114.4100,11789300,113.4728
2025-03-07,117.0000,118.6900,109.5500,114.3200,9798000,113.3836
2025-03-10,110.0000,111.9100,104.3400,108.4900,11399900,107.6013
2025-03-11,109.5000,115.4100,107.1800,114.3600,11062700,113.4232
2025-03-12,119.5300,127.8300,118.4000,121.9200,14722600,120.9213
2025-03-13,122.0100,122.0100,115.7900,118.0000,8033100,117.0334
2025-03-14,121.0500,124.7200,118.5410,124.4600,6613100,123.4405
2025-03-17,123.6000,129.8400,123.4000,126.2900,6259900,125.2555
2025-03-18,124.8800,126.8150,122.2800,124.4600,4648400,123.4405
2025-03-19,125.0000,132.6630,124.0000,129.8500,5973600,128.7863
2025-03-20,127.5300,133.2500,126.2400,131.9000,5639100,131.0456
2025-03-21,129.7900,131.5400,126.2700,130.5800,7484300,129.7342
2025-03-24,134.9800,138.7400,133.5000,134.9400,7760500,134.0659
2025-03-25,134.0100,134.4400,128.0000,131.8100,8146500,130.9562
2025-03-26,129.8000,130.5000,122.0000,124.0100,6723100,123.2067
2025-03-27,120.2500,124.5000,118.3900,119.3100,7259300,118.5372
2025-03-28,118.5000,122.3400,117.4600,119.0500,7023700,118.2789
2025-03-31,113.9000,118.3430,112.0000,117.4400,7766200,116.6793
2025-04-01,118.2800,122.2900,116.0000,122.2400,8054800,121.4482
2025-04-02,118.8500,127.6060,118.0000,127.1900,5714300,126.3661
2025-04-03,114.2200,118.8440,107.3100,108.2100,12729000,107.5091
2025-04-04,103.5700,103.9100,92.1200,98.0700,17707400,97.4348
2025-04-07,92.6600,109.1800,90.5100,102.6900,12926800,102.0248
2025-04-08,109.4600,112.3900,99.9000,102.1900,11458100,101.5281
2025-04-09,102.3400,120.9600,99.2400,118.0200,14023800,117.2555
2025-04-10,113.6300,115.5100,107.0300,109.2600,8735400,108.5523
2025-04-11,109.2600,112.3400,105.7500,111.7100,5268000,110.9864
2025-04-14,117.3100,118.2000,110.5100,112.6900,5007400,111.9601
2025-04-15,113.2600,116.3500,112.3750,115.7500,4279400,115.0002
2025-04-16,112.5100,117.6200,111.9500,115.8700,5956700,115.1195
2025-04-17,117.8300,120.1800,114.0000,115.4200,4853100,114.6724
2025-04-21,112.5200,114.0000,103.3380,106.5200,6092400,105.8300
2025-04-22,109.5000,113.7000,108.5900,112.6300,4882200,111.9004
2025-04-23,122.0000,125.5800,118.3300,120.0000,7046200,119.2227
2025-04-24,120.7700,126.2900,120.5100,124.2300,5468700,123.4253
2025-04-25,124.3800,128.2400,123.5200,126.6400,4323300,125.8197
2025-04-28,126.2500,129.9520,125.8000,129.6200,4335000,128.7804
2025-04-29,128.5800,130.4100,126.4200,129.3300,4289000,128.4923
2025-04-30,125.0900,130.0150,122.3000,129.6300,5047100,128.7903
2025-05-01,137.6700,140.5300,135.8100,137.3000,10589900,136.4107
2025-05-02,138.9200,141.1080,137.7300,139.2800,5615800,138.3778
2025-05-05,136.5900,141.0900,135.6820,140.0000,5941400,139.0931
2025-05-06,138.4800,146.8800,137.4400,144.8000,10113700,143.8621
2025-05-07,137.6300,140.9800,133.9500,139.5000,12497700,138.5964
2025-05-08,141.1400,143.2800,137.4400,140.9100,7363500,139.9973
2025-05-09,140.9500,141.2600,133.7300,135.7500,5859900,134.8707
2025-05-12,145.4000,147.4700,143.0100,146.0900,8358700,145.1437
2025-05-13,144.1600,156.9900,144.0750,155.0000,9075900,153.9960
2025-05-14,156.5000,157.0000,152.5450,154.7200,5370200,153.7178
2025-05-15,151.0000,154.0900,150.8400,152.0600,3953500,151.0750
2025-05-16,156.2400,157.4800,154.5100,156.6200,6263900,155.6055
2025-05-19,150.3750,157.6500,150.3750,157.3200,5141300,156.3010
2025-05-20,157.0000,158.2400,155.6700,157.0300,3426500,156.0128
2025-05-21,154.9400,156.5050,150.9200,152.0700,4067400,151.0850
2025-05-22,152.3000,155.1100,149.5860,154.7200,4624100,153.7178
2025-05-23,156.5600,159.4300,154.6500,158.1600,7254000,157.1355
2025-05-27,160.0000,163.8700,157.1800,163.8600,7192500,162.7986
2025-05-28,164.4000,165.7400,161.4200,162.3600,5027400,161.3083
2025-05-29,165.9400,166.0000,158.7800,159.7300,3543800,158.6953
2025-05-30,158.9700,160.6000,157.0700,160.5700,5306100,159.5299
2025-06-02,160.6000,169.2900,160.5900,167.4700,5613000,166.3852
2025-06-03,175.0000,178.3500,171.8600,176.0000,10019900,174.8600
2025-06-04,176.0000,177.3900,171.8900,172.6900,5290600,171.5714
2025-06-05,173.4200,173.9100,169.5650,170.8700,4296700,169.7632
2025-06-06,173.5000,173.9500,170.2400,173.6200,3302200,172.4954
2025-06-09,173.6700,174.0000,168.4100,169.3700,5350000,168.2729
2025-06-10,170.1000,170.6250,160.1800,164.6500,7818200,163.5835
2025-06-11,168.0300,169.5000,165.5400,166.7900,4029300,165.7096
2025-06-12,165.2700,173.8940,164.6700,173.8700,4357300,172.7438
2025-06-13,171.5100,175.9500,170.6580,173.7500,3960700,172.6245
2025-06-16,175.5700,179.1400,175.5700,177.2000,4177700,176.0522
2025-06-17,179.0100,181.2000,175.3000,177.7500,4170400,176.5986
2025-06-18,177.0000,182.0600,175.2150,181.1300,5591600,180.1848
2025-06-20,180.9000,185.5000,178.7600,185.1000,6585700,184.1341
2025-06-23,184.2400,187.5700,179.9400,186.5500,4150400,185.5765
2025-06-24,188.1300,189.3700,184.8900,186.1700,6851900,185.1985
2025-06-25,188.0200,190.6000,185.9500,186.3200,3813900,185.3477
2025-06-26,187.8500,191.2750,185.0000,190.4000,3677900,189.4064
2025-06-27,192.0000,198.2000,189.1100,195.0400,8903700,194.0222
2025-06-30,197.5000,197.5000,192.1750,193.8100,4753900,192.7987
2025-07-01,192.8200,193.4700,180.5100,185.1000,6125700,184.1341
2025-07-02,184.7000,188.4400,182.7100,187.0200,3264900,186.0441
2025-07-03,188.1400,194.3000,188.0000,192.2000,3342400,191.1970
2025-07-07,191.0000,194.2800,190.3500,193.7000,4313400,192.6892
2025-07-08,194.6200,194.6200,184.8200,190.1800,5076200,189.1876
2025-07-09,192.7200,200.2500,189.8450,197.0100,6931500,195.9819
2025-07-10,196.7100,197.7900,190.1800,195.7800,4358200,194.7584
2025-07-11,194.3100,197.7200,191.8000,196.5800,3714500,195.5542
2025-07-14,196.5500,197.6700,191.5500,194.8100,3793800,193.7934
2025-07-15,195.1800,195.1800,189.2000,191.3700,4259400,190.3714
2025-07-16,191.1000,192.4400,180.2520,184.1300,6605400,183.1692
2025-07-17,186.4200,187.8200,181.2000,182.0000,3948100,181.0503
2025-07-18,182.8200,195.1200,182.8000,193.0100,6416300,192.0028
2025-07-21,193.6400,193.6900,186.9100,188.2300,4315900,187.2478
2025-07-22,187.6700,189.5800,181.7300,189.0900,4187400,188.1033
2025-07-23,198.8200,207.1200,197.8400,200.1200,8849500,199.0757
2025-07-24,202.1000,203.6000,195.8900,196.2400,4919300,195.2160
2025-07-25,195.0200,196.3000,190.7200,192.2000,5492100,191.1970
2025-07-28,193.1100,196.2700,190.5100,195.8800,3211400,194.8578
2025-07-29,197.2000,199.4100,194.0100,198.0000,4255800,196.9668
2025-07-30,199.4000,207.6300,198.9000,207.0500,5511800,205.9696
2025-07-31,209.7400,213.0480,205.7300,208.5400,5635400,207.4518
2025-08-01,200.1500,211.8600,197.2000,208.0500,5737100,206.9643
2025-08-04,210.5500,215.1300,208.2890,214.0600,4625600,212.9430
2025-08-05,214.9500,216.8500,206.5500,209.6000,4601400,208.5063
2025-08-06,208.6400,208.6400,199.2080,200.8500,7360600,199.8019
2025-08-07,190.2100,211.7500,190.0000,205.5900,8944400,204.5172
2025-08-08,206.1100,208.8800,201.6900,202.1200,4064600,201.0653
2025-08-11,203.6000,206.2100,198.6900,200.0800,3690600,199.0359
2025-08-12,202.5100,209.9600,200.4900,209.5600,4059700,208.4665
2025-08-13,210.1900,213.1900,200.2880,205.2800,4111700,204.2088
2025-08-14,204.1350,207.9000,202.2900,202.3500,3005000,201.2941
2025-08-15,203.0000,204.4600,194.8100,197.3300,4025200,196.3003
2025-08-18,197.0000,199.4000,195.3000,198.9600,2890400,197.9218
2025-08-19,197.4600,198.5500,191.2100,193.5200,3358900,192.5102
2025-08-20,191.0000,193.3650,183.8500,192.9100,5225300,191.9034
2025-08-21,193.0000,196.6800,190.0000,190.2800,3028800,189.2871
2025-08-22,191.1400,195.5000,187.1400,190.4600,3447300,189.4661
2025-08-25,191.5400,194.6700,189.3000,190.0800,2723100,189.0881
2025-08-26,190.4500,195.6500,189.3500,195.1200,3430800,194.1018
2025-08-27,194.3200,197.2500,192.2800,194.6000,2665500,193.5845
2025-08-28,195.2000,201.3800,194.6200,196.7000,3376200,195.6736
2025-08-29,195.5500,195.7300,186.6800,189.1100,3999300,188.1232
2025-09-02,184.5500,186.8800,182.0900,185.8100,4234700,184.8404
2025-09-03,186.0000,188.5500,184.3400,188.1200,2815300,187.1383
2025-09-04,189.0000,192.1100,188.7960,189.7300,2771800,188.7399
2025-09-05,190.2500,191.4330,178.4300,188.0000,5199600,187.0190
2025-09-08,189.5900,190.5550,184.6100,188.0100,4153400,187.0289
2025-09-09,190.0000,195.5000,189.2100,193.7800,4451700,192.7688
2025-09-10,200.5200,212.8800,200.0000,209.2100,9715800,208.1183
2025-09-11,208.7800,211.9000,203.1000,204.0500,4408900,202.9852
2025-09-12,202.9250,210.2150,202.0100,209.7000,3824900,208.6057
2025-09-15,209.7000,217.9000,209.7000,213.5200,4750600,212.4058
2025-09-16,213.8000,213.8000,207.3140,209.4300,3828400,208.3371
2025-09-17,211.2950,213.8000,204.6700,208.3100,3468100,207.2230
2025-09-18,213.3100,214.4600,208.0500,210.1600,3589600,209.0634
2025-09-19,211.4300,213.8400,205.1840,211.2800,9188500,210.4037
2025-09-22,211.0000,219.8200,207.8000,217.9200,4819500,217.0162
2025-09-23,210.1100,212.7650,203.4600,204.2400,6525200,203.3929
2025-09-24,203.2600,206.1870,201.8700,202.0600,3844400,201.2220
2025-09-25,198.0000,204.2600,196.0100,201.6200,4262600,200.7838
2025-09-26,201.2000,207.5000,200.9800,207.2200,3096200,206.3606
2025-09-29,202.0000,207.1270,197.7000,197.9400,8373900,197.1191
2025-09-30,199.1900,200.5000,190.7000,195.9200,5828400,195.1075
2025-10-01,195.0000,204.9300,192.1700,201.5100,5387700,200.6743
2025-10-02,204.0400,205.0000,198.7100,202.6500,4224200,201.8095
2025-10-03,204.3500,210.2000,201.5000,201.9900,5306900,201.1523
2025-10-06,206.1600,207.9300,197.4300,200.4100,6019800,199.5788
2025-10-07,201.5700,203.8350,195.8850,199.6200,2865800,198.7921
2025-10-08,201.5800,206.6100,200.1270,206.5500,3706000,205.6934
2025-10-09,207.0000,211.0700,205.3350,210.0000,3796100,209.1291
2025-10-10,209.7600,212.3700,196.8400,196.8600,4388200,196.0436
2025-10-13,201.1200,209.9500,200.4000,209.5500,3868800,208.6809
2025-10-14,205.7900,208.8500,201.4000,205.5100,3088200,204.6577
2025-10-15,209.3200,216.0350,206.4000,210.8500,5412000,209.9755
2025-10-16,214.7900,217.1000,208.6840,210.4000,3562200,209.5274
2025-10-17,207.6700,210.0500,200.0500,201.3500,4004700,200.5149
2025-10-20,204.1300,205.5000,192.8070,194.2400,4058400,193.4344
2025-10-21,192.8800,193.4200,185.5700,186.5200,5781700,185.7464
2025-10-22,187.5500,189.5000,179.6500,185.8300,5344400,185.0593
2025-10-23,185.7100,192.2000,185.7100,191.3700,3033700,190.5763
2025-10-24,196.6000,202.0000,194.6000,201.4700,4787500,200.6344
2025-10-27,203.6600,203.6600,196.5000,199.3000,4539500,198.4734
2025-10-28,197.3150,197.3150,184.4700,190.5900,9390500,189.7996
2025-10-29,192.3000,200.7300,189.4700,199.3700,6158900,198.5431
2025-10-30,194.6800,198.8200,188.5400,189.7100,3805400,188.9232
2025-10-31,192.0000,192.8900,183.5200,188.3000,4231300,187.5191
2025-11-03,190.8100,195.1900,187.8460,193.0400,3585000,192.2394
2025-11-04,188.1000,191.4900,184.5000,185.7400,3805000,184.9697
2025-11-05,186.2600,192.4750,184.9300,189.3900,3547000,188.6045
2025-11-06,182.8900,189.1200,179.5300,184.6200,6543600,183.8543
2025-11-07,178.5000,191.0750,176.6000,191.0000,5805300,190.2079
2025-11-10,194.8000,196.8000,184.1600,188.2800,4273700,187.4991
2025-11-11,185.9200,187.9400,178.8100,179.1600,4542600,178.4170
2025-11-12,180.3300,181.3000,177.2900,178.2700,4252100,177.5307
2025-11-13,176.9100,177.9600,170.5200,171.5600,5467400,170.8485
2025-11-14,167.1800,180.0000,165.5800,174.6900,5484400,173.9655
2025-11-17,175.4300,179.5200,173.1200,175.0000,3108600,174.2742
2025-11-18,172.6600,177.4200,170.6600,174.4200,3279100,173.6966
2025-11-19,175.1600,181.5000,174.2200,179.1400,3384400,178.3970
2025-11-20,184.8200,189.2900,173.1300,173.7900,4271500,173.0692
2025-11-21,172.0000,173.6800,162.4400,168.5900,6303800,167.8908
2025-11-24,169.5700,175.2000,165.9000,175.1400,5750900,174.4136
2025-11-25,174.0800,174.7300,165.9050,170.8400,3865100,170.1315
2025-11-26,174.0000,177.7500,173.0850,176.8000,2937800,176.0668
2025-11-28,179.0000,180.7700,178.0100,178.8600,1908400,178.1182
2025-12-01,176.0100,176.4800,172.6900,173.6400,3251000,172.9199
2025-12-02,175.4000,175.9500,171.3650,172.5500,3029200,171.8344
2025-12-03,172.6600,173.8500,168.9500,171.6500,2492600,170.9381
2025-12-04,171.9000,178.0500,170.4710,176.0700,3408700,175.3398
2025-12-05,176.5200,176.6300,166.4700,167.1700,4524300,166.4767
2025-12-08,167.8200,167.8200,164.0600,166.1200,4230200,165.4310
2025-12-09,165.3700,169.9100,164.7300,164.8100,3939500,164.1265
2025-12-10,165.3400,166.0200,158.6500,165.1700,5778100,164.4850
2025-12-11,162.0500,174.8900,161.0100,174.6000,6197100,173.8759
2025-12-12,175.2000,180.0000,167.5000,170.1000,5870200,169.3946
2025-12-15,172.9600,173.0000,166.9800,168.2500,4287400,167.5522
2025-12-16,166.6500,173.9300,166.5500,173.4500,4190100,172.7306
2025-12-17,174.0100,175.1400,158.7000,159.9700,6902900,159.3065
2025-12-18,165.6600,171.9200,162.6700,166.1700,7652500,165.4809
2025-12-19,166.7000,171.4100,162.7000,163.0300,7141800,162.3539
2025-12-22,164.0000,164.3100,160.8500,161.5700,4379200,161.1243
2025-12-23,161.5700,163.7000,160.1300,161.6700,3772000,161.2240
2025-12-24,160.9900,162.5850,159.7700,161.9600,1342200,161.5132
2025-12-26,161.6700,163.0000,160.3500,161.6700,2317500,161.2240
2025-12-29,161.0000,164.2000,159.9240,161.8400,2856100,161.3935
2025-12-30,162.0000,163.0600,161.0600,162.6200,2220600,162.1714
2025-12-31,162.8900,164.5000,161.2200,161.3300,1845100,160.8849
