Date,Open,High,Low,Close,Volume,Adj Close
2016-01-04,21.5150,21.6000,21.3350,21.5950,29693400,15.4932
2016-01-05,21.5850,21.8050,21.2800,21.7500,21896000,15.6044
2016-01-06,21.6200,21.8000,21.5350,21.7100,25437600,15.5757
2016-01-07,21.4750,21.6750,21.4350,21.5650,24547400,15.4717
2016-01-08,21.5800,21.7300,21.5150,21.5550,23361600,15.4645
2016-01-11,21.5700,21.7700,21.5600,21.6700,32779200,15.5470
2016-01-12,21.6850,21.7500,21.4150,21.5850,28720200,15.4860
2016-01-13,21.6650,21.7600,21.5100,21.5750,34957800,15.4789
2016-01-14,21.5700,22.0250,21.5000,21.9000,46166000,15.7120
2016-01-15,21.6800,21.8400,21.4450,21.7050,37878200,15.5721
2016-01-19,21.8200,22.0900,21.7350,22.0300,35769200,15.8053
2016-01-20,21.9400,21.9750,21.2250,21.5350,39800200,15.4502
2016-01-21,21.6000,21.6800,21.3250,21.5150,28175800,15.4358
2016-01-22,21.6450,21.9150,21.5400,21.9000,30121000,15.7120
2016-01-25,21.8900,21.9450,21.6350,21.7150,27042800,15.5793
2016-01-26,21.7650,22.0800,21.7650,21.8650,22919200,15.6869
2016-01-27,21.8250,22.0750,21.7300,21.9150,27463800,15.7228
2016-01-28,21.8850,22.4100,21.7650,22.2650,31127800,15.9739
2016-01-29,22.4100,22.7300,22.4100,22.7100,35880800,16.2932
2016-02-01,22.6050,23.0300,22.5900,22.9250,59221800,16.4474
2016-02-02,22.8400,23.0500,22.7300,23.0250,31940200,16.5191
2016-02-03,23.1050,23.4150,23.1000,23.3100,65904800,16.7236
2016-02-04,23.2900,23.4150,23.1500,23.2100,55205200,16.6519
2016-02-05,23.0750,23.3750,22.8700,23.2850,54772600,16.7057
2016-02-08,23.2350,23.5000,22.9900,23.2050,58024800,16.6483
2016-02-09,23.1250,23.3750,23.0700,23.2850,45241800,16.7057
2016-02-10,23.2300,23.3850,22.8600,23.2600,51841200,16.6877
2016-02-11,23.1150,23.3050,22.8400,22.8500,50780000,16.3936
2016-02-12,22.8350,22.9650,22.5950,22.7800,42037400,16.3434
2016-02-16,22.8950,22.9750,22.6850,22.9250,29277200,16.4474
2016-02-17,23.0000,23.0000,22.7300,22.8800,38160600,16.4151
2016-02-18,22.8350,23.3350,22.8150,23.2550,37768600,16.6842
2016-02-19,23.1550,23.2200,22.9500,23.1000,34040200,16.5730
2016-02-22,23.2250,23.3700,23.0950,23.3700,24873200,16.7667
2016-02-23,23.2950,23.4450,23.1900,23.3900,23577600,16.7810
2016-02-24,23.3900,23.5450,23.2900,23.5000,33501800,16.8599
2016-02-25,23.5750,23.7400,23.5050,23.7400,24323800,17.0321
2016-02-26,23.6050,23.6600,23.0800,23.0850,65907200,16.5622
2016-02-29,23.0500,23.3700,23.0300,23.1500,40275600,16.6088
2016-03-01,23.2700,23.3250,22.8900,23.0350,47283400,16.5263
2016-03-02,22.9750,23.1650,22.5400,23.1550,60448400,16.6124
2016-03-03,23.1900,23.2950,22.8800,23.2950,42548200,16.7129
2016-03-04,23.1450,23.6300,23.0900,23.5550,44256800,16.8994
2016-03-07,23.5150,23.7350,23.4400,23.6850,36985600,16.9927
2016-03-08,23.7300,23.9400,23.6050,23.9200,32749600,17.1613
2016-03-09,23.8700,24.1050,23.8500,24.0300,28513200,17.2402
2016-03-10,24.0200,24.1300,23.8200,24.0500,38942800,17.2545
2016-03-11,24.1650,24.2250,24.0250,24.0750,31390800,17.2725
2016-03-14,24.0700,24.1500,23.9700,24.1050,23449600,17.2940
2016-03-15,24.0800,24.2300,24.0500,24.1500,27474000,17.3263
2016-03-16,24.0600,24.5200,23.9000,24.5200,55736400,17.5917
2016-03-17,24.4250,24.7100,24.3350,24.6550,35069800,17.6886
2016-03-18,24.4700,24.5450,24.3050,24.3150,33981400,17.5758
2016-03-21,24.2400,24.4100,24.0550,24.2900,31486400,17.5578
2016-03-22,24.2600,24.3900,24.1800,24.2100,22914800,17.4999
2016-03-23,24.2100,24.4850,24.1000,24.3900,30479200,17.6300
2016-03-24,24.3800,24.4900,24.3100,24.4550,30147000,17.6770
2016-03-28,24.4950,24.6250,24.3150,24.3650,22489200,17.6120
2016-03-29,24.4400,24.7450,24.3450,24.7250,35107200,17.8722
2016-03-30,24.7250,24.7800,24.5750,24.6650,29033800,17.8288
2016-03-31,24.7000,24.8350,24.6100,24.8100,29406800,17.9336
2016-04-01,24.7100,24.9400,24.6300,24.9050,35745200,18.0023
2016-04-04,24.9100,24.9400,24.6750,24.8000,30572200,17.9264
2016-04-05,24.7450,24.7850,24.3150,24.3350,37316800,17.5903
2016-04-06,24.3000,24.3400,24.1550,24.3050,40589000,17.5686
2016-04-07,24.2700,24.4550,24.2300,24.2950,30560400,17.5614
2016-04-08,24.3700,24.5850,24.3450,24.4250,32873800,17.6553
2016-04-11,24.4250,24.5800,24.3000,24.3200,22250000,17.5794
2016-04-12,24.3250,24.5200,24.2850,24.4900,26854400,17.7023
2016-04-13,24.5600,24.5600,24.2100,24.3400,26641000,17.5939
2016-04-14,24.2800,24.3950,24.2300,24.3100,24181600,17.5722
2016-04-15,24.3600,24.5000,24.2750,24.4450,21925800,17.6698
2016-04-18,24.4300,24.5400,24.2650,24.5400,18248000,17.7385
2016-04-19,24.5650,24.6150,24.4200,24.5800,20990800,17.7674
2016-04-20,24.6000,24.6300,23.9500,23.9650,52137400,17.3228
2016-04-21,23.8750,23.9400,23.3650,23.4650,64131400,16.9614
2016-04-22,23.5300,23.7050,23.5150,23.6750,24618000,17.1132
2016-04-25,23.5750,23.7250,23.5600,23.7200,25485800,17.1457
2016-04-26,23.7350,23.8550,23.6900,23.7550,26043000,17.1710
2016-04-27,23.8250,24.2400,23.7500,24.1000,49118400,17.4204
2016-04-28,23.8900,24.1250,23.7500,24.0650,40316000,17.3951
2016-04-29,23.9650,24.2350,23.7850,24.2100,40354400,17.4999
2016-05-02,24.2250,24.5250,24.1950,24.4050,32733200,17.6409
2016-05-03,24.3850,24.5150,24.2500,24.3850,31493400,17.6264
2016-05-04,24.3950,24.8250,24.3200,24.6700,35207800,17.8324
2016-05-05,24.6000,24.8750,24.4850,24.5750,31653000,17.7638
2016-05-06,24.4550,24.5400,24.1950,24.4150,40107200,17.6481
2016-05-09,24.4300,24.5900,24.3800,24.5550,22463600,17.7493
2016-05-10,24.5800,24.6700,24.4900,24.5800,26515800,17.7674
2016-05-11,24.5850,24.6900,24.4500,24.6700,24347800,17.8324
2016-05-12,24.6300,24.8550,24.5400,24.8150,35455400,17.9372
2016-05-13,24.7500,24.8050,24.5750,24.6950,25253200,17.8505
2016-05-16,24.6100,24.7300,24.5200,24.7250,22174200,17.8722
2016-05-17,24.6450,24.7050,24.1750,24.3050,35066000,17.5686
2016-05-18,24.1650,24.3550,23.7700,23.8500,54513000,17.2397
2016-05-19,23.7600,24.0950,23.6250,24.0900,39165600,17.4132
2016-05-20,24.1450,24.1750,23.9600,24.1450,30371400,17.4529
2016-05-23,24.1400,24.2000,23.9000,23.9300,25380400,17.2975
2016-05-24,23.9700,24.2000,23.9350,24.1700,26766600,17.4710
2016-05-25,24.0400,24.1750,23.9300,24.1000,28699800,17.4204
2016-05-26,24.0700,24.4050,24.0700,24.3750,26309000,17.6192
2016-05-27,24.3700,24.4600,24.2900,24.4150,30211000,17.6481
2016-05-31,24.3750,24.5950,24.3700,24.5750,31172400,17.7638
2016-06-01,24.5700,24.6700,24.5200,24.6400,22566200,17.8108
2016-06-02,24.6200,24.6500,24.4050,24.6500,15407400,17.8180
2016-06-03,24.9750,25.1750,24.8550,25.0400,37437800,18.0999
2016-06-06,25.0500,25.1350,24.9000,25.0050,21685600,18.0746
2016-06-07,25.0250,25.1550,24.9350,24.9850,15808000,18.0601
2016-06-08,24.9800,25.1550,24.9450,25.1350,13530200,18.1685
2016-06-09,25.1500,25.3950,25.1150,25.3500,19405000,18.3240
2016-06-10,25.3250,25.4550,25.1850,25.2850,25822600,18.2770
2016-06-13,25.3250,25.4200,25.2350,25.2550,26143400,18.2553
2016-06-14,25.2650,25.4050,25.1300,25.3900,23212800,18.3529
2016-06-15,25.3800,25.4300,25.1400,25.2300,21782600,18.2372
2016-06-16,25.2000,25.4450,25.1800,25.3900,20054200,18.3529
2016-06-17,25.1600,25.2800,25.0200,25.2750,38422600,18.4192
2016-06-20,25.2350,25.3100,24.9900,25.1800,31875800,18.3500
2016-06-21,25.1950,25.3350,25.0350,25.2150,17338200,18.3755
2016-06-22,25.2150,25.2550,25.0700,25.0950,15960600,18.2880
2016-06-23,25.0500,25.1750,24.9950,25.1650,16850400,18.3390
2016-06-24,25.1100,25.4300,24.8950,25.2050,48382000,18.3682
2016-06-27,25.1750,25.5850,25.1400,25.5150,33574600,18.5941
2016-06-28,25.5250,25.6250,25.3150,25.6100,26414600,18.6633
2016-06-29,25.7300,25.8000,25.5900,25.6800,28026800,18.7143
2016-06-30,25.7950,26.2650,25.6800,26.2350,34744800,19.1188
2016-07-01,26.3800,26.3800,25.9700,26.2400,34961600,19.1224
2016-07-05,26.3200,26.4750,26.2400,26.4350,25106800,19.2645
2016-07-06,26.4050,26.5100,26.2500,26.4900,30205400,19.3046
2016-07-07,26.4000,26.4150,25.9500,26.0000,45437200,18.9475
2016-07-08,25.7750,26.2850,25.7200,26.2700,32184800,19.1443
2016-07-11,26.1900,26.2700,25.9450,26.2500,29012000,19.1297
2016-07-12,26.0750,26.1800,25.8750,25.8900,36004600,18.8674
2016-07-13,26.0000,26.0950,25.9400,26.0950,29209400,19.0168
2016-07-14,25.8350,26.0450,25.8050,25.9250,34722600,18.8929
2016-07-15,25.8950,26.0650,25.8750,26.0000,25903400,18.9475
2016-07-18,26.0300,26.1550,26.0250,26.0750,22336200,19.0022
2016-07-19,26.0500,26.1050,25.9100,26.0300,21364000,18.9694
2016-07-20,25.9950,26.0550,25.8400,25.8800,23199200,18.8601
2016-07-21,25.7650,26.0550,25.7350,26.0350,26518400,18.9730
2016-07-22,25.9700,26.4050,25.9450,26.3800,26441400,19.2245
2016-07-25,26.3450,26.3700,26.1750,26.3350,14310600,19.1917
2016-07-26,26.3450,26.3650,26.0300,26.1050,25018200,19.0241
2016-07-27,26.0450,26.0750,25.5800,25.8050,45119600,18.8054
2016-07-28,25.7900,25.9500,25.7300,25.9050,18231600,18.8783
2016-07-29,25.9100,26.1450,25.8650,26.0600,30949400,18.9913
2016-08-01,25.9950,26.1350,25.9800,26.0750,23317000,19.0022
2016-08-02,25.9400,26.0050,25.7850,25.9050,27411000,18.8783
2016-08-03,25.9050,25.9500,25.6700,25.7500,22810600,18.7653
2016-08-04,25.7800,25.9300,25.6650,25.7350,24544000,18.7544
2016-08-05,25.5900,25.6450,25.3500,25.3650,53904200,18.4848
2016-08-08,25.3550,25.5850,25.2900,25.3550,27053400,18.4775
2016-08-09,25.3900,25.4850,25.2850,25.3500,20188400,18.4738
2016-08-10,25.4100,25.4700,25.2900,25.3550,16981600,18.4775
2016-08-11,25.3500,25.4300,25.2750,25.4150,18963000,18.5212
2016-08-12,25.5050,25.6350,25.4450,25.4500,24322800,18.5467
2016-08-15,25.4500,25.5400,25.0600,25.0600,25268800,18.2625
2016-08-16,25.0000,25.0150,24.7650,24.7650,40363200,18.0475
2016-08-17,24.7350,25.1850,24.5450,25.1350,56913200,18.3172
2016-08-18,25.1300,25.4450,25.0850,25.4450,27889000,18.5431
2016-08-19,25.2700,25.3750,25.0000,25.1350,29396000,18.3172
2016-08-22,25.1750,25.3100,25.1250,25.2000,18203600,18.3645
2016-08-23,25.2400,25.3600,25.0750,25.0900,19157400,18.2844
2016-08-24,25.0500,25.1200,24.8850,25.0800,16096600,18.2771
2016-08-25,25.0550,25.1800,25.0500,25.0950,14445600,18.2880
2016-08-26,25.1100,25.2800,24.5550,24.5750,41822000,17.9091
2016-08-29,24.6500,24.8350,24.6250,24.7750,26031400,18.0548
2016-08-30,24.7550,24.8750,24.4850,24.5150,24523000,17.8653
2016-08-31,24.4900,24.6250,24.4350,24.6150,23004200,17.9382
2016-09-01,24.5500,24.6350,24.4600,24.4900,31964000,17.8471
2016-09-02,24.5800,24.8400,24.5300,24.8150,32542000,18.0840
2016-09-06,24.9450,25.1150,24.8750,25.0850,30518200,18.2807
2016-09-07,25.1000,25.1450,24.9450,25.0900,22981400,18.2844
2016-09-08,24.9200,25.2050,24.9200,25.1750,25683200,18.3463
2016-09-09,24.9250,24.9550,24.2200,24.2300,51518200,17.6576
2016-09-12,24.1900,24.7100,24.1900,24.6600,51064600,17.9710
2016-09-13,24.5800,24.6100,24.2100,24.3200,44593800,17.7232
2016-09-14,24.4100,24.6100,24.3050,24.4150,30459600,17.7925
2016-09-15,24.3900,24.6450,24.3300,24.6000,50523600,17.9273
2016-09-16,24.4250,24.6650,24.2450,24.6300,43448400,18.1022
2016-09-19,24.7100,24.8850,24.6500,24.8750,25061600,18.2823
2016-09-20,24.9750,25.0150,24.8150,24.8300,25715800,18.2492
2016-09-21,24.8750,25.3550,24.8250,25.3350,38810200,18.6203
2016-09-22,25.5400,25.5450,25.3050,25.4900,24070600,18.7343
2016-09-23,25.4150,25.5400,25.2950,25.4700,22006800,18.7196
2016-09-26,25.4700,25.5100,25.3200,25.4050,16105600,18.6718
2016-09-27,25.4900,25.6150,25.0500,25.0750,35879200,18.4293
2016-09-28,25.0900,25.1700,24.8250,25.0400,33238400,18.4035
2016-09-29,24.9850,24.9950,24.5400,24.6650,38494600,18.1279
2016-09-30,24.6850,24.8650,24.3700,24.4950,29672600,18.0030
2016-10-03,24.5050,24.5050,24.0050,24.1500,38985400,17.7494
2016-10-04,24.1350,24.1550,23.5000,23.6450,51383600,17.3783
2016-10-05,23.7000,23.8850,23.5050,23.5950,56343800,17.3415
2016-10-06,23.5150,23.7100,23.3950,23.5900,40391400,17.3378
2016-10-07,23.7550,23.9800,23.5500,23.5600,34431600,17.3158
2016-10-10,23.5750,23.7750,23.5750,23.7550,19549600,17.4591
2016-10-11,23.7400,23.7400,23.4450,23.4850,28694000,17.2607
2016-10-12,23.5000,23.7600,23.4600,23.7150,30854600,17.4297
2016-10-13,23.7550,24.1650,23.7050,24.0100,61084200,17.6465
2016-10-14,23.8850,24.1150,23.8400,23.8750,35896600,17.5473
2016-10-17,23.9500,24.0650,23.9200,24.0050,22879800,17.6429
2016-10-18,24.1100,24.2600,23.9000,24.2100,29522200,17.7935
2016-10-19,24.1950,24.2300,24.0450,24.1550,17005000,17.7531
2016-10-20,24.2000,24.3300,24.0950,24.1400,17861600,17.7421
2016-10-21,24.0350,24.1250,23.8950,24.0000,36307200,17.6392
2016-10-24,24.1050,24.1800,23.9450,24.0900,21489400,17.7053
2016-10-25,24.0600,24.2400,24.0300,24.2400,19772600,17.8156
2016-10-26,24.1750,24.3300,24.0550,24.3000,21702000,17.8597
2016-10-27,24.1600,24.2550,23.9850,24.1550,31109800,17.7531
2016-10-28,24.1400,24.3450,24.1000,24.2300,32927800,17.8082
2016-10-31,24.2900,24.8600,24.2250,24.7150,45431600,18.1647
2016-11-01,24.6450,24.6950,24.2000,24.2650,48308800,17.8339
2016-11-02,24.1500,24.2150,23.7600,23.9600,52983400,17.6098
2016-11-03,23.9000,24.1450,23.8150,24.0500,23641000,17.6759
2016-11-04,24.1450,24.3750,23.9600,23.9750,29114400,17.6208
2016-11-07,24.0750,24.4000,23.8450,24.3950,35456200,17.9295
2016-11-08,24.4250,24.6800,24.3850,24.5850,37695800,18.0691
2016-11-09,24.1550,24.1750,23.6400,23.6800,85620400,17.4040
2016-11-10,23.5550,23.5800,22.8050,23.1100,106246800,16.9851
2016-11-11,23.0600,23.3300,22.9250,23.0150,61903000,16.9152
2016-11-14,22.8400,23.0500,22.6650,23.0000,56381600,16.9042
2016-11-15,23.1300,23.4250,23.1200,23.3700,50383600,17.1761
2016-11-16,23.4250,23.4850,23.0600,23.2100,33634800,17.0586
2016-11-17,23.1000,23.3400,23.1000,23.2150,38399600,17.0622
2016-11-18,23.2800,23.3300,23.0450,23.1450,21397000,17.0108
2016-11-21,23.2100,23.3950,23.1750,23.3900,24596600,17.1908
2016-11-22,23.4000,23.5150,23.2800,23.4800,21286000,17.2570
2016-11-23,23.1500,23.4600,23.1500,23.2450,28306800,17.0843
2016-11-25,23.2800,23.6600,23.2800,23.5800,15732400,17.3305
2016-11-28,23.6500,24.0900,23.6450,24.0350,46863400,17.6649
2016-11-29,23.9750,24.2500,23.9350,24.1350,28895400,17.7384
2016-11-30,23.7800,23.8350,23.3750,23.3750,46934800,17.1798
2016-12-01,23.1800,23.2850,23.0200,23.1900,36732200,17.0439
2016-12-02,23.3250,23.5650,23.2450,23.4000,32798800,17.1982
2016-12-05,23.3000,23.4350,23.0850,23.4300,29776600,17.2202
2016-12-06,23.4200,23.5150,23.3300,23.3850,16844000,17.1872
2016-12-07,23.4700,23.6900,23.4450,23.6900,25804800,17.4113
2016-12-08,23.5400,23.7750,23.3700,23.7300,28791000,17.4407
2016-12-09,23.7100,23.9900,23.7100,23.9800,32037800,17.6245
2016-12-12,23.8800,24.2550,23.8750,24.2300,43960200,17.8082
2016-12-13,24.3500,24.5000,24.2600,24.4800,40434000,17.9920
2016-12-14,24.5900,24.7200,23.9450,23.9750,56707800,17.6208
2016-12-15,23.9250,24.1700,23.8000,24.1450,35643200,17.7458
2016-12-16,23.9750,24.2900,23.9200,24.2050,40238000,17.9621
2016-12-19,24.3500,24.3600,24.0850,24.2950,23300400,18.0289
2016-12-20,24.2250,24.3950,24.1950,24.3250,17326200,18.0511
2016-12-21,24.3300,24.4450,24.2200,24.2250,16888400,17.9769
2016-12-22,24.2100,24.3550,24.1650,24.3100,14930400,18.0400
2016-12-23,24.3400,24.4000,24.2250,24.3050,15557000,18.0363
2016-12-27,24.2100,24.3850,24.1850,24.3250,26268800,18.0511
2016-12-28,24.3400,24.3550,24.0600,24.0950,17658600,17.8804
2016-12-29,24.1900,24.4600,24.1300,24.4200,29355600,18.1216
2016-12-30,24.4650,24.4750,24.2100,24.2850,28055400,18.0214
2017-01-03,24.2500,24.3150,24.0700,24.2250,37761400,17.9769
2017-01-04,24.2600,24.4400,24.2150,24.3150,29101000,18.0437
2017-01-05,24.3700,24.3800,24.0800,24.3400,32612800,18.0622
2017-01-06,24.2200,24.4600,24.1750,24.4150,21934400,18.1179
2017-01-09,24.5050,24.5150,24.0900,24.0950,27694400,17.8804
2017-01-10,24.0900,24.1000,23.9250,24.0200,22448400,17.8248
2017-01-11,24.0150,24.2950,24.0100,24.2700,26795400,18.0103
2017-01-12,24.2850,24.3300,24.1450,24.2900,18820800,18.0251
2017-01-13,24.2400,24.3250,24.1000,24.2550,24346600,17.9992
2017-01-17,24.3350,24.6000,24.3150,24.5200,30652000,18.1958
2017-01-18,24.4500,24.6100,24.4500,24.4900,26461800,18.1736
2017-01-19,24.3500,24.4900,24.2150,24.2750,27601000,18.0140
2017-01-20,24.3100,24.3900,24.1650,24.3200,23748400,18.0474
2017-01-23,24.3550,24.4100,24.1700,24.1950,21251000,17.9546
2017-01-24,24.1900,24.2950,24.1450,24.1900,22098800,17.9509
2017-01-25,24.0800,24.2150,24.0550,24.1900,38460000,17.9509
2017-01-26,24.1800,24.3150,24.0900,24.2000,22976400,17.9584
2017-01-27,24.2450,24.3200,24.1450,24.1950,14457600,17.9546
2017-01-30,24.2050,24.2950,24.0700,24.2150,18639800,17.9695
2017-01-31,24.2350,24.6100,24.2100,24.5900,31833000,18.2478
2017-02-01,24.4600,24.4700,24.0950,24.1650,48759000,17.9324
2017-02-02,24.2400,24.4200,24.0950,24.4200,31322200,18.1216
2017-02-03,24.4900,24.5500,24.3950,24.4500,22673200,18.1439
2017-02-06,24.5450,24.5600,24.3750,24.4000,14084000,18.1068
2017-02-07,24.4400,24.5000,24.3750,24.4600,12218200,18.1513
2017-02-08,24.5200,24.7450,24.4750,24.7000,31764000,18.3294
2017-02-09,24.6750,24.7350,24.4300,24.4900,28992000,18.1736
2017-02-10,24.4250,24.6800,24.4200,24.6450,18959200,18.2886
2017-02-13,24.6650,24.7900,24.5800,24.7650,26085600,18.3776
2017-02-14,24.7300,24.7400,24.4550,24.5850,37568600,18.2440
2017-02-15,24.4100,24.5350,24.3250,24.5250,37850800,18.1995
2017-02-16,24.5300,24.7800,24.5300,24.7700,28002200,18.3813
2017-02-17,24.8350,24.8600,24.6450,24.7850,19947000,18.3925
2017-02-21,24.7500,25.1000,24.6650,25.0450,22717000,18.5854
2017-02-22,25.0450,25.2000,24.9450,25.1500,32037200,18.6633
2017-02-23,25.2600,25.5000,25.2050,25.4100,30007200,18.8563
2017-02-24,25.4950,25.7950,25.4950,25.7950,37259400,19.1420
2017-02-27,25.7450,25.7650,25.6150,25.6500,27965800,19.0344
2017-02-28,25.6450,25.9500,25.6000,25.8850,28820800,19.2088
2017-03-01,25.5150,25.8450,25.4900,25.6550,58243200,19.0381
2017-03-02,25.5650,26.0000,25.5300,25.8400,34745600,19.1754
2017-03-03,25.8400,25.8550,25.5450,25.7600,35150000,19.1160
2017-03-06,25.7150,25.7650,25.6200,25.7100,15233600,19.0789
2017-03-07,25.6800,25.7900,25.6600,25.6950,35903400,19.0678
2017-03-08,25.4750,25.5000,25.2750,25.3250,36787800,18.7932
2017-03-09,25.3850,25.4750,25.2500,25.2700,25685600,18.7524
2017-03-10,25.4050,25.5300,25.3200,25.4800,22983600,18.9082
2017-03-13,25.4600,25.5700,25.4300,25.5550,28116000,18.9639
2017-03-14,25.5250,25.6000,25.4450,25.5300,23341000,18.9453
2017-03-15,25.6200,26.0700,25.5700,25.9400,45238400,19.2496
2017-03-16,25.8900,25.8900,25.6050,25.6550,37456800,19.0381
2017-03-17,25.5500,25.7600,25.5200,25.6150,30257000,19.1529
2017-03-20,25.6750,25.7250,25.3750,25.4450,14296000,19.0257
2017-03-21,25.4600,25.9000,25.4450,25.8050,50834200,19.2949
2017-03-22,25.9100,26.1150,25.8250,25.9300,50505600,19.3884
2017-03-23,25.9250,26.0850,25.7800,25.8500,45130600,19.3286
2017-03-24,25.8650,26.0400,25.8000,25.9450,24814200,19.3996
2017-03-27,26.0500,26.1050,25.7450,25.8450,23642800,19.3248
2017-03-28,25.8400,25.8700,25.7100,25.8250,16955600,19.3099
2017-03-29,25.8150,25.8400,25.6450,25.7550,13911000,19.2575
2017-03-30,25.7150,25.7150,25.4850,25.5550,39422400,19.1080
2017-03-31,25.5850,25.7800,25.5650,25.6550,19982000,19.1828
2017-04-03,25.6550,25.6550,25.4150,25.6500,30951600,19.1790
2017-04-04,25.6250,25.8250,25.5750,25.7300,20268600,19.2388
2017-04-05,25.7000,25.9000,25.6450,25.8750,25299000,19.3473
2017-04-06,25.8450,25.8550,25.7100,25.8100,18777600,19.2987
2017-04-07,25.9100,25.9450,25.6800,25.7000,39836000,19.2164
2017-04-10,25.7150,25.7750,25.5700,25.7450,16969600,19.2501
2017-04-11,25.7600,25.7850,25.5650,25.7350,19688400,19.2426
2017-04-12,25.7000,25.9400,25.6200,25.9250,21042000,19.3846
2017-04-13,25.9550,25.9600,25.7250,25.8400,21712200,19.3211
2017-04-17,25.9000,25.9650,25.8300,25.9550,14545200,19.4071
2017-04-18,25.9950,26.0700,25.9150,26.0150,29414800,19.4519
2017-04-19,25.9850,25.9950,25.7450,25.8350,25034000,19.3174
2017-04-20,25.8050,25.8050,25.5500,25.7350,26964600,19.2426
2017-04-21,25.7000,25.9750,25.7000,25.8650,26517400,19.3398
2017-04-24,25.8900,26.0300,25.7150,26.0000,36213400,19.4407
2017-04-25,25.9250,26.0050,25.8200,25.9650,21783200,19.4146
2017-04-26,25.9600,26.0800,25.8600,25.8850,19194800,19.3547
2017-04-27,25.8750,26.1000,25.8550,25.9750,18933000,19.4220
2017-04-28,25.9400,25.9750,25.7700,25.8500,18811400,19.3286
2017-05-01,25.9100,25.9100,25.6300,25.6950,21385000,19.2127
2017-05-02,25.7250,25.8200,25.6200,25.7250,18877200,19.2351
2017-05-03,25.7600,25.7900,25.6200,25.6350,21014400,19.1678
2017-05-04,25.5600,25.7550,25.5550,25.7250,28078200,19.2351
2017-05-05,25.8000,25.9600,25.7750,25.8650,21570600,19.3398
2017-05-08,25.8850,25.9150,25.7250,25.8550,17579400,19.3323
2017-05-09,25.8350,25.8550,25.6200,25.6650,15517800,19.1902
2017-05-10,25.6850,25.7600,25.5650,25.7050,16879600,19.2202
2017-05-11,25.6400,25.7400,25.5350,25.7400,15398400,19.2463
2017-05-12,25.8000,25.9200,25.7650,25.8650,15046200,19.3398
2017-05-15,25.8700,26.0200,25.8400,25.9750,12702200,19.4220
2017-05-16,25.9350,26.0100,25.7550,25.7850,15306200,19.2800
2017-05-17,25.8500,25.9700,25.7350,25.8500,30065600,19.3286
2017-05-18,25.9050,26.0750,25.7200,25.9400,33752000,19.3959
2017-05-19,25.9350,26.0400,25.7900,26.0400,19802600,19.4706
2017-05-22,26.0000,26.3050,25.9850,26.2650,15558600,19.6389
2017-05-23,26.3100,26.4900,26.2650,26.3350,30580400,19.6912
2017-05-24,26.3600,26.5300,26.3350,26.4850,15204600,19.8034
2017-05-25,26.5400,26.7450,26.4750,26.7000,33554600,19.9641
2017-05-26,26.7150,26.7600,26.6500,26.7000,15299200,19.9641
2017-05-30,26.7200,26.8500,26.6450,26.7850,12584600,20.0277
2017-05-31,26.8150,27.0150,26.7850,26.9200,25241400,20.1286
2017-06-01,26.8500,27.1150,26.8200,27.1100,22237200,20.2707
2017-06-02,27.3150,27.3150,27.0600,27.1400,19913200,20.2931
2017-06-05,27.1400,27.1650,27.0150,27.0550,14700000,20.2296
2017-06-06,27.1150,27.1150,26.9600,26.9950,15002400,20.1847
2017-06-07,26.9950,27.1500,26.9500,27.0850,15762600,20.2520
2017-06-08,27.0300,27.0500,26.6950,26.8600,26585200,20.0838
2017-06-09,26.7750,26.8550,26.6450,26.8350,27876400,20.0651
2017-06-12,26.8700,26.9800,26.6350,26.7850,25642200,20.0277
2017-06-13,26.7550,26.8700,26.6900,26.8500,17829800,20.0763
2017-06-14,27.0200,27.1400,26.9100,26.9950,31664200,20.1847
2017-06-15,26.9200,27.1800,26.9200,27.1500,31099000,20.3006
2017-06-16,27.0100,27.1100,26.9600,27.0550,35391600,20.3937
2017-06-19,27.0800,27.0950,26.8700,26.9650,35644600,20.3259
2017-06-20,26.9950,27.0150,26.9300,26.9800,15177000,20.3372
2017-06-21,26.9750,27.0150,26.6800,26.8200,20153200,20.2166
2017-06-22,26.7800,26.8800,26.6750,26.6950,15862400,20.1223
2017-06-23,26.7000,26.8000,26.5500,26.6050,17286200,20.0545
2017-06-26,26.6650,26.9350,26.5700,26.7850,20710000,20.1902
2017-06-27,26.6650,26.7400,26.4100,26.4850,20957600,19.9640
2017-06-28,26.5650,26.6250,26.2050,26.2300,18577600,19.7718
2017-06-29,26.0750,26.1100,25.9200,26.0200,41191400,19.6135
2017-06-30,26.0500,26.1900,25.9800,25.9800,30225800,19.5834
2017-07-03,26.0200,26.0900,25.8250,25.8600,25409400,19.4929
2017-07-05,25.9450,25.9450,25.6650,25.7350,28005200,19.3987
2017-07-06,25.6300,25.7550,25.6300,25.7250,28073600,19.3912
2017-07-07,25.7200,25.8700,25.6950,25.7450,26526000,19.4062
2017-07-10,25.8200,25.8800,25.7050,25.7250,32627600,19.3912
2017-07-11,25.7650,25.7650,25.5850,25.7100,18111800,19.3799
2017-07-12,25.9350,26.0050,25.8850,25.9300,24286000,19.5457
2017-07-13,25.9150,25.9850,25.8200,25.8400,13842000,19.4778
2017-07-14,26.0100,26.0800,25.9300,25.9600,25215000,19.5683
2017-07-17,25.9750,26.0800,25.9200,26.0800,15338000,19.6588
2017-07-18,26.1400,26.1850,26.0700,26.1550,15780800,19.7153
2017-07-19,26.2000,26.2750,26.1250,26.2650,21338800,19.7982
2017-07-20,26.3350,26.4600,26.2700,26.4550,16925000,19.9414
2017-07-21,26.4600,26.6450,26.3700,26.6450,18504000,20.0846
2017-07-24,26.6600,26.6600,26.3550,26.3950,21069600,19.8962
2017-07-25,26.3400,26.4150,26.2150,26.2450,21136200,19.7831
2017-07-26,26.2400,26.4950,26.2000,26.4950,17262400,19.9716
2017-07-27,26.4200,26.5600,26.3900,26.5600,19173800,20.0206
2017-07-28,26.5200,26.5950,26.3950,26.5200,19278000,19.9904
2017-07-31,26.4900,26.6700,26.4500,26.6100,23722600,20.0583
2017-08-01,26.6500,26.8100,26.6250,26.7600,21646200,20.1713
2017-08-02,26.7050,26.8800,26.5450,26.8750,16031800,20.2580
2017-08-03,26.9100,27.0100,26.7900,27.0100,20929400,20.3598
2017-08-04,26.8700,26.9500,26.7450,26.8900,34930800,20.2693
2017-08-07,26.9200,26.9850,26.8500,26.9750,10322800,20.3334
2017-08-08,26.9500,27.0850,26.9150,27.0850,15137400,20.4163
2017-08-09,27.1300,27.2000,26.9250,26.9450,17704400,20.3108
2017-08-10,26.9050,27.0800,26.8450,27.0300,19229600,20.3749
2017-08-11,26.9700,27.0250,26.7750,26.8700,18672600,20.2542
2017-08-14,26.8750,27.0400,26.8700,27.0250,23655600,20.3711
2017-08-15,26.8400,27.1950,26.8250,27.1750,19164600,20.4841
2017-08-16,27.1300,27.3000,27.1300,27.2850,14263600,20.5671
2017-08-17,27.2250,27.3150,27.0700,27.0900,17912600,20.4201
2017-08-18,27.0000,27.3800,27.0000,27.2500,29697600,20.5407
2017-08-21,27.3300,27.3950,27.2250,27.3500,11312000,20.6161
2017-08-22,27.3650,27.4150,27.2700,27.4100,16300600,20.6613
2017-08-23,27.4000,27.5100,27.3100,27.5000,14092600,20.7291
2017-08-24,27.4850,27.5450,27.4300,27.4800,14034800,20.7141
2017-08-25,27.5450,27.6700,27.4800,27.5700,15723600,20.7819
2017-08-28,27.6650,27.6650,27.4900,27.6200,15745400,20.8196
2017-08-29,27.6650,27.7100,27.5550,27.5600,15860600,20.7744
2017-08-30,27.5450,27.5700,27.4400,27.4800,11502200,20.7141
2017-08-31,27.5050,27.5600,27.4650,27.4850,20939000,20.7178
2017-09-01,27.5250,27.5700,27.3200,27.4000,22537400,20.6538
2017-09-05,27.4500,27.4900,27.3150,27.4700,18080800,20.7065
2017-09-06,27.5000,27.5450,27.2950,27.3450,22857400,20.6123
2017-09-07,27.3700,27.5800,27.3450,27.5500,24703400,20.7668
2017-09-08,27.5100,27.7000,27.4600,27.6800,18039800,20.8648
2017-09-11,27.6300,27.9500,27.6250,27.9150,20183200,21.0420
2017-09-12,27.8950,27.8950,27.3000,27.4500,37790600,20.6914
2017-09-13,27.4250,27.4450,27.2950,27.3150,21458200,20.5897
2017-09-14,27.3000,27.5600,27.2200,27.5450,20390800,20.7631
2017-09-15,27.4150,27.4550,27.2500,27.3750,17030200,20.7923
2017-09-18,27.3550,27.3750,26.9150,27.0950,31607000,20.5796
2017-09-19,27.1400,27.1600,27.0000,27.0400,31560000,20.5378
2017-09-20,27.0850,27.1450,26.7350,26.8400,39494000,20.3859
2017-09-21,26.8650,27.0100,26.8000,26.8350,21424600,20.3821
2017-09-22,26.9100,26.9450,26.6150,26.6150,22483800,20.2150
2017-09-25,26.6550,26.8900,26.6100,26.8600,23446600,20.4011
2017-09-26,26.8500,26.9050,26.7600,26.8100,20022200,20.3632
2017-09-27,26.6250,26.7300,26.3200,26.4500,24701600,20.0897
2017-09-28,26.3550,26.6150,26.2850,26.5450,28365000,20.1619
2017-09-29,26.5550,26.6350,26.4300,26.5250,24254200,20.1467
2017-10-02,26.5100,26.6950,26.4800,26.5700,33228600,20.1809
2017-10-03,26.5850,26.5900,26.3300,26.4950,19115000,20.1239
2017-10-04,26.5100,26.7700,26.4300,26.7600,24281000,20.3252
2017-10-05,26.7500,26.7900,26.6150,26.7350,25278400,20.3062
2017-10-06,26.6100,26.7250,26.5100,26.7150,20836400,20.2910
2017-10-09,26.7650,26.8150,26.7150,26.7500,14681400,20.3176
2017-10-10,26.8150,27.0150,26.7300,27.0100,16653600,20.5151
2017-10-11,26.9800,27.2600,26.9750,27.1250,30938200,20.6024
2017-10-12,27.1550,27.3350,27.1100,27.2650,27336400,20.7087
2017-10-13,27.3400,27.3850,26.9950,27.0750,25425400,20.5644
2017-10-16,27.0650,27.1250,26.7950,27.0150,22492800,20.5189
2017-10-17,27.0000,27.2300,26.9250,27.1750,19199200,20.6404
2017-10-18,27.0600,27.1800,27.0200,27.1250,17382000,20.6024
2017-10-19,27.1750,27.4100,27.1450,27.4100,20571800,20.8189
2017-10-20,27.3000,27.4850,27.2900,27.4300,22462800,20.8341
2017-10-23,27.4250,27.5000,27.3300,27.4450,21222000,20.8455
2017-10-24,27.4000,27.5000,27.3350,27.4700,22671400,20.8645
2017-10-25,27.3550,27.4050,27.0250,27.3500,36662600,20.7733
2017-10-26,27.4800,27.6250,27.3450,27.3550,34659200,20.7771
2017-10-27,27.3250,27.5900,27.2750,27.5250,20732200,20.9062
2017-10-30,27.3250,27.5850,27.3250,27.5300,20114800,20.9100
2017-10-31,27.5100,27.6150,27.4400,27.5600,19064000,20.9328
2017-11-01,27.6050,27.6050,27.3550,27.4050,21758400,20.8151
2017-11-02,27.4050,27.6200,27.3350,27.5050,29453800,20.8910
2017-11-03,27.4700,27.7400,27.4100,27.6050,23264400,20.9670
2017-11-06,27.6400,27.6550,27.4850,27.5000,23993000,20.8872
2017-11-07,27.5450,27.8700,27.4450,27.8300,22649000,21.1379
2017-11-08,27.8150,27.9250,27.6550,27.8500,19169800,21.1531
2017-11-09,27.7700,27.9350,27.7050,27.8850,21525200,21.1797
2017-11-10,27.7350,27.8200,27.6600,27.7550,22073000,21.0809
2017-11-13,27.7850,28.1100,27.7850,28.0850,19645600,21.3316
2017-11-14,28.0050,28.4550,27.9950,28.4350,24747600,21.5974
2017-11-15,28.5450,28.6150,28.1600,28.1900,24130400,21.4113
2017-11-16,28.1200,28.1850,28.0150,28.1000,22882200,21.3430
2017-11-17,28.0400,28.1100,27.8800,27.9050,33300800,21.1948
2017-11-20,27.9200,27.9550,27.7750,27.8200,18583800,21.1303
2017-11-21,27.9000,27.9750,27.8200,27.8950,15512000,21.1873
2017-11-22,27.8750,27.9500,27.7900,27.8950,11157800,21.1873
2017-11-24,27.9100,28.0500,27.8950,27.9400,10004400,21.2214
2017-11-27,27.9750,28.1100,27.9050,28.0600,14393600,21.3126
2017-11-28,28.1300,28.2450,28.0700,28.1900,18371000,21.4113
2017-11-29,28.0950,28.3250,27.9950,28.2050,31138800,21.4227
2017-11-30,28.2400,28.3600,28.1850,28.3000,31783000,21.4949
2017-12-01,28.3950,28.4500,28.0500,28.2050,48151800,21.4227
2017-12-04,28.2200,28.3300,28.0000,28.0450,26111600,21.3012
2017-12-05,28.0900,28.0900,27.5550,27.6900,39752000,21.0315
2017-12-06,27.7350,27.8500,27.6450,27.7950,18889600,21.1113
2017-12-07,27.7450,27.8500,27.6250,27.8450,22950400,21.1493
2017-12-08,27.8100,27.9400,27.7000,27.9350,19950600,21.2176
2017-12-11,27.9100,28.1200,27.8300,28.1050,30870800,21.3468
2017-12-12,28.0000,28.0350,27.6100,27.6250,43101000,20.9822
2017-12-13,27.7000,27.8550,27.6200,27.7000,34770200,21.0391
2017-12-14,27.6750,27.7900,27.4500,27.6650,26287200,21.0126
2017-12-15,27.5000,27.6100,27.4200,27.5100,27275200,21.0896
2017-12-18,27.5350,27.6150,27.1650,27.2050,38807000,20.8558
2017-12-19,27.2050,27.2400,26.6950,26.7100,29775000,20.4763
2017-12-20,26.6900,26.7850,26.4850,26.5000,31512000,20.3153
2017-12-21,26.3150,26.3200,26.0800,26.1850,39869800,20.0738
2017-12-22,26.2150,26.3250,26.2000,26.2250,22943400,20.1045
2017-12-26,26.2550,26.3350,26.0650,26.0700,16487400,19.9857
2017-12-27,26.1650,26.2300,26.1100,26.1800,21232800,20.0700
2017-12-28,26.2300,26.3350,26.1850,26.3250,9821600,20.1812
2017-12-29,26.4050,26.4550,26.2850,26.3400,14060200,20.1927
2018-01-02,26.3350,26.3700,26.0150,26.0950,24540000,20.0048
2018-01-03,26.0000,26.1900,25.8000,25.8900,41615800,19.8477
2018-01-04,25.8100,25.9800,25.6250,25.6750,29943600,19.6829
2018-01-05,25.7650,25.8050,25.5350,25.6650,46832600,19.6752
2018-01-08,25.7100,25.9250,25.6600,25.9050,28601000,19.8592
2018-01-09,25.9000,25.9100,25.6100,25.6500,30877400,19.6637
2018-01-10,25.5000,25.5400,25.3150,25.3700,31124000,19.4490
2018-01-11,25.3450,25.4600,25.1900,25.2750,33091000,19.3762
2018-01-12,25.2000,25.3350,25.0550,25.1300,37270600,19.2651
2018-01-16,25.2300,25.3000,24.9300,25.0750,54585600,19.2229
2018-01-17,25.1150,25.3000,25.0800,25.2300,46903200,19.3417
2018-01-18,25.2300,25.2350,24.9400,25.0700,42659400,19.2191
2018-01-19,25.1700,25.2250,24.9650,24.9950,37263800,19.1616
2018-01-22,25.1150,25.2750,24.9900,25.0300,41073000,19.1884
2018-01-23,25.1250,25.4500,25.0500,25.2700,53347800,19.3724
2018-01-24,25.2300,25.2500,25.0750,25.1150,39062800,19.2536
2018-01-25,25.1250,25.5250,25.1100,25.5050,52570000,19.5525
2018-01-26,25.5750,25.6500,25.2650,25.5200,47900000,19.5640
2018-01-29,25.4000,25.4450,25.1650,25.1950,36121800,19.3149
2018-01-30,25.1750,25.3450,25.1650,25.2400,26178200,19.3494
2018-01-31,25.2700,25.5450,25.1300,25.5200,54822800,19.5640
2018-02-01,25.4900,25.5900,25.0450,25.1200,57039200,19.2574
2018-02-02,24.9950,25.1800,24.9100,24.9400,43612800,19.1194
2018-02-05,24.9000,25.1650,24.4850,24.5300,66944600,18.8051
2018-02-06,24.2400,24.3700,23.6850,24.1650,83343200,18.5253
2018-02-07,24.1500,24.4350,24.0400,24.0500,55760400,18.4371
2018-02-08,23.9800,24.3050,23.7550,23.7800,52083800,18.2301
2018-02-09,23.8450,24.4650,23.7750,24.2800,72845000,18.6134
2018-02-12,24.3300,24.6000,24.1100,24.4650,53008800,18.7553
2018-02-13,24.4550,24.6700,24.2000,24.5750,50134400,18.8396
2018-02-14,24.3650,24.5300,24.2300,24.3000,40682200,18.6288
2018-02-15,24.3600,24.8500,24.3250,24.8400,33008200,19.0427
2018-02-16,24.8550,25.1200,24.7600,25.0600,40133000,19.2114
2018-02-20,24.9750,25.0650,24.6150,24.7350,33546600,18.9622
2018-02-21,24.7500,24.9150,24.4050,24.4100,44922800,18.7131
2018-02-22,24.4900,24.7200,24.4000,24.5350,40257800,18.8089
2018-02-23,24.6050,25.2050,24.5750,25.1750,41284800,19.2996
2018-02-26,25.2750,25.3200,25.0500,25.1000,27209800,19.2421
2018-02-27,25.1200,25.2700,24.6900,24.7000,36402400,18.9354
2018-02-28,24.7900,24.8550,24.5300,24.5300,23892200,18.8051
2018-03-01,24.5800,24.9300,24.4200,24.5350,43182600,18.8089
2018-03-02,24.5200,24.7650,24.2650,24.4700,33714200,18.7591
2018-03-05,24.4100,25.0250,24.3600,24.9700,31000800,19.1424
2018-03-06,24.9400,24.9950,24.5800,24.6350,41416000,18.8856
2018-03-07,24.5600,24.6650,24.3550,24.4500,33357600,18.7438
2018-03-08,24.5050,24.6850,24.4650,24.6300,24517600,18.8818
2018-03-09,24.5800,24.7050,24.5100,24.7000,26197000,18.9354
2018-03-12,24.7100,24.8350,24.6800,24.8050,32463600,19.0159
2018-03-13,24.8950,25.0100,24.6700,24.8600,37745000,19.0581
2018-03-14,24.9350,25.2000,24.9200,25.1150,38264600,19.2536
2018-03-15,25.1000,25.3300,24.9500,25.1000,42135600,19.2421
2018-03-16,24.9050,25.1900,24.8900,25.1250,39512600,19.4109
2018-03-19,25.1100,25.1950,24.8250,24.9700,43379200,19.2911
2018-03-20,24.9750,25.0800,24.7950,24.8550,29936400,19.2023
2018-03-21,24.8750,25.1100,24.6850,24.7700,38471800,19.1366
2018-03-22,24.7950,25.2800,24.7250,24.8800,50664800,19.2216
2018-03-23,24.8800,25.1050,24.4800,24.5300,34668600,18.9512
2018-03-26,24.6100,24.8200,24.5600,24.7850,27519200,19.1482
2018-03-27,24.8200,25.4000,24.7400,25.1400,42912000,19.4225
2018-03-28,25.1700,25.2700,24.9650,25.1300,46346200,19.4147
2018-03-29,25.2050,25.3850,25.1600,25.2650,30929000,19.5190
2018-04-02,25.3100,25.4300,24.8900,25.0700,35585200,19.3684
2018-04-03,25.0250,25.2750,24.9600,25.1550,27597600,19.4340
2018-04-04,25.1500,25.2750,24.9450,25.2100,32714600,19.4765
2018-04-05,25.2050,25.4850,24.9250,25.4100,28572600,19.6311
2018-04-06,25.4450,25.5000,25.1550,25.2100,28624000,19.4765
2018-04-09,25.2300,25.4350,25.1450,25.2600,23512200,19.5152
2018-04-10,25.2650,25.2950,25.0100,25.0650,28182400,19.3645
2018-04-11,25.0550,25.1450,24.9450,25.0300,16048200,19.3375
2018-04-12,25.0350,25.1000,24.6500,24.7000,24157600,19.0825
2018-04-13,24.7450,25.0050,24.7450,24.8950,20874600,19.2332
2018-04-16,24.9500,25.2500,24.9350,25.2350,30795200,19.4958
2018-04-17,25.2950,25.5800,25.1900,25.4900,26389000,19.6929
2018-04-18,25.5200,25.7450,25.3900,25.3950,28240000,19.6195
2018-04-19,25.3050,25.4400,25.1750,25.3800,30335400,19.6079
2018-04-20,25.3500,25.4100,25.0700,25.1500,28160000,19.4302
2018-04-23,25.1850,25.3100,25.0700,25.1650,23874000,19.4418
2018-04-24,25.1850,25.4900,25.1450,25.3350,33808800,19.5731
2018-04-25,25.2450,25.4300,25.1500,25.3400,26815000,19.5770
2018-04-26,25.3650,25.6300,25.2500,25.5950,23534200,19.7740
2018-04-27,25.5650,25.9500,25.5150,25.8550,34314600,19.9748
2018-04-30,25.8950,25.9800,25.7550,25.7800,25492000,19.9169
2018-05-01,25.7800,25.8250,25.6550,25.7000,21942600,19.8551
2018-05-02,25.7050,25.7950,25.5750,25.6750,25960600,19.8358
2018-05-03,25.6250,25.7600,25.3500,25.6400,32960200,19.8087
2018-05-04,25.6850,25.8700,25.6850,25.7550,23486800,19.8976
2018-05-07,25.7400,25.7950,25.5850,25.6200,17044000,19.7933
2018-05-08,25.5150,25.5600,24.9350,24.9800,46295800,19.2988
2018-05-09,24.9850,25.0300,24.7100,24.8050,44301000,19.1636
2018-05-10,25.0150,25.1600,24.8800,25.1550,27922800,19.4340
2018-05-11,25.1800,25.2600,25.0900,25.1900,12957800,19.4611
2018-05-14,25.2300,25.2750,24.9850,25.0950,17025600,19.3877
2018-05-15,24.9450,25.0600,24.7650,24.8850,22141400,19.2254
2018-05-16,24.8950,24.9300,24.5950,24.6900,27082600,19.0748
2018-05-17,24.6950,24.7650,24.4400,24.4900,22552000,18.9203
2018-05-18,24.5600,24.6400,24.3050,24.4950,23620800,18.9241
2018-05-21,24.5250,24.6900,24.4150,24.6200,21484000,19.0207
2018-05-22,24.6100,24.8550,24.6100,24.7100,22051400,19.0902
2018-05-23,24.7950,24.9900,24.7350,24.9350,27165800,19.2641
2018-05-24,24.9700,25.1600,24.8850,25.1400,25795200,19.4225
2018-05-25,25.1750,25.3150,25.1250,25.2500,27743200,19.5074
2018-05-29,25.2050,25.4200,25.0700,25.2500,34561400,19.5074
2018-05-30,25.1800,25.5000,25.1150,25.4550,27771800,19.6658
2018-05-31,25.4250,25.6450,25.2700,25.4950,30216400,19.6967
2018-06-01,25.4300,25.4400,24.9850,25.1050,34360000,19.3954
2018-06-04,25.1550,25.2600,24.8850,24.9050,28729000,19.2409
2018-06-05,24.9500,24.9850,24.6800,24.7750,29829200,19.1405
2018-06-06,24.7700,24.8000,24.1850,24.1850,52255800,18.6847
2018-06-07,24.2250,24.5950,24.1750,24.3550,43051600,18.8160
2018-06-08,24.4450,24.4550,24.2700,24.3450,22482400,18.8083
2018-06-11,24.4000,24.4900,24.2250,24.2950,34670400,18.7696
2018-06-12,24.2750,24.6050,24.2600,24.5750,33322600,18.9860
2018-06-13,24.6050,24.7500,24.4350,24.5100,33451400,18.9357
2018-06-14,24.5500,24.8700,24.5200,24.8150,32277200,19.1714
2018-06-15,24.5650,24.7800,24.3700,24.7700,43422400,19.3078
2018-06-18,24.7550,24.9300,24.7050,24.8500,34453400,19.3701
2018-06-19,24.8950,25.1850,24.8500,25.0950,33294800,19.5611
2018-06-20,25.1350,25.1800,25.0050,25.1150,24635400,19.5767
2018-06-21,25.1400,25.3300,25.0600,25.2000,25407400,19.6430
2018-06-22,25.2150,25.4400,25.1650,25.3750,25953400,19.7794
2018-06-25,25.3800,25.8500,25.3800,25.7950,42932400,20.1067
2018-06-26,25.7250,25.9750,25.6700,25.8250,39817400,20.1301
2018-06-27,25.7950,26.0000,25.7250,25.9500,43529400,20.2276
2018-06-28,25.9750,26.1850,25.9000,25.9400,30075600,20.2198
2018-06-29,25.8950,26.0850,25.7500,25.9800,28741400,20.2510
2018-07-02,25.9950,26.1800,25.8750,26.1650,31405600,20.3952
2018-07-03,26.1750,26.3950,26.0550,26.2400,21211200,20.4536
2018-07-05,26.2550,26.4000,26.1450,26.3800,22062000,20.5627
2018-07-06,26.4350,26.6450,26.3900,26.5850,24793400,20.7225
2018-07-09,26.5800,26.5850,25.6750,25.7650,55873600,20.0834
2018-07-10,25.5200,26.1500,25.4450,26.0100,54218200,20.2743
2018-07-11,26.0000,26.2900,25.9800,26.2450,43544600,20.4575
2018-07-12,26.2450,26.3200,26.1250,26.2650,34273400,20.4731
2018-07-13,26.3000,26.3600,26.0950,26.2700,21918600,20.4770
2018-07-16,26.2500,26.3150,26.1150,26.2450,20986400,20.4575
2018-07-17,26.2850,26.3300,26.2000,26.2250,22107000,20.4419
2018-07-18,26.1950,26.2400,25.9800,26.0900,20722600,20.3367
2018-07-19,26.1150,26.4850,26.1150,26.3300,22238800,20.5238
2018-07-20,26.2500,26.3200,25.9700,26.1450,27657000,20.3796
2018-07-23,26.1500,26.2000,25.8700,25.9600,29527400,20.2354
2018-07-24,25.8900,26.1300,25.5900,26.0500,31397600,20.3055
2018-07-25,26.0450,26.2550,25.9650,26.1250,26937400,20.3640
2018-07-26,26.2500,26.4800,26.2050,26.4050,38142000,20.5822
2018-07-27,26.4200,26.5350,26.2150,26.3200,31495800,20.5160
2018-07-30,26.2850,26.2850,26.0750,26.1600,18952800,20.3913
2018-07-31,26.2750,26.4650,26.1800,26.3950,30439600,20.5744
2018-08-01,26.2450,26.3000,26.0000,26.2250,39970800,20.4419
2018-08-02,26.2150,26.4350,26.0600,26.3550,34583800,20.5433
2018-08-03,26.3650,26.7200,26.2750,26.6500,30833200,20.7732
2018-08-06,26.6750,26.8250,26.6200,26.6700,24398200,20.7888
2018-08-07,26.6200,26.6750,26.4200,26.6300,26216400,20.7576
2018-08-08,26.5400,26.5800,26.3950,26.4900,34012000,20.6485
2018-08-09,26.4850,26.6250,26.3950,26.6100,17362200,20.7420
2018-08-10,26.6450,26.8300,26.4850,26.4950,26601000,20.6524
2018-08-13,26.5400,26.5800,26.4050,26.5300,34546800,20.6797
2018-08-14,26.5400,26.6900,26.5100,26.5850,19887600,20.7225
2018-08-15,26.6700,26.9900,26.6150,26.8300,38545400,20.9135
2018-08-16,26.7700,27.1400,26.7150,27.1200,26545800,21.1396
2018-08-17,27.1050,27.3800,27.0550,27.2600,28230200,21.2487
2018-08-20,27.3150,27.3300,27.1000,27.1650,19149200,21.1746
2018-08-21,27.1250,27.1400,26.8900,26.9700,23701600,21.0226
2018-08-22,26.9950,27.0000,26.6700,26.7700,25305200,20.8667
2018-08-23,26.7600,26.9400,26.7000,26.7500,22336200,20.8512
2018-08-24,26.7200,26.8900,26.6150,26.8650,15692600,20.9408
2018-08-27,26.8850,26.9600,26.5650,26.7000,24768200,20.8122
2018-08-28,26.6350,26.7350,26.5650,26.6450,20132200,20.7693
2018-08-29,26.7100,26.8400,26.6700,26.8400,23822400,20.9213
2018-08-30,26.8850,26.9950,26.7550,26.8500,26951400,20.9291
2018-08-31,26.8900,27.0000,26.6350,26.7350,24265000,20.8395
2018-09-04,26.7650,27.0000,26.7400,26.8550,25930200,20.9330
2018-09-05,26.8250,27.2450,26.8250,27.2300,29669600,21.2253
2018-09-06,27.2450,27.4700,27.1650,27.3850,24705600,21.3461
2018-09-07,27.1200,27.2500,26.9900,27.0500,32367000,21.0850
2018-09-10,27.1050,27.2950,27.0850,27.1850,19864800,21.1902
2018-09-11,27.1750,27.2850,27.0600,27.1150,18093400,21.1357
2018-09-12,27.1100,27.2600,27.0300,27.0900,19619800,21.1162
2018-09-13,27.0800,27.3050,26.9550,27.2950,17548400,21.2760
2018-09-14,27.1850,27.2100,26.9200,27.1500,26135000,21.1629
2018-09-17,27.1000,27.2800,27.0700,27.2400,28518200,21.2331
2018-09-18,27.2000,27.2800,27.0600,27.1900,19535000,21.1941
2018-09-19,27.1800,27.1800,26.4750,26.6000,51020000,20.7342
2018-09-20,26.5650,26.6800,26.3450,26.6550,35629000,20.7771
2018-09-21,26.3750,26.6250,26.2550,26.5300,40685200,20.8656
2018-09-24,26.4400,26.5350,26.2700,26.2950,27053600,20.6808
2018-09-25,26.2200,26.2350,25.8900,25.9350,40048000,20.3976
2018-09-26,26.0600,26.0700,25.6700,25.6800,48164400,20.1971
2018-09-27,25.7450,26.0850,25.6850,25.9450,32913600,20.4055
2018-09-28,26.0000,26.3450,25.9650,26.3250,30854800,20.7044
2018-10-01,26.2450,26.2950,26.1350,26.2350,25157400,20.6336
2018-10-02,26.2850,26.6600,26.2850,26.5900,31666400,20.9128
2018-10-03,26.5450,26.6850,26.0450,26.2700,49352600,20.6611
2018-10-04,26.2050,26.4650,26.0100,26.4100,48151800,20.7712
2018-10-05,26.3700,26.9000,26.3500,26.8150,60780000,21.0897
2018-10-08,26.9200,27.2200,26.8000,27.0400,42978600,21.2667
2018-10-09,27.0150,27.2700,26.9750,27.1500,36227600,21.3532
2018-10-10,27.1050,27.4450,26.9900,27.0000,61168000,21.2352
2018-10-11,27.0750,27.1400,26.3700,26.5050,85789600,20.8459
2018-10-12,26.4700,26.5550,26.2550,26.4750,43738200,20.8223
2018-10-15,26.4700,26.7700,26.4400,26.6000,36706000,20.9206
2018-10-16,26.5700,27.0250,26.4900,26.8750,35875000,21.1369
2018-10-17,26.8400,26.9550,26.6800,26.8250,28517000,21.0976
2018-10-18,26.8950,27.0300,26.7250,26.8650,33038000,21.1291
2018-10-19,26.8700,27.4300,26.7850,27.2850,59579200,21.4594
2018-10-22,27.3150,27.3450,27.0450,27.1100,24500000,21.3217
2018-10-23,27.1600,27.3350,26.8500,26.9600,37849200,21.2038
2018-10-24,27.0800,27.7450,26.9650,27.6150,58326800,21.7189
2018-10-25,27.4350,27.4350,27.0500,27.1850,59822400,21.3807
2018-10-26,27.3300,27.4100,26.5000,26.6850,73786000,20.9875
2018-10-29,26.7450,27.1800,26.7450,27.0600,49946400,21.2824
2018-10-30,27.1650,27.3300,26.8450,27.1650,50131000,21.3650
2018-10-31,26.9400,27.1050,26.6850,26.8450,50286000,21.1133
2018-11-01,26.8850,26.9000,26.5500,26.7250,54054800,21.0189
2018-11-02,26.8000,26.8700,26.4000,26.5750,48273200,20.9010
2018-11-05,26.6950,27.0450,26.6300,26.9500,42506600,21.1959
2018-11-06,26.9250,27.1900,26.8900,27.1300,26136200,21.3375
2018-11-07,27.3300,27.4800,27.1150,27.4400,41450800,21.5813
2018-11-08,27.4650,27.5550,27.1650,27.3950,41168200,21.5459
2018-11-09,27.3000,27.5550,27.2450,27.4350,40030200,21.5774
2018-11-12,27.2350,27.7050,27.0350,27.4200,55327800,21.5656
2018-11-13,27.4150,27.5950,27.2050,27.5350,47516000,21.6560
2018-11-14,27.3000,27.4800,27.1550,27.2500,55155600,21.4319
2018-11-15,27.1100,27.1350,26.7850,27.0250,68562400,21.2549
2018-11-16,27.4400,27.5700,27.2350,27.4400,42812800,21.5813
2018-11-19,27.4000,27.5850,27.2850,27.5600,29144000,21.6757
2018-11-20,27.6400,27.8350,27.2800,27.4450,48856800,21.5852
2018-11-21,27.3500,27.3850,26.9650,27.0400,37819400,21.2667
2018-11-23,27.0750,27.1200,26.8750,27.0550,16235800,21.2785
2018-11-26,27.0850,27.2300,26.9400,27.2150,32202000,21.4043
2018-11-27,27.1950,27.4500,27.0850,27.4200,26366800,21.5656
2018-11-28,27.4500,27.5300,27.3050,27.4000,24124400,21.5498
2018-11-29,27.4400,27.4400,27.1100,27.3900,34979200,21.5420
2018-11-30,27.4550,27.8200,27.3850,27.7950,36333600,21.8605
2018-12-03,27.7050,28.0750,27.5450,28.0750,35813000,22.0807
2018-12-04,28.1450,28.4050,28.0250,28.0950,44536000,22.0964
2018-12-06,28.2100,28.2200,27.5500,28.1250,49395800,22.1200
2018-12-07,28.0850,28.3950,27.8950,28.2300,39458800,22.2026
2018-12-10,28.2300,28.3750,27.7400,28.2850,42296200,22.2459
2018-12-11,28.3200,28.4950,28.1700,28.4000,52186800,22.3363
2018-12-12,28.3700,28.5550,28.2050,28.2200,36594800,22.1947
2018-12-13,28.2400,28.5900,28.2350,28.4650,36144000,22.3874
2018-12-14,28.4900,28.5550,28.2450,28.4100,50311200,22.3442
2018-12-17,28.4650,28.4850,27.3850,27.4950,60421600,21.6245
2018-12-18,27.6500,27.8450,27.2300,27.3100,47270800,21.4790
2018-12-19,27.3650,27.5850,27.1050,27.2650,55856800,21.4436
2018-12-20,27.2900,27.6400,26.9400,27.2500,78047600,21.4319
2018-12-21,27.2250,27.7100,26.8250,26.9050,71291600,21.3402
2018-12-24,26.8550,27.0550,25.6750,25.7800,45330600,20.4479
2018-12-26,25.7850,26.1650,25.4050,26.1300,61678200,20.7255
2018-12-27,26.1400,26.3850,25.7000,26.3500,59461200,20.9000
2018-12-28,26.4100,26.6800,26.3150,26.4150,42175200,20.9516
2018-12-31,26.4250,26.5350,26.1850,26.4600,32604400,20.9873
2019-01-02,26.3550,26.3800,25.8500,26.0050,50347800,20.6264
2019-01-03,26.0050,26.2200,25.8800,26.0000,43175000,20.6224
2019-01-04,25.8800,26.4000,25.8450,26.3850,38007000,20.9278
2019-01-07,26.2200,26.3350,26.0600,26.2050,32535400,20.7850
2019-01-08,26.2300,26.5600,26.0850,26.5300,33287000,21.0428
2019-01-09,26.5150,26.6250,26.2950,26.3700,36149400,20.9159
2019-01-10,26.4000,26.7650,26.3650,26.7150,50916200,21.1895
2019-01-11,26.6800,26.7350,26.4500,26.6150,49685000,21.1102
2019-01-14,26.3000,26.6200,25.7700,26.0150,46979600,20.6343
2019-01-15,25.9050,26.4800,25.8800,26.3350,54186200,20.8881
2019-01-16,26.2850,26.4400,26.1350,26.4300,36696400,20.9635
2019-01-17,26.4100,26.6000,26.3700,26.5400,41571800,21.0507
2019-01-18,26.5750,26.6600,26.4500,26.5700,28309400,21.0745
2019-01-22,26.5650,26.7650,26.3600,26.6200,33828800,21.1142
2019-01-23,26.6250,26.9050,26.5800,26.8900,28422200,21.3283
2019-01-24,26.8700,27.0550,26.6700,27.0300,43848200,21.4394
2019-01-25,26.9450,27.0700,26.6200,26.6600,36308200,21.1459
2019-01-28,26.6650,26.7650,26.4150,26.5350,28367600,21.0468
2019-01-29,26.6600,26.7350,26.5200,26.6100,25237000,21.1063
2019-01-30,26.5400,26.9300,26.5000,26.8150,37157800,21.2689
2019-01-31,26.8050,27.4600,26.6850,27.3800,46163200,21.7170
2019-02-01,27.2650,27.3800,27.0400,27.2750,31124800,21.6337
2019-02-04,27.1550,27.3350,26.9650,27.3200,36131400,21.6694
2019-02-05,27.3200,27.4250,27.1650,27.3750,24592200,21.7130
2019-02-06,27.3350,27.4700,27.2250,27.3600,18408400,21.7011
2019-02-07,27.3200,27.7200,27.2350,27.7200,32150800,21.9867
2019-02-08,27.6550,27.8550,27.5950,27.8400,29267400,22.0819
2019-02-11,27.8400,27.9750,27.7350,27.8300,29458200,22.0739
2019-02-12,27.8350,28.0350,27.6750,27.8950,29506600,22.1255
2019-02-13,27.8100,27.8850,27.7000,27.8150,26763600,22.0620
2019-02-14,27.8350,27.9150,27.6700,27.7700,38188000,22.0263
2019-02-15,27.8600,27.9600,27.7550,27.8550,18689000,22.0938
2019-02-19,27.8750,28.0500,27.7900,28.0200,28978600,22.2246
2019-02-20,28.0100,28.1950,27.8600,28.1450,28716800,22.3238
2019-02-21,28.0600,28.3950,27.9650,28.3500,38200000,22.4864
2019-02-22,28.4000,28.5300,28.2700,28.5250,30495000,22.6252
2019-02-25,28.5500,28.5700,28.2250,28.3400,26160200,22.4784
2019-02-26,28.4000,28.4400,28.1600,28.3050,27405400,22.4507
2019-02-27,28.2400,28.4300,28.2100,28.3400,23912600,22.4784
2019-02-28,28.3550,28.5750,28.2050,28.5050,25616200,22.6093
2019-03-01,28.5150,28.5850,28.3250,28.5650,26836000,22.6569
2019-03-04,28.6000,28.6750,28.3350,28.6150,24675200,22.6966
2019-03-05,28.6150,28.6850,28.5300,28.5800,24091000,22.6688
2019-03-06,28.6100,28.6850,28.4800,28.5800,22608600,22.6688
2019-03-07,28.6300,28.8550,28.5950,28.6750,30257000,22.7442
2019-03-08,28.7100,28.8000,28.5050,28.7750,36031800,22.8235
2019-03-11,28.7850,28.9900,28.7650,28.9800,28917600,22.9861
2019-03-12,29.0300,29.2100,28.9750,29.1800,34204200,23.1447
2019-03-13,29.1250,29.2800,29.1050,29.2100,31775200,23.1685
2019-03-14,29.1950,29.3700,29.0950,29.2050,30310800,23.1645
2019-03-15,29.0350,29.1900,28.8700,29.0950,35429800,23.2484
2019-03-18,29.1100,29.1500,28.8600,28.9850,30017600,23.1605
2019-03-19,28.9400,28.9850,28.5500,28.6550,45271600,22.8969
2019-03-20,28.7100,28.9600,28.5850,28.7300,37761000,22.9568
2019-03-21,28.7500,29.0950,28.7050,29.0350,30743600,23.2005
2019-03-22,29.1450,29.4500,29.0350,29.2450,40905000,23.3683
2019-03-25,29.2700,29.3600,29.1500,29.2700,27526000,23.3883
2019-03-26,29.2850,29.5000,29.2450,29.4800,31399400,23.5561
2019-03-27,29.5100,29.5350,29.1400,29.2750,34647000,23.3923
2019-03-28,29.2700,29.3700,28.8300,28.9300,49497600,23.1166
2019-03-29,28.8900,29.1200,28.8200,29.0850,43670200,23.2404
2019-04-01,29.0850,29.0850,28.7150,28.8850,53363800,23.0806
2019-04-02,28.9450,28.9800,28.7450,28.9250,49956200,23.1126
2019-04-03,28.8650,29.0000,28.6650,28.8800,30901000,23.0766
2019-04-04,28.9300,28.9550,28.6100,28.7800,32529200,22.9967
2019-04-05,28.7800,29.0650,28.6900,29.0500,30838600,23.2125
2019-04-08,28.9850,29.0250,28.7700,28.8450,29363400,23.0487
2019-04-09,28.8700,28.9450,28.7850,28.9150,25987800,23.1046
2019-04-10,28.9750,29.1700,28.7600,28.8250,33782400,23.0327
2019-04-11,28.8200,28.9800,28.7850,28.9700,34840000,23.1486
2019-04-12,28.8650,29.1350,28.7200,29.1050,31853200,23.2564
2019-04-15,29.1300,29.2300,29.0250,29.1000,30506200,23.2524
2019-04-16,29.1000,29.1650,28.6450,28.7400,39377400,22.9648
2019-04-17,28.7100,28.7850,28.6050,28.6300,30389600,22.8769
2019-04-18,28.7000,28.8450,28.6300,28.6450,32078800,22.8889
2019-04-22,28.6350,28.7300,28.5600,28.6200,21371000,22.8689
2019-04-23,28.6300,28.7900,28.4900,28.7000,34136400,22.9328
2019-04-24,28.7700,28.9850,28.7250,28.8850,32856800,23.0806
2019-04-25,28.7550,29.1200,28.7250,29.0050,30506600,23.1765
2019-04-26,29.1650,29.3400,29.0200,29.0500,29034800,23.2125
2019-04-29,29.0250,29.0350,28.7600,28.8800,41551800,23.0766
2019-04-30,28.8850,29.3750,28.8350,29.3550,44033400,23.4562
2019-05-01,29.2700,29.3500,29.0300,29.0550,52825400,23.2165
2019-05-02,29.0000,29.1550,28.7750,28.9900,46927600,23.1645
2019-05-03,28.9900,29.2000,28.9450,29.1500,32142600,23.2924
2019-05-06,29.1500,29.2300,28.9300,28.9900,26779000,23.1645
2019-05-07,28.9450,29.0150,28.7650,28.9000,25084400,23.0926
2019-05-08,28.8650,28.8950,28.4800,28.5050,57384800,22.7770
2019-05-09,28.5050,28.6300,28.3300,28.4700,32347600,22.7490
2019-05-10,28.4650,28.9950,28.4100,28.9800,50316000,23.1565
2019-05-13,28.8900,29.3550,28.8500,29.2900,40192600,23.4042
2019-05-14,29.2950,29.3200,29.0400,29.0950,35218800,23.2484
2019-05-15,29.1100,29.2200,29.0100,29.0450,29155000,23.2085
2019-05-16,29.0150,29.3300,28.9350,29.2400,27816600,23.3643
2019-05-17,29.1100,29.5050,29.0700,29.3900,20954200,23.4842
2019-05-20,29.4550,29.6150,29.3550,29.4300,18237400,23.5161
2019-05-21,29.4750,29.7250,29.4050,29.4850,23008800,23.5601
2019-05-22,29.5300,29.7350,29.4400,29.7050,18515800,23.7359
2019-05-23,29.7350,29.9650,29.7050,29.9600,30329000,23.9396
2019-05-24,29.9800,30.1350,29.8800,29.9150,17424800,23.9037
2019-05-28,29.9550,29.9800,29.3750,29.4250,32795800,23.5121
2019-05-29,29.4950,29.5250,28.9650,29.0350,40238200,23.2005
2019-05-30,29.0400,29.2000,28.9000,28.9900,33645200,23.1645
2019-05-31,29.0000,29.2050,28.8700,29.1250,36514000,23.2724
2019-06-03,29.2200,29.4550,29.0700,29.4150,40670800,23.5041
2019-06-04,29.4450,29.4800,28.8950,29.4400,37057800,23.5241
2019-06-05,29.5500,30.1700,29.4450,30.0700,63510600,24.0275
2019-06-06,30.1100,30.3100,30.0250,30.2550,51022400,24.1753
2019-06-07,30.4100,30.5950,30.0150,30.0300,37986200,23.9956
2019-06-10,29.9400,30.0000,29.6750,29.8250,27400600,23.8317
2019-06-11,29.8150,29.8950,29.4750,29.6450,36072200,23.6879
2019-06-12,29.7950,30.0750,29.7600,30.0300,24700400,23.9956
2019-06-13,30.1000,30.1800,29.8900,30.0900,32424000,24.0435
2019-06-14,30.1250,30.4600,30.1150,30.4050,28485400,24.2952
2019-06-17,30.4050,30.4950,30.1300,30.3200,22924200,24.2273
2019-06-18,30.4550,30.5050,29.9900,30.1950,46290600,24.1274
2019-06-19,30.0600,30.5550,30.0500,30.4250,43191800,24.3112
2019-06-20,30.5850,30.6900,30.2700,30.6200,38275600,24.4670
2019-06-21,30.3500,30.5500,30.1350,30.4950,30116400,24.5616
2019-06-24,30.5500,30.5950,30.3900,30.5050,19774400,24.5697
2019-06-25,30.5300,30.5300,30.2500,30.3200,24290800,24.4207
2019-06-26,30.2450,30.3100,29.6500,29.6600,33777000,23.8891
2019-06-27,29.7550,29.8400,29.5850,29.7000,28271000,23.9213
2019-06-28,29.7100,29.9800,29.6500,29.8150,32266400,24.0139
2019-07-01,29.8350,29.8650,29.4700,29.7400,35846800,23.9535
2019-07-02,29.8500,30.1950,29.8450,30.1450,42719000,24.2797
2019-07-03,30.2350,30.5400,30.2100,30.3550,31573200,24.4489
2019-07-05,30.1650,30.3850,29.8750,30.3400,31892800,24.4368
2019-07-08,30.3600,30.4800,30.1950,30.3850,18836400,24.4730
2019-07-09,30.3350,30.4350,30.1700,30.4250,34965400,24.5053
2019-07-10,30.4600,30.6600,30.3550,30.4950,22972000,24.5616
2019-07-11,30.4600,30.6200,30.2450,30.5050,39996000,24.5697
2019-07-12,30.4950,30.5300,30.1950,30.3050,22490600,24.4086
2019-07-15,30.3100,30.4700,30.1950,30.4250,18690600,24.5053
2019-07-16,30.3500,30.4550,30.0900,30.2500,28749200,24.3643
2019-07-17,30.3550,30.5400,30.2500,30.3650,26709400,24.4569
2019-07-18,30.3700,30.6350,30.2000,30.6300,29466400,24.6704
2019-07-19,30.5600,30.6450,30.1700,30.1850,30616600,24.3119
2019-07-22,30.2600,30.2900,29.9450,30.1200,26353000,24.2596
2019-07-23,30.1550,30.1750,29.8750,29.9300,33581200,24.1066
2019-07-24,30.0150,30.0900,29.7250,29.9550,27121400,24.1267
2019-07-25,29.8600,30.0750,29.7300,29.8800,28296600,24.0663
2019-07-26,29.9050,30.1050,29.8400,29.9900,27758000,24.1549
2019-07-29,30.0750,30.1900,29.9050,30.1450,33243400,24.2797
2019-07-30,30.0750,30.2150,29.7650,29.9150,37991200,24.0945
2019-07-31,29.9250,30.0700,29.5950,29.7750,48762000,23.9817
2019-08-01,29.7250,30.2500,29.6250,30.0800,58986200,24.2274
2019-08-02,30.1250,30.3250,30.0100,30.0750,29878600,24.2234
2019-08-05,30.1400,30.2200,29.4850,29.6450,53153600,23.8770
2019-08-06,29.6750,30.1300,29.3450,30.0150,54071800,24.1750
2019-08-07,30.0250,30.2700,29.6000,30.0900,49909400,24.2354
2019-08-08,30.0750,30.4800,29.9100,30.4000,34115000,24.4851
2019-08-09,30.4250,30.5700,30.3250,30.4350,23627000,24.5133
2019-08-12,30.4400,30.5200,30.2200,30.3750,27249600,24.4650
2019-08-13,30.3700,30.5050,30.1900,30.3950,35494400,24.4811
2019-08-14,30.4350,30.5900,30.0650,30.1450,40581000,24.2797
2019-08-15,30.2500,30.6400,30.0700,30.5350,44171600,24.5939
2019-08-16,30.5500,30.7850,30.5050,30.6900,32243000,24.7187
2019-08-19,30.6250,30.9900,30.5750,30.8850,28468000,24.8758
2019-08-20,30.9550,30.9600,30.7050,30.8350,31048800,24.8355
2019-08-21,30.7850,31.0400,30.7600,31.0400,28795800,25.0006
2019-08-22,31.0200,31.1100,30.8050,31.0700,29834200,25.0248
2019-08-23,31.1300,31.2300,30.5850,30.7400,42595800,24.7590
2019-08-26,30.8150,31.1050,30.7400,31.0950,25701400,25.0449
2019-08-27,31.2450,31.3700,31.1150,31.1500,38448800,25.0892
2019-08-28,31.1850,31.2950,30.9550,31.0650,31791600,25.0207
2019-08-29,31.2400,31.2900,30.9900,31.2800,35467000,25.1939
2019-08-30,31.3750,31.4000,31.1950,31.2900,24166000,25.2019
2019-09-03,31.2800,31.8500,31.2450,31.8450,42728200,25.6490
2019-09-04,31.9350,32.0150,31.6750,31.8750,31633200,25.6731
2019-09-05,31.6650,31.7350,31.4200,31.5300,58664800,25.3952
2019-09-06,31.6100,31.6800,31.3100,31.4050,25326400,25.2946
2019-09-09,31.3400,31.3950,31.1900,31.2500,33649800,25.1697
2019-09-10,31.2000,31.2900,31.0200,31.2900,38336000,25.2019
2019-09-11,31.2450,31.6250,31.1050,31.6000,45377000,25.4516
2019-09-12,31.7900,31.8850,31.5250,31.6700,47199400,25.5080
2019-09-13,31.4900,31.7000,31.3750,31.4700,49998200,25.3469
2019-09-16,31.5200,31.5450,31.3200,31.4950,23926000,25.3671
2019-09-17,31.5500,31.8450,31.5350,31.7700,34658200,25.5886
2019-09-18,31.8900,32.0050,31.6900,31.9050,41925400,25.6973
2019-09-19,32.0050,32.0850,31.8850,32.0550,30041400,25.8181
2019-09-20,31.8500,31.9700,31.6900,31.9350,36989200,25.9204
2019-09-23,31.9250,32.0600,31.8600,31.9400,17616600,25.9244
2019-09-24,32.0550,32.4250,32.0300,32.3150,53815800,26.2288
2019-09-25,32.2900,32.3300,32.1200,32.2950,32467600,26.2126
2019-09-26,32.3750,32.5550,32.3150,32.4650,26746800,26.3506
2019-09-27,32.5100,32.5300,32.1700,32.3500,33229600,26.2572
2019-09-30,32.3750,32.5350,32.2800,32.3700,21670400,26.2734
2019-10-01,32.2600,32.3500,32.1200,32.2950,47566800,26.2126
2019-10-02,32.2250,32.2800,31.7850,31.8650,29720600,25.8636
2019-10-03,31.8750,31.9550,31.7100,31.9400,59569200,25.9244
2019-10-04,31.9800,32.4550,31.9350,32.3850,37167000,26.2856
2019-10-07,32.3550,32.3950,32.1800,32.2600,25731800,26.1842
2019-10-08,32.2400,32.2650,31.9450,31.9600,43191800,25.9407
2019-10-09,32.0450,32.2400,31.9700,32.1150,17954000,26.0665
2019-10-10,32.0400,32.1500,31.8000,32.0800,31210600,26.0381
2019-10-11,32.0500,32.1600,31.8500,31.9600,32154600,25.9407
2019-10-14,32.0500,32.0650,31.6600,31.7550,19892000,25.7743
2019-10-15,31.7750,31.8500,31.5750,31.6550,31726600,25.6931
2019-10-16,31.6350,31.7400,31.4900,31.7250,32355000,25.7499
2019-10-17,31.7250,31.8700,31.6500,31.8050,25999600,25.8149
2019-10-18,31.7300,31.9800,31.6500,31.9100,29105800,25.9001
2019-10-21,31.9150,32.0450,31.8150,32.0350,22924800,26.0015
2019-10-22,32.1100,32.3150,32.0150,32.1700,31182600,26.1111
2019-10-23,32.2450,32.3800,32.1600,32.3000,25821800,26.2166
2019-10-24,32.3150,32.4650,32.2650,32.4100,22922400,26.3059
2019-10-25,32.4350,32.4800,31.9500,32.0800,33850200,26.0381
2019-10-28,31.9150,32.0000,31.6000,31.6400,50137200,25.6809
2019-10-29,31.6200,31.7400,31.5300,31.6700,39544800,25.7053
2019-10-30,31.6950,32.0300,31.6900,31.9500,39360600,25.9325
2019-10-31,31.9800,32.1650,31.8750,32.1250,34491800,26.0746
2019-11-01,32.1450,32.2450,31.9900,32.0450,31381800,26.0097
2019-11-04,32.0150,32.0350,31.5200,31.6350,48685600,25.6769
2019-11-05,31.4800,31.5800,31.2250,31.3100,43993800,25.4131
2019-11-06,31.3650,31.5600,31.3150,31.4300,35543800,25.5105
2019-11-07,31.2650,31.4250,30.8000,31.0050,45689400,25.1655
2019-11-08,30.9100,31.0450,30.7400,30.8750,31943000,25.0600
2019-11-11,30.8850,30.9200,30.6550,30.6850,18546400,24.9058
2019-11-12,30.6900,30.8200,30.6700,30.7600,25337000,24.9667
2019-11-13,30.8700,31.2850,30.8300,31.2150,33593800,25.3360
2019-11-14,31.3150,31.4850,31.2250,31.3250,33672000,25.4253
2019-11-15,31.3400,31.4400,31.2450,31.4250,19931600,25.5064
2019-11-18,31.4900,31.7500,31.4350,31.4900,32981600,25.5592
2019-11-19,31.4000,31.5850,31.2450,31.4100,36104800,25.4942
2019-11-20,31.4550,31.6450,31.3800,31.6000,39359000,25.6485
2019-11-21,31.5950,31.6250,31.3850,31.4900,28418000,25.5592
2019-11-22,31.5600,31.5750,31.2750,31.5000,22970400,25.5673
2019-11-25,31.5300,31.6200,31.3250,31.3950,40797400,25.4821
2019-11-26,31.4450,31.5450,31.3750,31.5000,32300200,25.5673
2019-11-27,31.4250,31.5900,31.4000,31.5550,25056400,25.6119
2019-11-29,31.6150,31.7350,31.4950,31.5250,10243000,25.5876
2019-12-02,31.3750,31.4550,31.2550,31.3200,37401200,25.4212
2019-12-03,31.4000,31.4650,31.3300,31.4050,25801800,25.4902
2019-12-04,31.3950,31.6950,31.3700,31.6450,39195400,25.6850
2019-12-05,31.5950,31.7050,31.5150,31.7000,24899400,25.7296
2019-12-06,31.5800,31.7900,31.5800,31.6050,19164400,25.6525
2019-12-09,31.6750,31.6800,31.4400,31.4950,23166400,25.5632
2019-12-10,31.4900,31.5550,31.4100,31.4900,25197600,25.5592
2019-12-11,31.5300,31.6300,31.4150,31.5750,23980200,25.6282
2019-12-12,31.5350,31.6600,31.3050,31.4400,48234200,25.5186
2019-12-13,31.4550,31.7400,31.3350,31.6850,38669200,25.7175
2019-12-16,31.6850,32.1000,31.6850,32.0800,41547800,26.0381
2019-12-17,32.1000,32.3850,32.0700,32.1850,33694600,26.1233
2019-12-18,32.2100,32.3600,32.0400,32.3150,25615800,26.2288
2019-12-19,32.3150,32.3700,32.1250,32.3250,33803200,26.2369
2019-12-20,32.0650,32.4700,32.0650,32.2950,45942200,26.4173
2019-12-23,32.3500,32.3650,31.9100,31.9950,32956000,26.1719
2019-12-24,32.0300,32.0550,31.8700,32.0400,9025600,26.2087
2019-12-26,32.0700,32.1250,31.9600,32.0950,13317000,26.2537
2019-12-27,32.0950,32.1900,32.0350,32.1900,20603400,26.3314
2019-12-30,32.0550,32.1900,32.0150,32.1850,23868600,26.3273
2019-12-31,32.1800,32.3500,32.1400,32.3100,21616800,26.4296
2020-01-02,32.3650,32.3750,31.7850,31.9050,38215400,26.0983
2020-01-03,31.9300,32.0850,31.8550,31.9700,35978600,26.1514
2020-01-06,31.9300,32.0950,31.8800,32.0000,20889000,26.1760
2020-01-07,31.9200,31.9700,31.7750,31.9550,26140600,26.1392
2020-01-08,31.9700,32.0800,31.8900,31.9400,25482800,26.1269
2020-01-09,31.9000,32.1500,31.8950,32.1150,23286200,26.2701
2020-01-10,32.1600,32.3150,32.1450,32.2000,21165800,26.3396
2020-01-13,32.1900,32.4900,32.1900,32.3950,25342200,26.4991
2020-01-14,32.3950,32.5000,32.2500,32.4900,22990000,26.5768
2020-01-15,32.5600,33.0000,32.5550,32.9450,31771800,26.9490
2020-01-16,32.9700,33.1850,32.9600,33.1500,21797600,27.1167
2020-01-17,33.1400,33.4250,33.0500,33.3800,26517600,27.3048
2020-01-21,33.4550,33.7000,33.3200,33.6850,47753000,27.5543
2020-01-22,33.7500,33.8850,33.7000,33.7900,21683200,27.6402
2020-01-23,33.7850,34.1000,33.7500,34.0900,25938600,27.8856
2020-01-24,34.0000,34.3050,33.9450,34.1800,28803000,27.9592
2020-01-27,34.1600,34.4000,34.0000,34.0950,22544400,27.8897
2020-01-28,34.1300,34.3800,34.0450,34.2350,35056800,28.0042
2020-01-29,34.2550,34.3750,34.1200,34.3250,21599600,28.0778
2020-01-30,34.3050,34.6650,34.2200,34.6450,28808600,28.3396
2020-01-31,34.5800,34.7200,34.3100,34.4900,40949000,28.2128
2020-02-03,34.5450,34.6400,34.4650,34.6000,27095800,28.3028
2020-02-04,34.5800,34.6850,34.2200,34.2550,41384200,28.0206
2020-02-05,34.1800,34.4800,34.1050,34.3950,32610200,28.1351
2020-02-06,34.4300,34.6000,34.3200,34.4050,29908200,28.1433
2020-02-07,34.4850,34.5350,34.2850,34.2950,21392800,28.0533
2020-02-10,34.3500,34.4250,34.2250,34.4250,16279600,28.1596
2020-02-11,34.4850,34.6650,34.4650,34.5500,20539400,28.2619
2020-02-12,34.4950,34.6800,34.3850,34.5750,16094800,28.2823
2020-02-13,34.6050,34.9800,34.5500,34.9600,27175200,28.5973
2020-02-14,35.0250,35.2250,34.9750,35.1950,21108200,28.7895
2020-02-18,35.3300,35.5500,35.2300,35.4900,30069600,29.0308
2020-02-19,35.3500,35.4000,35.1050,35.1050,22391000,28.7159
2020-02-20,35.1150,35.2500,34.9450,35.2300,28810200,28.8181
2020-02-21,35.1650,35.3950,35.1300,35.1650,23457200,28.7649
2020-02-24,35.0150,35.2100,34.7400,34.7550,40884200,28.4296
2020-02-25,34.7900,34.8500,33.9650,34.0250,56276600,27.8324
2020-02-26,34.0250,34.3300,33.6750,33.6800,52384600,27.5502
2020-02-27,33.5450,33.7300,32.1550,32.1650,87206200,26.3109
2020-02-28,31.4300,31.4650,30.3500,31.0900,180526200,25.4316
2020-03-02,31.2500,32.9650,31.1750,32.9200,84351600,26.9285
2020-03-03,32.9400,33.6200,32.3850,32.5150,126558000,26.5972
2020-03-04,32.9450,34.4050,32.9250,34.3600,62856400,28.1065
2020-03-05,33.7950,34.2900,33.4300,33.8300,67070200,27.6729
2020-03-06,32.9350,33.6900,32.3050,33.5550,70997800,27.4480
2020-03-09,31.7750,32.6250,31.2300,31.7300,74339400,25.9551
2020-03-10,32.2500,32.6200,30.5950,32.0250,81616800,26.1964
2020-03-11,31.3100,31.3300,29.9850,30.4150,64307800,24.8794
2020-03-12,28.7500,29.2700,27.0050,27.3450,77766400,22.3682
2020-03-13,28.8850,28.8850,26.8250,28.8350,54277200,23.5870
2020-03-16,26.2300,28.2550,25.4600,25.5600,56293400,20.9081
2020-03-17,26.3050,29.0750,26.0200,28.8300,77946000,23.5829
2020-03-18,27.1050,28.0050,26.1150,27.5750,85692800,22.5563
2020-03-19,27.3200,27.4400,25.8900,25.9700,65459000,21.2434
2020-03-20,26.2100,26.2100,23.7400,23.9100,56358400,19.5584
2020-03-23,23.5950,23.5950,21.7200,22.4650,64018000,18.5603
2020-03-24,23.3250,24.9850,23.1650,24.8800,54902800,20.5556
2020-03-25,24.9150,26.5850,24.1650,25.5150,61255000,21.0802
2020-03-26,25.7900,27.9900,25.5300,27.6900,61794400,22.8772
2020-03-27,26.8550,28.8450,26.7200,27.8400,50186200,23.0011
2020-03-30,28.0800,29.0450,27.9600,28.8700,59519000,23.8521
2020-03-31,28.6450,28.6450,27.6150,27.7050,67456400,22.8896
2020-04-01,26.6100,26.9750,25.5400,26.0400,53420600,21.5140
2020-04-02,25.7600,27.0400,25.6150,26.8550,53121600,22.1873
2020-04-03,26.5600,26.8900,25.6950,25.8950,31872000,21.3942
2020-04-06,26.8450,28.1750,26.8450,27.8950,41379600,23.0465
2020-04-07,28.6450,28.6900,27.5100,27.5450,49163200,22.7574
2020-04-08,27.7100,29.2850,27.4800,29.0450,64925600,23.9966
2020-04-09,29.4850,30.8900,29.3750,30.4150,87722800,25.1285
2020-04-13,30.2600,30.2600,29.1550,29.4500,27830400,24.3313
2020-04-14,30.0850,30.3600,29.7950,30.3150,34175600,25.0459
2020-04-15,29.4800,29.8400,29.1500,29.3150,25671600,24.2197
2020-04-16,29.4400,29.5650,29.0300,29.3200,20800000,24.2239
2020-04-17,29.9450,30.4250,29.5400,30.2650,21555000,25.0046
2020-04-20,30.0750,30.0750,29.0750,29.1200,28761000,24.0586
2020-04-21,28.5950,28.9850,28.3200,28.6400,40783200,23.6620
2020-04-22,29.1800,29.7150,28.9850,29.4750,31190800,24.3519
2020-04-23,29.5650,29.6450,28.8150,28.9800,24830400,23.9429
2020-04-24,29.0300,29.2850,28.6550,29.1600,23973800,24.0917
2020-04-27,29.3300,29.6800,29.3000,29.4650,25481000,24.3437
2020-04-28,29.8800,30.2000,29.4400,29.5750,28643400,24.4345
2020-04-29,30.0550,30.0700,29.1850,29.3050,23575600,24.2115
2020-04-30,29.0950,29.1400,28.3650,28.6300,38733800,23.6538
2020-05-01,28.2950,28.3150,27.7800,27.9400,26918600,23.0837
2020-05-04,27.7950,28.2200,27.6250,28.1500,24027600,23.2572
2020-05-05,28.2500,28.7200,28.2150,28.3800,23653600,23.4472
2020-05-06,28.4800,28.5000,27.3750,27.4150,48150400,22.6500
2020-05-07,27.7300,27.9750,27.4800,27.5250,42266200,22.7408
2020-05-08,27.8600,28.1900,27.7300,28.0800,26553200,23.1994
2020-05-11,27.8600,28.0650,27.4650,27.9600,31326400,23.1002
2020-05-12,28.0300,28.1550,27.6600,27.7150,43734400,22.8978
2020-05-13,27.6600,27.6600,27.1650,27.4800,39645000,22.7037
2020-05-14,27.2050,27.8550,26.8300,27.7750,46233200,22.9474
2020-05-15,27.5800,27.5900,26.9850,27.4050,69347600,22.6417
2020-05-18,28.0500,28.7100,28.0500,28.5300,45994600,23.5712
2020-05-19,28.4100,28.4900,28.0550,28.0600,32655800,23.1829
2020-05-20,28.3500,28.5300,28.1050,28.2150,23583200,23.3109
2020-05-21,28.1400,28.3400,27.8750,27.9300,33868200,23.0755
2020-05-22,27.9300,28.2650,27.8400,28.2400,23838000,23.3316
2020-05-26,28.7500,28.9750,28.3950,28.4250,35071800,23.4844
2020-05-27,28.9250,28.9750,28.3700,28.7650,32984600,23.7653
2020-05-28,29.1350,29.7400,29.1100,29.6150,42582000,24.4676
2020-05-29,29.5450,30.0000,29.3700,29.8450,29511800,24.6576
2020-06-01,29.8350,30.3850,29.6650,30.2000,29112800,24.9509
2020-06-02,30.3150,30.4150,29.9900,30.3950,27998600,25.1120
2020-06-03,30.5600,30.9750,30.5350,30.7600,25682800,25.4136
2020-06-04,30.5950,30.6600,29.8200,30.2100,43679200,24.9592
2020-06-05,30.4850,31.1800,30.4550,30.5950,44260000,25.2772
2020-06-08,30.6500,31.5150,30.4300,31.4150,31919000,25.9547
2020-06-09,31.1300,31.1450,30.4450,30.7850,37283600,25.4342
2020-06-10,30.7850,30.9900,30.5050,30.6050,25052000,25.2855
2020-06-11,30.0800,30.1650,29.1950,29.4100,69420400,24.2982
2020-06-12,29.9700,30.0050,28.9750,29.3350,46404800,24.2362
2020-06-15,28.8150,29.7500,28.5650,29.5350,33434000,24.4015
2020-06-16,30.2500,30.4150,29.5100,29.6700,34226600,24.5130
2020-06-17,29.7950,29.8000,29.2950,29.5800,24374400,24.4387
2020-06-18,29.3950,29.6550,29.2400,29.5750,26507600,24.4345
2020-06-19,29.8100,29.9350,28.7000,28.7450,58531600,23.7488
2020-06-22,28.4900,28.9650,28.2250,28.7850,25906400,23.9804
2020-06-23,29.0800,29.1150,28.4150,28.4950,25244400,23.7388
2020-06-24,28.2800,28.4100,27.8950,28.2350,28538400,23.5222
2020-06-25,28.1750,28.1900,27.5600,27.8850,43502400,23.2306
2020-06-26,27.8450,28.1600,27.4050,27.5900,57463400,22.9849
2020-06-29,27.8100,28.1250,27.5150,28.1100,29730600,23.4181
2020-06-30,28.1150,28.3700,27.9500,28.2150,33743800,23.5055
2020-07-01,28.2400,29.0000,28.1900,28.8750,39777400,24.0554
2020-07-02,29.0800,29.2600,28.8750,28.9500,24295200,24.1179
2020-07-06,29.0550,29.2450,28.3600,28.5950,30775400,23.8221
2020-07-07,28.2800,28.5850,28.1450,28.4800,22681000,23.7263
2020-07-08,28.4350,28.8300,28.3800,28.7350,24359400,23.9387
2020-07-09,28.5950,28.6100,27.9550,28.3500,35750400,23.6180
2020-07-10,28.3500,28.9650,28.3400,28.8850,27166400,24.0637
2020-07-13,28.8850,29.2000,28.7800,28.9150,35531600,24.0887
2020-07-14,28.9200,29.3550,28.8850,29.1850,67894200,24.3136
2020-07-15,29.4600,29.6750,29.0150,29.0700,26940400,24.2178
2020-07-16,29.0950,29.5200,29.0200,29.4400,30126400,24.5261
2020-07-17,29.6000,30.1850,29.5750,30.1050,45901600,25.0801
2020-07-20,30.0000,30.0850,29.6600,29.7100,24255200,24.7510
2020-07-21,29.7850,30.1900,29.6900,29.8450,30216000,24.8635
2020-07-22,29.7100,30.4150,29.4200,30.3050,29694200,25.2467
2020-07-23,30.2950,30.5550,30.1600,30.3400,38277400,25.2758
2020-07-24,30.4000,30.7100,29.9700,30.1400,35397000,25.1092
2020-07-27,30.1500,30.1700,29.5600,29.7750,22638600,24.8051
2020-07-28,29.7000,30.4800,29.6750,30.2250,37792000,25.1800
2020-07-29,30.2800,30.4450,30.1400,30.3650,18205600,25.2967
2020-07-30,30.1450,30.3700,29.9950,30.3650,25475800,25.2967
2020-07-31,30.2850,30.4950,29.9900,30.4150,24228000,25.3383
2020-08-03,30.3950,30.4000,29.9250,30.0850,19303800,25.0634
2020-08-04,30.0650,30.5500,29.9900,30.4150,41663600,25.3383
2020-08-05,30.4800,30.5000,29.9050,30.0250,23658600,25.0134
2020-08-06,29.9950,30.2500,29.8400,30.2000,27576000,25.1592
2020-08-07,30.0800,30.8650,30.0750,30.7450,30942200,25.6132
2020-08-10,30.8450,30.9750,30.6350,30.7350,21208600,25.6049
2020-08-11,30.7700,30.8300,29.9900,30.0700,50996000,25.0509
2020-08-12,30.1600,30.7100,30.1500,30.5050,34570600,25.4133
2020-08-13,30.3800,30.5200,30.2200,30.4550,31627200,25.3716
2020-08-14,30.3900,30.4300,30.1100,30.1900,17336600,25.1509
2020-08-17,30.2150,30.4150,30.0350,30.1500,19020400,25.1176
2020-08-18,30.1300,30.2500,29.8600,30.0150,24294600,25.0051
2020-08-19,30.0900,30.1050,29.8650,29.9250,18042800,24.9301
2020-08-20,29.8050,29.9550,29.5800,29.6600,25932000,24.7093
2020-08-21,29.6850,29.7650,29.4100,29.7100,18933400,24.7510
2020-08-24,29.7950,29.9800,29.5200,29.9700,14985800,24.9676
2020-08-25,30.0250,30.0300,29.5850,29.6850,23573200,24.7302
2020-08-26,29.5800,29.6000,29.2450,29.3550,23329800,24.4552
2020-08-27,29.4400,29.6600,29.2700,29.4500,38907200,24.5344
2020-08-28,29.5100,29.5650,29.2300,29.5350,16995800,24.6052
2020-08-31,29.4900,29.8050,29.4850,29.6250,19975600,24.6802
2020-09-01,29.5300,29.5500,29.1700,29.2850,26620400,24.3969
2020-09-02,29.3500,30.3300,29.2300,30.1950,37298400,25.1550
2020-09-03,30.2050,30.5200,29.5750,29.8550,38871400,24.8718
2020-09-04,29.9150,30.0850,29.3000,29.6850,35792200,24.7302
2020-09-08,29.7150,29.7500,29.2400,29.5200,28990800,24.5927
2020-09-09,29.7400,30.2950,29.7100,29.9100,30869400,24.9176
2020-09-10,29.7950,29.8300,29.3600,29.3950,36280400,24.4886
2020-09-11,29.4600,29.5600,29.2350,29.4650,25332600,24.5469
2020-09-14,29.6100,30.0250,29.5800,29.8700,20927200,24.8843
2020-09-15,30.1750,30.5150,29.9100,30.0700,23342600,25.0509
2020-09-16,29.9650,30.2400,29.8350,30.0300,23082200,25.0176
2020-09-17,29.8400,29.9500,29.5500,29.7850,22775400,24.8135
2020-09-18,29.7800,29.8000,29.1950,29.2600,31969600,24.3761
2020-09-21,28.8000,28.9650,28.4550,28.8300,30371200,24.2244
2020-09-22,28.8450,29.2050,28.8250,29.0100,21247400,24.3757
2020-09-23,29.0450,29.0950,28.5400,28.5650,21576400,24.0018
2020-09-24,28.5350,29.0900,28.3600,28.8850,31328200,24.2707
2020-09-25,28.7600,29.3900,28.6550,29.3600,22576000,24.6698
2020-09-28,29.4900,29.7300,29.3850,29.4350,20359600,24.7328
2020-09-29,29.5250,29.7250,29.2900,29.4250,18435800,24.7244
2020-09-30,29.6100,29.8350,29.4400,29.6900,24208200,24.9471
2020-10-01,29.7650,30.0650,29.7050,29.9900,26142000,25.1991
2020-10-02,29.7500,30.5000,29.6850,30.3450,33890000,25.4974
2020-10-05,30.4250,30.8100,30.2200,30.7250,22076800,25.8167
2020-10-06,30.7450,31.3350,30.6100,30.9850,32776800,26.0352
2020-10-07,31.1450,31.3050,30.9450,31.1750,24403600,26.1948
2020-10-08,31.3100,31.7950,31.2900,31.7450,27235600,26.6738
2020-10-09,31.9200,31.9350,31.5250,31.7400,17091200,26.6696
2020-10-12,31.7600,32.1550,31.6800,31.9400,14970200,26.8376
2020-10-13,31.7200,31.8050,31.3650,31.7200,20210400,26.6528
2020-10-14,31.7600,31.8950,31.5150,31.6800,22338800,26.6192
2020-10-15,31.3800,31.8350,31.3000,31.6600,19124000,26.6024
2020-10-16,31.7000,32.1200,31.6650,32.0000,16081000,26.8880
2020-10-19,31.9850,32.1550,31.6400,31.7300,26603000,26.6612
2020-10-20,31.8600,32.0950,31.7400,31.9200,24979400,26.8208
2020-10-21,31.8500,32.0450,31.7450,31.8350,14200000,26.7494
2020-10-22,31.8800,32.3400,31.7900,32.2850,15212000,27.1275
2020-10-23,32.4450,32.5000,32.1950,32.3750,14485000,27.2031
2020-10-26,32.1250,32.4250,31.9150,32.3650,20763200,27.1947
2020-10-27,32.4250,32.6700,32.1850,32.3400,19601800,27.1737
2020-10-28,31.8900,32.3000,31.3350,31.4000,34026600,26.3839
2020-10-29,31.2850,31.8700,30.8800,31.4850,29847800,26.4553
2020-10-30,31.3100,31.5050,30.8900,31.1900,34824600,26.2074
2020-11-02,31.6150,31.9200,31.3000,31.8750,29911800,26.7830
2020-11-03,32.2750,32.6850,32.1450,32.3350,30157400,27.1695
2020-11-04,32.1450,32.6450,31.8150,31.8500,36662200,26.7620
2020-11-05,32.1850,32.7200,32.1100,32.1350,31525200,27.0015
2020-11-06,32.1550,32.4400,31.9800,32.0650,18955400,26.9427
2020-11-09,32.9950,33.9650,32.6300,32.6600,46072200,27.4426
2020-11-10,32.8350,33.2250,32.7000,33.1300,31172000,27.8375
2020-11-11,33.3000,33.5500,33.1250,33.2550,19459000,27.9426
2020-11-12,33.0600,33.1350,32.4650,32.7200,53020200,27.4930
2020-11-13,32.8800,33.1350,32.8200,33.0450,26324800,27.7661
2020-11-16,33.4550,33.4750,32.9850,33.3800,27375000,28.0476
2020-11-17,33.1650,33.3250,32.6750,32.7250,16811200,27.4972
2020-11-18,32.8950,32.9350,32.0750,32.0850,25581400,26.9595
2020-11-19,32.0500,32.0750,31.5400,31.7650,26996200,26.6906
2020-11-20,31.7100,31.9900,31.6100,31.7700,18632200,26.6948
2020-11-23,31.8950,31.9550,31.6300,31.7750,16930600,26.6990
2020-11-24,32.0300,32.1950,31.8700,32.1150,21807000,26.9847
2020-11-25,32.0750,32.2100,31.7950,32.2000,22985200,27.0561
2020-11-27,32.1900,32.2200,31.7500,31.8800,12073200,26.7872
2020-11-30,31.7900,31.8100,31.2950,31.4200,26889400,26.4007
2020-12-01,31.6550,32.0850,31.6200,31.6400,30174800,26.5855
2020-12-02,31.4900,31.8650,31.2900,31.8500,24397600,26.7620
2020-12-03,31.8000,31.8300,31.4350,31.5200,18753600,26.4847
2020-12-04,31.5500,31.6250,31.0300,31.2050,21005000,26.2200
2020-12-07,31.1000,31.5350,31.0950,31.3800,17391400,26.3671
2020-12-08,31.1750,31.4900,31.0450,31.2850,21005400,26.2873
2020-12-09,31.3100,31.3600,31.0200,31.2300,22969800,26.2410
2020-12-10,31.2150,31.3150,30.9250,31.0700,21602800,26.1066
2020-12-11,30.9400,31.1600,30.9100,31.1200,13351400,26.1486
2020-12-14,31.3400,31.6000,30.9300,30.9600,27208800,26.0142
2020-12-15,31.1050,31.6500,30.9500,31.5700,22357200,26.5267
2020-12-16,31.6300,31.7900,31.1650,31.2050,24312800,26.2200
2020-12-17,31.3150,31.6450,31.3100,31.4150,25389800,26.3965
2020-12-18,31.4200,31.5350,30.9950,31.1450,20877400,26.1696
2020-12-21,30.6400,30.6400,30.1600,30.5100,27915400,25.8527
2020-12-22,30.5000,30.5800,30.3600,30.4500,24177000,25.8019
2020-12-23,30.5950,30.8350,30.3850,30.3900,11543400,25.7510
2020-12-24,30.4550,30.6200,30.2900,30.6050,7272400,25.9332
2020-12-28,30.7650,30.9400,30.6250,30.7400,11739000,26.0476
2020-12-29,30.8150,30.9600,30.6500,30.7350,15165000,26.0434
2020-12-30,30.7550,30.9900,30.7050,30.8900,11847200,26.1747
2020-12-31,30.8950,31.3950,30.8150,31.3500,18184000,26.5645
2021-01-04,31.4050,31.4050,30.3850,30.5600,25260600,25.8951
2021-01-05,30.6250,30.7150,30.3050,30.5550,16666600,25.8909
2021-01-06,30.7300,31.5200,30.6600,31.3150,35961800,26.5348
2021-01-07,31.4850,31.5450,30.8750,30.9050,24758800,26.1874
2021-01-08,30.9450,31.2300,30.8900,31.1650,26930600,26.4077
2021-01-11,31.0500,31.1750,30.6450,30.8750,16657200,26.1620
2021-01-12,30.8250,30.9300,30.3400,30.7100,24619000,26.0222
2021-01-13,30.8050,31.4100,30.7500,31.3100,26687400,26.5306
2021-01-14,31.3200,31.3450,31.0100,31.1900,26067000,26.4289
2021-01-15,31.1250,31.5900,31.0100,31.4950,27564800,26.6874
2021-01-19,31.6650,31.6950,31.3300,31.3750,18993200,26.5857
2021-01-20,31.3650,31.7000,31.1800,31.5600,44796200,26.7424
2021-01-21,31.4850,31.5500,31.3200,31.3750,13975600,26.5857
2021-01-22,31.2850,31.5250,31.1650,31.4200,18760000,26.6238
2021-01-25,31.3100,32.0950,31.2750,32.0500,37848600,27.1576
2021-01-26,32.0050,32.0400,31.6000,31.7300,19473600,26.8865
2021-01-27,31.4750,31.7100,30.7350,30.8750,39287400,26.1620
2021-01-28,30.9800,31.7200,30.9000,31.2450,25465800,26.4755
2021-01-29,31.0850,31.3900,30.8800,31.0750,27760600,26.3315
2021-02-01,31.2750,31.5050,30.9650,31.2250,16109400,26.4586
2021-02-02,31.3300,31.9650,31.2000,31.4800,28698600,26.6746
2021-02-03,31.4450,31.5900,31.3100,31.3800,16266800,26.5899
2021-02-04,31.3650,31.6700,31.2750,31.6250,22702200,26.7975
2021-02-05,31.7650,31.9700,31.6350,31.7950,11920000,26.9416
2021-02-08,31.8650,31.8750,31.4300,31.5500,21531400,26.7340
2021-02-09,31.6050,31.7100,31.3350,31.5950,12386800,26.7721
2021-02-10,31.7800,31.8500,31.5050,31.7200,19621200,26.8780
2021-02-11,31.7050,31.8100,31.4900,31.5400,17422600,26.7255
2021-02-12,31.4450,31.5900,31.1450,31.3100,20216000,26.5306
2021-02-16,31.2750,31.3150,30.9150,30.9600,31723200,26.2340
2021-02-17,30.9950,31.0400,30.7750,30.9850,20358200,26.2552
2021-02-18,30.9350,31.3050,30.9350,31.1700,15419600,26.4120
2021-02-19,31.1750,31.1900,30.6800,30.7050,17935400,26.0179
2021-02-22,30.6200,30.6550,29.8200,30.1050,35602800,25.5095
2021-02-23,30.2250,30.4600,30.0700,30.3550,26213200,25.7214
2021-02-24,30.2800,30.3350,29.9700,30.0000,23673600,25.4206
2021-02-25,29.9400,30.0850,29.5850,29.7300,31360400,25.1918
2021-02-26,29.8300,30.0150,29.1700,29.1800,38014800,24.7257
2021-03-01,29.5500,30.1600,29.5450,29.8250,31427400,25.2723
2021-03-02,29.8700,29.9500,29.5700,29.7350,29306200,25.1960
2021-03-03,29.6900,29.6900,29.1350,29.3850,45849800,24.8994
2021-03-04,29.4050,29.9100,29.2000,29.3600,44172600,24.8783
2021-03-05,29.4850,29.9800,29.2250,29.8400,33606600,25.2850
2021-03-08,29.9250,30.5250,29.8450,30.2600,38423800,25.6409
2021-03-09,30.4250,30.7600,30.3850,30.6600,22224400,25.9798
2021-03-10,30.6500,30.9650,30.5650,30.8700,27421200,26.1578
2021-03-11,30.8150,31.1800,30.7750,30.7900,17168800,26.0900
2021-03-12,30.9250,31.3000,30.7800,31.2050,20043800,26.4416
2021-03-15,31.2500,31.6850,31.2500,31.6050,24417200,26.7806
2021-03-16,31.5300,31.7250,31.4450,31.6450,29243400,26.8145
2021-03-17,31.6200,31.6250,31.1000,31.1300,34407000,26.3781
2021-03-18,31.1000,31.2250,30.8000,31.0150,29627600,26.2806
2021-03-19,31.0250,31.3700,30.6950,31.1000,38712600,26.3527
2021-03-22,30.8000,30.9650,30.6050,30.8250,25641000,26.3147
2021-03-23,30.8150,31.4050,30.7500,31.2850,26117200,26.7074
2021-03-24,31.1850,31.5200,31.0750,31.2950,22058400,26.7159
2021-03-25,31.3950,31.7350,31.2550,31.6300,28309600,27.0019
2021-03-26,31.6250,31.7650,31.3200,31.7350,20770200,27.0915
2021-03-29,31.6700,32.2250,31.6550,32.0750,32775600,27.3818
2021-03-30,31.9750,31.9750,31.5500,31.7850,22111200,27.1342
2021-03-31,31.8000,32.0800,31.7350,32.0200,22259200,27.3348
2021-04-01,31.9700,32.0450,31.7750,31.9900,21046600,27.3092
2021-04-05,32.1050,32.5450,32.0750,32.3400,29288200,27.6080
2021-04-06,32.3050,32.5150,32.0700,32.5100,17258600,27.7531
2021-04-07,32.4850,32.6450,32.3050,32.4700,15798400,27.7190
2021-04-08,32.5550,32.6550,32.3750,32.4450,19909800,27.6976
2021-04-09,32.4750,32.6100,32.3450,32.4100,15751200,27.6677
2021-04-12,32.4150,32.6700,32.3300,32.4400,14201400,27.6934
2021-04-13,32.3100,32.8850,32.2500,32.8250,18250800,28.0220
2021-04-14,32.7450,32.9700,32.6600,32.9700,15125400,28.1458
2021-04-15,32.9750,33.3500,32.9550,33.3350,23863400,28.4574
2021-04-16,33.4600,33.7350,33.3900,33.6050,22376000,28.6879
2021-04-19,33.6250,33.6800,33.3550,33.4350,21503400,28.5428
2021-04-20,33.4350,33.9450,33.4150,33.8600,29548800,28.9056
2021-04-21,33.8950,34.0250,33.4500,33.5750,19230200,28.6623
2021-04-22,33.5500,33.6650,33.3050,33.3350,17983600,28.4574
2021-04-23,33.3500,33.4600,33.2050,33.2900,16881600,28.4190
2021-04-26,33.3050,33.3250,33.0000,33.1000,12578400,28.2568
2021-04-27,33.0500,33.0650,32.7900,32.8450,20942000,28.0391
2021-04-28,32.8600,32.9500,32.6450,32.8000,15158200,28.0007
2021-04-29,32.8000,33.1200,32.8000,33.1000,19223600,28.2568
2021-04-30,33.1700,33.3700,32.9700,33.3600,20484600,28.4787
2021-05-03,33.4350,33.6650,33.3000,33.3550,21544000,28.4745
2021-05-04,33.3200,33.3800,33.0100,33.2300,23445600,28.3678
2021-05-05,33.2300,33.2300,32.4850,32.6700,23562800,27.8897
2021-05-06,32.7600,32.9500,32.5400,32.9200,23305400,28.1031
2021-05-07,32.9000,33.2700,32.8900,33.0200,18110800,28.1885
2021-05-10,33.0900,33.6900,33.0900,33.3550,26442000,28.4745
2021-05-11,33.3200,33.3650,32.7150,32.9450,28210000,28.1245
2021-05-12,32.9100,32.9100,32.1600,32.1750,29553800,27.4671
2021-05-13,32.2100,32.9900,32.1850,32.7950,28222800,27.9964
2021-05-14,32.8750,33.1650,32.8750,32.9550,18910600,28.1330
2021-05-17,32.9400,33.1300,32.6350,32.6850,25124000,27.9025
2021-05-18,32.6150,32.7900,32.5300,32.6800,19532400,27.8982
2021-05-19,32.5250,32.6550,32.2450,32.6250,26238000,27.8513
2021-05-20,32.6850,33.1100,32.6750,32.9100,25679600,28.0946
2021-05-21,32.9900,33.2050,32.8450,33.0800,20487800,28.2397
2021-05-24,33.2400,33.2950,33.0000,33.0200,19343000,28.1885
2021-05-25,33.0550,33.0550,32.5450,32.6200,20427400,27.8470
2021-05-26,32.6400,32.7650,32.5300,32.6250,16841600,27.8513
2021-05-27,32.7400,32.7400,32.3950,32.4050,16996200,27.6635
2021-05-28,32.6000,32.7000,32.4800,32.5800,19565000,27.8129
2021-06-01,32.6550,32.7300,32.3050,32.3800,22052200,27.6421
2021-06-02,32.4300,32.7300,32.3000,32.5500,20491400,27.7873
2021-06-03,32.4000,32.8500,32.2900,32.7450,23707200,27.9537
2021-06-04,32.8300,32.8800,32.6550,32.6950,14469600,27.9110
2021-06-07,32.7250,32.8050,32.6700,32.7550,13822400,27.9623
2021-06-08,32.8250,32.8500,32.3350,32.4750,18363600,27.7232
2021-06-09,32.5550,32.8250,32.4850,32.7650,18760800,27.9708
2021-06-10,32.7900,33.0150,32.7100,32.9800,16654400,28.1543
2021-06-11,32.9800,33.0800,32.8250,33.0550,18198400,28.2184
2021-06-14,33.0600,33.2100,32.9250,33.1250,13733000,28.2781
2021-06-15,33.1650,33.4050,33.0700,33.2250,32781000,28.3635
2021-06-16,33.3100,33.4300,32.7100,32.7250,46277600,27.9366
2021-06-17,32.7000,33.0850,32.6050,32.9050,25708800,28.0903
2021-06-18,32.7150,32.7400,32.0000,32.0500,36079800,27.3604
2021-06-21,31.9050,32.2950,31.7250,32.2150,27886600,27.7149
2021-06-22,32.2150,32.3100,32.0050,32.0200,16608600,27.5471
2021-06-23,32.0000,32.0000,31.5850,31.6800,25666400,27.2546
2021-06-24,31.7200,31.7300,31.5100,31.6500,15215800,27.2288
2021-06-25,31.6650,32.0150,31.6300,31.9900,18273600,27.5213
2021-06-28,32.1200,32.3550,32.0750,32.1950,16735200,27.6977
2021-06-29,32.0950,32.2850,31.5800,31.6750,24688000,27.2503
2021-06-30,31.6500,31.7700,31.4950,31.6150,19077400,27.1987
2021-07-01,31.6750,32.0700,31.5500,31.9600,22993200,27.4955
2021-07-02,32.0450,32.0450,31.8500,32.0100,18629400,27.5385
2021-07-06,32.0050,32.1650,31.6400,32.1450,18156400,27.6547
2021-07-07,32.1600,32.3600,31.9800,32.3550,24199200,27.8353
2021-07-08,32.1750,32.4550,32.1250,32.2600,20513000,27.7536
2021-07-09,32.3050,32.3900,32.0350,32.3000,21484200,27.7880
2021-07-12,32.2650,32.4300,32.1100,32.4050,17323000,27.8783
2021-07-13,32.3500,32.4550,32.0450,32.1600,22493200,27.6676
2021-07-14,32.1700,32.5800,32.0200,32.4400,20720000,27.9084
2021-07-15,32.3300,32.8300,32.3200,32.8050,28574600,28.2225
2021-07-16,32.8400,33.3050,32.8050,33.1350,33106600,28.5063
2021-07-19,33.0000,33.2650,32.2400,32.6100,45585000,28.0547
2021-07-20,32.6400,33.0800,32.6400,32.7500,33779200,28.1751
2021-07-21,32.7700,32.8450,32.3650,32.3900,22456800,27.8654
2021-07-22,32.4250,32.5850,32.3350,32.4400,22875400,27.9084
2021-07-23,32.5200,32.8850,32.4600,32.8550,16216800,28.2655
2021-07-26,32.7900,32.9650,32.6350,32.8650,17936800,28.2741
2021-07-27,32.8400,33.4850,32.6500,33.4300,34285800,28.7601
2021-07-28,33.4150,33.4750,32.9300,33.1750,24948200,28.5408
2021-07-29,33.2350,33.3600,33.0750,33.2650,30247800,28.6182
2021-07-30,33.2450,33.5250,32.9100,32.9850,25265200,28.3773
2021-08-02,33.0600,33.3600,33.0200,33.2400,23564200,28.5967
2021-08-03,33.2900,33.5850,33.1350,33.4300,25994400,28.7601
2021-08-04,33.2950,33.4200,32.9650,33.3800,32378000,28.7171
2021-08-05,33.4250,33.7900,33.3400,33.7450,31790800,29.0311
2021-08-06,33.7100,33.9700,33.6300,33.7250,20000800,29.0139
2021-08-09,33.7500,33.8400,33.5300,33.7150,16865200,29.0053
2021-08-10,33.7450,33.8650,33.5950,33.7500,15834200,29.0354
2021-08-11,33.8250,34.2200,33.8250,34.0650,18488800,29.3064
2021-08-12,34.0050,34.2200,33.9900,34.1000,18920200,29.3365
2021-08-13,34.1700,34.3800,34.1000,34.3400,23580800,29.5430
2021-08-16,34.3400,34.7950,34.3050,34.5500,25796600,29.7237
2021-08-17,34.4550,34.5750,34.2250,34.5700,23037200,29.7409
2021-08-18,34.5650,34.6400,34.2800,34.3950,31411200,29.5903
2021-08-19,34.4100,34.8150,34.3750,34.5350,27723000,29.7108
2021-08-20,34.4750,34.9900,34.2950,34.9650,23581600,30.0807
2021-08-23,34.9400,34.9500,34.4500,34.5150,21830800,29.6936
2021-08-24,34.5000,34.5300,34.0600,34.2900,25331000,29.5000
2021-08-25,34.2850,34.4650,34.0900,34.3550,16329800,29.5559
2021-08-26,34.3550,34.3700,34.1950,34.2700,16631800,29.4828
2021-08-27,34.3050,34.4150,34.1950,34.2600,21005000,29.4742
2021-08-30,34.2500,34.4100,34.1350,34.3100,23691400,29.5172
2021-08-31,34.2950,34.4650,34.1250,34.2700,22580200,29.4828
2021-09-01,34.3650,34.8350,34.3200,34.7200,26667400,29.8699
2021-09-02,34.7950,35.0350,34.7600,35.0350,20598800,30.1409
2021-09-03,34.9300,34.9800,34.6600,34.7450,18942000,29.8914
2021-09-07,34.7150,34.7200,34.2250,34.2850,26290200,29.4957
2021-09-08,34.2650,34.9950,34.1850,34.9000,29176200,30.0248
2021-09-09,34.7900,34.9150,34.6800,34.7100,16355000,29.8613
2021-09-10,34.6850,34.7250,34.2150,34.2250,24654400,29.4441
2021-09-13,34.5150,34.5550,34.0650,34.1650,26236400,29.3925
2021-09-14,34.2750,34.3850,33.9650,34.0500,28103200,29.2935
2021-09-15,34.0000,34.2300,33.8150,34.0050,19812800,29.2548
2021-09-16,34.0000,34.1400,33.6700,33.7200,31464000,29.0096
2021-09-17,33.6500,33.8300,33.1700,33.2000,25108000,28.5623
2021-09-20,32.8800,33.1800,32.5300,32.8900,45678600,28.5098
2021-09-21,32.9850,33.2100,32.7800,32.8000,26417600,28.4318
2021-09-22,32.9200,33.0450,32.6550,32.7800,24787600,28.4145
2021-09-23,32.7800,33.0250,32.5750,32.6050,19333200,28.2628
2021-09-24,32.6000,32.8150,32.4900,32.5700,23660200,28.2324
2021-09-27,32.5150,32.8450,32.1400,32.1850,21783400,27.8987
2021-09-28,32.1550,32.2050,31.6850,31.7800,40471600,27.5477
2021-09-29,31.8750,32.4200,31.7900,32.1950,30867600,27.9074
2021-09-30,32.3150,32.3350,31.8950,31.9400,27142600,27.6864
2021-10-01,32.1350,32.1950,31.8300,31.9400,29001200,27.6864
2021-10-04,31.9050,32.4700,31.8900,32.3800,40402600,28.0678
2021-10-05,32.4200,32.5350,32.2600,32.3000,26130400,27.9984
2021-10-06,32.2000,32.8250,32.0100,32.8000,33152400,28.4318
2021-10-07,32.8600,33.1200,32.5900,32.6250,27540200,28.2801
2021-10-08,32.6200,32.6850,32.3600,32.3850,17795800,28.0721
2021-10-11,32.2500,32.3150,31.9000,31.9450,25420200,27.6907
2021-10-12,31.9900,32.2550,31.9050,32.1600,20996000,27.8770
2021-10-13,32.1700,32.5600,32.0000,32.5350,26205400,28.2021
2021-10-14,32.6450,33.0000,32.5650,32.9350,21398000,28.5488
2021-10-15,32.9850,33.1000,32.7850,32.8400,29602400,28.4665
2021-10-18,32.6200,32.7050,32.3500,32.5250,20702000,28.1934
2021-10-19,32.7750,32.9800,32.6850,32.9350,21413600,28.5488
2021-10-20,33.0700,33.5850,33.0350,33.4550,27799600,28.9996
2021-10-21,33.4750,33.5900,33.4100,33.4550,17372800,28.9996
2021-10-22,33.5450,33.6850,33.4700,33.6250,21399800,29.1469
2021-10-25,33.5750,33.6850,33.4000,33.4800,15160200,29.0213
2021-10-26,33.5100,33.9200,33.4550,33.6600,19391400,29.1773
2021-10-27,33.7400,33.8250,33.4000,33.4350,22263600,28.9823
2021-10-28,33.4050,33.6600,33.3650,33.6550,15443600,29.1730
2021-10-29,33.6450,33.7850,33.2900,33.4550,26666800,28.9996
2021-11-01,33.4450,33.6600,33.3400,33.5750,16182800,29.1036
2021-11-02,33.7000,33.7650,33.3650,33.6050,19864800,29.1296
2021-11-03,33.5500,33.6800,33.2100,33.4800,20992200,29.0213
2021-11-04,33.4300,33.5000,32.9500,33.2950,32183000,28.8609
2021-11-05,33.4050,33.7550,33.3700,33.6100,21584400,29.1339
2021-11-08,33.6500,33.6550,32.9500,33.1100,19670200,28.7005
2021-11-09,33.1700,33.3750,33.0650,33.2800,16489400,28.8479
2021-11-10,33.3050,33.5800,33.2850,33.5500,25833200,29.0819
2021-11-11,33.5300,33.5450,33.1700,33.3450,15747400,28.9042
2021-11-12,33.3350,33.4150,33.1800,33.3250,18179000,28.8869
2021-11-15,33.4700,33.7800,33.4000,33.7650,19003800,29.2683
2021-11-16,33.7800,33.8450,33.5850,33.6050,13213400,29.1296
2021-11-17,33.5250,33.6850,33.3550,33.6350,19001800,29.1556
2021-11-18,33.5800,33.6450,33.3450,33.4600,15305000,29.0039
2021-11-19,33.5050,33.7250,33.4150,33.6500,20606000,29.1686
2021-11-22,33.6250,34.0350,33.5350,33.8550,23154000,29.3463
2021-11-23,33.8500,34.0900,33.6850,33.8900,19036400,29.3767
2021-11-24,33.8750,33.9800,33.7000,33.9100,15931600,29.3940
2021-11-26,33.6700,33.8900,33.2950,33.3800,21854600,28.9346
2021-11-29,33.6400,33.9700,33.3700,33.8750,22821800,29.3637
2021-11-30,33.7150,33.7200,32.8550,32.8850,48623000,28.5055
2021-12-01,33.1050,33.7400,32.9250,32.9450,46024600,28.5575
2021-12-02,33.0250,33.6750,33.0250,33.3650,35050200,28.9216
2021-12-03,33.5300,33.7100,33.0400,33.7000,42771400,29.2120
2021-12-06,33.9200,34.5700,33.9050,34.2150,47222000,29.6584
2021-12-07,34.2200,34.5550,34.1300,34.4700,21789000,29.8794
2021-12-08,34.5000,34.6650,34.2500,34.4350,25994400,29.8491
2021-12-09,34.5150,34.5850,34.1550,34.3900,23783400,29.8101
2021-12-10,34.5300,34.7400,34.3950,34.5750,23403600,29.9704
2021-12-13,34.5400,35.1700,34.5400,35.0000,27500000,30.3388
2021-12-14,34.9950,35.0650,34.6250,34.7900,35005000,30.1568
2021-12-15,34.7500,35.3900,34.7500,35.3600,45364600,30.6509
2021-12-16,35.3250,35.7550,35.2950,35.5400,30209200,30.8069
2021-12-17,35.4050,35.5800,34.9300,35.0050,43674000,30.3432
2021-12-20,34.4000,34.8000,34.1200,34.7650,30091200,30.3720
2021-12-21,34.8750,35.1050,34.5300,34.7150,32355800,30.3283
2021-12-22,34.6600,34.9150,34.6100,34.8650,18967800,30.4594
2021-12-23,34.8850,35.0400,34.8250,34.8600,14505400,30.4550
2021-12-27,34.8750,35.0300,34.7700,35.0300,15707400,30.6035
2021-12-28,35.0800,35.3550,35.0550,35.3450,16104000,30.8787
2021-12-29,35.3850,35.5900,35.3250,35.5350,13755400,31.0447
2021-12-30,35.6300,35.7000,35.4050,35.6650,18672400,31.1583
2021-12-31,35.5900,35.9150,35.5200,35.7900,18618800,31.2675
2022-01-03,35.7750,35.7850,35.0300,35.4350,43299600,30.9573
2022-01-04,35.4350,35.7800,35.3150,35.3250,29321800,30.8612
2022-01-05,35.3000,35.7050,35.2700,35.3050,44486400,30.8438
2022-01-06,35.3050,35.4500,34.9000,34.9400,36259600,30.5249
2022-01-07,34.8650,35.3750,34.6500,35.2050,39272000,30.7564
2022-01-10,35.1750,35.2250,34.8050,34.9750,31169800,30.5555
2022-01-11,34.9450,35.0750,34.4300,34.6600,33653800,30.2803
2022-01-12,34.5500,34.8600,34.4500,34.7700,28113600,30.3764
2022-01-13,34.7550,35.0750,34.7350,34.9400,33949000,30.5249
2022-01-14,34.9400,35.0050,34.5250,34.7000,32547200,30.3152
2022-01-18,34.4450,34.5050,34.0150,34.2850,35534800,29.9526
2022-01-19,34.2950,34.7450,34.2850,34.4400,32051200,30.0881
2022-01-20,34.5450,34.9850,34.4450,34.4850,29529600,30.1274
2022-01-21,34.6550,34.8350,34.3550,34.4200,48542600,30.0706
2022-01-24,34.3800,34.4900,33.2150,34.0900,57602000,29.7823
2022-01-25,33.5600,33.9600,33.4000,33.5550,52218600,29.3149
2022-01-26,33.6200,33.9850,33.0950,33.2800,49234200,29.0746
2022-01-27,33.5900,33.9950,33.4100,33.5750,44982000,29.3324
2022-01-28,33.4850,34.0100,33.2300,33.9800,50050400,29.6862
2022-01-31,33.7800,34.6550,33.7100,34.6250,52580000,30.2497
2022-02-01,34.5300,34.7150,33.8450,34.1650,41020200,29.8478
2022-02-02,34.1400,34.7200,34.0800,34.6700,45723800,30.2890
2022-02-03,34.5700,34.7300,34.4200,34.5150,34289800,30.1536
2022-02-04,34.2150,34.5450,33.8950,34.2400,37029200,29.9133
2022-02-07,34.1800,34.3300,33.9800,34.1900,27543600,29.8697
2022-02-08,34.3300,34.4400,34.1300,34.2150,38853200,29.8915
2022-02-09,34.4600,34.5400,34.2600,34.3650,35231800,30.0225
2022-02-10,34.0250,34.1900,33.4250,33.4950,45060000,29.2625
2022-02-11,33.6400,33.8900,33.3700,33.5150,36059800,29.2799
2022-02-14,33.6250,33.6800,32.9100,33.2300,37112200,29.0310
2022-02-15,33.4350,33.5650,32.9250,33.0750,34174400,28.8955
2022-02-16,33.1200,33.2900,32.8250,33.1500,32184600,28.9611
2022-02-17,33.0000,33.3300,32.7650,33.1700,29159800,28.9785
2022-02-18,33.0600,33.3850,32.9600,33.1100,33686800,28.9261
2022-02-22,33.2300,33.3100,32.8500,33.0750,34421400,28.8955
2022-02-23,33.1350,33.2350,32.4800,32.5150,34583600,28.4063
2022-02-24,32.3050,32.8400,32.1400,32.7750,57320000,28.6335
2022-02-25,33.0650,33.8300,32.9900,33.7900,42528000,29.5202
2022-02-28,33.5850,34.0150,33.5450,33.9650,36705200,29.6731
2022-03-01,33.8950,34.1900,33.4150,33.6700,33464600,29.4154
2022-03-02,33.6850,34.2050,33.6650,34.0800,29259800,29.7736
2022-03-03,34.2150,34.8500,34.1850,34.6800,41471200,30.2977
2022-03-04,34.5900,35.4750,34.5200,35.4450,48683600,30.9661
2022-03-07,35.5250,35.9850,35.2250,35.9050,61944000,31.3679
2022-03-08,36.0000,36.1850,35.3350,35.3500,53129800,30.8831
2022-03-09,35.6050,35.6550,35.0350,35.1000,50953800,30.6647
2022-03-10,34.8350,35.4050,34.8100,35.3350,34039800,30.8700
2022-03-11,35.3900,35.6250,35.1800,35.2150,24988400,30.7651
2022-03-14,35.4400,35.6200,34.9950,35.1750,41004600,30.7302
2022-03-15,35.5150,35.7000,35.3100,35.6250,29004400,31.1233
2022-03-16,35.5800,35.7350,35.0550,35.5600,40011800,31.0665
2022-03-17,35.5800,35.9650,35.5100,35.7100,31830000,31.1976
2022-03-18,35.7100,35.8700,35.3250,35.4050,37038000,30.9311
2022-03-21,35.2200,35.5700,35.2100,35.4050,36294400,31.1378
2022-03-22,35.5400,35.5400,35.1750,35.4550,29286400,31.1818
2022-03-23,35.4200,35.7100,35.2450,35.5050,27990000,31.2257
2022-03-24,35.5800,35.9150,35.5100,35.8700,26591400,31.5468
2022-03-25,36.0000,36.4050,35.9150,36.3900,28922000,32.0041
2022-03-28,36.4250,36.6250,36.2100,36.6250,30959800,32.2108
2022-03-29,36.6100,36.9650,36.5450,36.9650,38114600,32.5098
2022-03-30,37.0000,37.2800,36.8900,37.2700,35229200,32.7780
2022-03-31,37.2450,37.5700,37.2100,37.2300,35701200,32.7428
2022-04-01,37.2000,37.7750,36.9800,37.7500,38013800,33.2002
2022-04-04,37.5950,37.5950,37.0750,37.4600,28391000,32.9451
2022-04-05,37.4750,38.1250,37.4700,37.6950,38140600,33.1518
2022-04-06,37.8150,38.4700,37.6450,38.4450,56489200,33.8114
2022-04-07,38.4300,38.4450,38.0000,38.3500,42033800,33.7278
2022-04-08,38.4900,38.6150,38.1550,38.4800,34388600,33.8422
2022-04-11,38.5050,38.5550,37.9000,37.9550,46335800,33.3805
2022-04-12,37.8500,38.3000,37.7150,38.1000,45313800,33.5080
2022-04-13,38.1050,38.2050,37.7750,38.0250,35313000,33.4420
2022-04-14,38.1000,38.3000,37.9900,38.0450,28427000,33.4596
2022-04-18,38.0900,38.3050,37.6600,37.8400,29878000,33.2793
2022-04-19,37.9500,38.1600,37.8400,38.0850,33030400,33.4948
2022-04-20,38.4900,38.5850,38.2800,38.3950,36652400,33.7674
2022-04-21,38.2700,38.3800,37.7300,37.7600,36817000,33.2090
2022-04-22,37.7100,37.7500,37.1000,37.1250,54683400,32.6505
2022-04-25,37.2550,37.2750,36.2600,36.8700,59671800,32.4262
2022-04-26,36.7400,37.1950,36.4850,36.5000,41106200,32.1008
2022-04-27,36.5250,36.8650,36.2050,36.3250,49067800,31.9469
2022-04-28,36.5000,36.8600,36.3100,36.7300,39902600,32.3031
2022-04-29,36.5700,36.6350,35.5750,35.6300,54338200,31.3357
2022-05-02,35.8000,35.9650,34.8200,35.2650,65832200,31.0147
2022-05-03,35.3950,35.9800,35.2350,35.4000,42152800,31.1334
2022-05-04,35.6200,36.2550,35.4700,36.1900,56580200,31.8282
2022-05-05,35.9500,36.2500,35.5000,35.8200,54849200,31.5028
2022-05-06,35.6100,36.2200,35.6000,36.1050,55359800,31.7534
2022-05-09,35.8850,36.2000,35.5350,35.8350,51419400,31.5160
2022-05-10,35.8850,36.3750,34.9800,35.4000,65578400,31.1334
2022-05-11,35.3750,36.2500,35.3450,35.6550,72101800,31.3577
2022-05-12,35.6150,35.7050,34.9200,35.2950,49892000,31.0410
2022-05-13,35.6050,35.7700,35.1450,35.7150,30208800,31.4104
2022-05-16,35.7300,35.9800,35.5800,35.8250,23213600,31.5072
2022-05-17,35.9950,36.2000,35.4400,36.1950,29901800,31.8326
2022-05-18,36.2550,36.3300,35.7500,35.8450,37456600,31.5248
2022-05-19,35.6800,35.9300,35.2650,35.7700,36552200,31.4588
2022-05-20,35.8650,35.9700,35.3750,35.8700,31358000,31.5468
2022-05-23,36.2800,36.4650,35.9400,36.3000,27082200,31.9249
2022-05-24,36.3700,37.0950,36.0950,37.0250,32311400,32.5625
2022-05-25,37.0650,37.1200,36.7600,37.0000,27723800,32.5406
2022-05-26,37.2300,37.3750,37.0750,37.1050,23290000,32.6329
2022-05-27,37.0750,37.6850,36.9150,37.6850,23241200,33.1430
2022-05-31,37.3350,37.4750,37.0050,37.1650,31041000,32.6857
2022-06-01,37.3000,37.3000,36.7650,37.1050,22422200,32.6329
2022-06-02,37.2850,37.3900,36.5300,37.3550,25038200,32.8528
2022-06-03,37.2000,37.4050,37.1050,37.1750,17691200,32.6945
2022-06-06,37.5100,37.6300,37.2950,37.3400,20345800,32.8396
2022-06-07,37.2450,37.6000,37.0150,37.5650,19820000,33.0375
2022-06-08,37.4000,37.4000,36.7750,36.8300,19971400,32.3911
2022-06-09,36.8100,36.9850,35.9200,35.9450,25767600,31.6127
2022-06-10,35.5900,35.9900,35.3700,35.6700,32800600,31.3709
2022-06-13,35.2150,35.2950,33.8600,34.0300,52721400,29.9285
2022-06-14,34.0700,34.1950,32.7950,33.1700,51342600,29.1722
2022-06-15,33.4650,33.8950,32.9800,33.3850,51664800,29.3613
2022-06-16,32.9700,32.9700,32.4800,32.7400,48754400,28.7940
2022-06-17,32.7900,33.0200,32.1650,32.4350,43129400,28.5258
2022-06-21,32.2900,32.9700,32.2100,32.7900,37266400,29.0687
2022-06-22,32.6150,33.3800,32.6050,33.1350,28582200,29.3746
2022-06-23,33.3300,33.9750,33.2850,33.9150,41140200,30.0661
2022-06-24,34.0950,34.5750,33.9600,34.5050,30075200,30.5891
2022-06-27,34.4300,34.8650,34.2950,34.7850,23276800,30.8373
2022-06-28,34.9000,35.1700,34.6100,34.6550,26371800,30.7221
2022-06-29,34.7100,34.8150,34.4600,34.6800,30329400,30.7443
2022-06-30,34.4650,35.3250,34.4200,35.0650,37737800,31.0856
2022-07-01,35.2450,35.9850,35.1050,35.9250,34255800,31.8480
2022-07-05,35.8450,35.8700,34.1550,34.7000,44053600,30.7620
2022-07-06,34.8700,35.3800,34.5950,35.0600,28518200,31.0811
2022-07-07,35.2400,35.3550,34.9850,35.0250,16799400,31.0501
2022-07-08,34.9900,35.0650,34.7950,34.9100,12564600,30.9482
2022-07-11,34.7750,35.1950,34.6950,35.1300,13232800,31.1432
2022-07-12,34.9250,35.4050,34.8150,34.9600,19140800,30.9925
2022-07-13,34.6350,35.1900,34.6050,34.8150,38159200,30.8639
2022-07-14,34.2550,34.8650,34.1750,34.8150,18925000,30.8639
2022-07-15,34.8500,34.9300,34.2800,34.8800,17484200,30.9216
2022-07-18,34.8000,34.8500,34.3800,34.3950,15422000,30.4916
2022-07-19,34.6200,34.8050,34.5000,34.6150,22715400,30.6866
2022-07-20,34.6750,34.6900,34.1100,34.1550,34085200,30.2788
2022-07-21,34.2500,34.2600,33.9250,34.2450,26029400,30.3586
2022-07-22,34.5200,34.8500,34.4400,34.7150,19543000,30.7753
2022-07-25,34.6600,35.1600,34.5650,35.1500,17292000,31.1609
2022-07-26,35.1200,35.4700,35.0800,35.3600,17934400,31.3471
2022-07-27,35.1950,35.4850,35.0950,35.3900,20684200,31.3737
2022-07-28,36.0150,36.7350,35.9850,36.6600,29715600,32.4995
2022-07-29,36.5900,37.1300,36.5850,36.9750,24547600,32.7788
2022-08-01,36.8600,37.0450,36.6250,37.0150,23148800,32.8143
2022-08-02,37.1800,37.3950,36.9100,36.9400,22916600,32.7478
2022-08-03,36.8850,37.2600,36.3100,37.1700,21960400,32.9517
2022-08-04,37.1900,37.5200,37.0700,37.2500,17328200,33.0226
2022-08-05,37.1500,37.3200,36.7650,37.1150,22050200,32.9029
2022-08-08,37.4350,37.6100,36.9950,37.1700,16899000,32.9517
2022-08-09,37.2850,37.6550,37.2600,37.5850,16213600,33.3196
2022-08-10,37.7550,37.8350,37.4750,37.7500,15778600,33.4659
2022-08-11,37.8050,38.1250,37.6350,37.7450,16048200,33.4614
2022-08-12,38.0000,38.3650,37.9250,38.3600,15798800,34.0066
2022-08-15,38.2850,38.7200,38.2150,38.6800,15571000,34.2903
2022-08-16,38.5950,38.9300,38.5550,38.7900,15577600,34.3878
2022-08-17,38.6300,38.8950,38.6000,38.7250,21286000,34.3302
2022-08-18,38.7600,38.9900,38.7350,38.8700,16559000,34.4587
2022-08-19,38.8200,39.0250,38.6750,38.8500,17286600,34.4410
2022-08-22,38.6650,38.7350,38.2200,38.3200,26453000,33.9712
2022-08-23,38.2500,38.3350,37.9350,38.0900,15747000,33.7673
2022-08-24,38.0400,38.2600,37.9450,38.2100,15002200,33.8736
2022-08-25,38.3000,38.4450,38.0100,38.4450,14601800,34.0820
2022-08-26,38.4600,38.5900,37.8200,37.8550,17732400,33.5589
2022-08-29,37.6600,38.2500,37.4400,37.9700,22477400,33.6609
2022-08-30,37.9600,37.9900,37.2750,37.4150,20560600,33.1689
2022-08-31,37.4350,37.6650,37.1550,37.1700,22012800,32.9517
2022-09-01,37.0250,37.7600,37.0250,37.7050,28160000,33.4260
2022-09-02,37.8000,38.1550,37.1900,37.3000,25536800,33.0669
2022-09-06,37.5100,37.9150,37.3000,37.3950,32900400,33.1511
2022-09-07,37.5750,38.6200,37.5350,38.5650,31509800,34.1884
2022-09-08,38.4200,38.7900,38.3300,38.5350,25150600,34.1618
2022-09-09,38.7650,38.9100,38.4250,38.6900,21181400,34.2992
2022-09-12,38.7950,39.1100,38.6750,39.0600,22680600,34.6272
2022-09-13,38.6650,38.8250,37.8350,38.0200,35156200,33.7052
2022-09-14,38.0350,38.5450,37.9950,38.3300,22297400,33.9800
2022-09-15,38.0250,38.0250,37.2800,37.3750,36110000,33.1334
2022-09-16,37.2400,37.5250,37.1700,37.2350,32222400,33.0093
2022-09-19,36.8700,37.4850,36.7700,37.4800,21462800,33.4515
2022-09-20,37.2350,37.2350,36.6650,36.9350,23408400,32.9651
2022-09-21,37.1750,37.4250,36.4150,36.4300,30461200,32.5144
2022-09-22,36.4000,36.5450,36.1100,36.3000,34700800,32.3984
2022-09-23,35.9450,35.9950,35.4200,35.8800,32420600,32.0235
2022-09-26,35.7900,35.8350,34.6650,35.0150,35939000,31.2515
2022-09-27,35.2450,35.3000,34.2550,34.4250,38286000,30.7249
2022-09-28,34.8250,35.0100,34.3700,34.7950,45882600,31.0551
2022-09-29,34.6150,34.6950,33.3300,33.4000,40662000,29.8101
2022-09-30,33.5600,33.6900,32.6850,32.7550,45553000,29.2344
2022-10-03,33.2900,33.9000,33.0600,33.7150,50894000,30.0912
2022-10-04,33.9500,34.4600,33.7400,34.4300,33993000,30.7294
2022-10-05,33.9900,33.9900,33.2900,33.6650,34411400,30.0466
2022-10-06,33.5200,33.5750,32.5200,32.5550,51342000,29.0559
2022-10-07,32.4600,32.5800,31.6600,31.8800,42166800,28.4534
2022-10-10,31.9450,32.3150,31.8900,31.9350,33035600,28.5025
2022-10-11,31.8150,32.2350,31.6500,31.8200,34320000,28.3999
2022-10-12,31.7700,31.8300,30.7400,30.7600,41833000,27.4538
2022-10-13,30.2950,31.6550,30.1750,31.5300,61429800,28.1411
2022-10-14,31.8550,32.0850,30.9200,31.0750,39305800,27.7350
2022-10-17,31.5000,32.0250,31.5000,31.7250,28247400,28.3151
2022-10-18,32.3550,32.4800,31.9850,32.3050,32083800,28.8328
2022-10-19,31.8850,32.1000,31.6100,31.8850,25686800,28.4579
2022-10-20,31.8950,31.8950,30.9300,31.0800,31037000,27.7394
2022-10-21,31.1950,31.8900,30.9800,31.6550,31087200,28.2526
2022-10-24,31.8250,32.1700,31.5750,31.9200,20061000,28.4891
2022-10-25,32.0250,32.6450,31.9500,32.5600,28403600,29.0604
2022-10-26,32.7350,32.9000,32.4050,32.5450,27068800,29.0470
2022-10-27,32.7800,33.1750,32.7100,32.8050,24514600,29.2790
2022-10-28,32.9400,33.7750,32.8950,33.7050,27185800,30.0823
2022-10-31,33.6200,33.7600,33.1900,33.3900,21789600,29.8011
2022-11-01,33.5900,33.7150,33.2550,33.5200,21479000,29.9172
2022-11-02,33.4100,34.1050,33.1800,33.1950,42680400,29.6271
2022-11-03,32.8800,33.6350,32.7000,33.3400,28656400,29.7565
2022-11-04,33.4100,33.6800,32.9600,33.5450,24298400,29.9395
2022-11-07,33.4800,33.5350,32.3850,32.9050,28592800,29.3683
2022-11-08,32.9500,33.3400,32.8450,33.1350,24827800,29.5735
2022-11-09,33.0000,33.2550,32.8100,32.8750,25781800,29.3415
2022-11-10,33.8650,34.4850,33.3650,34.4250,35830400,30.7249
2022-11-11,34.4250,34.5150,33.7150,34.0400,30624000,30.3813
2022-11-14,34.0600,34.2450,33.6200,33.6350,20490600,30.0198
2022-11-15,33.9900,34.2400,33.5950,34.0050,27241600,30.3500
2022-11-16,34.0200,34.4850,34.0200,34.3100,26462200,30.6223
2022-11-17,33.9350,34.0300,33.5450,33.7100,23247200,30.0867
2022-11-18,34.0250,34.4600,34.0100,34.4250,23483000,30.7249
2022-11-21,34.3700,34.6800,34.3450,34.5800,22876400,30.8632
2022-11-22,34.7450,35.0900,34.6550,34.8750,14904800,31.1265
2022-11-23,34.7750,35.2800,34.7750,35.2650,14333400,31.4746
2022-11-25,35.3950,35.5800,35.3700,35.4700,8983000,31.6576
2022-11-28,35.2250,35.3600,34.9550,35.1050,18262600,31.3318
2022-11-29,34.8900,34.9200,34.6400,34.8450,19004400,31.0998
2022-11-30,34.7800,35.7900,34.7450,35.7150,32946400,31.8762
2022-12-01,36.0650,36.2550,35.5950,35.6850,30706200,31.8495
2022-12-02,35.3050,35.6100,35.1600,35.5150,20708200,31.6977
2022-12-05,35.2450,35.4500,35.1800,35.3150,22903000,31.5192
2022-12-06,35.2650,35.5550,35.1300,35.5350,25649600,31.7156
2022-12-07,35.5650,35.8050,35.2400,35.3700,28297800,31.5683
2022-12-08,35.3750,35.7300,35.2450,35.6000,19920000,31.7736
2022-12-09,35.4750,35.7250,35.3800,35.4150,23837200,31.6085
2022-12-12,35.6050,36.2350,35.4700,36.2250,22763800,32.3314
2022-12-13,36.7350,36.8950,35.9400,36.3350,27388400,32.4296
2022-12-14,36.4600,36.8450,36.0250,36.2900,26637400,32.3894
2022-12-15,36.1500,36.2100,35.6800,35.8500,26308000,31.9967
2022-12-16,35.5800,35.5800,34.8000,35.2400,39263400,31.4523
2022-12-19,34.7750,35.1500,34.5900,34.8150,19664600,31.3272
2022-12-20,34.7950,35.0150,34.5700,34.8250,15964000,31.3362
2022-12-21,35.0350,35.3250,34.9200,35.3100,16484800,31.7726
2022-12-22,35.2550,35.2550,34.5150,35.0950,14103800,31.5792
2022-12-23,35.0300,35.4800,35.0250,35.4550,11349400,31.9031
2022-12-27,35.5350,35.7500,35.3100,35.6750,12211400,32.1011
2022-12-28,35.7550,35.9050,35.2800,35.3350,14431200,31.7951
2022-12-29,35.5100,35.7900,35.4850,35.5900,11555200,32.0246
2022-12-30,35.5550,35.6150,34.9200,35.2500,14700200,31.7186
2023-01-03,35.3500,35.4700,34.7700,35.2500,25774200,31.7186
2023-01-04,35.4100,35.8900,35.3550,35.5700,20872600,32.0066
2023-01-05,35.3000,35.4350,34.6950,34.8000,19572800,31.3137
2023-01-06,35.1950,35.6700,35.1450,35.5000,19620400,31.9436
2023-01-09,35.4950,36.0100,35.3900,35.7400,23438800,32.1596
2023-01-10,35.6450,35.7700,35.3300,35.7500,17215000,32.1686
2023-01-11,35.7500,36.0900,35.7450,36.0400,21371800,32.4295
2023-01-12,36.0850,36.1350,35.7650,35.7950,25797800,32.2090
2023-01-13,35.6450,35.7850,35.4000,35.6650,23793600,32.0921
2023-01-17,35.6900,35.9450,35.5550,35.6150,19530400,32.0471
2023-01-18,35.7700,35.7700,34.7150,34.7600,29020400,31.2777
2023-01-19,34.7450,34.7800,34.3250,34.4100,28394000,30.9628
2023-01-20,34.3900,34.6300,33.9200,34.6150,26621000,31.1473
2023-01-23,34.4950,34.9600,34.3450,34.6250,19652600,31.1563
2023-01-24,34.6600,34.9050,34.2150,34.8000,20658800,31.3137
2023-01-25,34.2900,34.4100,33.9800,34.3300,25983000,30.8908
2023-01-26,34.1500,34.5000,34.0850,34.4450,20360000,30.9943
2023-01-27,34.3700,34.5950,34.2350,34.4450,15425800,30.9943
2023-01-30,34.3200,34.6800,34.2650,34.2900,15561000,30.8548
2023-01-31,34.3850,34.5550,33.9800,34.5450,19442400,31.0843
2023-02-01,34.3800,34.8500,34.1350,34.6050,30944600,31.1383
2023-02-02,34.6250,35.0650,34.3550,34.6800,24997000,31.2057
2023-02-03,34.3700,34.5050,33.5000,33.9550,25362200,30.5534
2023-02-06,33.8300,34.2750,33.7700,34.2450,31414200,30.8143
2023-02-07,34.0900,34.3400,33.7550,34.2300,21124400,30.8008
2023-02-08,34.0300,34.0450,33.4850,33.6550,22471400,30.2834
2023-02-09,33.7350,33.9200,33.1400,33.1950,20715200,29.8695
2023-02-10,33.2300,33.8850,33.1900,33.8550,30963400,30.4634
2023-02-13,33.8700,34.1450,33.8700,34.0600,16183800,30.6479
2023-02-14,34.0250,34.2600,33.7350,33.9150,14150400,30.5174
2023-02-15,33.7200,34.1600,33.7200,34.1350,11020000,30.7153
2023-02-16,33.8000,34.0350,33.5150,33.8750,18399600,30.4814
2023-02-17,33.8850,34.4000,33.7050,34.2400,21873200,30.8098
2023-02-21,33.9900,34.0850,33.5750,33.6000,16969000,30.2339
2023-02-22,33.5950,33.8550,33.3800,33.4700,26750200,30.1170
2023-02-23,33.6200,33.6200,33.1500,33.2950,21406600,29.9595
2023-02-24,33.0050,33.4250,32.8700,33.3050,23150400,29.9685
2023-02-27,33.4700,33.7900,33.0100,33.0800,21720600,29.7660
2023-02-28,32.9300,33.0900,32.5000,32.5000,41151800,29.2441
2023-03-01,32.3300,32.3600,31.8150,31.9650,47276000,28.7627
2023-03-02,31.9200,32.5900,31.8750,32.5700,30688600,29.3071
2023-03-03,32.7000,33.1450,32.3800,33.1250,30175200,29.8065
2023-03-06,33.1450,33.3850,33.1000,33.2850,24243200,29.9505
2023-03-07,33.3150,33.4000,32.5800,32.7400,24055200,29.4601
2023-03-08,32.7300,33.0550,32.6050,32.9900,27407400,29.6851
2023-03-09,33.0800,33.3850,32.6150,32.7250,34067200,29.4466
2023-03-10,32.8850,32.8850,32.0450,32.2100,41666400,28.9832
2023-03-13,32.1700,33.4250,32.1250,32.7050,67671200,29.4286
2023-03-14,32.9500,33.4050,32.8100,33.1350,35118400,29.8155
2023-03-15,33.0400,33.8000,32.8800,33.5850,48336800,30.2204
2023-03-16,33.4600,34.0050,33.3300,33.8100,31646800,30.4229
2023-03-17,33.7300,33.8000,33.2350,33.4850,35814600,30.1305
2023-03-20,33.2900,33.6100,33.2800,33.5000,38838000,30.3661
2023-03-21,33.5550,33.5950,32.3850,32.8250,51865000,29.7543
2023-03-22,32.7800,32.9550,32.1650,32.1800,35793200,29.1696
2023-03-23,32.1900,32.5000,31.6900,31.8500,33769000,28.8705
2023-03-24,31.8850,32.8550,31.8550,32.8450,36112000,29.7724
2023-03-27,32.9450,33.1800,32.7950,32.8850,28273800,29.8087
2023-03-28,32.8050,33.3250,32.8050,32.9750,22038800,29.8903
2023-03-29,33.1500,33.5100,33.1500,33.4550,19807800,30.3254
2023-03-30,33.5350,33.7650,33.4100,33.6000,20585600,30.4568
2023-03-31,33.7100,33.8600,33.5150,33.8450,23444000,30.6789
2023-04-03,33.7200,33.8650,33.4250,33.6150,24071400,30.4704
2023-04-04,33.5950,33.8450,33.5050,33.7850,21613800,30.6245
2023-04-05,33.9300,34.7550,33.9250,34.6600,37674400,31.4176
2023-04-06,34.9400,34.9800,34.5500,34.9050,33350400,31.6397
2023-04-10,34.7050,34.8450,34.3600,34.8350,20463000,31.5762
2023-04-11,34.7850,34.9650,34.6950,34.8650,17274000,31.6034
2023-04-12,34.9300,35.0800,34.7050,34.8300,25109200,31.5717
2023-04-13,34.6750,34.9300,34.1750,34.8350,32892400,31.5762
2023-04-14,34.5800,34.6500,34.2850,34.4450,18129400,31.2227
2023-04-17,34.5050,34.6950,34.2900,34.6350,15613800,31.3950
2023-04-18,34.6500,34.7200,34.3250,34.4550,15566200,31.2318
2023-04-19,34.5400,34.8250,34.4900,34.7200,20634600,31.4720
2023-04-20,34.7500,34.8450,34.5050,34.7100,14737400,31.4629
2023-04-21,34.9350,35.0550,34.6050,34.8100,14075600,31.5536
2023-04-24,34.8000,35.0450,34.5900,34.9850,13579000,31.7122
2023-04-25,34.8550,35.1400,34.8450,34.9500,20503200,31.6805
2023-04-26,34.6800,34.7900,34.0900,34.1300,29513800,30.9372
2023-04-27,34.2300,34.5700,34.2000,34.5400,24933400,31.3089
2023-04-28,34.4400,34.6950,34.2750,34.4900,24246800,31.2635
2023-05-01,34.4100,34.8850,34.3800,34.5500,21016200,31.3179
2023-05-02,34.5200,34.6100,33.9350,34.1300,22931000,30.9372
2023-05-03,34.3200,34.5250,33.9950,34.0350,23714400,30.8511
2023-05-04,34.0950,34.4300,33.7750,34.2950,29262200,31.0868
2023-05-05,34.1800,34.6000,34.1800,34.5150,22833200,31.2862
2023-05-08,34.4800,34.7300,34.2950,34.4100,16573400,31.1910
2023-05-09,34.3300,34.4550,34.1200,34.3650,20562200,31.1502
2023-05-10,34.5800,34.7700,34.3300,34.6800,21416600,31.4357
2023-05-11,34.7000,34.7100,34.1650,34.3250,29748200,31.1140
2023-05-12,34.5150,34.7350,34.3100,34.5150,23748200,31.2862
2023-05-15,34.6450,34.6950,33.9400,34.0800,26370200,30.8919
2023-05-16,34.0400,34.1050,33.3050,33.3250,28008000,30.2075
2023-05-17,33.4300,33.4400,33.0650,33.2050,34176600,30.0987
2023-05-18,33.0500,33.1400,32.8150,33.1050,32335600,30.0081
2023-05-19,33.2600,33.4450,33.0350,33.0550,24945000,29.9628
2023-05-22,33.1400,33.3100,32.9450,33.0650,18989400,29.9718
2023-05-23,32.9400,33.2750,32.8600,32.9500,24128000,29.8676
2023-05-24,32.9050,33.0250,32.6800,32.7350,23127600,29.6727
2023-05-25,32.6750,32.6900,32.0650,32.2950,32252200,29.2739
2023-05-26,32.2450,32.3200,31.9650,32.2950,33187800,29.2739
2023-05-30,32.3500,32.5150,32.1200,32.1700,31165800,29.1606
2023-05-31,32.1850,32.6100,31.9800,32.4650,34266200,29.4280
2023-06-01,32.5250,32.5700,32.0250,32.2250,37306400,29.2104
2023-06-02,32.0600,32.6850,31.9850,32.5600,46091600,29.5141
2023-06-05,32.6300,33.0700,32.5600,32.7150,24089000,29.6546
2023-06-06,32.8650,32.9200,32.6000,32.6900,25723200,29.6319
2023-06-07,32.7150,33.3250,32.5150,33.2450,38529600,30.1350
2023-06-08,33.2350,33.4400,32.9850,33.3900,29318200,30.2664
2023-06-09,33.4000,33.4250,33.1750,33.1950,26632600,30.0897
2023-06-12,33.2200,33.3100,33.0000,33.1350,22967400,30.0353
2023-06-13,32.9350,33.2450,32.8800,33.1300,23737200,30.0308
2023-06-14,33.2500,33.5050,33.0450,33.1100,28047200,30.0126
2023-06-15,33.2350,33.5500,33.1650,33.4700,27402400,30.3389
2023-06-16,33.5500,33.9200,33.5250,33.6500,27370800,30.5021
2023-06-20,33.2850,33.3550,32.9550,32.9900,25850800,30.1444
2023-06-21,32.8750,33.2900,32.5150,33.2550,21445400,30.3865
2023-06-22,33.3800,33.4450,32.9050,33.0000,20000800,30.1535
2023-06-23,33.0950,33.2100,32.4700,32.5150,25439200,29.7104
2023-06-26,32.5700,32.9350,32.4450,32.8350,20535200,30.0027
2023-06-27,32.8600,32.9600,32.7400,32.8450,17020800,30.0119
2023-06-28,32.8350,32.8350,32.2750,32.3600,29447600,29.5687
2023-06-29,32.1050,32.5400,32.0350,32.3600,29307800,29.5687
2023-06-30,32.4050,32.7550,32.3900,32.7200,27858600,29.8977
2023-07-03,32.6500,32.9800,32.5400,32.9650,16329200,30.1215
2023-07-05,32.8500,33.5900,32.8050,33.3400,38338000,30.4642
2023-07-06,33.0750,33.1700,32.7550,32.9350,30845600,30.0941
2023-07-07,32.7200,32.9250,32.6100,32.6950,25787600,29.8748
2023-07-10,32.6400,32.7500,32.2950,32.5550,24820200,29.7469
2023-07-11,32.6200,32.9700,32.5000,32.9600,22871800,30.1170
2023-07-12,33.0600,33.4800,33.0000,33.4400,26655000,30.5556
2023-07-13,33.4400,33.5650,33.3200,33.5550,19835400,30.6606
2023-07-14,33.4700,33.5700,33.2350,33.4250,20285600,30.5419
2023-07-17,33.3150,33.3900,33.0250,33.0400,21260800,30.1901
2023-07-18,33.0100,33.2950,32.4950,32.7850,36264600,29.9571
2023-07-19,32.8100,33.3150,32.8100,33.1200,27154000,30.2632
2023-07-20,33.2100,33.7750,33.0400,33.7250,33329000,30.8160
2023-07-21,33.8600,34.3650,33.8000,34.2300,36746000,31.2774
2023-07-24,34.2800,34.3400,33.9800,34.1400,26484600,31.1952
2023-07-25,34.1000,34.3050,33.9950,34.2000,16701600,31.2500
2023-07-26,34.1100,34.5800,34.0400,34.2000,23158200,31.2500
2023-07-27,34.0650,34.2100,33.5250,33.5950,32130200,30.6972
2023-07-28,33.8150,33.9500,33.3550,33.5200,26432200,30.6287
2023-07-31,33.6550,33.7900,33.3800,33.5350,25047000,30.6424
2023-08-01,33.4950,33.6700,33.1050,33.1250,26919600,30.2677
2023-08-02,32.9900,33.2800,32.9350,33.1250,30335000,30.2677
2023-08-03,33.0250,33.0500,32.3400,32.3700,41266400,29.5779
2023-08-04,32.4550,32.6650,31.8550,31.9950,36497800,29.2352
2023-08-07,32.1150,32.2650,31.9800,31.9900,25131800,29.2306
2023-08-08,31.9850,32.1550,31.6900,32.1400,30350200,29.3677
2023-08-09,32.1250,32.4950,32.0700,32.2100,26387400,29.4317
2023-08-10,32.3400,32.5350,32.0150,32.1100,27384400,29.3403
2023-08-11,32.1400,32.3300,32.0400,32.2850,24336200,29.5002
2023-08-14,32.2650,32.2850,31.8900,32.0300,21549600,29.2672
2023-08-15,31.8450,31.8600,31.4900,31.5100,30379000,28.7920
2023-08-16,31.6450,31.7900,31.5250,31.6500,25028400,28.9200
2023-08-17,31.6850,31.9950,31.5650,31.5800,23752800,28.8560
2023-08-18,31.5750,31.8200,31.5450,31.7450,25675600,29.0068
2023-08-21,31.6500,31.7350,31.2950,31.5450,24162000,28.8240
2023-08-22,31.5250,31.7250,31.4050,31.6350,27057800,28.9063
2023-08-23,31.8050,31.8400,31.5400,31.7600,26772000,29.0205
2023-08-24,31.7050,32.1400,31.5450,31.5750,25933800,28.8514
2023-08-25,31.6200,31.9750,31.6000,31.8150,24981000,29.0707
2023-08-28,31.8700,32.0450,31.7450,31.8100,17326400,29.0662
2023-08-29,31.8500,32.0250,31.7200,31.9300,23746200,29.1758
2023-08-30,31.8250,32.0350,31.6650,31.7850,22480800,29.0433
2023-08-31,31.9100,31.9400,31.4700,31.4800,27542200,28.7646
2023-09-01,31.6450,31.7550,31.0750,31.3200,28775400,28.6184
2023-09-05,31.3000,31.3200,30.6700,30.8400,37650600,28.1798
2023-09-06,30.8850,30.9450,30.7100,30.9100,38940200,28.2438
2023-09-07,31.1750,31.5650,31.0950,31.3150,33748600,28.6139
2023-09-08,31.3700,31.6450,31.2700,31.5900,32521400,28.8651
2023-09-11,31.5550,31.8850,31.5450,31.7200,27023600,28.9839
2023-09-12,31.7150,31.8500,31.5050,31.7600,22094800,29.0205
2023-09-13,31.7750,32.2850,31.7750,32.1400,30120800,29.3677
2023-09-14,32.3400,32.6300,32.2950,32.6100,26201000,29.7972
2023-09-15,32.5550,32.8050,32.4350,32.4700,34802000,29.6692
2023-09-18,32.2300,32.2900,31.9600,32.1850,19135000,29.6471
2023-09-19,32.1600,32.2750,32.0000,32.0100,24889000,29.4859
2023-09-20,32.1400,32.3750,31.9450,32.0400,18736000,29.5136
2023-09-21,32.0150,32.0750,31.6900,31.7050,25628600,29.2050
2023-09-22,31.5650,31.8550,31.4350,31.6450,24595400,29.1497
2023-09-25,31.4600,31.6250,31.2700,31.6000,24729800,29.1083
2023-09-26,31.4700,31.5050,30.5700,30.6550,46833400,28.2378
2023-09-27,30.5950,30.6700,29.9850,30.0650,52042200,27.6943
2023-09-28,30.1800,30.2400,29.3700,29.4150,77189800,27.0955
2023-09-29,29.6700,29.9100,29.3050,29.4650,45737800,27.1416
2023-10-02,29.2950,29.2950,27.7600,28.0950,111645400,25.8796
2023-10-03,27.8750,28.5150,27.4650,28.4200,115236400,26.1790
2023-10-04,28.5650,28.6200,27.9450,28.3900,58997200,26.1514
2023-10-05,28.3150,28.4000,27.9500,28.2250,56290000,25.9994
2023-10-06,27.8750,28.6950,27.3850,28.6250,68207400,26.3678
2023-10-09,28.5750,28.9100,28.4550,28.9100,40487600,26.6304
2023-10-10,28.9100,29.3200,28.9100,29.3050,61414400,26.9942
2023-10-11,29.4700,29.8050,29.2600,29.7800,53347400,27.4318
2023-10-12,29.6300,29.8050,29.0550,29.3200,55086600,27.0080
2023-10-13,29.5150,29.8400,29.4400,29.6500,39568800,27.3120
2023-10-16,29.7100,30.0650,29.4800,29.9550,39554800,27.5930
2023-10-17,29.7000,30.0650,29.6550,29.8750,36960400,27.5193
2023-10-18,29.8450,30.0250,29.4250,29.6150,46727000,27.2798
2023-10-19,29.5200,29.7950,29.3000,29.3200,39363800,27.0080
2023-10-20,29.2500,29.5350,29.0100,29.0150,40044800,26.7271
2023-10-23,28.7500,29.1850,28.5200,28.7700,41041200,26.5014
2023-10-24,29.2050,29.6300,29.1150,29.5100,47194400,27.1831
2023-10-25,29.4600,29.7350,29.3400,29.6750,41309400,27.3350
2023-10-26,29.7550,30.1950,29.7450,29.9300,47174600,27.5699
2023-10-27,29.8000,29.9700,29.2750,29.3650,40502400,27.0495
2023-10-30,29.4900,29.7850,29.2650,29.5900,28539200,27.2567
2023-10-31,29.7100,29.8750,29.5000,29.8450,21364600,27.4916
2023-11-01,29.8850,30.3650,29.5950,30.1850,46523000,27.8048
2023-11-02,30.2500,30.9100,30.2000,30.7500,51100200,28.3253
2023-11-03,31.2850,31.3250,30.9200,30.9300,45147200,28.4911
2023-11-06,30.9850,31.0850,30.8200,30.8500,38240000,28.4174
2023-11-07,30.8650,30.9050,30.5750,30.6250,37684600,28.2101
2023-11-08,30.4950,30.5050,30.0600,30.4000,43295600,28.0029
2023-11-09,30.4550,30.5500,29.9850,30.0000,32195600,27.6344
2023-11-10,30.1350,30.2450,29.9600,30.1600,28030200,27.7818
2023-11-13,30.0950,30.1650,29.7550,29.8000,31159600,27.4502
2023-11-14,30.4700,31.0150,30.4100,30.9900,57318200,28.5464
2023-11-15,30.9050,31.3450,30.8250,30.8950,49662800,28.4588
2023-11-16,31.1500,31.3100,31.0350,31.0600,34650400,28.6108
2023-11-17,31.2300,31.2650,30.9750,31.1450,23879000,28.6891
2023-11-20,31.0000,31.1700,30.6400,31.0500,28316600,28.6016
2023-11-21,31.0250,31.1800,30.8250,31.1150,20288400,28.6615
2023-11-22,31.2250,31.2750,30.9700,31.2650,17919600,28.7997
2023-11-24,31.2600,31.3500,31.1400,31.3450,9798600,28.8734
2023-11-27,31.3700,31.4600,31.1450,31.3950,24833200,28.9194
2023-11-28,31.4000,31.7250,31.2750,31.4950,29415200,29.0115
2023-11-29,31.5050,31.6300,31.1350,31.2450,35806400,28.7812
2023-11-30,31.3350,31.4200,31.1200,31.3800,30483600,28.9056
2023-12-01,31.3950,31.7700,31.1900,31.7650,29342800,29.2602
2023-12-04,31.6150,31.9050,31.4800,31.6400,30515800,29.1451
2023-12-05,31.6700,31.6750,31.2900,31.4150,22536600,28.9378
2023-12-06,31.5550,31.8450,31.5100,31.8350,26817800,29.3247
2023-12-07,31.8800,31.9950,31.6200,31.7650,21876600,29.2602
2023-12-08,31.7150,31.8500,31.4700,31.7050,24002800,29.2050
2023-12-11,31.5400,31.9500,31.5400,31.9100,22448800,29.3938
2023-12-12,31.9550,31.9700,31.5350,31.7800,21768200,29.2741
2023-12-13,31.8150,32.9800,31.6450,32.9800,43452000,30.3794
2023-12-14,33.1800,33.3500,32.4850,32.5500,64968200,29.9833
2023-12-15,32.2250,32.3900,31.7500,31.9850,53129000,29.4629
2023-12-18,31.7750,31.9550,31.5500,31.6150,32507000,29.3964
2023-12-19,31.7250,31.8350,31.5900,31.7950,25377800,29.5638
2023-12-20,31.7550,31.8450,31.1450,31.1500,36651800,28.9640
2023-12-21,31.2550,31.4200,30.9850,31.2050,31753600,29.0152
2023-12-22,31.3200,31.6200,31.2500,31.3100,26447400,29.1128
2023-12-26,31.2600,31.6200,31.2500,31.5000,19075000,29.2895
2023-12-27,31.4400,31.5400,31.3200,31.4800,18984400,29.2709
2023-12-28,31.3800,31.7500,31.3800,31.7050,17346400,29.4801
2023-12-29,31.6350,31.7300,31.4550,31.6650,22478000,29.4429
2024-01-02,31.5300,32.2000,31.4650,32.1250,30758600,29.8706
2024-01-03,32.1150,32.3050,31.8950,32.2450,32866400,29.9822
2024-01-04,32.2800,32.4500,32.1050,32.1450,26622400,29.8892
2024-01-05,32.1000,32.4200,31.9550,32.2650,27190400,30.0008
2024-01-08,32.1950,32.5100,32.0950,32.5000,23434400,30.2193
2024-01-09,32.3300,32.3800,32.1650,32.2350,28805400,29.9729
2024-01-10,32.2350,32.3800,32.1150,32.2300,21853800,29.9683
2024-01-11,32.1250,32.1300,31.3800,31.4800,44353600,29.2709
2024-01-12,31.6900,31.7900,31.5350,31.6600,19537400,29.4383
2024-01-16,31.5050,31.5900,31.2400,31.3150,30454000,29.1175
2024-01-17,31.1350,31.4200,30.6250,30.8600,39178000,28.6944
2024-01-18,30.7050,30.7350,30.3550,30.5300,39464000,28.3876
2024-01-19,30.5600,30.6100,30.2950,30.4900,28257600,28.3504
2024-01-22,30.4800,30.7050,30.2050,30.3350,41676200,28.2062
2024-01-23,30.3450,30.4850,30.2100,30.3900,41100200,28.2574
2024-01-24,30.6000,30.6500,29.9300,29.9750,50878200,27.8715
2024-01-25,30.3750,30.5200,30.0900,30.5150,50516800,28.3736
2024-01-26,30.5950,30.7200,30.5050,30.6050,36653200,28.4573
2024-01-29,30.6250,30.9200,30.4450,30.8000,26054400,28.6386
2024-01-30,30.7250,30.9750,30.5250,30.7900,36109000,28.6293
2024-01-31,31.0450,31.1800,30.5500,30.7250,59642400,28.5689
2024-02-01,30.5950,31.3100,30.4550,31.3100,51507200,29.1128
2024-02-02,30.9550,31.0450,30.5300,30.7450,51839600,28.5875
2024-02-05,30.4450,30.4650,30.0900,30.1050,39895000,27.9924
2024-02-06,30.0900,30.3150,29.9950,30.2150,27557000,28.0947
2024-02-07,30.3350,30.4000,30.0750,30.2350,23748600,28.1133
2024-02-08,30.1000,30.1650,29.7600,30.0200,41755400,27.9133
2024-02-09,29.9350,30.1650,29.8750,30.1350,29647800,28.0203
2024-02-12,30.1350,30.5100,30.0600,30.4850,25219000,28.3457
2024-02-13,30.3150,30.4700,29.5700,29.9800,45402200,27.8761
2024-02-14,30.0900,30.2150,29.9200,30.1450,34871800,28.0296
2024-02-15,30.2400,30.6750,30.2400,30.6500,34680800,28.4991
2024-02-16,30.5000,30.7600,30.3150,30.6150,29914200,28.4666
2024-02-20,30.5600,30.9450,30.5300,30.5950,22764000,28.4480
2024-02-21,30.7950,31.0400,30.6450,31.0000,31565000,28.8246
2024-02-22,30.7550,30.8900,30.5250,30.7600,31841600,28.6014
2024-02-23,30.8250,31.1250,30.7500,30.9800,24572800,28.8060
2024-02-26,30.8300,30.8500,30.3150,30.3700,25587000,28.2388
2024-02-27,30.5500,30.9550,30.4250,30.9450,27487600,28.7734
2024-02-28,30.9100,31.0850,30.8400,31.0400,22983600,28.8618
2024-02-29,31.1600,31.3100,30.9050,31.0500,30675400,28.8711
2024-03-01,30.9550,30.9600,30.4800,30.8600,42511000,28.6944
2024-03-04,30.7150,31.4250,30.7150,31.3800,33020800,29.1779
2024-03-05,31.4750,31.9850,31.1600,31.2900,49602800,29.0942
2024-03-06,31.5150,31.7500,31.4450,31.5900,32652200,29.3732
2024-03-07,31.8500,31.9300,31.7350,31.7950,21384200,29.5638
2024-03-08,31.8850,31.9700,31.6100,31.8750,27511600,29.6382
2024-03-11,31.8300,32.1050,31.7100,32.0350,20968200,29.7869
2024-03-12,31.9700,31.9850,31.5250,31.7250,29489000,29.4987
2024-03-13,31.9750,32.2250,31.8700,31.9400,25877800,29.6986
2024-03-14,31.8700,31.9950,31.4600,31.6850,31869800,29.4615
2024-03-15,31.5850,31.9000,31.5550,31.7300,35445000,29.5033
2024-03-18,31.5100,31.8150,31.3250,31.6150,26843800,29.6393
2024-03-19,31.6900,31.9250,31.6000,31.8950,19985400,29.9018
2024-03-20,31.8400,32.1000,31.7550,31.9350,32620800,29.9393
2024-03-21,32.0200,32.2350,31.8700,31.8850,40327800,29.8924
2024-03-22,32.0850,32.1450,31.8900,31.9300,21059400,29.9346
2024-03-25,32.0200,32.1000,31.8850,32.0800,23194200,30.0752
2024-03-26,32.1150,32.2100,31.6900,31.7150,29830400,29.7330
2024-03-27,31.9500,32.6000,31.9150,32.6000,34600400,30.5627
2024-03-28,32.5950,32.8800,32.5100,32.8250,27492200,30.7737
2024-04-01,32.8300,32.8650,32.4150,32.6250,22702600,30.5862
2024-04-02,32.5500,32.8700,32.5350,32.6800,30212400,30.6377
2024-04-03,32.6750,32.7650,32.4300,32.5500,26574200,30.5159
2024-04-04,32.8050,32.9000,32.2650,32.4850,29356800,30.4549
2024-04-05,32.2750,32.6650,32.1200,32.5800,32322400,30.5440
2024-04-08,32.5850,32.8500,32.5400,32.7950,20142600,30.7455
2024-04-09,32.8650,33.0400,32.7700,32.9750,24024200,30.9143
2024-04-10,32.3150,32.5350,32.1250,32.4100,38280600,30.3846
2024-04-11,32.5950,32.6350,32.1250,32.3450,25621200,30.3237
2024-04-12,32.4050,32.5000,31.9450,32.1000,39844800,30.0940
2024-04-15,32.3200,32.4550,31.6850,31.8050,29407800,29.8174
2024-04-16,31.7050,31.7400,31.2750,31.3850,32907600,29.4237
2024-04-17,31.5900,32.1200,31.5300,32.0400,28152800,30.0377
2024-04-18,32.1500,32.3300,31.9150,32.2200,22288600,30.2065
2024-04-19,32.3050,32.7850,32.2700,32.7150,37004600,30.6705
2024-04-22,32.7350,33.1050,32.5100,33.0150,23458600,30.9518
2024-04-23,33.0000,33.3800,32.9200,33.1700,22338000,31.0971
2024-04-24,32.8700,33.4800,32.7050,33.3700,26127000,31.2846
2024-04-25,33.2900,33.5950,33.0000,33.4600,31562400,31.3690
2024-04-26,33.4600,33.5050,33.0800,33.0950,24547400,31.0268
2024-04-29,33.3250,33.6050,33.2950,33.5450,29368200,31.4487
2024-04-30,33.3600,33.6300,33.1400,33.3700,29724800,31.2846
2024-05-01,33.3650,34.0600,33.2350,33.7550,42371800,31.6455
2024-05-02,33.8950,34.0200,33.6250,33.9350,28609400,31.8143
2024-05-03,34.2000,34.3150,33.9000,34.2050,29817000,32.0674
2024-05-06,34.3100,34.4150,34.1000,34.3800,21221400,32.2315
2024-05-07,34.5250,34.8000,34.4500,34.7700,28808200,32.5971
2024-05-08,34.6950,35.1550,34.6100,35.1350,27708200,32.9393
2024-05-09,35.1100,35.7050,35.0350,35.6700,48549200,33.4409
2024-05-10,35.8700,35.9250,35.5350,35.6350,39129200,33.4081
2024-05-13,35.7550,35.9300,35.5650,35.6350,21219200,33.4081
2024-05-14,35.7900,35.8400,35.5300,35.7300,23566400,33.4971
2024-05-15,36.1000,36.3650,36.0400,36.2650,29176600,33.9987
2024-05-16,36.2850,36.4550,36.0850,36.1400,25322400,33.8815
2024-05-17,36.0950,36.2550,35.9700,36.1700,21715600,33.9096
2024-05-20,36.2500,36.2500,36.0300,36.1100,13830400,33.8534
2024-05-21,36.0900,36.4500,36.0800,36.4350,16263400,34.1581
2024-05-22,36.2350,36.3600,35.9700,36.0050,21128800,33.7549
2024-05-23,35.9500,35.9500,35.3750,35.3950,28718600,33.1831
2024-05-24,35.4850,35.8900,35.4200,35.7500,16366800,33.5159
2024-05-28,35.7850,35.9300,35.6400,35.7150,17765200,33.4831
2024-05-29,35.4050,35.4500,35.1250,35.2550,28118600,33.0518
2024-05-30,35.3700,35.7550,35.3050,35.7300,18129600,33.4971
2024-05-31,35.8500,36.3950,35.6950,36.3600,24777600,34.0877
2024-06-03,36.3000,36.3350,35.8150,35.9450,36915800,33.6987
2024-06-04,35.8550,36.0550,35.5350,35.9300,29419600,33.6846
2024-06-05,35.8900,35.9200,35.6650,35.7250,17920400,33.4924
2024-06-06,35.6450,35.8550,35.3050,35.3550,18184800,33.1456
2024-06-07,35.0500,35.3300,34.9600,34.9700,16286800,32.7846
2024-06-10,34.9650,35.4800,34.8750,35.4200,19591400,33.2065
2024-06-11,35.1200,35.2550,34.9050,35.2050,22694800,33.0049
2024-06-12,35.6500,35.6550,34.8600,34.9750,24912200,32.7893
2024-06-13,35.0300,35.1850,34.6900,35.0550,22974000,32.8643
2024-06-14,34.8500,35.0150,34.7050,34.9700,20280600,32.7846
2024-06-17,34.7850,34.8650,34.5500,34.5850,21026400,32.4237
2024-06-18,34.3050,34.6100,34.2750,34.6000,24573600,32.4377
2024-06-20,34.7100,34.9700,34.5950,34.9000,27948000,32.7190
2024-06-21,35.0300,35.0700,34.6700,34.6950,18990800,32.5268
2024-06-24,34.4100,34.9850,34.3850,34.8700,17956800,32.9544
2024-06-25,34.8000,34.8950,34.4300,34.5400,25099400,32.6426
2024-06-26,34.4100,34.4700,34.1900,34.3950,13882000,32.5055
2024-06-27,34.4250,34.5000,34.2200,34.4550,10899600,32.5622
2024-06-28,34.4550,34.5000,33.9100,34.0700,23063000,32.1984
2024-07-01,34.4250,34.4850,33.8000,33.8350,16757800,31.9763
2024-07-02,33.9150,34.0750,33.8600,34.0100,16724200,32.1417
2024-07-03,34.0600,34.4550,33.9950,34.2150,13241200,32.3354
2024-07-05,34.2700,34.4200,34.1150,34.2750,13830600,32.3921
2024-07-08,34.3050,34.4200,34.1800,34.3100,13634400,32.4252
2024-07-09,34.3100,34.7000,34.2750,34.4100,21601200,32.5197
2024-07-10,34.5400,34.7450,34.2800,34.7350,13800000,32.8269
2024-07-11,34.9100,35.4650,34.8950,35.3700,29766400,33.4270
2024-07-12,35.4950,35.8600,35.3400,35.6300,16524200,33.6727
2024-07-15,35.2300,35.3400,34.7100,34.7650,29827600,32.8552
2024-07-16,34.9750,35.0950,34.8700,35.0350,15009200,33.1104
2024-07-17,35.0000,35.5000,34.9100,35.0550,27516000,33.1293
2024-07-18,35.0100,35.3650,34.9650,35.0250,13542600,33.1009
2024-07-19,35.0900,35.1750,34.8550,35.0650,12985400,33.1387
2024-07-22,35.2500,35.4400,35.1300,35.3600,12965400,33.4175
2024-07-23,35.2900,35.3550,35.1150,35.1400,12686400,33.2096
2024-07-24,35.3900,35.6750,35.1750,35.5350,25284800,33.5829
2024-07-25,35.7000,35.8900,35.0900,35.2400,26666000,33.3041
2024-07-26,35.5200,35.6550,35.3900,35.5850,16706400,33.6302
2024-07-29,35.7200,35.8600,35.4300,35.7450,15151200,33.7814
2024-07-30,35.7050,35.9600,35.6300,35.9300,16696400,33.9562
2024-07-31,36.4350,36.4750,36.0450,36.3950,21765400,34.3957
2024-08-01,36.4650,37.1000,36.4200,37.0500,32567400,35.0147
2024-08-02,37.5200,37.7800,36.6050,37.1100,48257200,35.0714
2024-08-05,37.3050,37.3050,36.0900,36.1300,41099800,34.1452
2024-08-06,36.2700,36.8550,36.2450,36.4350,29286400,34.4335
2024-08-07,36.7350,37.0700,36.5000,36.6400,24758800,34.6272
2024-08-08,36.5000,36.9050,36.3950,36.6800,23360400,34.6650
2024-08-09,36.7700,36.8550,36.1750,36.8050,16708400,34.7831
2024-08-12,36.8150,36.8850,36.5950,36.8700,15027000,34.8446
2024-08-13,37.0250,37.1200,36.8600,37.0850,17075000,35.0478
2024-08-14,37.0000,37.2800,36.7850,37.0600,16166000,35.0241
2024-08-15,36.8450,37.1650,36.7200,37.0550,18807600,35.0194
2024-08-16,37.0950,37.3450,36.9350,37.2200,13522800,35.1754
2024-08-19,37.2550,37.4900,37.2250,37.4650,11505400,35.4069
2024-08-20,37.4650,37.5900,37.3450,37.3850,15989800,35.3313
2024-08-21,37.4400,37.7650,37.3900,37.6500,13451800,35.5817
2024-08-22,37.6900,37.7700,37.4550,37.6050,14648000,35.5392
2024-08-23,37.7350,37.8900,37.6000,37.7100,15050400,35.6384
2024-08-26,37.8400,38.1100,37.8350,37.9550,13336400,35.8700
2024-08-27,37.8750,38.0100,37.6400,37.6550,16666800,35.5865
2024-08-28,37.7700,37.9800,37.6250,37.6550,10482800,35.5865
2024-08-29,37.7800,37.8950,37.4100,37.8600,12758200,35.7802
2024-08-30,37.9300,38.2000,37.7900,38.1450,17007400,36.0495
2024-09-03,38.1550,38.3650,37.9700,38.0900,23627000,35.9976
2024-09-04,38.2750,38.7050,38.2250,38.4150,27303200,36.3047
2024-09-05,38.7050,38.7550,38.2050,38.3200,15545400,36.2149
2024-09-06,38.4050,38.4850,37.9500,37.9550,19605800,35.8700
2024-09-09,38.1200,38.3450,37.9000,38.3400,14366200,36.2338
2024-09-10,38.4100,38.6800,38.2800,38.5200,23255400,36.4039
2024-09-11,38.5250,38.6800,38.0750,38.6400,20766600,36.5173
2024-09-12,38.7250,38.7900,38.4850,38.7250,19335000,36.5977
2024-09-13,38.8550,39.2800,38.7050,39.2700,16238800,37.1127
2024-09-16,39.3950,39.6800,39.2900,39.5700,19910600,37.3963
2024-09-17,39.5900,39.6900,39.4100,39.5400,27963000,37.3679
2024-09-18,39.4700,39.5800,39.0700,39.2400,47034800,37.0844
2024-09-19,39.1000,39.1900,38.6900,39.0100,41536400,36.8670
2024-09-20,39.5000,40.1250,39.4450,40.0400,44279200,37.8404
2024-09-23,40.0150,40.2000,39.8700,40.1650,23340600,38.2158
2024-09-24,39.9400,40.3850,39.7950,39.8800,28105200,37.9446
2024-09-25,40.1000,40.2100,39.7400,40.0900,16359200,38.1444
2024-09-26,40.0150,40.1900,39.7050,39.8150,19794600,37.8828
2024-09-27,39.9800,40.3200,39.9400,40.2100,14804000,38.2586
2024-09-30,40.2900,40.4150,39.9300,40.3900,19014200,38.4299
2024-10-01,40.3450,40.7750,40.1000,40.7150,24362400,38.7391
2024-10-02,40.4550,40.8100,40.3850,40.7350,16491600,38.7581
2024-10-03,40.9600,41.0300,40.6200,40.7200,24205400,38.7439
2024-10-04,40.3700,40.7000,40.2400,40.6550,25082800,38.6820
2024-10-07,40.5200,40.5450,39.6150,39.7200,35284000,37.7924
2024-10-08,39.8950,40.0200,39.7350,39.7400,26022200,37.8114
2024-10-09,39.6300,39.7500,39.1750,39.4000,34288000,37.4879
2024-10-10,39.4400,39.7500,39.2600,39.2800,26326600,37.3737
2024-10-11,39.1500,39.6250,39.0250,39.6250,19332600,37.7020
2024-10-14,39.6850,40.1600,39.6100,40.1250,18041800,38.1777
2024-10-15,40.3000,40.6000,40.2600,40.3050,26427600,38.3490
2024-10-16,40.5050,41.1850,40.3250,41.1050,19099600,39.1102
2024-10-17,41.2400,41.2500,40.7100,40.7400,23527200,38.7629
2024-10-18,40.7050,40.9950,40.5250,40.9750,14035200,38.9865
2024-10-21,41.0700,41.1900,40.6550,40.8150,14811600,38.8342
2024-10-22,40.5400,40.7550,40.3450,40.6700,17119200,38.6963
2024-10-23,40.7000,41.0750,40.6250,41.0600,19645000,39.0674
2024-10-24,41.0650,41.1500,40.6600,40.7950,13092000,38.8152
2024-10-25,41.0000,41.0350,40.1600,40.1900,17518200,38.2396
2024-10-28,40.4050,40.7100,40.3100,40.5050,14622800,38.5393
2024-10-29,40.0550,40.0600,39.6300,39.6400,27733000,37.7163
2024-10-30,39.7950,39.8700,39.4750,39.5450,20910600,37.6259
2024-10-31,39.6450,40.2500,39.6150,39.9550,27516000,38.0160
2024-11-01,39.9500,40.0700,39.0300,39.0650,30861000,37.1692
2024-11-04,38.6750,38.8800,38.3900,38.6000,27956200,36.7267
2024-11-05,38.5800,39.1800,38.4650,39.1800,19016200,37.2786
2024-11-06,38.6750,38.9450,38.4100,38.7750,32958800,36.8932
2024-11-07,38.9700,39.2350,38.6400,38.8450,37703200,36.9599
2024-11-08,39.0400,39.6750,39.0100,39.5900,28857200,37.6687
2024-11-11,39.5950,39.9350,39.5050,39.7000,26011000,37.7734
2024-11-12,39.5800,39.6700,39.0550,39.2450,18703200,37.3404
2024-11-13,39.5000,39.5150,39.0100,39.1750,16411800,37.2738
2024-11-14,39.2250,39.4250,38.9800,39.0400,17707400,37.1454
2024-11-15,39.0700,39.6750,38.9950,39.6250,23931400,37.7020
2024-11-18,39.5900,40.0800,39.5400,39.9700,14660200,38.0303
2024-11-19,39.8200,40.2300,39.6300,40.2250,11750400,38.2729
2024-11-20,40.3000,40.4350,40.0450,40.2450,12196800,38.2919
2024-11-21,40.3050,40.9950,40.1100,40.9450,21764000,38.9579
2024-11-22,41.0750,41.1350,40.7100,40.7250,15761400,38.7486
2024-11-25,41.0500,41.1250,40.5000,40.8000,14253800,38.8200
2024-11-26,40.9150,41.4750,40.8100,41.4500,17374800,39.4384
2024-11-27,41.5750,41.7050,41.4100,41.4500,17156600,39.4384
2024-11-29,41.5850,41.6150,41.3750,41.4650,9234800,39.4527
2024-12-02,41.4600,41.4750,40.5600,40.5750,22084200,38.6059
2024-12-03,40.8200,40.9500,40.2150,40.2250,18853600,38.2729
2024-12-04,40.3500,40.4500,40.0650,40.2200,24169400,38.2681
2024-12-05,40.2650,40.5700,40.1600,40.3450,14226000,38.3871
2024-12-06,40.3650,40.4600,39.7700,39.8450,14228600,37.9113
2024-12-09,39.8450,39.9000,39.3200,39.3450,21053800,37.4356
2024-12-10,39.2800,39.2800,38.7450,39.0600,20319000,37.1644
2024-12-11,39.1650,39.1950,38.7450,38.8150,14759600,36.9313
2024-12-12,39.0000,39.1250,38.7600,38.7950,15425000,36.9123
2024-12-13,38.8500,39.0250,38.7550,38.8200,13808400,36.9361
2024-12-16,38.8550,38.9550,38.4950,38.5100,16121000,36.6411
2024-12-17,38.2700,38.5100,38.1950,38.3500,15876800,36.4889
2024-12-18,38.3250,38.3800,37.4200,37.4450,29811800,35.6278
2024-12-19,37.4800,38.0400,37.4700,37.6150,27076400,35.7895
2024-12-20,37.4000,38.3000,37.3500,38.2150,25188600,36.3604
2024-12-23,37.8050,38.0600,37.4350,38.0300,20114400,36.4842
2024-12-24,38.0300,38.2500,37.9150,38.2400,9010200,36.6856
2024-12-26,38.0800,38.2550,37.9950,38.1500,10114000,36.5993
2024-12-27,37.9500,38.1500,37.7950,38.0400,13805400,36.4938
2024-12-30,37.8700,37.9750,37.5350,37.8800,16870000,36.3403
2024-12-31,37.9550,38.0700,37.6650,37.8450,12605400,36.3067
2025-01-02,38.1200,38.3300,37.8600,38.1350,24103400,36.5849
2025-01-03,38.3550,38.7450,38.1900,38.5400,17767000,36.9734
2025-01-06,38.5400,38.5700,37.9850,38.1100,25623800,36.5609
2025-01-07,38.2400,38.4050,37.9150,38.0150,22856400,36.4698
2025-01-08,37.9500,38.0450,37.3800,38.0050,26845800,36.4602
2025-01-10,38.1250,38.4200,37.6100,37.7900,31217000,36.2539
2025-01-13,37.7500,37.7900,36.9550,37.3500,24891600,35.8318
2025-01-14,37.4950,37.9550,37.4000,37.8400,19675000,36.3019
2025-01-15,38.5000,38.7750,38.3550,38.3950,21360400,36.8343
2025-01-16,38.3750,39.3800,38.3600,39.3650,30415000,37.7649
2025-01-17,39.3400,39.6000,39.2150,39.4200,14668800,37.8177
2025-01-21,39.8650,40.2200,39.7650,40.0250,21633400,38.3981
2025-01-22,40.1350,40.1350,39.1400,39.1600,23644800,37.5683
2025-01-23,39.3050,39.6300,39.2350,39.3450,21585000,37.7457
2025-01-24,39.2850,39.8600,39.2000,39.7450,16769600,38.1295
2025-01-27,38.9450,39.0400,37.9150,38.8250,42448200,37.2469
2025-01-28,38.8050,38.8050,37.9500,38.2900,28540200,36.7336
2025-01-29,38.2800,38.8100,38.2400,38.3700,19130800,36.8104
2025-01-30,38.8150,39.2300,38.7800,39.1700,18712600,37.5778
2025-01-31,39.2050,39.2400,38.8500,38.9400,19669600,37.3572
2025-02-03,38.4250,39.2950,38.3650,39.1500,28118800,37.5587
2025-02-04,38.9250,38.9900,38.4150,38.8050,20498200,37.2277
2025-02-05,39.1900,39.4600,38.8700,39.1950,15992600,37.6018
2025-02-06,39.3650,39.3650,38.8700,39.1500,12820800,37.5587
2025-02-07,39.1400,39.4150,39.0250,39.0700,14330400,37.4819
2025-02-10,39.1800,39.5100,38.9650,39.4950,10664200,37.8896
2025-02-11,39.3400,39.7150,39.0100,39.6950,10835600,38.0815
2025-02-12,39.1850,39.7200,39.0100,39.6250,14888800,38.0144
2025-02-13,39.7000,39.7900,39.4700,39.7150,17020800,38.1007
2025-02-14,39.6950,40.0150,39.5250,39.5500,13972000,37.9424
2025-02-18,39.7150,39.9850,39.5800,39.9200,15509000,38.2974
2025-02-19,39.8750,40.2500,39.8350,40.1300,12513200,38.4988
2025-02-20,40.0000,40.2200,39.6450,40.1250,17390800,38.4940
2025-02-21,40.1300,40.2650,39.9400,40.1350,15547400,38.5036
2025-02-24,40.2500,40.2550,39.7550,39.9350,14974000,38.3117
2025-02-25,39.7000,39.8150,39.1600,39.7350,21837800,38.1199
2025-02-26,39.8100,40.2500,39.6800,39.9000,15421800,38.2782
2025-02-27,39.7900,39.8800,38.9750,39.0150,25074600,37.4291
2025-02-28,39.2700,39.6250,39.0600,39.6100,21770000,38.0000
2025-03-03,39.5700,39.7900,39.4000,39.6650,19276400,38.0527
2025-03-04,39.6650,39.8750,38.9600,39.0200,22561800,37.4339
2025-03-05,38.7600,39.0200,38.4300,38.7450,20666800,37.1701
2025-03-06,38.4450,38.4800,37.8300,37.9400,25405800,36.3978
2025-03-07,38.0250,38.8150,37.9150,38.6450,23234400,37.0742
2025-03-10,38.5100,39.1850,38.5100,39.0700,37366000,37.4819
2025-03-11,39.0500,39.2000,38.5000,38.7050,32640000,37.1317
2025-03-12,38.7000,38.9250,38.3500,38.5850,17432000,37.0166
2025-03-13,38.7150,38.8400,38.4350,38.6800,16801200,37.1078
2025-03-14,38.7950,39.4800,38.6550,39.4350,18269400,37.8321
2025-03-17,39.4250,39.8300,39.2300,39.6000,19290400,37.9904
2025-03-18,39.3650,39.4350,39.0700,39.3250,19285200,37.7265
2025-03-19,39.3450,39.5250,39.2050,39.4700,16163400,37.8657
2025-03-20,39.4750,39.6900,39.3900,39.6300,16415200,38.0191
2025-03-21,39.4750,39.6650,39.1300,39.3750,15627600,37.7745
2025-03-24,39.2500,39.5600,39.0500,39.0850,13996800,37.7624
2025-03-25,39.0450,39.0550,38.2800,38.4600,22396000,37.1586
2025-03-26,38.4650,38.8050,38.4650,38.7150,15164000,37.4050
2025-03-27,38.6800,39.0250,38.5900,38.7050,13971800,37.3953
2025-03-28,38.9400,39.2350,38.8700,38.9900,19078600,37.6706
2025-03-31,39.0500,39.5850,39.0400,39.4250,21470000,38.0909
2025-04-01,39.4000,39.6400,39.1450,39.5250,18084800,38.1875
2025-04-02,39.4950,39.8000,39.2950,39.7100,12951200,38.3663
2025-04-03,39.6600,40.1050,39.4100,39.4600,38650200,38.1247
2025-04-04,39.6450,39.6450,37.0200,37.2650,66165400,36.0040
2025-04-07,36.6950,37.8200,35.8900,36.6950,73162600,35.4533
2025-04-08,37.3500,37.6150,36.1200,36.5450,39600400,35.3084
2025-04-09,36.2300,38.0850,35.5100,37.9850,70054800,36.6997
2025-04-10,37.7000,38.1400,36.9150,37.7000,44167800,36.4243
2025-04-11,37.6800,38.2900,37.2150,38.1600,28840000,36.8687
2025-04-14,38.4600,38.9700,38.2350,38.8450,19415600,37.5306
2025-04-15,38.9300,39.1850,38.7900,38.8400,15257200,37.5257
2025-04-16,38.9350,39.0850,38.3600,38.4900,17500800,37.1876
2025-04-17,38.6400,39.3750,38.6400,38.8850,18928800,37.5692
2025-04-21,38.7100,38.7550,37.5150,37.9650,20780000,36.6803
2025-04-22,38.3700,39.0850,38.3400,39.0000,21700800,37.6803
2025-04-23,39.3850,39.6050,38.8100,39.1650,27903600,37.8397
2025-04-24,39.1350,39.4050,38.8550,39.2250,16828000,37.8977
2025-04-25,39.2600,39.2850,38.9300,39.1050,14074600,37.7818
2025-04-28,39.1250,39.4250,38.8550,39.3450,11084800,38.0136
2025-04-29,39.2900,39.7150,39.1250,39.6500,13168000,38.3083
2025-04-30,39.4950,39.5850,38.7700,39.4500,18077200,38.1151
2025-05-01,39.6950,40.0650,39.4350,39.5650,17967000,38.2262
2025-05-02,39.7100,39.9950,39.4950,39.8750,16074000,38.5257
2025-05-05,39.7450,39.8950,39.3850,39.7750,14895800,38.4291
2025-05-06,39.7800,40.5400,39.7450,40.2600,20635000,38.8977
2025-05-07,40.1900,40.6100,40.0500,40.3750,19575000,39.0088
2025-05-08,40.3950,40.4950,39.9950,40.0500,22437800,38.6948
2025-05-09,40.1550,40.1650,39.8600,40.1200,17420400,38.7624
2025-05-12,40.3050,40.4100,39.7000,39.8800,27460200,38.5305
2025-05-13,39.8200,40.1350,39.6050,39.8250,24064000,38.4774
2025-05-14,39.7400,39.7550,39.0550,39.6500,22912600,38.3083
2025-05-15,39.8100,40.6050,39.7850,40.4950,26629200,39.1247
2025-05-16,40.5550,41.1050,40.4550,41.0900,20076800,39.6996
2025-05-19,40.7450,41.2850,40.7350,41.2650,16306400,39.8687
2025-05-20,41.2000,41.5250,41.2000,41.3850,18075200,39.9846
2025-05-21,41.2500,41.3300,40.5500,40.6300,22704000,39.2552
2025-05-22,40.2850,40.2850,39.5850,40.0500,30637600,38.6948
2025-05-23,40.3200,40.5650,39.8500,40.5300,21730200,39.1585
2025-05-27,40.8450,40.9400,40.5250,40.8350,18494200,39.4532
2025-05-28,40.8100,40.8300,40.0900,40.2650,20954600,38.9025
2025-05-29,40.2850,40.6100,40.1050,40.5450,20867400,39.1730
2025-05-30,40.4650,41.0300,40.3900,40.9600,20680400,39.5740
2025-06-02,40.7850,41.1450,40.6200,41.0900,26799200,39.6996
2025-06-03,41.5850,41.5850,40.8700,41.2000,28547800,39.8059
2025-06-04,41.1300,41.1300,40.4800,40.4800,33001800,39.1102
2025-06-05,40.5950,40.5950,40.3350,40.4150,21175000,39.0474
2025-06-06,40.6200,40.6650,40.2500,40.5950,21267200,39.2213
2025-06-09,40.5250,40.6800,40.2700,40.3350,24866400,38.9701
2025-06-10,40.4400,40.5250,40.1300,40.4300,28052800,39.0619
2025-06-11,40.5500,40.6050,40.3250,40.4550,21394800,39.0861
2025-06-12,40.4800,40.9700,40.4600,40.9450,19568600,39.5595
2025-06-13,40.8850,40.9550,40.5900,40.7100,25325400,39.3324
2025-06-16,40.9100,41.1300,40.3150,40.5100,27266600,39.1392
2025-06-17,40.4500,40.5500,39.8900,40.1750,28335800,38.8155
2025-06-18,40.2700,40.4800,40.0700,40.2800,22324000,38.9170
2025-06-20,40.3650,40.7200,40.3350,40.3900,31688200,39.0233
2025-06-23,40.3200,40.6850,40.2350,40.6200,25573000,39.5180
2025-06-24,40.6650,40.9100,40.5950,40.7950,20389600,39.6882
2025-06-25,40.7000,40.7000,40.1750,40.2500,26771800,39.1580
2025-06-26,40.3250,40.6050,40.2500,40.5850,18746200,39.4839
2025-06-27,40.6900,40.9950,40.5400,40.6650,25307800,39.5618
2025-06-30,40.4700,40.8750,40.3400,40.8300,22018000,39.7223
2025-07-01,40.8150,41.0000,40.3400,40.9700,39690200,39.8585
2025-07-02,40.8200,41.0050,40.4200,40.6150,21891000,39.5131
2025-07-03,40.6350,41.0850,40.5650,40.9200,14900200,39.8098
2025-07-07,40.8300,41.0350,40.7450,41.0050,20215600,39.8925
2025-07-08,40.7200,40.7200,40.1750,40.5700,44289800,39.4693
2025-07-09,40.7300,41.0300,40.4450,40.9500,40230400,39.8390
2025-07-10,40.8100,41.3650,40.6850,41.2850,29074000,40.1649
2025-07-11,40.9550,41.3850,40.8400,41.2250,22199800,40.1066
2025-07-14,41.1950,41.5250,40.9700,41.3900,23883400,40.2671
2025-07-15,41.3850,41.3850,40.7900,40.9950,26253000,39.8828
2025-07-16,41.0200,41.1800,40.6950,41.0150,22625000,39.9023
2025-07-17,40.9900,41.3100,40.9250,41.1850,19757000,40.0676
2025-07-18,41.3200,42.0200,41.2650,41.8750,28627400,40.7389
2025-07-21,41.9800,42.2650,41.8450,42.0100,19895600,40.8703
2025-07-22,42.1700,42.5500,42.0550,42.5250,23518200,41.3713
2025-07-23,42.9050,43.0100,42.0350,42.2050,40333000,41.0600
2025-07-24,42.2600,42.3500,42.0400,42.1500,22137600,41.0065
2025-07-25,42.2150,42.3050,42.0550,42.2600,16320400,41.1135
2025-07-28,42.2550,42.2650,41.7050,41.8100,22413600,40.6757
2025-07-29,41.9700,42.3150,41.8800,42.2900,18395400,41.1427
2025-07-30,42.4150,42.9850,42.3750,42.6050,27424400,41.4491
2025-07-31,42.4750,42.9000,42.4400,42.8350,30179600,41.6729
2025-08-01,42.7850,43.1300,42.4550,42.9000,35852000,41.7361
2025-08-04,43.1100,43.7800,43.0200,43.6600,25730800,42.4755
2025-08-05,43.6750,43.8350,43.0650,43.1950,21454400,42.0231
2025-08-06,43.2600,43.2750,42.7750,42.8100,23020600,41.6486
2025-08-07,42.6700,43.3950,42.5900,43.2750,25702800,42.1009
2025-08-08,43.3950,43.4750,42.9850,43.0900,18445200,41.9210
2025-08-11,43.2000,43.2300,42.7450,42.9550,19548800,41.7896
2025-08-12,43.0950,43.1500,42.7550,43.1400,20756800,41.9696
2025-08-13,43.2000,43.2650,42.8350,43.2350,22425400,42.0620
2025-08-14,43.0750,43.2050,42.8900,42.9350,18747800,41.7702
2025-08-15,42.8700,43.0450,42.5450,42.8100,29576600,41.6486
2025-08-18,42.8750,43.0350,42.5650,42.6250,16080000,41.4686
2025-08-19,42.6400,43.0600,42.5650,43.0400,16436800,41.8723
2025-08-20,43.1100,43.3600,42.9300,43.0850,20169000,41.9161
2025-08-21,43.0900,43.3100,42.6700,42.7900,16230000,41.6291
2025-08-22,43.0850,43.2700,42.8950,43.0200,19234800,41.8529
2025-08-25,42.8750,43.0000,42.4900,42.5350,16982200,41.3810
2025-08-26,42.5750,42.7250,42.3800,42.6300,17263000,41.4734
2025-08-27,42.6300,42.7400,42.5100,42.6400,16821400,41.4832
2025-08-28,42.6700,42.6850,42.2500,42.3150,16078800,41.1670
2025-08-29,42.2900,42.3800,42.0950,42.1600,19469400,41.0162
2025-09-02,42.0000,42.0700,41.7550,42.0200,20655000,40.8800
2025-09-03,41.8750,41.9950,41.6900,41.9150,17268000,40.7778
2025-09-04,42.2100,42.3200,41.6450,41.8650,22362200,40.7292
2025-09-05,41.9750,42.0750,41.4050,41.7350,27006800,40.6027
2025-09-08,41.7600,41.7800,41.1500,41.3100,28469400,40.1893
2025-09-09,41.3000,41.7350,41.2250,41.5950,25741400,40.4665
2025-09-10,41.7450,42.3800,41.7450,42.3100,32168800,41.1621
2025-09-11,42.2550,42.5650,42.1950,42.5350,24265200,41.3810
2025-09-12,42.4150,42.8750,42.3400,42.7500,18727000,41.5902
2025-09-15,42.7550,43.0500,42.7550,42.8500,22818400,41.6875
2025-09-16,42.7750,42.7900,42.0500,42.0700,21652800,40.9286
2025-09-17,42.3450,42.5350,42.0900,42.1750,20168200,41.0308
2025-09-18,42.1000,42.4750,41.9100,42.2050,25303000,41.0600
2025-09-19,42.3100,42.6450,42.0850,42.4750,20974000,41.3226
2025-09-22,42.2100,42.6950,42.1100,42.6000,19477000,41.7232
2025-09-23,42.5350,42.8900,42.4550,42.8200,17900600,41.9387
2025-09-24,42.9000,43.2000,42.7750,43.1250,17317600,42.2374
2025-09-25,43.0850,43.1750,42.7100,42.7100,18689600,41.8310
2025-09-26,42.8550,43.4200,42.8150,43.4050,16233800,42.5117
2025-09-29,43.3850,43.6000,43.0800,43.5300,17130800,42.6341
2025-09-30,43.5850,43.7750,43.2950,43.6050,21960000,42.7075
2025-10-01,43.6900,44.1200,43.6350,44.0250,29195400,43.1189
2025-10-02,43.9100,43.9600,43.6200,43.9450,22648600,43.0406
2025-10-03,44.0800,44.8650,44.0450,44.4550,25133200,43.5401
2025-10-06,44.7150,44.9350,44.4100,44.8850,20024200,43.9612
2025-10-07,45.0700,45.2850,44.9500,45.0900,32901800,44.1620
2025-10-08,45.4100,45.4650,45.0650,45.4000,19790400,44.4656
2025-10-09,45.5500,45.6850,45.1950,45.2850,21557400,44.3530
2025-10-10,45.4350,45.6850,45.0500,45.1000,23183800,44.1718
2025-10-13,45.1300,45.6550,45.1100,45.4450,18760600,44.5097
2025-10-14,45.3650,46.0000,45.2900,45.8500,17571800,44.9063
2025-10-15,46.0550,46.5900,46.0550,46.4500,19087600,45.4940
2025-10-16,46.5900,46.8850,45.9350,45.9450,29119000,44.9994
2025-10-17,46.0300,46.0950,45.5900,45.7850,21825800,44.8427
2025-10-20,46.1350,46.2450,45.5950,45.7700,25420000,44.8280
2025-10-21,45.8150,45.8700,45.0850,45.3050,22107800,44.3726
2025-10-22,45.4050,45.4300,44.9850,45.2000,19108600,44.2697
2025-10-23,45.4950,45.5200,44.9150,45.1650,16134000,44.2354
2025-10-24,45.4250,45.9200,45.3800,45.6950,21737600,44.7545
2025-10-27,45.6950,45.8650,45.2600,45.8200,16042800,44.8770
2025-10-28,45.9850,45.9850,45.0100,45.0650,20661400,44.1375
2025-10-29,45.0600,45.3550,44.8650,45.0500,24271800,44.1228
2025-10-30,45.0000,45.4250,44.8450,44.8600,18870800,43.9367
2025-10-31,44.6600,44.7900,44.3150,44.5500,18434000,43.6331
2025-11-03,44.5150,44.7000,44.0550,44.5750,22339600,43.6576
2025-11-04,44.5550,44.5900,44.2250,44.4150,17156200,43.5009
2025-11-05,44.4050,44.6350,44.2200,44.4250,16858200,43.5107
2025-11-06,44.3450,44.6800,44.2100,44.2300,23668200,43.3197
2025-11-07,44.0500,44.8550,44.0500,44.8450,24337600,43.9220
2025-11-10,44.9750,45.1800,44.4450,44.8300,17947200,43.9073
2025-11-11,44.8500,45.0300,44.6050,44.8550,14435400,43.9318
2025-11-12,44.8850,45.0000,44.7100,44.9600,15018400,44.0347
2025-11-13,44.8450,44.8450,44.3050,44.3400,20675400,43.4274
2025-11-14,44.2150,44.7200,44.1100,44.3800,20168200,43.4666
2025-11-17,44.4650,44.9300,44.4200,44.7800,24201400,43.8584
2025-11-18,44.8200,45.0350,44.5950,44.6100,25158800,43.6919
2025-11-19,44.6450,44.7700,44.1400,44.2350,25095600,43.3246
2025-11-20,44.5850,44.8600,43.9800,44.0100,25543200,43.1042
2025-11-21,44.1950,44.2500,43.7600,44.0750,28589400,43.1679
2025-11-24,44.1400,44.6900,43.8650,44.5750,23572800,43.6576
2025-11-25,44.6900,44.7600,44.2250,44.4050,22195600,43.4911
2025-11-26,44.6450,45.0500,44.5600,44.9950,16759200,44.0689
2025-11-28,45.0700,45.3500,45.0250,45.3150,7882600,44.3824
2025-12-01,45.0600,45.0600,44.2300,44.2550,26339000,43.3442
2025-12-02,44.4600,44.4600,43.8850,43.9400,17384200,43.0357
2025-12-03,43.9750,44.1000,43.6300,43.8000,21728000,42.8985
2025-12-04,43.7750,44.0600,43.5600,43.7100,15535200,42.8104
2025-12-05,43.7200,43.7800,43.2800,43.3000,13474700,42.4088
2025-12-08,43.3800,43.4100,42.6600,42.7200,21607900,41.8408
2025-12-09,42.9500,43.1700,42.7300,42.7500,24347200,41.8701
2025-12-10,42.8000,42.8300,42.4200,42.7300,25940200,41.8506
2025-12-11,42.6500,43.1500,42.6500,43.0400,18703300,42.1542
2025-12-12,43.1700,43.3800,42.7700,42.8300,17179800,41.9485
2025-12-15,43.1100,43.2900,42.8300,43.2200,19176400,42.3305
2025-12-16,43.2000,43.3100,42.7800,43.0400,19067900,42.1542
2025-12-17,43.0600,43.1400,42.5400,42.7600,19444600,41.8799
2025-12-18,43.0300,43.4200,42.9700,43.1800,21935800,42.2913
2025-12-19,43.1200,43.3700,42.6000,42.6300,22612000,41.7526
2025-12-22,42.2900,42.5300,42.0300,42.4700,17894900,41.9075
2025-12-23,42.4000,42.7500,42.3800,42.6200,15097300,42.0555
2025-12-24,42.6100,42.8600,42.5500,42.8100,5761000,42.2430
2025-12-26,42.7900,42.8700,42.6300,42.7800,8436700,42.2134
2025-12-29,42.8100,43.1100,42.7700,42.8600,12838700,42.2924
2025-12-30,42.8800,43.0400,42.8100,42.9600,9255300,42.3910
2025-12-31,42.9700,43.0100,42.6800,42.6900,10129000,42.1246
