title,date,url,author,content
财报电话会议：Nalco 2026财年Q1每股收益超预期，股价涨3.1%,2026-8-3 14:47,https://cn.investing.com/news/transcripts/article-93CH-3492999,,"Nalco Limited公布了本季度略超预期的业绩，每股收益为10.40，高于分析师预期的10.16，而营收则小幅低于预期，报530亿（约合530亿卢比），略低于预期的536.5亿。公司表示，本季度创下了其有史以来第一财季生产和盈利能力的最佳纪录，盘后股价上涨3.1%至$360.90，显示出投资者更关注每股收益超预期、强劲的现金生成能力以及公司的扩张计划，而非小幅的营收缺口。






Nalco表示，2027财年第一季度总收入同比增长39%，从上年同期的₹3,930克罗尔增至₹5,400克罗尔。税前利润增长88%，EBITDA增长78%。管理层将本季度描述为公司在营收和盈利能力方面最强劲的第一财季。
业绩增长主要得益于主要生产线产量提升以及有利的市场定价。公司表示，在铝土矿、氢氧化铝和风力发电方面均创下第一财季最佳产量纪录，氧化铝产量超过额定产能，金属产量同样高于铭牌产能水平。
Nalco是印度矿业部下属的中央公共部门企业，也是印度最大的综合铝生产商之一，业务涵盖铝土矿开采、氧化铝精炼、铝冶炼以及自备电力和煤炭资源。






Nalco每股收益10.40超出预期10.16约0.24，超出幅度约为2.4%。营收535.2亿低于预期536.5亿约1.3亿，差距约为0.2%。
整体业绩喜忧参半，但略偏正面。每股收益超预期足以抵消小幅营收缺口的影响，尤其是管理层将本季度定性为运营高点。在此情况下，盈利质量显然比营收数字更受市场关注。
公司并未将此次超预期表现定性为一次性事件，而是将其归因于产量提升、利用率改善以及全业务定价优化。这使得本季度的表现看起来比单纯的营收数字更为强劲。


Nalco股价最新报$360.90，较前收盘价$350.05上涨3.1%。此次上涨发生在盘后，紧随季度业绩及管理层评论发布之后。
该股目前处于52周区间$179.93至$445.15的上半段，较低点高出约66%，较高点低约19%，显示出过去一年的强劲复苏态势。
股价上涨表明，投资者对每股收益超预期、公司充裕的现金储备以及产量增长前景感到鼓舞，小幅营收缺口对市场情绪的影响似乎并不明显。


Nalco表示，预计2027财年氧化铝产量为250万吨，氧化铝销售量为160万吨。公司同时维持全年铝金属产量目标在476万至477万吨。
公司预计自备煤炭产量将增至480万吨，较2026财年增长20%。管理层表示，矿山已按该年化速率运营，但环境许可仍在审批中。
在资本支出方面，Nalco指引2027财年支出为₹1,500克罗尔至₹1,800克罗尔，2028财年升至₹2,500克罗尔，2029财年为₹4,000克罗尔至₹5,000克罗尔，2030财年为₹6,000克罗尔至₹7,000克罗尔。更广泛的扩张计划包括一座造价₹5,600克罗尔的氧化铝精炼厂，以及一个估值₹25,000克罗尔的独立50万吨冶炼项目。
管理层表示，公司可通过内部积累资金和现有现金为扩张计划提供资金，无需外部借贷。


公司秘书Baruchawu表示：「Nalco在第一季度已取得强劲业绩。就第一季度进展而言，我们在铝土矿、氢氧化铝生产以及风力发电方面均创下历史最佳纪录。」
财务总监表示：「我们的整体总收入从₹3,930克罗尔增至₹5,400克罗尔，第一季度同比增长约39%。从盈利来看，税前利润增长约88%，EBITDA增长约78%。」
在谈及新建氧化铝精炼厂时，他表示：「我们的目标是在9月底前完成所有项目包的机械竣工，先进行综合试验，即需要在各项目包内完成水运行。」
他还指出，氧化铝价格涨幅超出预期，表示公司原本预期每吨约$310至$320，但由于俄罗斯和中国的供应问题，目前实际获价约为每吨$370。






分析师重点关注Nalco扩张项目的时间安排和经济效益，尤其是新建氧化铝精炼厂和50万吨冶炼项目。
问题还集中在成本压力方面，分析师询问原材料价格上涨是否会在下一季度对利润率造成冲击。Nalco表示，氧化铝价格上涨应能抵消部分压力。
其他话题包括国内铝溢价、出口定价、自备煤炭产量、煤炭库存水平以及公司对再生铝的看法。管理层表示目前没有进入回收领域的计划，认为质量控制对其业务更为重要。
分析师还就本季度员工成本下降提出疑问。Nalco表示，下降原因在于退休人员增加、基层招聘减少以及拨备降低，但薪资调整可能导致成本在年内晚些时候有所上升。

本文由人工智能协助翻译。更多信息，请参见我们的使用条款。"
Nalco第一季度每股收益超预期，股价上涨3.1%,2026-8-3 14:49,https://cn.investing.com/news/transcripts/article-93CH-3493003,,"Nalco Limited（纳尔科有限公司）公布了本季度业绩，每股收益为10.40，超出分析师预期的10.16；营收为535.2亿，略低于预期的536.5亿。公司表示，本季度创下了其有史以来第一季度生产与盈利能力的最佳纪录。受此提振，该股盘后上涨3.1%，报$360.90，显示投资者更关注每股收益超预期、强劲的现金生成能力以及公司扩张计划，而非小幅的营收缺口。






Nalco表示，2027财年第一季度总收入同比增长39%，从上年同期的₹3,930克罗尔升至₹5,400克罗尔。税前利润增长88%，EBITDA增长78%。管理层将本季度描述为公司在营收和盈利能力方面最强劲的第一季度。
业绩增长主要得益于主要生产线产量提升以及有利的市场定价。公司表示，铝土矿、水合物及风力发电均创下第一季度历史最高产量，氧化铝产量超过额定产能，金属产量也高于铭牌产能水平。
Nalco是印度矿业部下属的中央公共部门企业，也是印度最大的铝一体化生产商之一，业务涵盖铝土矿开采、氧化铝精炼、铝冶炼以及自备电力和煤炭资源。






Nalco每股收益10.40，超出预期10.16约0.24，超出幅度约2.4%。营收535.2亿低于预期536.5亿约1.3亿，差距约0.2%。
整体而言，本季度业绩喜忧参半，但略偏正面。每股收益超预期足以抵消小幅营收缺口，尤其是管理层将本季度定性为运营高点。在此情况下，盈利质量似乎比营收数字本身更受市场重视。
公司并未将本次超预期表现定性为一次性事件，而是将其归因于更高的产量、更好的产能利用率以及业务整体定价的改善，这使得本季度的实际表现比单纯的营收数字更具说服力。


Nalco股价最新报$360.90，较前收盘价$350.05上涨3.1%。这一涨幅出现在盘后，正值季度业绩及管理层评论发布之后。
目前，该股处于其52周区间$179.93至$445.15的上半段，较低点高出约66%，较高点低约19%，显示过去一年股价已大幅回升。
股价上涨表明投资者对每股收益超预期、公司充裕的现金储备以及产量增长前景感到鼓舞，小幅营收缺口对市场情绪的影响似乎有限。


Nalco表示，预计2027财年氧化铝产量为250万吨，氧化铝销售量为160万吨，并维持全年铝金属产量目标在476万至477万吨。
公司预计自备煤炭产量将增至480万吨，较2026财年增长20%。管理层表示，矿山已按该年化速率运营，但环境许可仍在审批中。
在资本支出方面，Nalco预计2027财年为₹1,500克罗尔至₹1,800克罗尔，2028财年升至₹2,500克罗尔，2029财年为₹4,000克罗尔至₹5,000克罗尔，2030财年为₹6,000克罗尔至₹7,000克罗尔。更宏观的扩张计划包括一座造价₹5,600克罗尔的氧化铝精炼厂，以及一个估值₹25,000克罗尔的50万吨独立冶炼项目。
管理层表示，公司可通过内部积累资金及现有现金支持扩张计划，无需外部借贷。


公司秘书Baruchawu表示：「Nalco在第一季度已取得强劲表现。就第一季度进展而言，我们在铝土矿、水合物生产以及风力发电方面均创下历史最佳纪录。」
财务总监表示：「我们的总收入从₹3,930克罗尔增长至₹5,400克罗尔，同比增幅约39%。从盈利来看，税前利润增长约88%，EBITDA增长约78%。」
谈及新建氧化铝精炼厂，他表示：「我们的目标是在9月底前完成所有相关工程包的机械竣工，先进行综合试运行，即需要在各工程包内完成水运行测试。」
他还指出，氧化铝价格涨幅超出预期，称公司此前预计每吨约$310至$320，但由于俄罗斯和中国的供应问题，目前实际售价约为每吨$370。






分析师重点关注Nalco扩张项目的时间安排和经济效益，尤其是新建氧化铝精炼厂及50万吨冶炼项目。
问题还集中在成本压力方面，分析师询问原材料价格上涨是否会影响下季度利润率。Nalco表示，氧化铝价格上涨应能部分抵消相关压力。
其他话题包括国内铝溢价、出口定价、自备煤炭产量、煤炭库存水平以及公司对再生铝的看法。管理层表示目前没有进入回收领域的计划，认为质量控制对其业务更为重要。
分析师还询问了本季度员工成本下降的原因。Nalco表示，这主要反映了退休人员增加、入职级别招聘减少以及拨备降低，但若年内进行薪酬调整，成本可能有所上升。

本文由人工智能协助翻译。更多信息，请参见我们的使用条款。"
印度上调燃料出口暴利税，应对油价持续波动,2026-8-3 22:16,https://cn.investing.com/news/economy-news/article-93CH-3494193,Vlad Schepkov,"Investing.com -- 据印度政府周一发布的一项命令，印度自即日起上调燃料出口暴利税。此举背景是，受伊朗局势影响，全球油价持续震荡。
汽油出口税从每升2.5卢比上调至3.5卢比（约合$0.0367）。政府表示，此次上调旨在保障国内燃料供应。
柴油出口方面，通过两项税收征收合计每升25.5卢比的关税，较两周前的15.5卢比大幅提高。
航空燃油出口税则从此前的每升14.5卢比上调至22卢比。

本文由人工智能协助翻译。更多信息，请参见我们的使用条款。"
TotalEnergies将欧洲可再生能源资产50%股权出售给KKR,2026-8-3 15:25,https://cn.investing.com/news/company-news/article-93CH-3493081,,"巴黎和伦敦——据新闻稿声明，TotalEnergies（道达尔能源）已签署协议，将一个总装机容量1.2 GW的陆上太阳能和风能资产组合50%的股权，出售给由KKR管理的一个保险账户。
该资产组合的企业价值为18亿欧元，涵盖德国、西班牙、法国和波兰的相关资产。这些资产所产生的电力将出售给第三方，或由TotalEnergies负责销售。
TotalEnergies将保留上述资产50%的股权，并在交易完成后继续负责运营。交易预计于2026年完成，并须满足惯常交割条件。
KKR欧洲基础设施联席主管文森特·波利卡尔（Vincent Policard）表示：""此次投资体现了我们对欧洲可再生能源板块长期基本面的坚定信心，以及基础设施在能源转型中将持续发挥关键作用的判断。""
KKR（NYSE:KKR）是一家全球性投资公司，提供另类资产管理、资本市场及保险解决方案，旗下投资基金涵盖私募股权、信贷及实物资产等领域。
TotalEnergies是一家综合性能源公司，业务涵盖石油、生物燃料、天然气、生物气、低碳氢能、可再生能源及电力的生产与销售。截至2026年6月底，该公司可再生能源总装机容量已超过37 GW。

本文由人工智能协助翻译。更多信息，请参见我们的使用条款。"
"Aemetis印度子公司获得约$1,700万生物柴油供应合同",2026-8-4 20:14,https://cn.investing.com/news/company-news/article-93CH-3496341,,"加利福尼亚州库比蒂诺 - Aemetis公司（NASDAQ:AMTX）今日宣布，其印度子公司Universal Biofuels（音译，下同）获得配额，将在三个月内向印度三家国有石油营销公司供应逾1,800万升生物柴油，消息来源于公司新闻稿。
此次合同预计将为公司带来约$1,700万的营收。与此同时，Universal Biofuels还在向私营商业客户供应精馏生物柴油。
公司预计在2026年底前将收到来自上述石油营销公司的更多燃料供应订单。这些订单有助于推动印度《国家生物燃料政策》的落实——该政策旨在将生物柴油掺混比例从目前的1%提升至2030年的5%目标。
Universal Biofuels首席执行官Sanjeev Duggal表示，公司正积极与印度政府合作，共同推动生物柴油行业的建设与发展。
Aemetis董事长兼首席执行官Eric McAfee表示，原油成本的上涨已导致印度柴油价格多次上调，这进一步支撑了印度政府每年逾12亿加仑的生物柴油掺混目标。
Universal Biofuels在卡基纳达运营一座生物柴油工厂，年产能约为8,000万加仑。该工厂已运营逾18年，采用专有酶法工艺生产生物柴油。
该子公司正筹备潜在的首次公开募股（IPO），计划在印度证券交易所向公众投资者出售少数股权，具体进程将视市场情况而定。
Aemetis总部位于加利福尼亚州库比蒂诺，旗下还在加利福尼亚州运营一座年产能6,500万加仑的乙醇生产设施，并正在开发可持续航空燃料及碳封存项目。
本文在AI的支持下生成，并经编辑审核。详情请参阅我们的条款与条件。"
石油巨头利润率创纪录背后：炼油瓶颈取代油价成通胀新引擎，美国通胀面临二次反弹,2026-8-3 15:00,https://cn.investing.com/news/stock-market-news/article-3493010,,"智通财经APP获悉，美国无铅汽油的平均价格已悄然升至 4 美元/加仑以上。埃克森美孚(XOM.US)和雪佛龙(CVX.US)本周警告称，全球柴油及其他成品油的供应可能将持续紧张，并在未来几个月内推高价格使其居高不下。
这两家公司在周五均报告了第二季度炼油利润的大幅增长。目前，由于中东与俄罗斯的战争破坏了供应，加之燃料库存不断消耗，全球炼油产能正处于极度短缺的状态。
根据 Melius Research 的数据，随着霍尔木兹海峡的大部分关闭、乌克兰对俄罗斯炼油厂的持续袭击，以及中国的出口禁令，全球近 10% 的原油炼制能力实际上处于瘫痪状态。
因此，各大炼油厂正在全力满负荷运转以满足需求，这意味着即使有原油可供加工，它们也无法生产出更多的燃料。这种情况导致炼油利润创下历史新高，在让炼油厂所有者获利的同时，也推高了消费者的成本。
埃克森美孚位于美国墨西哥湾沿岸的炼油厂在第二季度的产能利用率达到了 95%，而雪佛龙在美炼油厂在该季度的利用率则达到了 97%。
埃克森美孚CEO达伦·伍兹在公司的财报电话会议上表示，“我从未见过相对于需求而言，可用产能会像今天这样低，”“整个行业需要相当长的时间才能走出这个困境。”
埃克森美孚首席财务官尼尔·汉森表示，石油市场最大的瓶颈并不一定在于通过霍尔木兹海峡的石油运输受阻，而在于全球炼油产能的匮乏。
汉森说，“目前可用的炼油产能处于我们所见过的最低水平，”这主要是由霍尔木兹海峡之外的市场动态造成的。“这确实导致了创纪录的炼油利润率。”
埃克森美孚表示，其第二季度的柴油产量创下了自 2014 年以来任何单季度的最高纪录，其炼油部门获得了 55 亿美元的收益，大幅高于去年同期的 14 亿美元。
雪佛龙首席执行官迈克·沃思在公司的财报电话会议上指出，随着北半球国家在冬季前补充取暖油库存，包括柴油、航空煤油和取暖油在内的中间精炼油市场可能会进一步收紧。
沃思说，“我认为，进入第三季度甚至更长时间，我们将看到成品油价格面临一些上涨压力。”
Tortoise Capital Advisors 高级投资组合经理罗布·瑟梅尔在报告中表示，汽油价格正开始与原油价格脱钩，转而根据库存水平进行交易。
精炼油库存“正在接近历史低点，”瑟梅尔表示，“汽油价格受原油价格变动的影响变小了，更多地是反映了库存水平的变动。”
美国通胀面临“二次反弹”隐忧
在过去数月的宏观讨论中，市场习惯于将国际原油价格视作判断美国通胀趋势的“晴雨表”。然而，随着全球炼油产能陷入结构性偏紧，埃克森美孚与雪佛龙等炼油巨头斩获创纪录利润的背后，一个更具隐蔽性与破坏力的机制正在形成——高炼油利润率正替代原油价格本身，成为推高美国终端通胀的主导力量。
传统逻辑认为，只要原油供应稳定，终端加油站价格就会随之回落。然而，当前市场的断层在于“精炼瓶颈”。由于地缘冲突导致航道受阻、乌克兰袭击炼厂以及部分国家实施出口禁令，全球近10%的炼油能力陷入瘫痪。
即使原油价格保持平稳甚至小幅下行，极高的裂解价差依然将汽油与柴油的终端零售价推升至高位。这意味着，政府即使通过释放战略石油储备(SPR)向市场注入原油，也无法解决“缺乏足够炼厂将其加工成燃料”的物理瓶颈。原油供给与成品油供给的脱节，使得终端燃油价格呈现出极强的向下粘性。
对美国通胀而言，汽油价格直接影响消费者感知，但柴油与中间精炼油的高利润与极低库存，对整体经济的“二次传导”威胁更为严峻。
柴油是重型卡车、铁路运输和农用机械的“血液”。当炼油厂将柴油利润推至历史高位，运输企业的履约成本随之飙升，并迅速以“燃油附加费”的形式转移至零售商与农产品供应商，进而传导至终端食品和消费品价格。
航空煤油紧缺推动机票价格回升，取暖油在秋冬季补库潮中持续走高，这些因素直接拉动了服务业通胀。即便部分核心商品价格因供应链修复而下行，高昂的能源物流成本依然在不断挤压降幅空间。
美联储的决策困境
高炼油利润率带来的“燃料溢价”，极大地增加了美联储实现通胀回归 2% 目标的难度。
高汽油价格是公众最容易感知到的经济指标。油价居高不下极易抬升居民的长期通胀预期，引发工资-物价螺旋式上升的隐患。
在抗通胀的“最后一公里”，能源项对 CPI 的持续正向拉动，将逼迫美联储保持更加鹰派的姿态，推迟降息时点或放缓宽松节奏，进而加剧美联储在“防通胀”与“稳增长”之间的政策权衡难度。
本轮炼油行业的高暴利并不是简单的短期现象，它揭示了全球能源转型背景下炼油基础设施投资不足与地缘冲击交织的深层矛盾。只要精炼产能供给无法快速释放，高炼油利润率便会持续作为一种“隐形税收”，向美国经济各个层面渗透。这也注定了美国的通胀治理不再只是看原油供给的脸色，更要承受炼油端带来的长期粘性考验。"
巴西6月原油产量飙至历史新高，非欧佩克产油国供应意外成全球油市“稳定器”,2026-8-4 09:59,https://cn.investing.com/news/stock-market-news/article-3495049,,"智通财经APP获悉，今年6月，巴西原油产量创下历史新高。来自远离中东地区的产油国供应持续增长，在一定程度上缓冲了伊朗战事对全球能源市场造成的冲击。
据巴西国家石油、天然气与生物燃料管理局(ANP)数据，6月巴西原油日均产量达450万桶，同比增幅约为19%，较5月环比增长约4%。包括天然气在内的油气总产量达到日均580万桶油当量。
随着美国和伊朗之间的军事冲突扰乱霍尔木兹海峡航运，中东地区原油出口承压。而巴西及其他产油国的产量增长，正在填补由此造成的供应缺口。冲突爆发前，全球约五分之一的石油运输需经过这一关键水道。战事也彻底改变了市场此前对今年供应过剩的预期——原本市场预计，依托非欧佩克产油国增产，今年原油市场将出现供应过剩。
巴西国家石油公司(Petrobras)作为拉丁美洲最大经济体的主力生产商，在增产中发挥了引领作用。该公司正全力提升油田开采力度，推动Búzios等深海油田的浮式生产平台超出设计产能运行。
ANP数据显示，由Petrobras独立运营或参与联合运营的油田产量约占全国总产量的87%。其中，Búzios油田为全国最大原油产区，而Mero油田的天然气产量位居首位。
根据ANP的日产量统计数据，尽管当前油气产量较6月峰值略有回落，但日均产量仍维持在500万桶油当量以上。"
巴西石油产量创历史新高，中东冲突持续扰乱全球供应,2026-8-4 01:04,https://cn.investing.com/news/stock-market-news/article-3494488,Vlad Schepkov,"Investing.com - 随着中东以外产油国持续增产，有效弥补了伊朗冲突引发的供应缺口，巴西6月份石油产量创下历史新高。
根据巴西石油、天然气和生物燃料国家局公布的数据，巴西6月份原油日产量约为450万桶，同比增长约19%，环比5月份增长约4%。石油与天然气合计日产量达到580万桶油当量。
立即获取InvestingPro市场重要资讯提醒——现享55折优惠。
巴西及其他产油国的增产，在一定程度上抵消了中东地区出口减少带来的影响。由于美伊之间的军事冲突，霍尔木兹海峡的航运受到严重干扰。冲突爆发前，全球约五分之一的石油供应途经该海峡。这场战争也打乱了此前市场对今年石油供应过剩的预期——此前普遍认为，石油输出国组织（OPEC）以外国家的增产将推动供应盈余局面的形成。
巴西国家石油公司（Petrobras）是拉丁美洲最大经济体此轮增产的主要推动力量。该公司正全力提升旗下油田的开采效率，其在布济奥斯（Búzios）及其他深水区域的海上平台均已超负荷运转。
据该机构报告，巴西国家石油公司（Petrobras）独立运营或通过合作伙伴关系运营的油田，约占全国总产量的87%。其中，布济奥斯（Búzios）油田是产油量最高的油田，而梅罗（Mero）油田则在天然气产量方面居于首位。
该机构的每日产量数据显示，石油及油当量日产量持续维持在500万桶以上，但较6月份的峰值水平略有回落。
本文由人工智能协助翻译。更多信息，请参见我们的使用条款。"
Sunoco上调2026年业绩展望，第二季度营收强劲超预期,2026-8-4 23:55,https://cn.investing.com/news/transcripts/article-93CH-3497183,,"Sunoco LP公布了喜忧参半的第二季度业绩：每股收益为$0.94，低于分析师预期的$1.96；但营收达到142.6亿美元，远超101.3亿美元的预测值。盘前交易中，该公司股价下跌4.11%至$74.23，显示投资者对每股收益不及预期的反应更为敏感，尽管公司营收大幅超出预期，且全年业绩展望也有所上调。管理层同时将2026年调整后EBITDA指引上调4亿美元，理由是燃料分销、管道、储油终端及炼油业务全面表现强劲。






Sunoco表示，第二季度四大业务板块均呈现强劲势头。燃料分销量达到41亿加仑，较第一季度增长9%，较去年同期大增89%，主要受益于收购Parkland后的完整季度贡献。管道日输送量升至130万桶，储油终端日输送量增至110万桶。
作为Parkland收购资产之一的Burnaby炼油厂，本季度日产量约为5.7万桶，超过设计产能，而第一季度因计划性检修仅为2.2万桶。炼油利润率超过每桶$40，表现亮眼，有力提振了整体盈利。
管理层将公司定位为兼具防御性与成长性的业务，认为公司从规模优势、地域多元化及近期收购中持续受益。公司已连续八年实现EBITDA增长，并预计2026年将成为每普通单位可分配现金流连续增长的第九年。






Sunoco第二季度每股收益$0.94，较市场一致预期$1.96低$1.02，偏差幅度达52.0%。然而营收达到142.6亿美元，超出101.3亿美元预测值41.3亿美元，超出幅度为40.8%。
这一""冰火两重天""的结果表明，公司的运营规模与各业务板块表现均强于预期，但营收线以下的项目——包括交易费用及较高的现金税负——对每股收益形成拖累。在业绩电话会议上，管理层强调本季度表现足以支撑全年EBITDA展望的上调，这或许也解释了为何市场更关注营收超预期和指引上调，而非每股收益的不及预期。


Sunoco股价在盘前交易中下跌4.11%至$74.23，较前收盘价$77.41有所回落。该股较52周高点$78.11约低5%，但远高于52周低点$47.98。尽管出现回调，该合伙企业年初至今总回报率达52%，过去六个月涨幅达38%。InvestingPro数据显示，该股目前仍略低于其公允价值估算，处于小幅低估状态。
股价下跌表明投资者对每股收益不及预期持谨慎态度，尽管公司营收大幅超出预期且上调了业绩指引。但跌幅并不极端，反映出市场的理性回应，而非对公司基本面的大幅重新评估。文章未提供具体成交量数据。


Sunoco将2026年全年调整后EBITDA指引上调至35亿至37亿美元，较此前展望提高4亿美元。管理层表示，四大业务板块均处于高水平运营状态，预计下半年这一势头将持续。公司市值目前约为101.6亿美元，InvestingPro给予其""良好""的财务稳健度评分。寻求深度分析的投资者可查阅Sunoco的完整专业研究报告，该报告是逾1,400份美股研究报告之一，将复杂的华尔街数据转化为清晰、可操作的投资洞见。
公司还表示，将持续推动分配额增长，管理层的目标是在多年维度上实现至少5%的年增长率。Sunoco预计2026年将超越每年5亿美元的补强型收购目标，并表示更广泛的业务版图为其在美国、加拿大、加勒比海地区及欧洲的燃料分销、管道和储油终端领域寻求更多并购机会提供了更大空间。
管理层补充称，炼油业务前景仍难以精确预测，但多种情景分析均指向2026年将是""出色的一年""。


高级财务副总裁Scott Grischow表示：""我们将调整后EBITDA指引区间上调至35亿至37亿美元，较原始指引区间提高4亿美元。""
首席执行官Joseph Kim表示：""我们已经证明，在各种宏观经济环境下，我们都能脱颖而出。""
他还表示，公司的收购策略形成了一个""飞轮效应""，并补充道：""我们做的增值收购越多，就能产生更多的自由现金流，进而再投入到更多的增长项目和/或提高分配额之中。""
上述言论充分体现了管理层的核心理念：收购、现金创造与分配增长三者相互强化、形成良性循环。






分析师的提问主要集中在收购、炼油利润率及消费需求三大主题上。
多位分析师询问Sunoco能否持续超越每年5亿美元的补强型收购目标。管理层表示，这一数字只是""较低的门槛""，预计2026年将超越该目标，收购NuStar、Parkland和TanQuid后带来的更广泛机会将提供有力支撑。
分析师还就Burnaby炼油厂的贡献及高运营率的可持续性提问。管理层表示，该炼油厂是一体化业务的重要组成部分，而非独立资产，并强调公司不会为短期收益牺牲长期可靠性。
燃料分销利润率与需求也是重要议题。管理层表示，美国精炼油品需求表现出乎意料地具有韧性，加拿大市场则相对疲软，加勒比海地区呈温和增长态势。公司表示，其销量增速快于整体需求增速，主要得益于规模优势、客户拓展及供应链灵活性。
此外，分析师还就税率及地缘政治扰动提问。管理层表示，2026年现金税增加源于业绩改善，而中东局势引发的供应链扰动并未对公司业务造成持久影响。Sunoco表示，凭借扩大后的业务网络，公司得以以此前无法实现的方式灵活调配产品，有效应对外部冲击。

本文由人工智能协助翻译。更多信息，请参见我们的使用条款。"
Archean Chemical Industries第一季度每股收益未达预期，股价大幅下滑,2026-8-3 15:16,https://cn.investing.com/news/transcripts/article-93CH-3493073,,"Archean Chemical Industries（阿基安化学工业，音译）公布了2027财年第一季度的业绩，整体表现喜忧参半——营收略超预期，但盈利却大幅低于市场预测。公司调整后每股收益为$0.42，低于$0.54的预期22.2%；营收为$249.4亿，略高于市场一致预期的$248.3亿。财报发布后，该股盘前交易大跌24.45%，从$14.60跌至$11.03，随后在正常交易时段收于$11.58，盘后小幅上涨至$11.59。






Archean Chemical Industries表示，2027财年第一季度是公司近五个季度以来营收表现最强的季度，独立报表总收入为33.21亿印度卢比，合并报表总收入为33.281亿印度卢比。管理层表示，本季度在溴及衍生物业务方面展现出明显的运营改善，尽管外部不利因素仍对盐业务和利润率造成压力。
公司核心溴业务依然是主要利润来源。溴业务营收同比增长58%，达到13.33亿印度卢比，受益于价格回升以及阻燃剂、油田化学品和储能领域的稳定需求。与此同时，工业盐作为公司主要的销量业务，受物流问题和货运量下滑拖累，表现相对疲软。
管理层表示，业务结构正逐步向高附加值产品转型，出口仍占需求的70%，国内销售占比提升至30%。这一结构变化有助于支撑定价，但未能完全抵消运费、燃料及维护中断带来的成本压力。






公司每股收益为$0.42，低于$0.54的预期$0.12，差距达22.2%。营收$249.4亿超出$248.3亿预期$1.1亿，超出幅度约0.4%。
这是一个典型的""喜忧参半""季度：销售额略好于预期，但盈利却大幅落后。对投资者而言，每股收益的未达预期更为关键，因为这表明强劲的营收增长并未完全转化为利润。营收与盈利之间的落差，指向运营成本（尤其是物流和运费）的持续上升。
管理层的评论暗示部分压力可能是暂时性的，但市场反应表明，投资者更关注近期盈利的缺口，而非营收的小幅超预期。


财报发布后，该股盘前大跌24.45%，从$14.60跌至$11.03，显示出市场的强烈负面反应。这一跌幅在早盘交易中抹去了大量市值，并将股价推至52周区间$10.86至$20.02的底部附近。
截至正常收盘，股价企稳于$11.58，盘后几乎持平于$11.59。尽管如此，该股仍徘徊在年度区间低位，显示投资者依然保持谨慎。从更广泛的表现指标来看，该股过去六个月累计下跌32%，过去一年累计下跌38%，数据来源于InvestingPro。InvestingPro的一条提示指出，该股""在过去六个月遭受重创""，订阅用户在分析ACI投资潜力时还可获取逾10条额外提示。
市场反应表明，投资者将每股收益未达预期及利润率承压视为比营收小幅超预期和公司运营进展更为重要的因素。虽然未提供成交量数据，但盘前的大幅波动表明卖盘兴趣异常强烈。


管理层对前景保持积极态度，并表示公司预计在2027财年下半年将呈现更强劲的增长势头。
在溴业务方面，公司预计到2027财年末年化产能将达到2万至2.5万吨，实现价格有望维持在每公斤约300印度卢比附近。管理层表示，第一季度受电网供电短缺和计划性维护影响，若无上述干扰，产量本可达到约4,500吨。
在盐业务方面，随着关键运输路线的道路建设完工及柴油成本趋于正常，公司预计从2027财年第三季度起销量将逐步恢复，届时盐业务销量有望重回两位数增长。
在硫酸钾（SOP）方面，公司维持2027财年全年9,000至10,000吨的目标不变，第二阶段试验预计于2026年12月完成。
衍生物业务预计将在首次实现EBITDA转正的基础上持续扩张。油田化学品业务预计将在2027财年下半年开始更为实质性地贡献业绩，而SiCSem半导体项目则按照自2026年5月11日财政支持协议签署起24至27个月的时间表推进。尽管短期面临挑战，InvestingPro的提示显示，公司今年净利润预计将实现增长，但已有16位分析师下调了对未来业绩的预期。公司目前股息收益率为5.87%，为长线投资者提供一定的收益支撑。如需深入了解ACI的财务状况和增长前景，投资者可在InvestingPro上获取全面的专业研究报告，该报告覆盖ACI及逾1,400只美国股票。


董事总经理Rampraveen Swaminathan表示，本季度业绩印证了公司近期所采取的一系列举措。他说：""第一季度的表现验证了我们在上次业绩会上与大家分享的各项行动。""他同时指出了营收增长和环比表现的改善。
他还重点强调了溴及衍生物业务的进展。他表示：""溴的销量是近五个季度以来的最高水平，本季度实现价格同比上涨50%。""""其次，我们的衍生物业务Acume首次实现EBITDA转正。""
对于前景展望，他表示：""业务整体态势依然积极，我们有信心以更强劲的势头进入2027财年下半年。""






分析师主要关注四大议题：溴销量、盐业务疲软、SOP稳定性及衍生物业务前景。
在溴业务方面，管理层表示，尽管第一季度受电网中断和维护影响，公司仍有望在2027财年末实现2万至2.5万吨的年化产能目标。管理层还表示，在长期合同覆盖60%至70%业务的支撑下，定价应能维持在每公斤约300印度卢比附近。
在盐业务方面，管理层表示，销量下滑主要源于物流问题，而非结构性需求问题。客户关系依然稳固，业务复苏预计将从第三季度开始。
在SOP方面，管理层表示，由于原料质量和结晶器产率存在波动，季度销量可能有所起伏，但全年目标维持不变。
分析师还就Acume实现EBITDA盈亏平衡一事进行了提问。管理层表示，改善主要来自产品结构优化——NPBR销量从一年前的每季度25至30吨大幅跃升至本季度的350吨，同时也得益于成本控制和更严格的定价管理。
其他问题还涉及SiCSem项目时间表、古吉拉特邦土地租约续签谈判，以及通过Offgrid Energy Labs布局锌溴电池的长期机遇。

本文由人工智能协助翻译。更多信息，请参见我们的使用条款。"
英国石油(BP.US)Q2净利翻倍！油气回归战略能否赢得市场认可？,2026-8-4 15:40,https://cn.investing.com/news/stock-market-news/article-3495541,,"智通财经APP获悉，8月4日，英国石油(BP.US)公布第二季度财报，交出了一份远超市场预期的成绩单：调整后净利润57.3亿美元，同比增幅超过100%，较分析师一致预期的50.1亿美元高出逾14%。业绩激增主要得益于其炼油与交易业务在伊朗战争期间蓬勃发展。
数据显示，公司Q2调整后息税前利润达103.1亿美元，同样超越市场预估的92.5亿美元。经营现金流录得108.6亿美元，亦高于预期。财报发布后，英国石油夜盘上涨2.17%。
每一滴石油都带着地缘溢价
中东冲突是英国石油此番业绩爆发的核心催化剂，也为全球能源贸易商和生产商提供了从大规模贸易错配中获利的机遇，而燃料价格涨幅远超原油价格，进一步扩大了炼油利润率。壳牌(SHEL.US)、埃克森美孚(XOM.US)等同业亦普遍录得丰厚收益，这些在很大程度上都归因于市场动荡。

美以对伊朗的军事行动导致霍尔木兹海峡有效关闭，全球原油与天然气供应急剧收紧，推动能源价格攀升至多年高位。二季度，布伦特原油均价徘徊在每桶97美元附近，较一季度的约78美元显著上行，而去年同期仅约67美元。
价格红利在英国石油各业务板块全面开花。公司预计，油气价格上涨为其石油生产及运营业务带来18亿至21亿美元的增量收益，天然气及低碳能源板块亦受益5亿至7亿美元。炼油利润率扩张进一步贡献12亿至14亿美元。就连石油交易业务也延续了上一季度的强劲表现——动荡市况正是交易商的黄金时刻。
战略转向：从“绿色先锋”到“油气回归”
这份亮眼的季度成绩单之下，英国石油正在经历的一场深刻战略转向。2025年2月，英国石油宣布“根本性战略重置”，彻底逆转了前任CEO卢尼自2020年以来主导的激进低碳转型路线。

新战略的核心，是重新锚定于油气业务——那些能产生最高回报和最强劲现金流的领域。今年6月，英国石油进一步将三段式业务结构精简为上游和下游两大板块，低碳能源单元被整体裁撤。
这一转向有着深刻的行业背景。据Equirus Securities数据，七大国际石油巨头2025年低碳投资合计降至约83亿美元，为2019年以来最低水平。在可再生能源项目成本上升、回报周期拉长的现实面前，股东回报与现金流成为更优先的考量。
千亿美元的资产剥离“清仓”
战略转向的最直观体现，是英国石油正在以前所未有的速度剥离资产。

英国石油宣布启动出售美国生物燃气业务Archaea的程序。该业务系英国石油于2022年以41亿美元高价收购所得，曾是其大举扩张可再生能源战略的旗舰项目。如今，这枚“绿色勋章”正被挂牌出售。
在传统业务端，英国石油的剥离动作更为密集。公司已完成德国盖尔森基兴炼油厂的出售，交易预计将降低约10亿美元的基础运营支出;同意将奥地利零售及电动汽车充电业务出售给瑞士volenergy AG，涉及250个英国石油品牌零售站点;正式启动北海油气业务出售程序——这意味着英国石油在北海长达六十余年的开采历史或将落幕。北海资产合计日产约10万桶油当量，占公司全球产量的约5%。
英国石油计划在2027年底前通过资产出售筹集约200亿美元，并将净债务从约260亿美元降至140亿至180亿美元区间。
市场疑虑：暴利之后，价值何在?
战争红利终究不可持续。投资者目光正日益超越英国石油的短期暴利，转向其长期战略能否兑现。

市场对此存在分歧。瑞穗证券给予英国石油“跑赢大盘”评级，指出公司2025年取得12项勘探发现并投产7个项目。英国石油自2025年初战略重置以来，勘探成果显著，据估算已发现约27亿桶油当量的可采资源，其中巴西Bumerangue发现尤为瞩目。
然而疑虑同样存在。英国石油的公正价值预估已从每股6.31英镑下调至5.94英镑。摩根大通、TD Cowen等机构维持中性或持有评级，部分分析师更偏好壳牌、雪佛龙等同业。巴克莱分析师指出，新架构虽具积极意义，但后续执行效果仍为关键变量。
更大的隐忧在于：英国石油近年来已从低碳业务中减记数十亿美元，而此次战争红利恰恰来自它曾经试图退出的化石能源。当油价周期回落，当北海资产出清，当Archaea低价甩卖——英国石油的新战略能否持续创造价值，仍是未知数。"
Sunoco上调2026年全年业绩展望，但盘前股价下跌3.6%,2026-8-4 23:37,https://cn.investing.com/news/transcripts/article-93CH-3497151,,"Sunoco LP公布2026年第二季度调整后EBITDA为9.96亿美元，并将全年业绩展望上调4亿美元，但受投资者对炼油利润率波动性的顾虑影响，该股盘前交易中下跌3.6%至$73.18。公司公布季度营收达142.6亿美元，每股收益为$0.76。两项数据均无分析师一致预期可供参考。Sunoco同时将2026年调整后EBITDA指引区间上调至35亿至37亿美元，并宣布每单位季度分配金额略超$1.00。






Sunoco表示，第二季度四大业务板块均交出亮眼成绩。管理层指出，近期收购带来的协同效应功不可没，尤其是对Parkland、NuStar和TanQuid的收购，进一步扩大了公司在美国、加拿大、加勒比地区、南美洲及欧洲的业务版图。
燃料分销业务依然是最大贡献板块，调整后EBITDA达5.16亿美元，同比大增141%。管道系统板块贡献调整后EBITDA 1.90亿美元，储油终端板块贡献1.15亿美元。炼油板块贡献1.75亿美元，受益于强劲的裂解价差（即原油与成品油之间的价格差，是衡量炼油利润的重要指标）以及Burnaby炼油厂更高的加工量。
公司表示，本季度业绩既体现了防御性优势，也展现出增长潜力。在大宗商品价格波动的市场环境下，供应链扰动与价格波动往往能为规模大、多元化的运营商创造机遇，公司业务持续表现稳健。






Sunoco公布每股收益$0.76，营收142.6亿美元，但两项数据均无分析师一致预期可供参考，因此本季度业绩无法按常规标准判断是否超预期或不及预期。
尽管缺乏预期基准，但经营层面表现依然强劲。调整后EBITDA 9.96亿美元、可分配现金流6.08亿美元，均显示出健康的现金创造能力。公司还将全年调整后EBITDA指引上调4亿美元——对于一家业绩受大宗商品价差和并购整合驱动的企业而言，这往往比单季度数据更具参考价值。
缺乏一致预期基准使本季度业绩难以与历史财报直接比较。不过，指引上调幅度之大表明，管理层认为上半年表现好于预期，且对下半年持续稳健保有信心。


Sunoco股价下跌3.6%至$73.18，较前收盘价$75.91下跌$2.73。尽管如此，该股仍远高于52周低点$47，且略低于$77.57的历史高点，显示股价在财报发布前已大幅反弹。
此次下跌发生在盘前交易阶段，反映出市场对财报的即时负面反应。投资者似乎更关注本季度部分亮眼表现来自波动性较强的炼油利润率，以及股价此前可能已充分反映利好消息的可能性。
由于未提供交易量数据，目前无法确认此次下跌是否伴随异常活跃的成交。


Sunoco将2026年全年调整后EBITDA指引上调至35亿至37亿美元，较此前区间提高4亿美元。管理层表示，上调指引反映了上半年的强劲表现以及对下半年的信心。
公司还表示：

管理层重申了每年至少5%股息增长的多年期目标，并表示将继续推进补强型收购和有机资本项目，目前已识别出逾6亿美元的快速回报有机增长机会。对于希望深入分析的投资者，InvestingPro订阅用户可获取全面的专业研究报告，将复杂的财务数据转化为清晰、可操作的投资洞察，覆盖逾1,400只美国顶级股票。


公司高级财务副总裁Scott Grischow表示：""公司在2026年延续了强劲势头，第二季度调整后EBITDA达9.96亿美元。基于上半年业绩及我们对下半年前景的信心，我们将调整后EBITDA指引区间上调至35亿至37亿美元。""
首席执行官Joe Kim表示，公司已""证明我们能够在各种宏观经济环境中脱颖而出""。他还表示，Sunoco已连续八年实现每普通单位可分配现金流增长，预计2026年将成为第九年。
首席运营官Karl Fails表示，公司专注于""以可持续的长期方式运营资产，而不会为了短期季度收益而牺牲长期可靠性""。这一表态是针对分析师就Burnaby炼油厂超额产能运行所提问题的回应。






分析师在电话会议中重点关注四大主题。
首先，分析师就补强型收购和有机增长进行提问。管理层表示，每年5亿美元的补强型收购目标只是""保守门槛""，预计2026年将超额完成。高管们还表示，公司在燃料分销、管道和储油终端领域拥有丰富的有机增长项目储备。
其次，分析师要求管理层就上调指引的依据作出详细说明。管理层表示，更乐观的展望反映了各业务板块的全面强劲表现，但炼油业务仍是模型中最难预测的部分。
第三，问题集中于Burnaby炼油厂的长期盈利能力。高管们表示，炼油厂表现良好，但他们将其视为一体化业务的组成部分，而非独立资产。
最后，分析师就燃料分销的需求与利润率情况进行询问。管理层表示，尽管油价波动，消费者需求""出乎意料地具有韧性""，Sunoco的规模优势和地理覆盖范围持续支撑销量增速超越区域整体趋势。

本文由人工智能协助翻译。更多信息，请参见我们的使用条款。"
CVG第二季度营收超预期，上调全年业绩展望，盘前股价涨5.66%,2026-8-4 21:37,https://cn.investing.com/news/transcripts/article-93CH-3496710,,"CVG公布2026年第二季度营收为1.952亿美元，高于华尔街预期的1.667亿美元。尽管调整后每股亏损0.13美元，略逊于预期的0.09美元亏损，但公司同步上调了全年营收及调整后EBITDA指引，提振盘前股价上涨5.66%至4.85美元，接近52周高点区间。






CVG表示，本季度是公司在经历2024年底及2025年困难时期后复苏进程中的又一重要里程碑。营收增长呈全面态势，全球座椅、全球电气系统以及饰件系统与零部件三大业务板块均有所贡献。管理层表示，业绩改善反映出客户需求增强、新业务拓展以及运营效率提升。
公司持续推进多元化战略，通过拓展国际市场及其他终端市场，降低对北美Class 8重型卡车需求的依赖。本季度该战略成效初显，国际座椅需求的增长及电气系统新项目的推进，有效对冲了卡车市场周期性波动带来的压力。
毛利率层面盈利能力有所改善，但较高的销售及管理费用（SG&A）与利息支出持续压制整体盈利表现。CVG调整后净亏损460万美元，即每股亏损0.13美元，而上年同期调整后净亏损为290万美元，即每股亏损0.09美元。






CVG营收超出预期，但每股收益未达预期。公司每股亏损0.13美元，高于市场一致预期的0.09美元亏损，差距为每股0.04美元，偏差幅度达44.44%。营收1.952亿美元则超出预期2,850万美元，超出幅度约17.1%。
营收超预期是本次财报更为关键的亮点，表明需求改善及新项目爬坡速度均快于分析师预期。每股亏损未达预期，则主要源于较高的SG&A、利息支出，以及本季度权证负债重估产生的费用。
与上年同期相比，营收增长稳健，但调整后亏损略有扩大，显示CVG仍处于转型阶段——销售端持续改善，但改善成效尚未完全传导至利润层面。


CVG股价盘前上涨5.66%至4.85美元，较前收盘价4.59美元上涨0.26美元。目前股价较52周低点1.29美元高出约82.4%，距52周高点5.88美元仍有约17.5%的空间。过去六个月，该股累计涨幅达185%，年初至今涨幅更高达219%，反映出投资者对公司转型故事的信心持续增强。根据InvestingPro的分析，该股目前交易价格高于其公允价值，已被列入平台最被高估股票名单。
盘前的积极走势表明，投资者将目光聚焦于营收超预期、指引上调以及利润率和现金流改善的前景。股价接近年度区间上沿，也说明市场已开始提前消化公司复苏预期。
目前暂无异常成交量数据，但盘前涨幅表明，尽管每股收益未达预期，市场初步反应仍属积极。


CVG将2026年全年营收指引上调至7.25亿至7.55亿美元，此前管理层给出的参考水平约为7亿美元。以新区间中值计算，意味着相较2025年约有14%的增长。
公司同步将调整后EBITDA指引上调至2,600万至3,100万美元，中值较上年增长约60%。管理层表示，指引上调反映出终端市场复苏带来的经营杠杆效应，但部分被SG&A压力所抵消。
公司预计以下领域将持续贡献增长：

管理层表示，Zoox已完成车辆设计定型，正积极备战商业规模量产。公司重申生产计划：2026年约2,500辆，2027年约5,000辆，2028年约1万辆。
CVG还表示，预计2026年下半年每季度利息支出将降至约200万至250万美元，低于年初约300万至350万乃至近400万美元的水平。分析师对该股持乐观态度，目标价区间为7至8美元，较当前水平意味着约63%的上涨空间。如需深入分析，InvestingPro提供CVGI的完整专业研究报告，覆盖逾1,400只美股，提供专家洞见与可操作的投资情报。


首席执行官詹姆斯·雷（James Ray）表示，本季度业绩反映出公司业务结构的深层转变。他说：「CVG三大业务板块均实现了同比营收增长」，并补充称，这一成果体现了公司降低对北美周期性Class 8卡车需求依赖的持续努力。
雷还着重提及利润率的改善进展：「本季度，我们实现了12.9%的调整后毛利率，同比提升90个基点，环比2026年第一季度提升70个基点。」
在资产负债表方面，雷表示公司的融资举措有效推动了债务削减：「按市价发行股票交易与Vonore工厂的售后回租交易相结合，为我们提供了充裕资金，使我们自2025年底以来累计偿还债务1,460万美元。」
临时首席财务官安吉·奥利里（Angie O’Leary）表示，公司正看到更强劲的需求信号：「在经历了2024年下半年及整个2025年的挑战之后，我们很受鼓舞，因为现在我们正看到明显更好的营收表现。」






分析师重点关注营收指引上调的驱动因素，以及EBITDA改善幅度相对有限的原因。
提问主要集中于指引上调的最大贡献来源，管理层表示饰件系统的涨幅最为显著，座椅及电气系统业务亦有实质性贡献。分析师还就营收增长与EBITDA增长之间的差距追问原因，CVG表示SG&A——尤其是激励薪酬——是主要因素。
Zoox项目同样是问答环节的焦点之一。管理层确认该项目进展顺利，量产计划维持不变：2026年2,500辆，2027年5,000辆，2028年1万辆。
分析师还就利息支出及现金生成能力进行了深入追问。CVG表示，持续偿债将推动下半年季度利息支出进一步下降，营运资本效率亦有所提升，尽管本季度自由现金流仍为负值。

本文由人工智能协助翻译。更多信息，请参见我们的使用条款。"
S-Oil第二季度利润上升，炼油市场供应偏紧提供支撑,2026-8-3 10:17,https://cn.investing.com/news/transcripts/article-93CH-3492792,,"S-Oil（韩国双龙石油）公布，受地缘政治动荡持续收紧全球炼油及润滑油基础油市场影响，公司第二季度盈利依然稳健，尽管较上季度异常高位有所回落。这家韩国炼油商报告显示，2026年第二季度营业利润为9,650亿韩元，销售收入为26.8万亿韩元，净利润为5,146亿韩元。公司股价下跌4.48%，收于$121,600，较前收盘价$127,300有所下滑，目前股价低于近期高点，但仍远高于52周低位。






S-Oil第二季度业绩呈现出喜忧参半的格局：核心业务保持强劲，但未能复制第一季度因一次性收益推高的超高基数。销售收入环比增长26.8%，达26.8万亿韩元，受原油价格上涨及成品油盘坚带动。然而，由于第一季度曾受益于与原油价格波动相关的大额库存收益，营业利润较上季度有所下降。
公司表示，2026年上半年全球炼油市场持续处于历史偏紧水平，中东地缘政治紧张局势、红海及霍尔木兹海峡航运中断，以及俄罗斯炼油产能受损，共同压缩了全球供应。上述因素推动柴油及煤油利润率在本季度大幅走阔。
润滑油基础油业务表现尤为突出。S-Oil指出，中东设施直接受到冲击以及物流约束，推动润滑油基础油价格创下历史新高，带动该业务板块单季营业利润升至4,774亿韩元。这一亮眼表现有效对冲了石化业务的亏损拖累。






由于所提供的预测数据未包含可比的实际每股收益或营收数据，目前无法就上述指标进行正式的超预期或不及预期比较。尽管如此，从营业业绩来看，S-Oil在市场环境艰难但整体有利的背景下，仍交出了一份稳健的季度成绩单。
公司本季度营业利润为9,650亿韩元，而上一季度曾因一次性库存收益而表现异常强劲。因此，环比下滑的幅度实际上并不像表面看起来那样令人担忧。管理层传递的核心信息是，需求与利润率依然健康，尤其是柴油、煤油及润滑油基础油领域。
对于周期性炼油商而言，季度环比变动的幅度固然重要，但变动的原因同样关键。就本季度而言，较第一季度的下滑更多反映的是业绩正常化，而非业务基本面的急剧恶化。


S-Oil股价在最新交易日下跌4.48%，收于$121,600，较前收盘价$127,300有所下滑。目前股价仍远高于52周低点$57,600，但低于52周高点$177,100。
股价下跌表明，尽管公司持续录得强劲盈利，投资者仍可能对季度环比利润下滑感到失望。市场或许也在权衡一个事实：第一季度包含异常大额的库存收益，使得第二季度业绩相比之下显得较为逊色。与此同时，部分投资者可能正在等待更明确的信号，以确认在地缘政治局势改善的情况下，当前的利润率优势能否持续。根据InvestingPro数据，该股过去一周遭受较大跌幅，但过去一年整体回报依然可观。希望深入了解S-Oil估值与业绩的投资者，可在平台上获取另外7条专业分析提示（ProTips）。
由于未提供成交量数据，目前无法判断此次股价波动是否伴随异常活跃的交易量。


管理层表示，预计2026年下半年炼油及润滑油市场状况将保持稳健。公司指出，中东供应中断持续、俄罗斯出口受限以及库存偏紧，是利润率可能维持高位的主要原因。
在柴油和煤油方面，公司表示价差已从第一季度每桶30美元出头扩大至第二季度约60美元，并于7月中旬进一步升至70美元以上。公司认为，上述市场环境有望为今年余下时间的盈利提供支撑。InvestingPro指出，S-Oil是石油、天然气及可消耗燃料行业的重要参与者，过去十二个月持续保持盈利，具备良好条件以把握有利市场环境带来的机遇。
S-Oil还表示，Shaheen项目正稳步推进，计划于2026年第四季度启动，并于2027年初实现商业运营。目前，机械竣工验证工作正在进行，预调试及调试工作也同步展开。该项目预计将扩大公司在烯烃单体及聚乙烯领域的石化产能。
2026年资本支出维持在2.1万亿韩元，主要用于Shaheen项目的收尾工程。2027年，公司预计资本支出将转向日常维护与修缮，目前暂无重大新投资项目计划。


公司财务总监Katie Kong表示：「营业利润达9,650亿韩元，受全球强劲炼油利润率及创纪录润滑油基础油价差支撑。」
她补充道：「润滑油业务对第二季度盈利贡献显著，单季营业利润创历史新高，达4,774亿韩元。」
首席财务官JW Bang表示：「鉴于下半年供需偏紧局面预计将持续，我们预期市场将继续保持稳健态势。」
管理层同时表示，Shaheen项目正按计划推进。公司表示：「Shaheen项目正朝着2027年初实现商业运营的目标稳步前行」，并补充称，现场检查及文件核查工作正在进行，以确认机械竣工情况。






分析师主要围绕三大议题展开提问：地缘政治风险、利润率可持续性及资本支出。
在供应链风险方面，管理层表示，公司已通过延布港、撒哈拉混合原油、富查伊拉港及储存于蔚山政府储备的沙特原油实现原油来源多元化，并表示如有需要，仍可在现货市场进行紧急采购。
在市场状况方面，公司表示俄罗斯炼油产能已遭无人机袭击严重受损，中东地区的中断及出口限制进一步收紧了全球成品油供应。管理层预计，柴油和煤油利润率将在下半年保持强劲。
分析师还就Shaheen项目及政府在蔚山推行的石化行业重组政策提出问题。S-Oil表示，公司与政府政策方向完全一致，且Shaheen项目较低的设施成本赋予其竞争优势。公司同时指出，由于各方利益存在差异，重组进程需要一定时间。
在股息及债务问题上，S-Oil表示计划将2026年股息派发比例维持在20%或以上，并预计随着盈利改善，股息将逐步提升。公司还表示，长期目标是将负债权益比维持在80%至100%区间，而第二季度末该比率为78.1%。

本文由人工智能协助翻译。更多信息，请参见我们的使用条款。"
Sunoco上调2026年业绩展望，第二季度营收强劲超预期,2026-8-4 23:37,https://cn.investing.com/news/transcripts/article-93CH-3497152,,"Sunoco LP公布了第二季度业绩，表现喜忧参半。每股收益为$0.94，低于分析师预期的$1.96；但营收达到142.6亿美元，远超市场预测的101.3亿美元。盘前交易中，Sunoco股价下跌4.11%，报$74.23，显示投资者对每股收益不及预期的反应更为敏感，尽管公司营收大幅超出预期，且全年业绩展望亦有所上调。管理层同时将2026年调整后EBITDA指引上调4亿美元，理由是燃料分销、管道、储罐终端及炼油业务全面表现强劲。






Sunoco表示，第二季度四大业务板块均呈现强劲增长势头。燃料分销量达到41亿加仑，环比增长9%，同比增长89%，受益于Parkland收购完成后首个完整季度的贡献。管道日输送量升至130万桶，储罐终端日吞吐量增至110万桶。
作为Parkland收购资产之一的伯纳比（Burnaby）炼油厂，本季度日产量约5.7万桶，超过设计产能，而第一季度因计划性检修影响，日产量仅为2.2万桶。炼油利润率超过每桶$40，强劲表现有力提振了整体盈利。
管理层将公司定位为兼具防御性与成长性的业务，认为规模优势、地域多元化及近期并购是核心驱动力。公司已连续八年实现EBITDA增长，并预计2026年将成为每普通单位可分配现金流连续增长的第九年。






Sunoco第二季度每股收益$0.94，低于市场一致预期$1.96，差距达每股$1.02，偏差幅度为52.0%。营收方面，142.6亿美元的实际数据超出101.3亿美元预期41.3亿美元，超出幅度达40.8%。
这一冰火两重天的结果表明，公司运营规模与各业务板块表现均强于预期，但交易费用及较高的现金税负等营收线以下项目对每股收益形成拖累。管理层在业绩电话会议中强调，本季度整体表现足以支撑全年EBITDA指引的上调，这或许也解释了为何市场更关注营收超预期与指引上调，而非每股收益的不及预期。


Sunoco股价在盘前交易中下跌4.11%，报$74.23，较前收盘价$77.41有所回落。目前股价较52周高点$78.11低约5%，但仍远高于52周低点$47.98。尽管出现回调，该合伙企业年初至今总回报率已达52%，过去六个月涨幅亦有38%。InvestingPro数据显示，该股目前仍略低于其公允价值估算，存在一定低估空间。
股价下跌反映出投资者对每股收益不及预期持谨慎态度，尽管公司营收大幅超出预期且上调了业绩指引。整体跌幅并不剧烈，表明市场反应较为理性，并非对公司基本面的重大重新评估。目前暂无成交量数据披露。


Sunoco将2026年全年调整后EBITDA指引上调至35亿至37亿美元，较此前展望提高4亿美元。管理层表示，四大业务板块均处于高水平运营状态，预计下半年将延续这一强劲势头。公司目前市值约为101.6亿美元，InvestingPro给予其""良好""财务稳健度评分。寻求深度分析的投资者可查阅Sunoco的完整专业研究报告，该报告是逾1,400份美股研究报告之一，将复杂的华尔街数据转化为清晰、可操作的投资洞见。
公司同时表示，将持续推动分配金额长期增长，管理层目标是在多年维度上实现至少5%的年增长率。Sunoco预计2026年将超额完成每年5亿美元的补强型收购目标，并表示更大的业务版图为其在美国、加拿大、加勒比海及欧洲的燃料分销、管道和储罐终端领域寻求更多交易提供了更大空间。
管理层补充称，炼油业务前景仍难以精确预测，但多种情景分析均指向2026年将是一个""出色的年份""。


公司高级副总裁（财务）Scott Grischow表示：""我们将调整后EBITDA指引区间上调至35亿至37亿美元，较原始指引区间提高4亿美元。""
首席执行官Joseph Kim表示：""我们已证明，在各种宏观经济环境下，我们都能脱颖而出。""
他还表示，公司的并购战略形成了一个""飞轮效应""：""我们完成的增值型收购越多，就能产生更多自由现金流，进而再投入到更多增长机会或提高分配金额之中。""
上述表态清晰传递了管理层的核心逻辑：并购、现金创造与分配增长三者相互强化、形成正向循环。






分析师提问主要集中于并购、炼油利润率及消费者需求三大主题。
多位分析师就Sunoco能否持续超越每年5亿美元补强型收购目标提出疑问。管理层表示，这一数字只是""保守基准""，预计2026年将超额完成，并购机会因NuStar、Parkland及TanQuid交易完成后更为广泛。
分析师还就伯纳比炼油厂的贡献及高开工率的可持续性进行了询问。管理层表示，该炼油厂是一体化业务的重要组成部分，而非独立资产，并强调公司不会为追求短期收益而牺牲长期可靠性。
燃料分销利润率与需求也是重要议题。管理层表示，美国精炼油品需求表现出乎意料地具有韧性，加拿大市场则相对疲软，加勒比海地区呈温和增长态势。公司表示，其销量增速快于整体需求，主要得益于规模优势、客户拓展及供应链灵活性。
此外，分析师还就税率及地缘政治风险提出问题。管理层表示，2026年现金税增加源于业绩改善，而中东局势带来的供应链扰动并未对业务造成持久影响。相反，Sunoco表示，借助近期收购后扩大的网络，公司已能够以此前无法实现的方式灵活调配产品资源。

本文由人工智能协助翻译。更多信息，请参见我们的使用条款。"
伊朗冲突推高油价，美国两大石油巨头利润创历史新高,2026-7-31 21:17,https://cn.investing.com/news/stock-market-news/article-93CH-3491614,Jaiveer Shekhawat,"Investing.com -- 在伊朗冲突持续扰乱全球能源市场、推动油价大幅上涨的背景下，美国两大石油公司相继公布了强劲的第二季度业绩。
埃克森美孚（NYSE:XOM）报告利润达145亿美元，较去年同期翻逾一倍，创2022年以来最高水平。雪佛龙（NYSE:CVX）盈利121亿美元，同比增长近四倍，创公司历史纪录。
本季度内，位于伊朗与阿曼之间的霍尔木兹海峡长期处于封闭状态，导致全球大量燃料供应中断。美国油价攀升至每桶$112.95，汽油价格则升至四年来的最高水平。
埃克森美孚调整后每股收益为$3.52，略低于FactSet追踪的华尔街分析师预期的$3.56。雪佛龙每股收益为$6.06，高于分析师预期的$5.55。
埃克森美孚首席执行官达伦·伍兹（Darren Woods）在声明中表示：""第二季度充满了市场动荡，但我们以出色的执行力应对挑战。市场环境提供了一定支撑，但我们的业绩更多反映的是多年来所构建的投资组合实力与运营模式的稳健性。""
包括航空煤油、柴油和汽油在内的精炼产品裂解价差在本季度达到历史高位。尽管油价在季末因市场预期美伊达成和平协议、霍尔木兹海峡有望重新开放而有所回落，但成品油价格持续上涨，使炼油企业得以从原油成本与成品油收入之间的价差中获益。
埃克森美孚首席财务官尼尔·汉森（Neil Hansen）表示，当前石油市场的主要制约因素并非霍尔木兹海峡的通行受阻，而是全球炼油产能不足。本季度内，中国迅速削减了石油采购量，部分国家需求也出现下滑，使原油价格维持在历史正常区间。与此同时，俄罗斯和中国均在本季度对部分成品油出口实施禁令，进一步加剧了精炼产品的供应短缺局面。

本文由人工智能协助翻译。更多信息，请参见我们的使用条款。"
中东战火催化出油气巨头强劲业绩 埃克森美孚(XOM.US)利润创俄乌冲突以来新高,2026-7-31 20:28,https://cn.investing.com/news/stock-market-news/article-3491498,,"智通财经APP获悉，随着美伊冲突进入第六个月，推动原油价格持续飙升以及燃油炼制利润率扩大，美国油气巨无霸埃克森美孚(XOM.US)利润仍略低于市场预期。埃克森美孚、雪佛龙与壳牌这三大传统能源巨头业绩，可谓都显著受益于今年原油价格上涨以及强劲炼油利润，上游赚取更高原油实现价格，炼化端则同时受益于全球燃料短缺和创纪录裂解价差。 三家公司股价虽然年内均处于明显上升轨道，市场仍未把战争利润视为永久性盈利，因此利润增幅并未转化为同等幅度的估值与股价扩张。
埃克森美孚第二季度调整后的每股收益为3.52美元，较华尔街分析师们平均预期低2美分。埃克森美孚业绩不及预期的部分原因在于炼油厂维护，使其未能充分把握汽油、柴油和航空燃油价格高企带来的强劲收益。
尽管如此，该能源巨头的第二季度总利润达到147亿美元，为2022年俄罗斯与乌克兰战争开启以及欧洲能源危机扰乱全球市场以来的最高水平。埃克森美孚和雪佛龙同一日公布的利润数据大幅增长，延续了壳牌公司和道达尔能源公司近日同样强劲的业绩增长表现。
7月7日前后停火破裂、美国重新威胁并发动打击，导致中东地缘政治冲突再度升级后，截至7月31日盘中，国际原油基准——布伦特原油交易价格升至约90.04美元，北美原油定价基准——WTI原油升至约84.77美元;相较7月7日，二者又分别上涨约21.4%和20.3%。
换言之，今年油价上涨几乎被均匀分成两个阶段：前半段来自战争爆发、库存紧张与霍尔木兹风险的逐步累积，后半段则来自停火破裂、航运再次受限以及红海风险扩散。按年初至当前盘中价格计算，布伦特和WTI年内累计涨幅分别约为48.2%和47.9%;但布伦特曾在4月地缘政治冲突期间冲至125美元以上，说明当前价格已回吐部分战争峰值风险溢价。
炼油维修遮住油价红利：埃克森美孚利润创俄乌冲突以来新高，但是仍差“最后两美分”
埃克森美孚第二季度调整后的每股收益为3.52美元，较华尔街分析师们平均预期低2美分，不过埃克森美孚第二季度利润创四年来新高、自由现金流约172亿美元同比大幅增长219.6%，且季度向股东返还约94亿美元，包括43亿美元股息和51亿美元回购，并将净债务削减约70亿美元;全年仍以约200亿美元回购为目标。
埃克森美孚Q2总营收1160.2亿美元，同比大幅增长42%;GAAP基准之下的净利润大约145.25亿美元，创2022年能源危机以来最高水平，意味着同比大幅增长105%;严格按照埃克森美孚最新调整口径，2025年二季度调整后利润基数为69.72亿美元，因此2026年第二季度埃克森美孚的大约146.80亿美元调整后利润意味着实际同比增长约110.6%。
自由现金流增长至172.36亿美元，不仅超过调整后利润，而且相当于调整后利润的117%;去年同期这一转换率仅约77%。这表明利润增长拥有较强的现金支撑，而不是主要来自会计估值或应收项目。营运资本在本季度释放约20.99亿美元现金，也对经营现金流形成正面贡献。
霍尔木兹海峡被封锁导致的人类历史上规模最大的原油供应中断，正为全球范围的大型综合石油公司带来丰厚利润。由于占据全球石油与液化天然气运输量20%的波斯湾门户——即来自霍尔木兹海峡运输的能源供应受阻，客户争相寻找替代来源。
受美国与伊朗时断时续的停火协议与谈判影响，原油价格自4月一度突破每桶125美元后有所回落，但炼油利润率仍接近历史纪录，这意味着部分超额利润很可能延续至今年下半年。
如上图所示，大型石油公司们的意外横财——第二季度调整后利润可能创历史第三高。注：2026年第二季度数据中，埃克森美孚、壳牌、雪佛龙和道达尔能源采用实际数据，英国石油公司数据为预估值。
大型石油公司的意外横财正成为政治争议焦点，因为高企的能源价格正在全球范围内推升通胀，尤其是在美国，汽油价格再次升至每加仑4美元以上。作为全球经济“主力燃料”的柴油，其零售价格较战前水平上涨超过40%。美国总统唐纳德·特朗普上月下令司法部调查燃油价格，称其下降速度不够快。
埃克森美孚错过了一部分油价飙升红利
整体而言，除147亿美元调整后利润外，埃克森美孚第二季度最突出的信号是：营收、经营现金流、自由现金流和炼油/化工利润均出现爆发式增长，但中东产量中断与炼厂计划检修，使公司未能把极端高油价和炼油利润率完全转化为超预期每股收益。
埃克森美孚炼油业务利润达到41亿美元，同比增长200%创四年来最高水平，但仍显著低于分析师预期的53.7亿美元。该公司表示，本季度柴油产量创下历史纪录，但盈利“受到计划内维护影响的抵消”。
如上图所示，炼油利润创纪录——美国墨西哥湾沿岸燃油炼制利润率处于历史最高水平。
按更能反映基础经营状况的调整后口径，上游业务利润为91.89亿美元，较上年同期54.02亿美元增长70.1%;能源产品业务，即埃克森美孚炼油业务，利润由13.66亿美元升至40.99亿美元，同比增长约200%;化工产品利润从2.93亿美元升至12.14亿美元，增长约314%;特种产品利润由7.80亿美元升至9.69亿美元，增长约24%。这说明埃克森美孚并非只依靠原油涨价，上游、炼油、化工和润滑材料均在贡献利润，垂直一体化优势在能源供应冲击中得到充分体现。
炼油业务虽然创下四年来最高利润和公司历史最高的第二季度柴油产量，但40.99亿美元仍低于分析师预期的53.7亿美元，计划内检修是主要拖累。这也是为什么整体利润极高、营收明显超预期，调整后EPS却仍略逊市场预估：埃克森拥有极佳的炼油市场环境，却没有实现理论上的全部利润捕获。
美国传统能源行业组织坚称，高额利润只是供需失衡的结果，而那些响应特朗普总统要求并且积极提高产量的公司正在获得回报。
埃克森美孚公司二季度的能源总产量为451.4万桶油当量/日，较上年同期463万桶下降约2.5%。下降主要不是核心油田衰减，而是卡塔尔LNG设施遭袭、阿联酋部分产量无法正常外运等中东冲突影响;约45万桶油当量/日的卡塔尔产量仍处于停产状态。剔除中东扰动后，公司称上游产量达到二十多年来同期最高水平。
真正的结构性亮点是二叠纪盆地产量超过180万桶油当量/日，较2025年同期约160万桶至少增长12.5%，并符合公司到2030年保持约9%复合增速的规划。圭亚那第五艘FPSO预计第四季度投产，将新增约25万桶/日产能，因此埃克森的中期产量增长仍主要由低成本、长寿命的二叠纪盆地和圭亚那驱动。
首席财务官Neil Hansen在接受媒体采访时表示，尽管利润亮眼，石油行业仍是一个“利润率相当低的行业”。“我们的规模不足以影响价格，事实上没有任何一家公司能够做到。”
埃克森美孚一直在提高二叠纪盆地和圭亚那业务的原油产量，推动公司整体日产量升至相当于450万桶油当量。二叠纪盆地目前约占该公司全球总产量的40%。
大型石油公司利润激增并未转化为更高的股价。自2月底美伊战争爆发以来，埃克森美孚股价涨幅不足3%，主要原因是投资者认为战争推动的利润增长难以持续。"
木星矿业2026财年第四季度产量强劲，业绩亮眼,2026-7-31 10:42,https://cn.investing.com/news/transcripts/article-93CH-3490320,,"木星矿业（Jupiter Minerals）表示，公司以强劲的销售业绩、更高的产量和稳定的现金创造能力结束了2026财年。旗下Tshipi锰矿凭借低成本优势，在波动的市场环境中持续受益。该公司全年销售锰矿石略低于350万吨，连续第八年超越340万吨的年度销售目标，而6月季度产量较上一季度增长14%，达966,183吨。该股最新报价为$0.265，较前一交易日持平，处于$0.20至$0.31的52周区间下半段附近。公司市值为3.63亿美元，市盈率为12.15倍，当前股价低于InvestingPro的公允价值估算，暗示该股相对基本面可能存在低估。






木星矿业的业绩反映出Tshipi锰矿在本财年末的强劲表现，公司持有该矿的投资权益。6月季度销售与产量双双提升，同时公司维持低成本运营，安全记录保持稳定。Tshipi本季度零工时损失伤害事故，总可记录伤害频率维持在0.37。
该矿的表现同时印证了其长期运营记录。自木星矿业2018年投资以来，Tshipi每年均达到或超越340万吨的年度销售目标。管理层表示，最新季度的产量结构——包括820,642吨高品位矿石——将为新财年的强势开局提供有力支撑。
面对锰价走势不均衡、下游需求疲软的市场背景，木星矿业表示其成本优势依然是核心竞争力。管理层指出，自2021年前后，市场已转为供应驱动型，价格走势更多受供应端因素影响，而非需求增长。这一格局有利于Tshipi等低成本生产商。






本季度业绩报告未附带每股收益或营收预测，因此无法与分析师预期进行直接比较。然而，公司运营数据表现明显强劲——销售量环比增长12%，产量环比增长14%，全年销售量连续第八年超越目标。
从实际情况来看，本季度更像是一个稳健执行的故事，而非超预期的惊喜。投资者未能看到推动估值大幅波动的盈利超预期或不及预期信号，但确实获得了该矿在困难市场中依然高效、稳定且盈利的有力佐证。这也在一定程度上解释了为何该股最新报价维持在$0.265不变。


木星矿业股价最新报$0.265，与前收盘价$0.265持平。过去一年，该股在相对较窄的区间内波动，52周区间为$0.20至$0.31。按最新价格计算，较高点低约14.5%，较低点高约32.5%。
市场反应平淡，表明投资者对运营层面的强劲表现并不感到意外，或正在等待股息、定价及下一阶段物流改善方面更明确的信号。此外，所提供数据中缺乏每股收益和营收指引，也限制了仅凭单季度数据触发估值大幅重估的可能性。


管理层表示，Tshipi的2027财年锰矿石销售目标为340万吨，与长期年度目标保持一致。6月季度390万吨的年化产量运行率，为矿山进入新财年奠定了坚实基础。
成本前景依然乐观。木星矿业表示，若美元相对生产国货币保持弱势，FOB成本预计将维持在已报告的每dmtu $2.48附近，经当前汇率条件调整后约为$2.20至$2.25。
在定价方面，管理层预计，随着南非发往主要市场（尤其是中国）的锰矿石货运量减少，锰矿石价格短期内将在当前水平附近趋于稳定。公司还表示，将在年终账目完成后启动股息讨论，预计与8月底发布的初步财务业绩同步公布相关决定。对于寻求深度分析的投资者，木星矿业是InvestingPro专业研究报告所覆盖的逾1,400家公司之一，该报告通过直观的可视化图表和专家分析，将复杂的财务数据转化为清晰、可操作的投资洞见。
物流仍是战略重点。Tshipi正致力于提升吕德里茨港的吞吐量，目前该港年处理量约为70万至80万吨，若效率得到改善，有望突破100万吨。公司同时正在拓展东伦敦港作为替代运输通道。


首席执行官Brad将本季度称为""一份非常亮眼的6月季度运营报告""，并表示这标志着木星矿业2026财年的圆满收官。他表示，公司全年交付""略低于350万吨""的销售量，超越了340万吨的目标——自木星矿业2018年投资以来，Tshipi每年均达成这一目标。
在成本方面，他表示矿山每dmtu $2.48的FOB成本""完全符合趋势""，并指出可比的大型南非生产商成本已接近每dmtu $3。他表示，这赋予了Tshipi""相对同行的良好防御性利润空间""。
他还将股息记录作为投资价值的重要组成部分，表示新合资伙伴Exxaro投资于""一家出色的现金创造型公司""，部分原因正是被Tshipi的股东回报历史所吸引。






分析师的提问主要集中在物流、股息以及新合资伙伴Exxaro的角色等方面。有分析师询问吕德里茨港的矿石运输能力。管理层表示，该港目前年处理量约为70万至80万吨，但通过效率提升而非大规模扩容，有望突破100万吨。
另一个问题聚焦于Exxaro能否帮助降低成本。管理层表示，Exxaro有意将物流优势引入合资企业，包括可能的铁路相关效率改善，但任何变更均须在合作框架内经各方协商一致后方可推进。
最后一个问题涉及股息政策。管理层表示，目前给出明确意见为时尚早，但指出Exxaro本身也是一家派息公司，其投资Tshipi的部分原因正是看重其强劲的分红记录。预计股息讨论将在年终账目完成后正式启动。

本文由人工智能协助翻译。更多信息，请参见我们的使用条款。"
多年产能收缩+地缘冲突致全球燃料供应告急！美国炼油商坐享数十亿美元盈利,2026-7-31 08:44,https://cn.investing.com/news/stock-market-news/article-3490195,,"智通财经APP获悉，在多年来美国国内炼油厂关闭以及中东战争导致全球燃料供应趋紧的背景下，美国炼油商正全力运转以满足市场需求，同时使得第二季度成为历史上最赚钱的几个季度之一。
瓦莱罗能源(VLO.US)周四公布的财报显示，以每股收益计算，该公司实现了历史上最强劲的季度表现。PBF Energy(PBF.US)和HF Sinclair(DINO.US)则分别创下自2022年和2023年以来最佳盈利表现。其他炼油巨头，包括Phillips 66(PSX.US)和马拉松原油(MPC.US)也将公布财报，投资者同样预计这些企业将交出亮眼成绩。
多年来炼油厂关闭已经导致燃料市场缺乏供应缓冲。而如今，美国与伊朗之间的战争扰乱了中东燃料出口，同时乌克兰对俄罗斯炼油设施的袭击也限制了汽油和柴油出口。这些供应中断共同导致全球燃料库存下降，并推动全球燃料价格上涨。
在需求保持相对稳定的情况下，汽油和柴油库存几乎没有显示出恢复迹象，这意味着市场供应仍将保持紧张，价格也将维持高位。尽管燃料生产通常会在秋季开始放缓，但美国炼油商表示，他们将继续追逐接近历史纪录的利润率。
PBF Energy首席执行官马修·C·卢西在财报电话会议上表示：“产品库存恢复速度将较为缓慢，而最终必须进行的补库存过程，将在未来几个季度为炼油利润率提供有利支撑。”
战争冲击下，美国炼油商赚取数十亿美元利润
瓦莱罗能源第二季度净利润同比增长超过五倍，从去年同期的7.14亿美元升至37亿美元，创下历史新高。HF Sinclair第二季度净利润约增长四倍，达到8.92亿美元。PBF Energy则从2025年同期亏损状态转为盈利，净利润增加超过10亿美元。
展望下一季度，瓦莱罗能源和HF Sinclair均预计，其每日加工原油量平均仅会出现小幅下降。第二季度日均加工原油量接近89万桶的PBF Energy预计，下一季度加工量将进一步提升，最高达到96万桶/日。
随着燃料供应紧张持续，企业利润可能还会进一步改善。瓦莱罗能源首席运营官加里·西蒙斯在与股票分析师举行的电话会议上表示：“到目前为止，利润率环境比第二季度更加强劲。”他指出，较低的原油成本正在推动利润改善。
西蒙斯还表示，目前几乎没有迹象表明燃料价格将在短期内下降。他指出，今年夏季从历史高位有所回落的航空燃油价格，似乎正在重新上涨。
由于俄罗斯供应受扰增加了美国出口需求，柴油价格仍维持高位。随着买家开始为冬季供暖季提前补充库存，即使成本更高，柴油价格仍可能继续受到支撑。
与此同时，西蒙斯表示，从欧洲进口汽油到美国在经济上并不划算，因为欧洲市场的汽油价格同样处于高位。但向拉丁美洲出口汽油则具有经济吸引力，因为市场之间存在套利机会。他补充称，这也导致美国汽油价格继续维持高位。"
OMV二季度业绩超预期，Borouge International并表提振整体表现,2026-7-31 18:36,https://cn.investing.com/news/transcripts/article-93CH-3491182,,"奥地利能源巨头OMV公布了强劲的2026年第二季度业绩，受大宗商品价格上涨、炼油利润率改善以及Borouge International首个完整季度并表等因素推动，盘前股价上涨0.87%至$64，接近52周高点。公司公告显示，清洁CCS每股收益从去年同期的EUR 1.20大幅升至EUR 2.90，超出此前预期的$2.48。与此同时，管理层上调了全年炼油及化工利润率展望，认为全球供应偏紧的格局将持续提供支撑。






OMV表示，第二季度市场环境异常强劲，尤其是石油、天然气、炼油及化工领域均呈现出明显的盘坚态势。布伦特原油均价达每桶$104，同比上涨53%，欧洲炼油利润率更是翻逾一倍，有效抵消了中东冲突对部分上下游业务的不利影响。
能源业务板块清洁经营业绩达EUR 8.85亿，同比增长50%，尽管油气产量小幅下滑4%至每日29.1万桶油当量。燃料业务板块清洁经营业绩为EUR 4.46亿，炼油厂利用率达90%。化工业务同样表现亮眼，清洁经营业绩达EUR 4.29亿，较去年同期翻逾一倍。
本季度也充分体现了OMV多元化投资组合的优势。尽管中东冲突对部分物流及销售造成干扰，但利比亚、欧洲及其他地区的业务有效缓冲了相关影响。Borouge International首个完整季度并表，也为化工业务带来了更大规模与更强盈利能力。






OMV清洁CCS每股收益EUR 2.90超出预期$2.48约0.42，超预期幅度约为16.9%。在大宗商品价格强劲、供应偏紧的季度背景下，这一超预期表现尤为亮眼。
与去年同期相比，业绩改善同样显著。每股收益较2025年第二季度的EUR 1.20实现翻倍，表明业绩提升并非短期波动。经营业绩的增速甚至快于每股收益，说明利润率提升和各业务板块的改善均得到了高效传导。
由于实际收入数据未在所提供资料中披露，无法与预期进行直接比较。但从业绩超预期及各板块强劲表现来看，OMV本季度整体表现明显优于市场预期。


OMV股价在盘前交易中较前收盘价$63.45上涨0.87%至$64，每股涨幅约$0.55，股价接近52周高点$65。这一涨幅表明投资者对业绩持正面态度，但反应较为温和，并未引发大幅拉升。
市场反应相对克制，或因股价在业绩发布前已接近年内高点。此外，投资者也在强劲的当期盈利与多重不确定因素之间寻求平衡，包括地缘政治风险、营运资本压力，以及炼油和化工利润率年内可能回归正常水平的预期。
目前尚无异常成交量数据。综合现有信息来看，市场反应积极但较为审慎。该股年初至今累计涨幅达32%，目前股价距52周高点$73.56不足1%，反映出2026年以来的强劲上行势头。


OMV上调了全年展望的多项指标，目前预计2026年布伦特原油均价区间为每桶$85至$95，炼油指标利润率均值约为每桶$20，乙烯和丙烯指标利润率分别高于每吨EUR 600和EUR 500。
公司还表示，预计全年欧洲炼油厂利用率将超过90%，下半年无重大检修计划。在化工业务方面，OMV将2026年裂解装置利用率指引上调至85%至90%。
公司整体战略规划保持稳步推进。黑海Neptun Deep项目仍计划于2027年实现首次产气，海上平台已完成安装，10口开发井中已完成6口。OMV还预计将于第三季度收到来自Borouge International的首笔股息，并表示该业务有望受益于全球聚烯烃供应偏紧的格局。
管理层表示，杠杆率将维持在30%以下，全年清洁税率预计在40%出头。根据InvestingPro指标，OMV目前财务健康评分为2.91，评级为""良好""，在价格动能和盈利能力方面表现尤为突出。近期已有三位分析师上调了对该公司未来业绩的预测，进一步印证了公司的积极展望。


首席执行官Alfred Stern表示，本季度面临""持续的地缘政治不确定性和全球能源市场的高度波动""，但OMV多元化的投资组合使公司得以""在地区性挑战下仍取得整体非常优异的业绩""。
他还着重强调了盈利改善的幅度，表示：""我们的清洁CCS经营业绩大幅跃升至EUR 17亿，经营活动现金流也显著增长至EUR 13亿。""
在谈及Borouge International时，Stern表示，中东冲突导致全球聚烯烃供应趋紧，而这家新公司""已充分证明其多元化全球布局和优质产品组合的价值""。
首席财务官Reinhard Florey则就资产负债表情况表示，杠杆率仅升至19%，""始终远低于我们30%的中长期上限""。






分析师重点关注Borouge International、炼油利润率及营运资本等议题。提问主要集中在OMV何时收到首笔Borouge股息、该股息是否存在上调空间，以及混合债券发行和大额股息支出后年末净债务的走向。管理层表示，首笔股息预计于第三季度到账，目前讨论提高派息金额尚为时过早。
化工品定价也是另一重要议题。分析师询问，7月利润率低于第二季度是否意味着下半年业绩将走弱。OMV表示，当前利润率仍远高于全年指引水平，强劲需求和高装置利用率将持续为业务提供支撑。
炼油业务同样受到关注。OMV表示，当前市场环境仍异常有利，受益于供应链中断、莱茵河和多瑙河水位偏低以及全球产能收缩等因素。管理层表示，预计未来不会出现重大负面对冲交易影响。
分析师还就Neptun Deep项目进度进行了询问。OMV表示，首次产气仍按计划于2027年实现，但公司希望在给出更明确的投产时间表前留有更多余地，并表示2028年实现满负荷贡献是较为合理的预期。

本文由人工智能协助翻译。更多信息，请参见我们的使用条款。"
矿产技术公司二季度现金流创佳绩，股价大涨逾6%,2026-8-1 00:14,https://cn.investing.com/news/transcripts/article-93CH-3492081,,"矿产技术公司（Minerals Technologies）公布2026年第二季度营收为$548.4百万，调整后每股收益为$1.60，略低于华尔街预期，但由于公司旗下工程解决方案业务利润率创历史新高、现金流表现强劲且全年业绩指引维持不变，股价随后大幅上涨。营收低于市场预期的$557.6百万，每股收益也未达$1.63的市场共识预期。公司股价最新报$76.98，较前收盘价$72.51上涨6.16%。






矿产技术公司表示，第二季度业绩反映出多个工业及特种市场的稳健需求，尽管通胀压力及合同时间安排对部分消费品业务造成一定影响。营收同比增长4%，上半年营收增长7%，管理层将此定性为由新项目推进及终端市场改善所驱动的高质量增长。
公司各业务板块表现分化明显。消费品与特种产品业务受能源、运费及原材料成本上涨拖累，叠加价格上调时间滞后，面临较大压力。相比之下，工程解决方案业务表现亮眼，钢铁、铸造及环保领域需求旺盛，该板块创纪录的利润率有力支撑了公司整体盈利能力，也让投资者得以忽视业绩未达预期的不足。
矿产技术公司还指出，公司现金生成能力持续改善，资产负债表进一步夯实。净杠杆率降至EBITDA的1.6倍，去杠杆进程稳步推进。这一财务改善态势，结合稳定的资本支出计划，表明公司有充足空间支持增长项目投入并履行法律义务。






矿产技术公司公布调整后每股收益为$1.60，低于分析师预期的$1.63，差距为每股$0.03，约为1.8%。营收$548.4百万亦低于$557.6百万的市场预期，差距约为$920万，即1.6%。
整体来看，实际业绩与预期相差不大，市场似乎更关注公司的经营基本面趋势，而非这一小幅未达预期的结果。上半年每股收益同比增长11%，表明即便第二季度部分消费品类别表现偏软，公司整体业务动能仍在持续积累。
与许多业绩未达预期后股价大幅下跌的情形不同，本季度市场反应截然相反。强劲的现金流、创纪录的业务板块利润率以及维持不变的全年指引，共同抵消了小幅业绩缺口带来的负面影响。


财报公布后，公司股价从前收盘价$72.51上涨6.16%至$76.98。这一价位接近公司52周区间$53.94至$84.34的上沿，距历史高点约低8.7%，远高于历史低点。
这一涨势表明，尽管本季度业绩未达预期，投资者仍对公司的利润率表现和现金生成能力感到鼓舞。值得注意的是，此次上涨发生在盘后交易时段——该时段交易量通常较薄，市场反应往往更为剧烈。目前暂无成交量数据披露。
股价的上涨也表明，投资者可能将第二季度的业绩未达预期视为暂时现象，尤其是考虑到管理层表示价格上调仍在追赶成本通胀，且利润率预计将在年内晚些时候持续改善。


就第三季度而言，矿产技术公司预计营收约为$550百万，同比增长约4%。管理层指引营业利润约为$7,500万，每股收益区间为$1.55至$1.60，营业利润率约为13.5%。华尔街分析师对公司前景持更为乐观的态度，目标价区间为$90至$105，较当前股价潜在涨幅为17%至36%。市场共识评级为强力买入，评分为1.25。
就全年而言，公司维持营收中个位数增长区间的展望不变，并维持13%至13.5%的营业利润率指引。自由现金流仍预计相当于营收的6%至7%，资本支出目标维持在$9,000万至$1亿。
管理层表示，多项增长举措将在下半年加速推进，包括：

公司还表示，随着定价逐步追上成本上涨，预计将以更强的利润率势头结束2026年。


首席执行官道格·迪特里希（Doug Dietrich）表示：「营收为$548百万，同比增长4%，营业利润为$7,500万。每股收益为$1.60，同比增长3%。我们持续保持强劲的现金创造能力。」
他还就整体趋势指出：「我们的营收增长势头持续，上半年营收增长7%。我想强调的是，这是高质量的收入增长，由新增长项目带来的更高销量以及更强劲的终端市场条件共同驱动。」
首席财务官埃里克·阿尔达格（Erik Aldag）着重强调了工业业务组合的强劲表现，表示工程解决方案业务实现了「17.8%的创纪录利润率，以及$4,900万的创纪录季度收入」。
上述评论将本季度定性为近期业绩喜忧参半、但经营质量持续改善的一个季度。






分析师重点关注三大议题：猫砂业务增长时间节点、利润率回升进度以及滑石粉储备计提费用。
关于猫砂业务，分析师询问为何在第一季度强劲表现后增速放缓。管理层解释称，该业务在年初出现大量渠道补货，第二季度随后恢复正常订货模式。公司预计随着新产品推出及零售商促销活动逐步落地，下半年业务动能将有所改善。
另一核心议题是利润率回升。分析师询问公司明年能否重返14%以上的营业利润率。管理层给出肯定答复，但指出消费品与特种产品业务仍在消化较高成本，定价调整目前才刚开始追上成本涨幅。公司预计随着成本通胀趋于稳定，利润率改善将逐步显现。
BMI OldCo滑石粉储备问题同样引发分析师追问。管理层表示，$2.9亿的计提费用反映了公司为拟设立信托及相关程序成本提供资金的努力，并重申公司始终相信BMI OldCo销售的所有滑石粉均是安全的。高管拒绝就地区法院裁决结果进行推测，但表示法律程序目前正在推进之中。
分析师还就公司的PFAS修复产品Fluoro-Sorb进行了询问。管理层表示，该产品目前已有10座全规模市政饮用水处理厂投入运营，另有18套系统已被指定用于未来安装，预计2026年和2027年将有更多项目落地。

本文由人工智能协助翻译。更多信息，请参见我们的使用条款。"
矿产技术公司二季度现金流超预期，股价大涨逾6%,2026-8-1 00:14,https://cn.investing.com/news/transcripts/article-93CH-3492082,,"矿产技术公司（Minerals Technologies）公布2026年第二季度营收为5.484亿美元，调整后每股收益为$1.60，略低于华尔街预期，但由于公司在工程解决方案业务中创下历史最高利润率，同时现金流表现强劲，全年业绩指引维持不变，股价随即大幅上涨。营收低于市场预期的5.576亿美元，每股收益也未达到$1.63的市场共识。该股最新报价为$76.98，较前收盘价$72.51上涨6.16%。






矿产技术公司表示，第二季度业绩反映出多个工业及特种市场需求稳健，尽管通货膨胀压力及合同时间安排对部分消费品业务造成一定影响。营收同比增长4%，上半年营收增长7%，管理层将其定性为由新项目推动、终端市场改善所带来的高质量增长。
公司各业务部门表现分化明显。消费品与特种产品部门受到能源、运费及原材料成本上涨的压力，加之价格上调时机滞后，业绩承压。相比之下，工程解决方案部门表现亮眼，钢铁、铸造及环保领域需求强劲，该部门创历史最高利润率，有力支撑了整体盈利能力，也使投资者得以忽视整体业绩的小幅未达预期。
矿产技术公司还指出，现金生成能力持续改善，资产负债表进一步强化。净杠杆率降至EBITDA的1.6倍，去杠杆化进程持续推进。这一财务进展，加上稳定的资本支出，表明公司有足够空间为增长项目提供资金并履行法律义务。






矿产技术公司公布调整后每股收益为$1.60，而分析师预期为$1.63，差距为每股$0.03，约为1.8%。营收5.484亿美元同样低于5.576亿美元的预期，差距约为920万美元，即1.6%。
整体而言，实际业绩与预期相差不大，市场似乎更关注公司的基本经营趋势，而非这一小幅未达预期。上半年每股收益增长11%，表明即便部分消费品类别第二季度表现较弱，公司整体仍保持增长势头。
与许多业绩未达预期后股价大幅下跌的情形不同，本季度市场反应截然相反。强劲的现金流、创纪录的部门利润率以及维持不变的业绩指引，共同抵消了业绩小幅未达预期的负面影响。


财报发布后，该股从前收盘价$72.51上涨6.16%至$76.98。这一价格接近该股52周区间$53.94至$84.34的高端，距历史高点约低8.7%，远高于历史低点。
这一走势表明，尽管本季度业绩略低于预期，投资者仍对公司的利润率表现和现金生成能力感到鼓舞。值得注意的是，此次上涨发生在盘后交易时段，该时段交投通常较为清淡，市场反应也可能更为明显。目前暂无成交量数据。
股价上涨也表明，投资者可能将第二季度的业绩未达预期视为暂时性现象，尤其是考虑到管理层表示价格上调仍在追赶成本通胀，下半年利润率有望进一步改善。


就第三季度而言，矿产技术公司预计营收约为5.5亿美元，同比增长约4%。管理层预计营业利润约为7,500万美元，每股收益在$1.55至$1.60之间，营业利润率约为13.5%。华尔街分析师则持更为乐观的态度，目标价区间为$90至$105，意味着相对当前价格有17%至36%的上涨空间。市场共识评级为强力买入，评分为1.25。
就全年而言，公司维持营收中个位数增长的预期，营业利润率指引维持在13%至13.5%。自由现金流预计仍相当于营收的6%至7%，资本支出目标维持在9,000万至1亿美元。
管理层表示，多项增长举措将在下半年加速推进，包括：

公司还表示，随着定价逐步追上成本上涨，预计将以更强的利润率势头结束2026年。


首席执行官道格·迪特里希（Doug Dietrich）表示：「营收为5.48亿美元，同比增长4%，营业利润为7,500万美元。每股收益为$1.60，同比增长3%。我们持续保持强劲的现金生成能力。」
他还就整体趋势指出：「我们的营收增长势头持续，上半年营收增长7%。我想强调的是，这是高质量的收入增长，由新增长项目带来的更高销量以及更强劲的终端市场环境共同驱动。」
首席财务官埃里克·阿尔达格（Erik Aldag）则着重强调了工业业务组合的优势，表示工程解决方案部门实现了「17.8%的历史最高利润率以及4,900万美元的季度历史最高利润。」
上述评论将本季度定性为近期业绩喜忧参半、但经营质量持续改善的一个季度。






分析师重点关注三大议题：猫砂业务增长时机、利润率恢复节奏以及滑石粉储备计提费用。
关于猫砂业务，分析师询问为何在第一季度强劲增长后，第二季度增速有所放缓。管理层解释称，年初渠道备货较为集中，第二季度则恢复正常订货节奏。随着新产品推出和零售商促销活动逐步落地，预计下半年增长势头将有所改善。
另一个核心议题是利润率恢复。分析师询问公司明年能否重返14%以上的营业利润率。管理层给予肯定回答，但指出消费品与特种产品部门仍在消化较高成本，定价追赶工作才刚刚开始。公司预计随着成本通胀趋于稳定，利润率将逐步提升。
BMI OldCo滑石粉储备问题同样引发分析师关注。管理层表示，2.9亿美元的计提费用反映了公司为拟议信托及相关程序成本提供资金的努力，并坚持认为BMI OldCo销售的所有滑石粉均是安全的。高管们拒绝就地区法院的裁决结果进行推测，但表示法律程序目前正在推进中。
分析师还就公司的PFAS修复产品Fluoro-Sorb提出问题。管理层表示，该产品目前已有10座全规模市政饮用水处理厂投入运营，另有18套系统已被指定用于未来安装，2026年及2027年还将有更多项目落地。

本文由人工智能协助翻译。更多信息，请参见我们的使用条款。"
工信部发布《工业绿色低碳发展“十五五”规划》,2026-7-31 08:35,https://cn.investing.com/news/stock-market-news/article-3490201,,"智通财经APP获悉，7月31日，工信部印发《工业绿色低碳发展“十五五”规划》。《规划》在定位上，从强调工业自身绿色发展，到更加注重工业对经济社会发展全面绿色转型的支撑作用，强调产业绿色化和绿色产业化统筹推进、一体发展。《规划》在导向上，明确提出绿色低碳发展是价值创造和价值提升的重要途径，推动行业企业统一思想、同步行动、主动转型，着力培育发展绿色生产力，加快发展新能源装备、新能源汽车、新型储能、氢能、节能环保装备等代表绿色生产力方向的先进技术和产业，推动产业不断向全球中高端迈进。
《规划》提出总体目标：到2030年，产业结构和用能结构进一步优化，工业领域二氧化碳排放量达到峰值，能源资源利用效率稳步提升，绿色能源应用比例显著提高，绿色制造和服务体系更加完善，绿色低碳产业竞争优势巩固提升。《规划》提出规模以上工业单位增加值能耗、碳排放下降等7项预期性目标。
《规划》要求提升4个能力，一是提升产业绿色价值创造能力，通过推进传统产业绿色转型、巩固提升绿色优势产业、培育壮大新兴产业绿色动能，激活绿色发展内生动力，推动产业体系绿色提质升级。二是提升绿色装备产品供给能力，以支撑经济社会发展全面绿色转型为着眼点，强化绿色技术、装备、工艺、产品的有效供给，引领带动能源、交通、建筑、农业、消费等领域绿色转型。三是提升绿色低碳科技创新能力，突出绿色科技创新和产业创新深度融合，按照技术攻关、产业化应用、推广普及等环节部署相关任务，推动绿色低碳关键技术研发创新，促进绿色低碳科技成果转化应用。四是提升智能化绿色化融合发展能力，坚持智能制造和绿色制造协同推进，在夯实融合基础、深化融合应用的基础上，推动人工智能赋能绿色制造，加快数智技术驱动生产组织方式重构，促进绿色转型进程加快、效能提升。
原文如下：
工业绿色低碳发展“十五五”规划
绿色发展是高质量发展的底色。为加快推动工业绿色低碳发展，积极稳妥推进和实现碳达峰，促进经济社会发展全面绿色转型，依据《中华人民共和国国民经济和社会发展第十五个五年规划纲要》，制定本规划。
一、总体要求
坚持以习近平新时代中国特色社会主义思想为指导，深入贯彻党的二十大和二十届历次全会精神，认真落实四中全会部署，深入践行习近平生态文明思想，完整准确全面贯彻新发展理念，加快构建新发展格局，锚定基本实现新型工业化目标，以推动高质量发展为主题，以培育壮大绿色生产力为主线，发挥碳达峰碳中和战略牵引作用，坚持智能化、绿色化、融合化方向，突出价值创造和能力提升，统筹推进产业绿色化和绿色产业化，加快绿色科技创新和产业创新深度融合，发展绿色制造，壮大绿色低碳产业，筑牢新型工业化绿色根基。
到2030年，产业结构和用能结构进一步优化，工业领域二氧化碳排放量达到峰值，能源资源利用效率稳步提升，绿色能源应用比例显著提高，绿色制造和服务体系更加完善，绿色低碳产业竞争优势巩固提升。
二、重点任务
(一)深入实施工业领域碳达峰行动
以碳达峰碳中和目标为牵引，协同推进产业结构和用能结构转型，扩大绿色能源应用，深化工业节能降碳，积极稳妥推进和实现工业领域碳达峰。
1.推动产业结构和用能结构协同转型。落实京津冀协同发展、长三角一体化发展、粤港澳大湾区建设、长江经济带发展、黄河流域生态保护和高质量发展等区域重大战略，引导各地区立足能源资源禀赋、产业实际，加强产业转移和绿色能源协同布局。依法依规淘汰落后低效产能，健全产能监测预警机制，稳妥有序推进钢铁、有色、建材、石化化工等重点行业化解结构性矛盾。在符合国家相关产业布局规划前
提下，鼓励绿色能源富集地区有序承接电解铝、钢铁、石化化工、光伏、动力电池等产业，延伸绿色能源产业链，推动绿色氢氨醇规模化应用，提高绿色能源本地产业化消纳能力。在绿色能源丰富地区建设一批符合条件的绿色算力设施，大幅提升国家枢纽节点新建算力设施绿电使用比例。建设一批零碳工厂、零碳算力设施，大幅提升绿电、绿氢等应用比例，形成可复制、可推广的建设模式。
2.加快电气化改造和绿色能源应用。实施工业终端用能电气化改造，推广电炉炼钢、电锅炉、电窑炉、电助熔、电加热、高温热泵、大功率电热储能锅炉等先进技术装备，加快存量低效设备电气化替代，提高终端用能设备电气化水平。推进工业绿色微电网建设，集成应用光伏、风电、热泵、新型储能、氢能、余热余压余气、智慧能源管控等，实现工业领域多能高效互补利用。鼓励企业和园区采用绿电直连、新能源就近接入增量配电网、源网荷储一体化等模式，扩大工业领域绿电应用规模。鼓励印染、造纸、食品加工等行业应用非化石能源、热泵供热。推进工业领域电力需求侧管理，鼓励工业企业利用现有自备电厂、柔性生产负荷、可中断负荷等调节能力，实现源荷双向协同互动。
3.加力推进工业重点行业节能降碳。全面实施碳排放总量和强度双控制度，完善工业领域碳管理体系。聚焦钢铁、有色、石化化工、建材、光伏、算力设施等重点行业领域，加大工业节能监察执法力度，强化能效、碳排放等相关标准约束作用，提升能效碳效水平。加快完善重点行业能耗和碳排放限额、重点用能产品设备能效等标准，逐步提高指标要求。遴选发布能效、碳效领跑者企业，引导重点行业企业对标达标。持续开展节能降碳诊断服务，组织节能降碳服务进企业系列活动，推动重点行业领域实施节能降碳改造。
专栏2工业领域碳管理体系建设
1.地方碳考核。落实碳达峰碳中和评价考核制度要求，对各省规模以上工业单位增加值能耗和碳排放降低等情况进行评估。
2.行业碳管控。依托能源和工业统计、能源活动和工业生产过程碳排放核算、全国碳排放权交易市场等数据，开展重点行业碳排放核算。
3.企业碳管理。推动重点用能和碳排放企业落实节能降碳管理要求，加强能源和碳排放计量器具配备和检定校准。推动数字化能碳管理中心建设，提升企业和园区能碳精细化管理能力。
4.项目碳评价。强化固定资产投资项目节能审查和碳排放评价，对新建和改扩建高耗能高排放工业项目实施碳排放等量或减量置换。
5.产品碳足迹。制定实施工业产品碳足迹核算规则标准，构建工业产品碳足迹数据库，发挥工业互联网标识解析节点作用，丰富工业产品碳足迹应用场景。
(二)提升产业绿色价值创造能力
以绿色价值创造为导向，发挥碳市场、绿电绿证交易等作用，激活绿色发展内生动力，推动产业体系绿色提质升级。
4.加快推进传统产业绿色转型。推动重点行业原料燃料替代、短流程工艺推广、产品结构优化、低碳技术集成，带动传统产业提质降本降碳。鼓励有条件地区以产业集群为载体，推动钢铁、有色、石化化工、建材、纺织等产业耦合、能源互供、副产互换、设施共享。
专栏3重点行业绿色转型工程
1.钢铁。推动废钢、绿电资源向电炉短流程炼钢企业倾斜，加快高炉富氧、富氢、碳循环和纯氢直接还原、熔融还原等低碳冶金技术产业化应用。
2有色。推进电解铝高比例绿电消纳，推广绿色短流程铝、锌、镁、钛冶炼。
3.石化化工。有序扩大绿电、绿氢、生物质等绿色能源和低碳原料应用比例，实施新型催化、绿色合成、高效分离等工艺流程改造，推动电石法聚氯乙烯生产无汞化改造。
4建材。推动可燃废弃物大比例替代燃煤，推进建材窑炉协同处置固体废弃物，推进新型低碳固碳胶凝材料产业化应用。
5.纺织。推广低温印染、小浴比染色、少水少盐印染等绿色印染工艺，加快推动废旧纺织品循环利用。
6造纸。加快建立农林生物质剩余物回收储运体系，推动林纸一体化发展，提高热电联产占比。
5.巩固提升绿色优势产业。加快新能源汽车、新能源装备、新型储能等重点行业技术迭代、场景拓展。推动新一代动力电池、车规级芯片、车用操作系统创新应用，面向干线运输、中短途运输、城建物流以及矿场、港口等场景推广新能源重型货车。大幅提高多晶硅生产绿电使用比例，突破沙戈荒、高海拔、深远海场景下高可靠风电机组设计和制造技术，因地制宜推动风光储一体化装备应用。加快研制大容量、高安全、全气候、长寿命锂电池产品，拓展高性能锂电池在低空装备、智能机器人、电动船舶、电动工程机械、新能源农机等领域应用，拓展新型储能在电源协同运行、电网稳定支撑等领域应用。
6.培育壮大新兴产业绿色动能。因地制宜发展氢能产业，开展清洁低碳氢制取和应用关键技术攻关，实施氢能综合应
用试点，扩大工业、交通等领域清洁低碳氢应用。加快高性能、可降解生物基材料开发应用，发展非粮生物基燃料乙醇、生物柴油、生物航空煤油等生物能源，加大生物制造在造纸、日用化学品、纺织等领域应用。
(三)提升绿色装备产品供给能力
以支撑经济社会发展全面绿色转型为着眼点，优化绿色装备产品供给结构，发展绿色低碳产业，引领带动能源、交通、建筑、消费等领域绿色转型，助力绿色生产生活方式加快形成。
7.大力发展绿色装备。加快提升节能装备、节水装备、环保装备、资源综合利用装备供给能力。积极发展电池、甲醇、氨、氢等动力船舶，加快内河船舶新能源应用。有序发展电动、氢能等新能源航空器，推动在国产民用飞机应用可持续航空燃料。
专栏4绿色装备供给能力提升工程
1.节能装备。加快高效节能电机、变压器、工业热泵、制冷(热)设备、水电解制氢装备、信息通信设备等先进节能装备研发推广，强化节能装备系统耦合匹配。
2.节水装备。加快高效循环冷却、高端膜分离、智慧用水管控等技术装备产业化应用，普及高效节水洗涤装备、凝结水回收利用装备、灌溉装备等。
3.环保装备。加快减污降碳协同治理、噪声污染防治等环保装备产业化应用，开展新污染物监测治理、重点行业挥发性有机物全流程控制技术装备攻关，推广超低排放、多污染物协同治理等先进技术装备，推动环境监测仪器数智化升级。
4.资源综合利用装备。加快高效净化除杂、建材生产、材料提取等工业固废综合利用通用技术装备迭代升级。加强工业固废低成本预处理、高效制建材和胶凝材料等成套装备研发。开展智能检测、精细化分选、再生金属低碳冶炼、废旧
高分子材料连续化热裂解等综合利用装备攻关。
8.强化绿色产品有效供给。聚焦长寿命、无害化、轻量化、降噪、节能、节水、节材、节空间、易回收再生、可重复使用、零碳等绿色设计重点方向，分行业制定绿色设计要求，开发绿色设计解决方案，推广绿色产品。有序推动传统能源汽车节能与低碳燃料技术迭代，加快智能网联新能源汽车向全气候、全场景应用发展。制定汽车有害物质限制使用国家标准，完善有害物质管控机制，开展汽车制冷剂绿色替代。加强电器电子产品有害物质限制使用管理，稳步扩大管控品类，推动企业落实强制性国家标准。深入实施能效标识管理制度，鼓励企业生产绿色智能家电等产品，支持优质品牌纳入中国消费名品。鼓励企业生产健康、安全、绿色、优质建材产品。
9.深化绿色低碳产业国际合作。推动“一带一路""绿色合作，拓展全球绿色制造伙伴关系，加强绿色低碳多双边合作，强化国际公约履约能力建设。积极参与绿色低碳国际规则制定，推动绿色低碳标准、认证国际衔接互认。鼓励企业在新能源汽车出口主要市场布局废动力电池综合利用产能。在确保固体废物零进口前提下，有序推进再生钢铁、再生铜、再生铝、再生黑粉等海外优质再生原料进口利用。
(四)提升绿色低碳科技创新能力
以科技创新为第一驱动力，增强绿色低碳科技创新高质量供给，强化企业科技创新主体地位，促进绿色低碳科技成
果转化应用，以绿色低碳科技创新引领发展绿色生产力。
10.开展绿色低碳关键技术攻关。聚焦重点行业领域绿色低碳发展需求，强化应用性基础研究，统筹布局多元技术路线，组织优势创新主体、国家高新区等科技园区实施一批绿色低碳“揭榜挂帅""关键核心技术攻关项目，加快突破形成一批标志性绿色科技成果，加速产业化应用。重点研发可再生能源制氢、高效晶硅一钙钛矿叠层电池、高效薄膜电池、全固态电池、钠离子电池、绿氢冶金、惰性阳极、柔性电解、窑炉氢能煅烧、原油直接制化学品、碳捕集封存利用等技术。
11.促进绿色低碳科技成果高效转化。布局建设一批清洁低碳氢、低碳零碳工艺流程再造、高性能水处理膜等中试验证平台，加快中试服务能力开放共享，降低技术市场验证成本。贯通绿色设计、材料、设备、制造等关键环节，推动绿色低碳技术在绿色工厂、零碳工厂、无废企业中成组、成套、成规模落地应用。实施首台(套)、首批次、首版次产品应用政策，促进首创产品应用。
12.加快成熟绿色低碳技术推广普及。发布工业绿色低碳技术导向目录。鼓励龙头企业建设并开放一批“辐射引领、先进适用""的应用场景，带动产业链上下游中小企业绿色化改造。实施大规模设备更新和消费品以旧换新等政策，组织开展技术服务推广活动，加强绿色设计、绿色材料、绿色装备供需对接。
(五)提升智能化绿色化融合发展能力
以数智赋能工业绿色低碳发展为着力点，协同推进智能制造和绿色制造，加快数智技术驱动生产组织方式重构，促进绿色转型效能跃升。
13.夯实智能化绿色化融合基础。支持企业加装智能传感器，部署高速低时延工业网络，打通设备数据接口，实现生产装备、工艺参数与能耗、物耗、碳排放、环保等数据实时采集、智慧治理、全域集控，建立产品全生命周期数据库、知识库。鼓励龙头企业、研究机构、数字化解决方案供应商，开发碳排放精准监测、能源负荷智能预测、多能协同优化、多污染物协同治理等手域模型，丰富绿色低碳算法，应用推广开源鸿蒙等操作系统。
14.深化智能化绿色化融合应用。在绿色设计环节，鼓励企业应用三维建模、模拟仿真、数字孪生等技术，优化产品性能与工艺。在绿色生产环节，鼓励企业建设智能柔性产线、改造自动化装备、应用工业机器人，实现水、电、气、热消耗实时监测、精准计量与优化调度，提高资源要素配置效率。在绿色供应链环节，鼓励企业建设绿色供应链管理平台，应用人工智能、大数据、工业互联网等技术，开展仓储智能调度、物流路径优化、包装循环利用等，实现上下游信息共享和协同管理。
15.推动人工智能赋能绿色制造。聚焦钢铁、有色、建材、石化化工等行业高耗能生产环节，推动人工智能在生产配料
优化、窑炉温度压力控制、反应釜浓度流量调节、风机压缩机调频调速、余热余压回收利用、资源循环利用等场景应用。针对中小企业绿色诊断、绿色解决方案等服务需求，开发轻量化部署、低成本适配、免调试易用的绿色转型智能体。
(六)健全工业资源循环利用体系
坚持变废为宝、循环利用，推动资源循环利用从末端治理向全过程管理转变，提升工业资源产出率，推动绿色低碳循环经济体系发展。
16.推动再生资源高效高值利用。深入实施再生资源综合利用行业规范管理，完善再生资源综合利用标准，培育壮大废钢铁、废有色金属、废塑料、废纸、废旧轮胎等再生资源综合利用产业。稳步提高汽车、动力电池、电器电子、纺织、包装等产品再生材料使用比例，逐步扩大应用范围。大力发展机电产品再制造。
专栏5再生资源综合利用产业重点布局方向
1.废钢铁。在钢铁企业集中地区，引导钢铁企业与废钢企业深度合作，推动废钢铁回收、拆解、加工、配送一体化发展。到2030年，废钢铁年回收利用量达到3亿吨。
2.废有色金属。在有色金属冶炼基础较好地区，建设原生和再生产业融合发展集群。到2030年，再生有色金属年产量达到2500刀吨。
3.废塑料。推动电器电子、汽车等重点行业及海洋、农业等重点领域塑料再生利用，有序推进废塑料化学循环产业化应用。到2030年，废塑料年回收利用量达到2200刀吨。
4.废纸。在再生纸产能集中地区，因地制宜发展“回收一分拣一制浆一造纸一制品""闭环的再生纸产业集群。到2030年，废纸年回收利用量达到8000刀吨。
5废旧轮胎。在废旧轮胎综合利用产能集中地区，分类开展轮胎翻新、再生
橡胶生产和热裂解制化学品等综合利用，提高产品附加值。到2030年，废旧轮胎年回收利用量达到2100刀吨。
17.加强大宗工业固废规模化多元化利用。推动钢铁、有色、石化化工等重点行业加快工艺技术改造，降低产废强度。因地制宜推动煤矸石、粉煤灰、冶炼渣在工业领域利用，提升磷石膏、赤泥、锰渣等复杂难用固废综合利用能力，对磷石膏制硫酸、冶炼渣提取稀有金属等大宗工业固废综合利用在产能调控政策上予以倾斜支持。在符合环境和健康、产品质量、工程验收标准前提下，加强工业固废及综合利用产品在建筑、遒路交通、充填回填、生态修复等领域应用，通过政府采购、重大工程优先选用等方式提升市场认可度。推进无废园区、无废企业建设，推行无废化生产方式。
专栏6复杂难用固废综合利用产业重点布局方向
1.磷石膏。引导磷酸生产企业优化生产工艺，提高磷精矿品位，降低磷石膏产生量。推广磷石膏制硫酸联产钙基材料等技术。鼓励磷石膏产生量较大的重点企业，“一企一策""制定综合利用方案。到2030年，磷石膏综合利用率达到75%，综合消纳量(包括综合利用量和无害化处理量)与产生量实现动态平衡。
2.赤泥。推动以含铁量高的铝土矿为原料地区，优先利用赤泥中铁资源，拓展赤泥在铁矿石替代、铁质矫正剂、化渣剂等领域应用。推动以含铁量低的铝土矿为原料地区，拓展赤泥在道路交通、充填回填、生态修复等领域应用。到2030 年，赤泥综合利用率达到25%。
3.檻渣。深化电解锰产业结构调整，降低锰渣产生量。鼓励锰渣产生量较大的重点企业，因地制宜制定消纳利用方案。到2030年，锰渣综合利用率达到30%。
18.加快构建新型固废综合利用体系。聚焦新能源汽车废动力电池、电动自行车废锂离子电池、废光伏组件、废风机叶片等新型固废，推动精细化拆解、低成本利用、有价元素
高效提取。加快制修订新型固废综合利用标准，实施行业规范管理，培育骨干企业。建立实施新能源汽车动力电池数字身份证管理制度，加强全链条监督管理。
专栏7新型固废综合利用产业重点布局方向
1.废动力电氵也。发挥行业规范条件等政策工具作用，引导各地差异化布局综合利用产能，避免低水平重复建设。推动综合利用产能集中地区，结合本地及周边退役情况和市场需求，优化升级现有产能。到2030年，新能源汽车废动力电池年综合利用量达到百刀吨以上。完善电动自行车废锂离子电池回收利用体系，优化回收利用网络布局。鼓励企业提取废动力电池中的锂、钴、镍、锰、磷、铁等元素，回用于动力电池生产。到2030年，废动力电池中提取的锂、钴、镍等金属占同期动力电池生产所需资源的10一巧%。
2废光伏组件。推动华北、西北、华东等光伏装机规模较大地区，以光伏电站为重点，布局建设光伏综合利用产能。鼓励企业利用废光伏组件中的硅、银、铜、铝等元素以及玻璃等材料。到2030年，废光伏组件年综合利用量达到8刀吨左右。
3.废风机叶片。推动东北、华北、西北等风电装机规模较大地区，统筹考虑机组退役量、退役时间等因素，配套建设综合利用产能。鼓励企业多元化利用废风机叶片中的玻璃纤维、环氧树脂等材料。到2030年，废风机叶片年综合利用量达到17刀吨左右。
19.推动水资源节约集约利用。坚持以水定产，依据区域水资源禀赋和承载能力，合理确定产业布局和规模。严格落实水资源刚性约束制度，完善工业节水减排政策体系，综合运用用水定额、计量监测、考核监督等管控措施，加强工业企业用水管理。遴选发布重点用水企业、园区水效领跑者。拓展非常规水利用场景，加强工业废水循环利用，鼓励工业园区建设智慧用水管控系统，推进企业串联、分质和循环用水，实现一水多用和梯级利用。
(七)健全绿色制造和服务体系
以绿色制造和服务体系建设为重要抓手，培育建设绿色工厂、绿色工业园区，打造绿色供应链，创新发展绿色制造服务新业态，形成具有国际竞争力的绿色制造领军力量。
20.推动绿色工厂培育提质扩面。制定绿色工厂梯度培育管理办法，组织各地建立规模以上工业企业绿色工厂培育库，全面开展能源低碳化、资源高效化、生产洁净化、产品绿色化、用地集约化建设。突出节能降碳导向，加快制修订细分行业绿色工厂评价标准。强化现有绿色工厂动态管理，加大政策赋能，持续改造提升。
21.推动绿色工业园区发展提档升级。实施绿色工业园区梯度培育行动，推动以制造为主的省级以上园区纳入各省培育库，全面开展园区产业协同耦合、能源梯级利用、资源循环利用、基础设施共建共享、生态环境协同治理。鼓励现有绿色工业园区制定绿色改造升级计划，出台绿色工厂培育政策，提高园区内绿色工厂比重。
22.推动绿色供应链建设协同提效。组织大型企业集团实施绿色供应链提升行动，加强产品全生命周期绿色管理，发挥绿色采购导向作用，开展供应链金融等服务，引领带动上下游企业实施绿色低碳改造，实现全链条绿色化水平协同提升。鼓励企业制定供应链减碳目标，开展供应链碳足迹核算和管理。
23.推动绿色制造与现代服务业融合发展。面向工业绿色
低碳转型需求，构建优质高效的绿色制造服务体系。发展绿色制造科技服务，搭建产学研用协同服务平台，加快绿色制造科技成果转化应用。强化绿色制造标准服务，提升检测计量、评价认证、标准宣贯等专业化水平，加快绿色低碳标准推广应用。深化绿色诊断服务，面向企业、园区推广一体化绿色改造方案。创新绿色金融服务，丰富绿色信贷、绿色债券、绿色保险、碳资产担保等产品。
四、加强组织实施
工业和信息化部统筹做好组织实施，加强重点目标任务实施成效监测评估。强化部门协同，加强产业政策与能源、科技、财政、金融等政策联动。引导行业协会发挥企业和政府间桥梁纽带作用，推进本行业领域绿色低碳发展。强化法规体系建设，研究制定废动力电池回收和综合利用相关行政法规，制修订工业节能降碳、节水、资源综合利用、电器电子产品有害物质限制使用等部门规章。制定工业和信息化绿色低碳标准体系建设指南，加快完善节能降碳、节水减污、资源综合利用、绿色制造等重点领域标准，加强标准预研、推广、实施，完成500项工业绿色低碳标准制修订。加强绿色融资对接，健全绿色消费激励机制，扩大政府绿色采购。鼓励有条件的高校增设绿色设计、绿色制造、氢能等相关学科专业，建设一批产教融合实训基地，探索开发绿色工厂管理等相关新职业，加快培育绿色低碳管理复合型人才。
《工业绿色低碳发展“十五五”规划》解读
为加快推动工业绿色低碳发展，积极稳妥推进和实现碳达峰，促进经济社会发展全面绿色转型，工业和信息化部近日印发了《工业绿色低碳发展“十五五”规划》(工信部规〔2026〕169号)，以下简称《规划》)。工业和信息化部节能与综合利用司负责同志就《规划》有关情况回答了记者的提问。
问：请介绍一下《规划》的出台背景？
答：习近平总书记强调，新质生产力本身就是绿色生产力，要加快绿色科技创新和先进绿色技术推广应用，做强绿色制造业。当前，新能源、新材料、新一代信息技术等前沿科技呈现群体性突破、多领域融合态势，特别是人工智能正在引领生产方式、发展模式和企业形态深刻变革，推动工业加速绿色低碳转型。与此同时，碳排放双控制度实施后，产业低碳转型任务更加紧迫。总体看，“十五五”时期是绿色技术变革、规则博弈、碳达峰攻坚的关键时期，也是进一步巩固提升我国绿色产业竞争优势的重要时期。适应新的形势和要求，发布实施《规划》具有重要意义。
问：《规划》的总体考虑是什么？
答：《规划》在定位上，从强调工业自身绿色发展，到更加注重工业对经济社会发展全面绿色转型的支撑作用，强调产业绿色化和绿色产业化统筹推进、一体发展。《规划》在导向上，明确提出绿色低碳发展是价值创造和价值提升的重要途径，推动行业企业统一思想、同步行动、主动转型，着力培育发展绿色生产力，加快发展新能源装备、新能源汽车、新型储能、氢能、节能环保装备等代表绿色生产力方向的先进技术和产业，推动产业不断向全球中高端迈进。
问：《规划》的总体要求是什么？
答：《规划》坚持以习近平新时代中国特色社会主义思想为指导，深入贯彻党的二十大和二十届历次全会精神，认真落实四中全会部署，深入践行习近平生态文明思想，完整准确全面贯彻新发展理念，加快构建新发展格局，锚定基本实现新型工业化目标，以推动高质量发展为主题，以培育壮大绿色生产力为主线，发挥碳达峰碳中和战略牵引作用，坚持智能化、绿色化、融合化方向，突出价值创造和能力提升，统筹推进产业绿色化和绿色产业化，加快绿色科技创新和产业创新深度融合，发展绿色制造，壮大绿色低碳产业，筑牢新型工业化绿色根基。
《规划》提出总体目标：到2030年，产业结构和用能结构进一步优化，工业领域二氧化碳排放量达到峰值，能源资源利用效率稳步提升，绿色能源应用比例显著提高，绿色制造和服务体系更加完善，绿色低碳产业竞争优势巩固提升。《规划》提出规模以上工业单位增加值能耗、碳排放下降等7项预期性目标。
问：《规划》部署了哪些重点任务？
答：《规划》部署了七方面重点任务，可以概括为“实施1个行动、提升4个能力、健全2个体系”。
实施1个行动，即深入实施工业领域碳达峰行动。“十五五”时期，积极稳妥推进和实现工业领域碳达峰，是推动工业绿色低碳发展的首要任务。在工业结构调整和绿色转型已取得较大进展的情况下，需要更加突出用能结构优化对工业绿色低碳转型的支撑作用。《规划》部署了推动产业结构和用能结构协同转型、加快电气化改造和绿色能源应用、加力推进工业重点行业节能降碳等相关任务。
提升4个能力，一是提升产业绿色价值创造能力，通过推进传统产业绿色转型、巩固提升绿色优势产业、培育壮大新兴产业绿色动能，激活绿色发展内生动力，推动产业体系绿色提质升级。二是提升绿色装备产品供给能力，以支撑经济社会发展全面绿色转型为着眼点，强化绿色技术、装备、工艺、产品的有效供给，引领带动能源、交通、建筑、农业、消费等领域绿色转型。三是提升绿色低碳科技创新能力，突出绿色科技创新和产业创新深度融合，按照技术攻关、产业化应用、推广普及等环节部署相关任务，推动绿色低碳关键技术研发创新，促进绿色低碳科技成果转化应用。四是提升智能化绿色化融合发展能力，坚持智能制造和绿色制造协同推进，在夯实融合基础、深化融合应用的基础上，推动人工智能赋能绿色制造，加快数智技术驱动生产组织方式重构，促进绿色转型进程加快、效能提升。
健全2个体系，一是健全工业资源循环利用体系，按照分类施策、突出重点的思路，提出推动再生资源高效高值利用、加强大宗工业固废规模化多元化利用、加快构建新型固废综合利用体系、推动水资源节约集约利用等相关任务。二是健全绿色制造和服务体系，着力推动绿色工厂提质扩面，绿色工业园区提档升级，绿色供应链协同提效，大力发展绿色设计，创新发展绿色制造服务新业态，擦亮绿色制造“金字招牌”。
问：《规划》如何抓好组织实施？
答：工业和信息化部统筹做好组织实施，加强重点目标任务实施成效监测评估。
协同联动方面，加强产业政策与能源、科技、财政、金融等政策联动，引导行业协会发挥企业和政府间桥梁纽带作用，推进本行业领域绿色低碳发展。
法规建设方面，研究制定废动力电池回收和综合利用相关行政法规，制修订工业节能降碳、节水、资源综合利用、电器电子产品有害物质限制使用等部门规章。
标准建设方面，加强标准预研、推广实施，完成500项工业绿色低碳标准制修订。
政策支持方面，加强绿色融资对接，健全绿色消费激励机制，扩大政府绿色采购。
人才培养方面，鼓励有条件的高校增设绿色设计、绿色制造、氢能等相关学科专业，建设一批产教融合实训基地，探索开发绿色工厂管理等相关新职业，加快培育绿色低碳管理复合型人才。
本文编选自“工信部”官网，智通财经编辑：冯秋怡。"
ADM计划新增70万公吨油籽压榨产能,2026-7-30 21:03,https://cn.investing.com/news/assorted/article-432SI-3488673,Vlad Schepkov,"据公司新闻稿，阿彻丹尼尔斯米德兰公司（ADM）宣布计划扩大其在美国四处工厂的油籽压榨产能，以满足可再生燃料及植物油市场的持续增长需求。
此次扩产计划涉及位于印第安纳州法兰克福、密苏里州迪尔菲尔德、内布拉斯加州林肯以及北达科他州斯皮里特伍德的现有设施。各项目合计预计新增约70万公吨的年压榨产能，公司表示这相当于为美国农民创造逾2,500万蒲式耳的新增需求。
法兰克福和林肯工厂的改造工作将重点集中于储存设施升级和消除生产瓶颈，预计于2028年底完工。迪尔菲尔德工厂将对输送、压片、萃取及公用工程系统进行升级，预计于2028年底至2029年初完成。斯皮里特伍德工厂由ADM与马拉松石油公司（Marathon Petroleum Corporation）通过绿野牛（Green Bison）合资企业共同运营，将进行运营优化及设备改进，目标于2028年中期完工。
ADM北美农业服务及油籽业务总裁加里·麦奎根（Gary McGuigan）表示：「这些投资体现了ADM持续聚焦于长期需求趋势所带来的增长机遇，为农民和客户创造新的价值。」
ADM表示，公司还在评估北美其他压榨厂址，以寻求类似的未来投资机会。此次宣布的项目是此前一系列投资的延续，包括对爱荷华州克林顿玉米加工厂的升级改造，以及对俄克拉荷马州奥普蒂马粮食仓储设施的产能扩建。
本文由人工智能协助翻译。更多信息，请参见我们的使用条款。"
Seanergy Maritime二季度业绩超预期，股价盘前涨6.25%,2026-7-31 00:14,https://cn.investing.com/news/transcripts/article-93CH-3489388,,"Seanergy Maritime Holdings Corp（海纳瑞海运控股公司）公布了2026年第二季度创纪录的业绩，利润和营收均超出华尔街预期，股价在盘前交易中上涨6.25%。调整后每股收益为$1.32，高于市场预期的$0.94；营收达到5,570万美元，超出预期的5,152万美元。该股盘前报价$17.095，接近52周高点$17.23，此前收盘价为$16.09。






Seanergy表示，2026年第二季度及上半年是公司近年来业绩最为强劲的时期。公司专注于海岬型船（Capesize）和纽卡斯尔型船（Newcastlemax），受益于坚挺的运费市场和严格的商业运营管理。
本季度净营收从去年同期的3,750万美元增至5,570万美元。调整后EBITDA升至4,150万美元，净利润为2,620万美元，调整后净利润为2,850万美元。
上半年净营收达到9,780万美元，调整后EBITDA同比增长165%至6,960万美元，调整后每股收益为$1.96，而去年同期为调整后亏损。公司表示，本季度船队日均期租等价收益率（TCE）为$32,355，同比增长63%。
上述业绩反映出大型散货船市场的有利态势。Seanergy表示，本季度波罗的海海岬型指数（Baltic Capesize Index）日均约为$36,300，并在7月继续保持强势。



公司62.99%的毛利率充分体现了其在当前运费环境下的运营效率。InvestingPro给予Seanergy的财务稳健度评分为5分中的3.25分，评级为""优秀""，反映出公司在航运周期性行业中稳健的基本面。不过，在当前约$17.09的价位附近，该股根据InvestingPro的分析，似乎略高于其公允价值估算。



Seanergy在两项核心指标上均超出预期。调整后每股收益$1.32比市场一致预期$0.94高出$0.38，超预期幅度达40.43%。营收5,570万美元超出预期的5,152万美元约418万美元，即8.11%。
此次业绩超预期幅度相当显著。在航运业务中，利润往往随运费水平、船舶利用率和租约时机的变化而大幅波动。Seanergy表示，部分二季度船期在运费上涨前已提前锁定，这在一定程度上限制了收益与即期市场的差距。尽管如此，公司仍实现了季度创纪录的业绩。


该股盘前上涨6.25%至$17.095，较前收盘价$16.09大幅走高。目前股价较52周高点$17.23仅低约0.8%，较52周低点$6.70则高出约155%。
此番上涨表明，投资者对公司超预期的业绩以及管理层对运费、股息和船队更新的乐观表态均持积极态度。股价接近年内高位，也说明市场已在一定程度上消化了海岬型船市场持续向好的预期。


Seanergy表示，按照当前远期运费协议情景，预计2026年全年EBITDA约为1.38亿美元。管理层表示，若市场进一步走强，将带来额外上行空间。
公司还表示，2026年下半年约55%的所有权天数已按日均约$30,800的费率锁定，为运费下行提供了一定保护，同时保留了进一步上行的弹性。
Seanergy的船队更新计划仍是公司展望的核心。公司已承诺投入5.91亿美元用于船队现代化和扩张，包括7艘环保型海岬型新造船和1艘现代化日本建造船舶。8艘船中有4艘计划于2027年交付，其余将于2029年上半年前陆续交付。
公司表示，2027年交付的3艘新造船已签订四至五年期长期租约，底价为每日$23,100，超过更高阈值后实行利润分成。希望深入了解的投资者可访问Seanergy的完整Pro研究报告，该报告是InvestingPro逾1,400份报告之一，通过直观的可视化图表和专业分析，将复杂的华尔街数据转化为清晰、可操作的投资洞见。


董事长兼首席执行官Stamatis Tsantanis表示：""Seanergy实现了创纪录的第二季度业绩，净营收5,570万美元，调整后EBITDA 4,150万美元，调整后每股收益$1.32。""
他补充道，公司的商业模式在强劲市场中表现最为突出，因为公司是一个""纯粹专注于海岬型船和纽卡斯尔型船的平台""，不涉及其他多种船型。
首席财务官Stavros Gyftakis表示，本季度及上半年是""Seanergy近年来最强劲的财务表现""，并指出营收、EBITDA和盈利均大幅攀升。
在融资方面，Gyftakis表示，公司在希腊发行的首笔1亿欧元无担保债券是""对我们资本结构的重要优化""，4.9%的综合年利率对于无担保融资而言颇具吸引力。






分析师重点关注资本结构、海岬型船上行周期的可持续性以及公司的融资计划。
问题主要集中在Seanergy是否会为新造船增加股权融资，或继续依赖杠杆。管理层表示，公司坚持保守的""现状""融资策略，模型中未假设额外的经营现金流。
分析师还就当前运费环境延续至2027年和2028年的持续性提出疑问。管理层表示，关键变量在于供给而非需求，并指出海岬型船在手订单较低、船队老龄化等因素构成市场支撑。
另有分析师就公司超额认购的希腊债券发行提问。管理层表示，短期内不寻求再次发债，但若有需要，日后可能考虑更多融资选项。
分析师还就3艘2027年新造船的利润分成租约结构提问。管理层表示，合同通过每日$23,100的底价提供下行保护，同时在市场保持强劲时保留上行收益空间。

本文由人工智能协助翻译。更多信息，请参见我们的使用条款。"
Ivanhoe Mines二季度营收逊于预期，但产量表现强劲,2026-7-31 01:11,https://cn.investing.com/news/transcripts/article-93CH-3489532,,"Ivanhoe Mines公布了一份喜忧参半的第二季度业绩报告。根据预测数据集，公司调整后每股收益及营收均未达预期，但其运营更新显示出更为强劲的基本面动能。财报发布后，公司股价上涨3.5%，从$10.59升至$10.96。预测数据显示，每股收益为$0.03，低于预期的$0.0676；营收为$152.61百万，低于预期的$224.94百万。然而，就公司自身披露的运营业绩而言，Ivanhoe Mines报告营收达8.8亿美元，净利润为4,600万美元，调整后EBITDA为1.79亿美元，受益于创纪录的锌产量、稳定的铜产量以及副产品价格走强。






Ivanhoe Mines表示，尽管部分成本有所上升，但第二季度的业绩仍体现出公司在主要资产上的强劲执行力。公司位于刚果民主共和国的旗舰铜矿综合体卡莫阿-卡库拉铜产量超过6.4万吨，应付铜销售量为6.1万吨。锌矿基普什则创下超过7万吨的季度产量纪录，并贡献了5,100万美元的EBITDA。
本季度的业绩也体现了Ivanhoe一体化经营模式的优势。冶炼厂运营、硫酸销售及物流节省均为盈利提供了支撑。公司表示，铜库存目前维持在约4万吨。管理层预计，其中部分库存将在下半年出售，届时将释放营运资本。
公司业绩的取得，得益于铜价持续处于有利水平。Ivanhoe表示，本季度铜的实现价格为每磅$5.99，有效抵消了柴油等投入品的成本压力。锌价同样保持在有利区间，为基普什的利润率提供了支撑。






根据预测数据集，Ivanhoe Mines的盈利和营收均未达预期。每股收益为$0.03，低于预期的$0.0676，差距为$0.0376，即低于预期55.6%。营收为$152.61百万，低于预期的$224.94百万，差距为$72.33百万，即低于预期32.2%。
此次业绩缺口幅度不小，但与公司更宏观的运营更新并不完全吻合——后者显示资产层面的产量和营收数据均明显更为强劲。这表明投资者或许更关注运营层面的趋势，而非表面上的预期缺口。与此同时，公司对下半年能见度的乐观展望，也在一定程度上缓和了市场的负面反应。


Ivanhoe Mines股价上涨3.5%，从前收盘价$10.59升至$10.96。该股目前仍远低于52周高点$20.34，但已高于52周低点$9.45。此番上涨表明，即便预测数据集表现逊于预期，投资者仍对公司的产量增长、指引清晰度及现金流潜力持乐观态度。
股价的上涨也说明市场可能正在淡化短期盈利缺口，将目光投向公司下半年的多重催化剂，包括铜库存去化、硫酸价格走强、太阳能发电节省成本，以及卡莫阿-卡库拉和基普什的持续产能爬坡。目前暂无异常交易量数据披露。


Ivanhoe Mines将2026年铜产量指引从此前较宽的区间收窄至29万至31万吨，并维持基普什2026年锌产量指引24万吨不变。对于2027年，公司预计卡莫阿-卡库拉铜产量将达38万至42万吨。
管理层表示，下半年将受益于约1万吨铜库存的计划性去化，这将降低营运资本并将库存转化为现金。公司还表示，若当前铜价维持稳定且产量持续提升，季度营收有望""很快""突破10亿美元大关。
在成本方面，Ivanhoe表示，柴油价格上涨对第二季度利润率造成了一定压力，但太阳能项目将部分抵消这一影响。太阳能项目第一期预计提供60兆瓦的基础负荷电力并配备电池储能，第二期60兆瓦也正在推进中。公司还预计，受供应偏紧及合同价格上调影响，硫酸副产品抵扣额将在第三季度大幅提升。
Ivanhoe Mines位于南非的开发项目普拉特瑞夫（Platreef）第二期仍按计划于2027年底完工。公司表示，该阶段融资已到位，7月已提款8,700万美元。


首席执行官玛娜·克洛伊特（Marna Cloete）表示，公司正期待一个更为强劲的下半年。她说：""在卡莫阿-卡库拉启动转型战略之后，我们对今年下半年的出色表现充满期待。""
首席财务官大卫·范·希尔登（David van Heerden）表示，库存削减将有力支撑现金创造能力。他说：""按当前铜价计算，这将在未来几个季度显著提升我们的现金流、营收和EBITDA。""他还表示，公司预计季度营收将""很快""突破10亿美元。
公司创始人罗伯特·弗里德兰（Robert Friedland）将公司定位为具有长期增长潜力的低成本生产商。他将Ivanhoe Mines描述为""一家处于全球成本曲线底端、在非洲腹地以绿色可持续方式生产铜金属的企业。""






分析师重点关注了多项运营议题，尤其是库存、产量时间节点及矿山开发进展。
其中一个问题聚焦于铜库存的计划削减。管理层表示，1万吨的去库存目标涵盖成品及精矿，将经转化后出售，有助于降低营运资本。
另一个议题是2027年的产量规划。管理层表示，该计划有赖于排水效果的改善、地下开采通道的优化以及高品位区域的采矿爬坡。管理层表示，预期中的2027年第四季度产量提升，建立在上述步骤顺利推进的基础之上。
分析师还就卡库拉矿区的品位趋势进行了提问。管理层表示，当前品位下降是排水限制所致的暂时性现象，并非矿石品质的长期下滑。高品位矿石仍在矿山模型中，随着抽水能力的提升，其可及性将逐步改善。
西部前地（Western Forelands）也是分析师关注的焦点之一。管理层表示，矿产资源更新报告预计于9月发布，技术研究将于年内随后跟进，重点聚焦于浅层高品位露天开采方案。
公司还就刚果民主共和国的本地所有权规定作出回应，表示正与相关官员就2018年矿业法典如何适用于现有及未来资产进行磋商。

本文由人工智能协助翻译。更多信息，请参见我们的使用条款。"
Ivanhoe Mines二季度营收逊于预期，但产量表现强劲,2026-7-31 00:55,https://cn.investing.com/news/transcripts/article-93CH-3489503,,"Ivanhoe Mines公布了一份喜忧参半的第二季度业绩报告。调整后每股收益及营收均低于预期，但公司运营数据显示出更为强劲的基本面动能。财报发布后，公司股价上涨3.5%，从$10.59升至$10.96。从预期数据来看，每股收益为$0.03，低于预期的$0.0676；营收为$152.61百万，低于预期的$224.94百万。然而，从公司自身的运营业绩来看，Ivanhoe Mines报告营收达$880百万，净利润为$4,600万，调整后EBITDA为$1.79亿，受益于创纪录的锌产量、稳定的铜产量以及副产品价格的上涨。






Ivanhoe Mines表示，尽管部分成本有所上升，但第二季度的业绩仍体现了公司在主要资产上的强劲执行力。公司位于刚果民主共和国的旗舰铜矿综合体Kamoa-Kakula本季度铜产量超过6.4万吨，应付铜销售量为6.1万吨。锌矿Kipushi则创下逾7万吨的季度产量纪录，并贡献了$5,100万的EBITDA。
本季度也充分体现了Ivanhoe一体化运营模式的优势。冶炼厂、硫酸销售及物流节省均对盈利能力有所贡献，同时公司铜库存维持在约4万吨。管理层预计下半年将出售部分库存，从而释放营运资本。
公司业绩的取得，也得益于铜价的持续支撑。Ivanhoe Mines本季度铜的实现价格为每磅$5.99，有效抵消了柴油等投入品的成本压力。锌价同样保持有利水平，支撑了Kipushi的利润率。






根据所提供的预期数据，Ivanhoe Mines在利润和营收两项指标上均未达预期。每股收益为$0.03，低于预期的$0.0676，差距为$0.0376，即低于预期55.6%。营收为$152.61百万，低于预期的$224.94百万，差距为$7,233万，即低于预期32.2%。
此次业绩缺口不可忽视，但与公司在资产层面披露的更为强劲的产量和营收数据并不完全吻合。这表明投资者可能更关注运营层面的趋势，而非单纯的预期差距。此外，公司对下半年能见度的改善预期，也可能在一定程度上缓和了市场的负面反应。


Ivanhoe Mines股价上涨3.5%，从前收盘价$10.59升至$10.96。该股目前仍远低于52周高点$20.34，但已高于52周低点$9.45。股价的上涨表明，投资者对公司产量增长、指引清晰度以及现金流潜力感到鼓舞，尽管预期数据显示业绩不及预期。
股价的上涨也说明市场可能已将目光投向下半年的催化剂，而非纠结于短期业绩的缺口。这些催化剂包括：铜库存去化、硫酸价格走强、太阳能节能效益，以及Kamoa-Kakula和Kipushi的持续产能爬坡。目前未提供异常交易量数据。


Ivanhoe Mines将2026年铜产量指引从此前较宽的区间收窄至29万至31万吨，并维持Kipushi 2026年锌产量指引24万吨不变。对于2027年，公司预计Kamoa-Kakula铜产量将达38万至42万吨。
管理层表示，下半年将受益于约1万吨铜库存的计划性削减，这将降低营运资本并将库存转化为现金。公司还表示，若当前铜价维持且产量持续增长，季度营收""很快""将有望突破$10亿。
在成本方面，Ivanhoe Mines表示，柴油价格上涨对第二季度利润率造成了压力，但太阳能项目将部分抵消这一影响。太阳能项目第一阶段预计提供60兆瓦的基础负荷电力并配备电池储能，第二个60兆瓦阶段也在推进中。公司还预计，受供应紧张和合同价格上涨推动，硫酸副产品抵免额将在第三季度大幅提升。
Ivanhoe Mines在南非的开发项目Platreef仍按计划推进，第二阶段预计于2027年底完工。公司表示该阶段融资已到位，并于7月提取了$8,700万。


首席执行官Marna Cloete表示，公司正期待更为强劲的下半年。她说：""在我们开始推行Kamoa-Kakula的转型战略之后，我们对今年下半年的出色表现充满期待。""
首席财务官David van Heerden表示，库存削减将有力支撑现金生成。他说：""按当前铜价计算，这将在未来几个季度为我们的现金流、营收和EBITDA带来显著提振。""他还表示，公司预计季度营收""很快""将突破$10亿大关。
公司创始人Robert Friedland将公司定位为具有长期增长空间的低成本生产商。他将Ivanhoe Mines描述为""一家处于全球成本曲线底端、以绿色可持续方式在非洲腹地生产铜金属的企业。""






分析师重点关注了多项运营议题，尤其是库存、产量时间节点及矿山开发进展。
其中一个问题聚焦于铜库存的计划性削减。管理层表示，1万吨的去库存目标涵盖成品和精矿的组合，这些将被转化并出售，有助于降低营运资本。
另一个议题是2027年的产量计划。管理层表示，该计划有赖于排水条件的改善、地下通道的优化以及高品位区域的采场爬坡。高管表示，预期中的2027年第四季度产量提升，是建立在上述步骤顺利推进的基础之上的。
分析师还就Kakula的品位趋势提问。管理层表示，当前品位下降是暂时性排水制约所致，并非矿石品质的长期损失。高品位矿石仍存在于矿山模型中，随着抽水能力的提升，这些矿石的可及性将得到改善。
Western Forelands项目也是关注焦点之一。管理层表示，矿产资源更新报告将于9月发布，技术研究将于年内跟进，重点聚焦于浅层高品位露天开采概念。
公司还就刚果民主共和国的本地所有权规定作出回应，表示正与相关官员就2018年矿业法典如何适用于现有及未来资产进行磋商。

本文由人工智能协助翻译。更多信息，请参见我们的使用条款。"
财报电话会议纪要：Metro Mining第二季度铝土矿产量创纪录，股价下跌3.5%,2026-7-30 10:34,https://cn.investing.com/news/transcripts/article-93CH-3486959,,"Metro Mining表示，尽管遭遇热带气旋袭击、船舶维护及定价疲软等多重不利因素，公司第二季度铝土矿运输量仍创下季度历史新高。然而，消息公布后股价下跌3.52%，收报$1.37。由于公司在电话会议材料中未披露每股收益或营收数据，市场反应更多取决于运营趋势、定价走势及前景指引，而非正式的业绩超预期情况。目前股价处于52周区间$1.16至$1.90的低位附近。






Metro Mining第二季度的表现兼具运营实力与外部干扰。公司表示，尽管3月份一场热带气旋损毁了航运通道并导致季初活动延误，产量仍达约190万至200万吨的历史季度新高。与此同时，Ikamba船舶在印度尼西亚完成了计划内的干坞检修及重新投入使用周期。
管理层表示，本季度验证了修订后的管理运营体系的价值——该体系专注于提升平均绩效、减少产量波动。公司表示，6月份提供了""概念验证""，前三周在采矿、海运及供应链各环节均呈现出产能最高、波动最小的表现。
本次更新还指出，公司在品位控制、多矿坑混合配矿及客户多元化方面均有所改善。Metro表示，本季度新增两名客户，并持续与中国新炼厂开展合作，顺应市场向现货交易模式转型的趋势。






公司表示，按现金基础计算，成本结构大幅改善，但管理层指出，该比较受到应付账款时间差异、定价疲软及与大宗商品价格挂钩的特许权使用费结构等因素影响。Metro还表示，油价为本季度净利润贡献了约澳元200万至300万。
在运营层面，公司表示废料清运量较计划超出70%，这将有助于支撑传统上最为强劲的下半年表现。Metro还将港口库存容量扩大至约40万吨，此举旨在将矿山运营与港口装载分离，并提升雨季应对能力。
公司更广泛的市场竞争优势仍依托于其低廉的运费成本及至亚洲买家的短途运输距离。管理层表示，长期运费合同已将今年大部分剩余时间的运费锁定在低于USD 10的水平，有助于维持其相对西非供应商的成本优势。






本季度运营更新未附带每股收益或营收预测，因此无法直接衡量业绩超预期幅度。电话会议的核心内容集中于产量、定价及成本。
尽管如此，运营层面的整体表现仍具积极意义。创纪录的运输量、较低的现金生产成本以及第三季度定价的上调，表明公司以优于第二季度的势头进入下半年。正式业绩超预期的缺失，或许在一定程度上解释了股价未能在公告发布后上涨的原因。


Metro Mining股价从$1.42下跌3.52%至$1.37。此次下跌使股价更接近52周区间低位，但仍高于$1.16的最低点。以当前价格计算，股价较52周低点高出约18.7%，较$1.90的高点低约27.9%。
股价下跌表明投资者对公司运营进展并未完全感到放心。公司虽强调了创纪录的运输量及未来定价改善，但同时也承认第二季度定价环境疲软、气旋干扰、燃料成本及维护支出等问题。在一个通常奖励可见盈利增长的市场中，缺乏每股收益和营收数据可能限制了投资者的热情。然而，从更宏观的角度来看，Metro过去12个月的营收达7.8159亿，市值为12亿，而InvestingPro分析显示，该股在当前价位略显高估。根据InvestingPro的评估，公司财务稳健度评级为""良好""，当前比率为2.65，债务权益比仅为0.13。


Metro Mining维持全年产量目标660万至710万吨不变，并表示6月份的表现证明公司能够维持700万吨的年化产能。管理层表示，下半年应是全年最强时期，预计8月至11月月均产量约为90万吨。InvestingPro的一项提示指出，公司估值隐含的自由现金流收益率高达7%，这或将支撑管理层的资本回报计划。想要深入了解？Metro Mining是InvestingPro专业研究报告覆盖的逾1,400只美股之一，InvestingPro订阅用户可获取MMI的9条额外独家投资提示。
公司还表示，预计下半年将支撑其每吨澳元30的市场交付成本目标，但由于燃料和维护成本的影响，预计全年平均成本无法达到该水平。Metro表示，第三季度定价已谈判至较第二季度高出约9%的水平，并预计未来数月价格环境将持续改善。
在资本回报方面，管理层表示，公司仍致力于执行其在偿债后将至少20%现金流分配给股东的政策，并表示若条件允许，将优先选择派发股息而非回购股票。公司表示，随着天气及船舶维护问题逐步解决，股票回购计划可能在近期重启。


首席执行官Simon Forth表示，尽管遭遇天气干扰，本季度在产量方面仍是一个里程碑：「从运输量角度来看，这是创纪录的一个季度。考虑到我们3月份已动员起来，试图抢占先机，却被一场横扫海角的强烈气旋所阻，我对这一结果感到满意。」
他还表示，公司正进入全年最关键的时期：「下半年才是我们真正全力冲刺的时候。规模效应将会显现，成本下降，产量上升。我预计届时我们的定价环境也将至少呈现出持续走强的态势。」
首席财务官Nathan Vickers表示，新的运营管理体系正在改变公司的运营方式：「本季度我们的核心重点之一，是切实推进修订后的管理运营体系的落地……其核心在于提升平均绩效水平、降低产量波动。」






分析师就多个议题进行提问，包括客户多元化、股票回购、生产成本、财务保证释放及股息政策。
在客户多元化方面，管理层表示，随着公司规模扩大，客户数量自然增加，目标是建立4至5家核心客户群。管理层还表示，中国新炼厂的涌现为试运货物创造了新机遇。
在股票回购方面，首席财务官表示，公司原计划于第二季度启动回购，但天气因素、Ikamba船舶重新投入使用及柴油价格上涨促使管理层采取审慎态度。他表示，公司目前已具备「在极短时间内」重启回购计划的条件。
在现金成本方面，首席财务官表示，较低的生产成本数据反映了应付账款时间差异、定价疲软以及与价格挂钩的特许权使用费负担等因素的综合影响。
在澳元960万财务保证及履约担保释放方面，管理层表示，此次减少主要来源于财务拨备计划的调整，以及更完善的复垦规划降低了担保要求。
在资本回报方面，首席执行官表示，公司坚持在偿债后将至少20%现金流分配给股东的政策，并表示若条件持续有利，股息将是首选分配方式。

本文由人工智能协助翻译。更多信息，请参见我们的使用条款。"
盈利电话会议记录：Metro Mining第二季度铝土矿产量创历史新高，股价下跌3.5%,2026-7-30 10:30,https://cn.investing.com/news/transcripts/article-93CH-3486957,,"Metro Mining表示，尽管遭遇热带气旋袭击、船舶维护以及价格疲软等不利因素，公司仍在第二季度实现了季度铝土矿产量的历史新高。然而，消息公布后股价下跌3.52%，收报$1.37。由于公司在电话会议材料中未披露每股收益或营收数据，市场反应更多取决于运营趋势、定价走势及前景指引，而非传统意义上的业绩超预期。目前股价处于52周区间$1.16至$1.90的低位附近。






Metro Mining第二季度的表现是运营实力与外部干扰共同作用的结果。公司表示实现了产量历史新高，产量约为190万至200万吨，尽管3月份一场热带气旋损毁了运输航道，导致季度初期作业延误。与此同时，Ikamba船舶也在印度尼西亚完成了计划中的干坞检修及重新投入使用周期。
管理层表示，本季度充分体现了修订后的管理运营体系的价值——该体系专注于提升平均绩效水平、减少产出波动。公司表示，6月份提供了""概念验证""，前三周录得最高产能周，且在采矿、海运及供应链各环节的波动性最低。
此次更新还指出，公司在品位控制方面有所改善，多个矿坑间的混矿作业更为高效，客户多元化程度也进一步提升。Metro表示，本季度新增两名客户，并持续与中国新建炼厂开展合作，顺应市场向现货交易模式转变的趋势。






公司表示，按现金基础计算的成本结构大幅改善，但管理层指出，这一对比受到应付账款时间差异、定价疲软以及与大宗商品价格挂钩的特许权使用费结构等因素影响。Metro还表示，油价为本季度净利润贡献了约AUD 200万至AUD 300万的正面影响。
在运营层面，公司表示废料清运量超出计划70%，这将有助于支撑下半年的生产，而下半年历来是公司最强劲的时期。Metro还将港口库存容量扩大至约40万吨，此举旨在将矿山作业与港口装载分离，提升雨季期间的运营韧性。
公司整体市场竞争优势仍依托于其低廉的运费成本及至亚洲买家的短途运输距离。管理层表示，长期运费合同已将今年大部分剩余时间的运费锁定在低于USD 10的水平，有助于维持其相对西非供应商的成本优势。






本季度运营更新未附带每股收益或营收预测，因此无法直接衡量业绩超预期幅度。电话会议的核心内容集中于产量、定价及成本。
尽管如此，运营层面的整体态势较为积极。创纪录的产量、较低的现金生产成本以及第三季度定价的上调，表明公司以比第二季度更强的势头进入下半年。正式业绩超预期的缺失，或许在一定程度上解释了股价未能在公告发布后上涨的原因。


Metro Mining股价从$1.42下跌3.52%至$1.37。此次下跌使股价更接近52周区间低位，但仍高于$1.16的最低点。按当前价格计算，股价较52周低点高出约18.7%，较$1.90的高点低约27.9%。
股价下跌表明投资者对运营进展并未完全感到满意。公司虽强调了创纪录的产量及未来更好的定价前景，但也承认第二季度定价环境疲软、气旋干扰、燃料成本上升及维护支出增加等问题。在一个通常奖励可见盈利增长的市场中，缺乏每股收益和营收数据可能限制了市场热情。然而，从更宏观的角度来看，Metro过去十二个月的营收达7.8159亿美元，市值为12亿美元，而InvestingPro分析显示，该股在当前价位略显高估。根据InvestingPro的评估，公司财务稳健度评级为""良好""，支撑因素包括2.65的流动比率及0.13的低债务权益比。


Metro Mining维持全年产量目标660万至710万吨不变，并表示6月份的表现证明公司能够维持700万吨的年化产量。管理层表示，下半年应是最强劲的时期，预计8月至11月的月产量约为90万吨。InvestingPro的一项提示指出，公司估值隐含的自由现金流收益率高达7%，这或将为管理层的资本回报计划提供支撑。想要获取更深入的分析？Metro Mining是InvestingPro综合研究报告覆盖的1,400余只美股之一，InvestingPro订阅用户可获取MMI的另外9条独家投资提示。
公司还表示，预计下半年将支撑其每吨AUD 30的市场交付成本目标，但由于燃料和维护成本的影响，全年平均成本预计难以达到该水平。Metro表示，已就第三季度定价完成谈判，价格较第二季度上涨约9%，并预计未来数月价格环境将持续走强。
在资本回报方面，管理层表示仍将坚持在偿债后分配至少20%现金流的政策，并表示如条件允许，倾向于以股息而非回购的方式进行分配。公司表示，在天气及船舶维护问题解决后，股票回购计划有望在近期重启。


首席执行官Simon Forth表示，本季度在恶劣天气干扰下仍实现了产量里程碑：「从产量角度来看，这是创纪录的一个季度。考虑到我们3月份已动员起来，努力争取提前开工，却被一场横扫海角的强烈气旋所阻，我对这一结果感到满意。」
他还表示，公司正进入全年最关键的时期：「下半年是我们真正全力冲刺的时候。规模效应将逐步显现，成本下降，产量上升。我预计届时我们所处的价格环境也将至少呈现出走强态势。」
首席财务官Nathan Vickers表示，新的运营体系正在改变公司的运营方式：「本季度我们的核心工作之一，是推进修订后的管理运营体系的落地实施……其核心目标是提升平均绩效水平、降低运营波动性。」






分析师就多个议题进行了提问，包括客户多元化、股票回购、生产成本、财务保证释放及股息政策等。
在客户多元化方面，管理层表示，随着公司规模扩大，客户数量自然增加，目标是建立4至5家核心客户群。同时表示，中国新建炼厂正为试验性货物提供新的合作机会。
在回购方面，首席财务官表示，公司原计划于第二季度启动回购，但受天气因素、Ikamba船舶重新投入使用及柴油价格上涨影响，管理层采取了审慎态度。他表示，公司目前已具备「在近期内」重启回购计划的条件。
在现金成本方面，首席财务官表示，较低的生产成本数据反映了应付账款的时间差异、定价疲软以及与价格挂钩的特许权使用费负担。
在AUD 960万财务保证及履约担保释放方面，管理层表示，此次减少主要来源于财务拨备计划，以及更优化的复垦规划降低了担保要求。
在资本回报方面，首席执行官表示，公司仍坚守偿债后分配至少20%现金流的政策承诺，并表示如条件持续有利，股息将是优先选择的分配方式。

本文由人工智能协助翻译。更多信息，请参见我们的使用条款。"
霍尔木兹航运逆势回暖难掩安全溢价，全球油气贸易进入“护航时代”,2026-7-30 16:41,https://cn.investing.com/news/stock-market-news/article-3487625,,"智通财经APP获悉，尽管中东地区的美国与伊朗军事敌对行动仍在持续，但是令投资者们感到意外的是，关键航道霍尔木兹海峡近几日的航运活动规模有所回升;与此同时美国方面称，其海军护送了部分大型油轮通过该水道。
周四早些时候，“Al Areesh”号公开驶离波斯湾，装载着来自卡塔尔的液化天然气，这是该国三周来的首批出口货物;与此同时，根据船舶追踪数据，液化石油气运输船“CYH Yongchun”号似乎在关闭应答器的情况下通过了该海峡。
市场情报公司Kpler的统计数据显示，周三共有14艘大宗商品运输船双向通过霍尔木兹航运海峡，高于上周的个位数水平。随着新信息不断出现，这些数据仍可能被修正。此外，一艘原油超级油轮已被初步预订，日租金接近50万美元，计划下周前往一个未具名的波斯湾港口装载货物，并且有可能运往中国。
上述最新汇编的图表为2026年7月30日船舶动态——周四早些时候，“Al Areesh”号(白色)从霍尔木兹海峡驶入阿曼湾，而“CYH Yongchun”号则朝相反方向航行。
船东和全球大宗商品交易商们正密切关注船舶通过霍尔木兹海峡以及红海曼德海峡的活动，以寻找船只如何应对不断变化的安全环境的迹象。随着美国与伊朗之间一波又一波中东地缘政治袭击发生——其中包括针对油轮的频繁袭击——这些水道的航运流量也随之起伏。
本轮美伊冲突大幅升级的根本原因，是此前短暂停火并未解决霍尔木兹海峡控制权与自由通航权这一核心矛盾。6月18日的初步谅解一度推动航运恢复，但美国随后要求伊朗停止袭击船舶、全面开放航道且不得征收通行费用;伊朗则坚持其对海峡安全与通行秩序的控制权。
7月美国为强行恢复航道而连续空袭伊朗南部沿海、导弹和无人机设施，伊朗则把报复范围由海上运输扩大至卡塔尔、阿联酋、科威特以及驻约旦美军。最新一轮升级的直接导火索，是伊朗导弹袭击驻约旦美军后，美国实施持续约两小时、打击数十处伊朗革命卫队指挥与无人机设施的行动;美国和沙特同时打击伊拉克境内亲伊朗武装，胡塞武装又袭击沙特能源设施，使冲突由美伊双边对抗演变为覆盖海湾、伊拉克、红海和东地中海的多战线能源战争。
美国在7月中旬加大对伊朗的打击力度后，霍尔木兹海峡的通行量大幅减少;伊朗德黑兰方面随后对包括科威特在内的美国盟友国家们军事基地或者港口发动报复性袭击。本周，在短暂停火后，敌对行动重新开始，但美国能源部长克里斯·赖特表示，在美军支持下，石油仍在持续外运。
他在接受媒体采访时表示：“我们正在动用美国军队，护送石油和天然气驶出霍尔木兹海峡。”他补充表示，过去一周平均每天约有650万桶石油经该至关重要的海峡运出波斯湾。“我们正在恢复该地区面向全球市场的石油和成品油供应。”
在红海，一些油轮被发现驶入亚丁湾，显示其有意停靠沙特阿拉伯延布港，尽管仍面临受伊朗支持的胡塞武装发动军事炮火袭击的威胁。部分亚洲买家似乎正在埃及地中海港口西迪克里尔提取货物，而沙特阿拉伯历来会通过该港口出口一部分原油。
其他中东航运层面重要动态：
霍尔木兹海峡、波斯湾、阿曼湾
一艘悬挂挪威国旗的成品油轮似乎正准备驶离;两艘与伊朗有关联的苏伊士型油轮“Chloe”号和“Kariz”号已驶入海峡，目前正在伊朗阿巴斯港外海停泊等待。
超大型原油运输船“Jamaica Prosperity”号已被一家来自亚洲的租船商旗下航运部门初步租定，计划于8月3日装载一批波斯湾货物，运价为Worldscale 465点，折合日租金接近50万美元
红海南部
Kpler数据显示，周三共有21艘大宗商品运输船双向通过曼德海峡，而前一日为38艘;仅有俄罗斯原油经这一咽喉水道运出，总量约为350万桶，不过部分船舶可能在关闭应答器的情况下通过。
由韩国方面控制的超大型原油运输船“V Glory”号近日被发现驶近亚丁湾，随后关闭定位信号;悬挂沙特阿拉伯国旗的“Samha”号周四也被发现采取了相同行动。
周三，部分船舶被初步预订于8月从延布装货，并可选择经曼德海峡驶往韩国。
红海北部
周三深夜，两艘液化天然气运输船在靠近苏伊士运河入口的埃及达米埃塔港遭到袭击;目前尚无任何组织宣称对此负责。
悬挂日本国旗的超大型原油运输船“Takamatsu Maru”号成为最新一艘改变航向、前往埃及地中海沿岸西迪克里尔港的船舶;该船此前从美国出发，目前位于非洲东南部海域。
“Bidbid”号和“VL Prosperity”号已抵达西迪克里尔并正在装货，此前报告显示其目的地位于亚洲。
三艘从延布出发的超大型原油运输船——“Olympic Luck”号、“DHT Gazelle”号和“DHT Mustang”号——目前正在西迪克里尔外海停泊，尚无明确目的地。
霍尔木兹恢复通航难消战争溢价：油价重夺通胀定价权，全球央行被迫延长高利率周期
整体而言，军事护航下的霍尔木兹海峡能源运输复航非常有限。卡塔尔三周来的首艘可见LNG运输船驶离海峡，商品船通行量从此前个位数回升，美国称过去一周平均每天约650万桶石油在军事支持下运出波斯湾;但霍尔木兹在冲突前每日承载约2090万桶石油及液体燃料，相当于全球消费量约20%。
因此，当前流量只能证明海峡并未彻底封锁，不能证明供应链已经正常化;关闭应答器、油轮日租金接近50万美元、红海船舶绕航和保险成本飙升，意味着风险溢价已从现货供应短缺扩散至航运、保险、炼化和库存体系。国际原油基准——布伦特原油价格在最新一轮地缘政治冲突升级后一度重新大幅上涨至100美元超级关口，日内一度疯狂飙升近10%，正凸显出大宗商品市场交易员们在“有限复航”和“战争再升级”之间反复定价。
对美联储而言，这一非常有限的复航格局意味着货币政策将从判断一次性能源冲击，转向防范能源—运输—商品价格—工资的第二轮传导。美联储7月29日以9比3的投票维持联邦基金利率在3.50%—3.75%，三名委员主张立即加息25个基点，表明委员会内部的紧缩倾向明显上升。
只要原油维持高位、航运成本持续传导且核心通胀黏性不退，美联储9月加息将继续成为基准风险，降息窗口则基本关闭;若霍尔木兹航运持续改善、布油稳定跌回冲突前区间，美联储才可能继续暂停。欧洲央行面对的约束更强，因为欧元区对进口能源依赖更高：其6月总体通胀仍为2.8%、能源通胀8.5%，工资增速又预计在2027年初回升至2.7%，因此9月或10月“保险式加息”的门槛正在降低。英国央行同样更可能长期维持3.75%，而能源进口型新兴经济体的降息周期将被推迟。"
炼厂开足马力、交易业务大赚，壳牌(SHEL.US)借中东冲突创四年来最佳业绩,2026-7-30 15:52,https://cn.investing.com/news/stock-market-news/article-3487467,,"智通财经APP获悉，受中东冲突引发的全球能源市场剧烈震荡推动，能源巨头壳牌(SHEL.US)第二季度利润较去年同期翻了一倍多，大幅超越市场预期，并创下四年来的最高季度盈利纪录。

这家总部位于伦敦的石油巨头周四公布，第二季度调整后净利润达到98.4亿美元，远高于去年同期的42.6亿美元。该数字同样显著超出此前市场普遍预期的87亿美元，而公司提供的共识预期为89.2亿美元。
这一成绩标志着壳牌自2022年第二季度以来的最佳季度表现——当时受俄乌冲突全面爆发影响，油气价格飙升，公司曾录得114.7亿美元的利润。
此次利润井喷的核心驱动力，来自于美国及以色列与伊朗爆发战争后能源供应格局的剧变。冲突直接威胁霍尔木兹海峡的原油和天然气运输，令全球能源价格急速攀升，并为交易业务创造出极为有利的波动环境。
壳牌综合天然气业务(涵盖全球最大的燃料交易平台)利润达27亿美元，较去年同期高出55%，大幅超出预期。其化工及成品业务(旗下拥有石油产品交易部门)利润也远超预期，录得23亿美元，而去年同期仅为1.18亿美元。
在这场动荡中，燃料价格的涨势远远甩开原油本身，使得炼油利润率显著膨胀。壳牌在二季度全力开动其全球炼厂，设备利用率达到了102%，这是该公司自2022年变更统计方法以来的最高水平。得益于航空业的需求和加工能力的释放，壳牌全球航空燃油产量同比飙升了20%。
与此同时，剧烈的价格波动为拥有庞大交易团队的欧洲能源巨头们带来了巨额交易利润。壳牌的液化天然气(LNG)及石油交易业务，连同改善的化工品利润率，共同抵消了部分生产中断造成的销量下滑，成为支撑业绩的中流砥柱。
“波动性已成为新常态，”壳牌首席执行官Wael Sawan周四在接受采访时表示。
“我们一直在努力打造一家能够在波动中蓬勃发展的公司。宏观环境确实推高了大宗商品价格，为我们的业绩提供了强劲的顺风，”Sawan表示，“但有两个关键因素是我们能够掌控的，并且我们在这两方面都持续表现出色。其一是一流的运营表现，这在我们每一项业务中都有体现，而这一点本身就支撑了其二——即非常强大的交易与优化能力。”
在利润飙升的背景下，壳牌表示将维持未来三个月的股票回购步伐，继续推进30亿美元的季度回购计划。
其他指标方面，得益于实现价格上升，壳牌经营活动现金流达到214亿美元，同样创下自2022年以来的最高水平;净债务则降至417.5亿美元，低于第一季度末的526亿美元，其杠杆率(含租赁的负债与权益比率)由上季度的23.2%降至18.7%，已低于公司设定的20%舒适区间。另外，该公司维持2026年资本支出展望不变，仍为240亿至260亿美元区间。
卡塔尔出口中断 天然气部门受创
尽管巨额利润令市场振奋，但地缘冲突同样是一把“双刃剑”，壳牌也难以独善其身。财报揭示了冲突对关键资产造成的直接冲击：受卡塔尔业务中断的影响，壳牌综合天然气部门的产量同比骤降了31%。据了解，中东地区约占壳牌油气总产量的20%，即日均55万桶油当量，其中约10%与卡塔尔相关。
作为全球最大的LNG贸易商，壳牌在卡塔尔的液化天然气出口设施因战事波及而处于停摆状态。Sawan在接受采访时表示，卡塔尔的工厂目前仍处于停产状态，需等待恢复产品出口能力后方能重启。这在一定程度上限制了壳牌将高涨的天然气价格完全兑现为产量收益的能力。壳牌表示，修复工作可能耗时约一年。
面对当前的高利润周期，Sawan还面临新的课题。在壳牌完成了长达数年的成本削减、业务精简和优先股东回报的战略调整后，市场正密切关注这位首席执行官将如何利用地缘冲突带来的短期财务收益，去补充公司的长期油气储量基础，以确保未来的可持续增长。
受此轮市场动荡带来的暴利提振的不仅是壳牌这样的行业巨头，包括英国石油(BP.US)、道达尔(TTE.US)在内的欧洲同行，以及全球顶级大宗商品贸易商均在本季度斩获颇丰。今年以来，壳牌在伦敦上市的股票已累计上涨约21%，不过其表现仍落后于英国石油、、道达尔、以及美国巨头埃克森美孚(XOM.US)和雪佛龙(CVX.US)等同行。"
金罗斯黄金2026年第二季度利润符合预期，现金余额创历史新高,2026-7-30 21:41,https://cn.investing.com/news/transcripts/article-93CH-3488847,,"金罗斯黄金（Kinross Gold）公布，第二季度调整后每股收益为$0.71，与华尔街预期完全吻合，但营收为22.4亿美元，低于市场预期的23.1亿美元。尽管营收略有不及，公司整体表现依然稳健——现金生成能力强劲，现金余额及净现金余额均创历史新高，并重申全年业绩指引。受此提振，公司股价在盘前交易中上涨2.46%，由前收盘价$23.21升至$23.781，显示投资者对公司资产负债表实力及资本回报计划持积极态度。






金罗斯黄金表示，第二季度及上半年整体表现强劲，产量按计划推进，成本控制在预期范围内。本季度黄金当量产量为49.2万盎司，每盎司销售成本为$1,336，全维持成本（AISC）为每盎司$1,821。
每盎司运营利润率超过$3,100，反映出金价持续上涨对盈利的有力支撑。公司本季度调整后运营现金流超过11亿美元。
本季度的表现延续了大型黄金生产商的普遍规律：强劲的利润率和现金流有效对冲了通胀压力、燃料成本上升及项目支出增加带来的影响。金罗斯黄金表示成本结构保持可控，管理层对全年目标的实现充满信心。公司完美的Piotroski评分9分（满分）进一步印证了其出色的财务状况，这一由InvestingPro提供的指标综合衡量了盈利能力、杠杆水平及运营效率。






金罗斯黄金调整后每股收益为$0.71，与市场一致预期完全吻合，未产生任何盈利意外。然而营收为22.4亿美元，低于预期的23.1亿美元，缺口约7000万美元，差距约3.0%。
不过，由于公司在成本控制和产量目标上均表现出色，此次营收不及预期的影响相对有限。在黄金矿业领域，盈利表现往往高度依赖金属价格走势和运营纪律，若现金流和利润率依然强劲，营收略低于预期的影响便会大打折扣。此次结果正是如此。
本季度也延续了金罗斯黄金一贯稳健执行、鲜有大幅意外的经营风格。管理层表示公司有望实现全年指引，这在一定程度上缓解了市场对营收缺口的担忧。


金罗斯黄金股价在盘前交易中上涨2.46%至$23.781，较前收盘价$23.21上涨57美分。此前公司于收盘后发布了业绩报告。过去一年，该股累计总回报率达51%，显著跑赢大盘主要指数，尽管近期已从52周高点有所回落。
股价的积极反应表明，投资者将目光聚焦于公司创纪录的现金头寸、强劲的自由现金流以及持续推进的股票回购计划。目前股价仍远低于52周高点$39.11，但也远高于52周低点$15.78。以盘前价格计算，股价较52周高点低约39%，较52周低点高约51%。
由于未提供交易量数据，暂无法判断此次股价上涨是否伴随异常活跃的成交。但盘前的早盘涨势表明，市场对本次业绩报告的整体解读偏向乐观。


金罗斯黄金维持2026年全年指引不变，具体预期如下：

管理层表示，第三季度表现预计与第一、二季度基本持平，随着圆山矿（Round Mountain）X期项目过渡工作的推进，第四季度产量有望进一步提升。公司还表示，下半年成本可能因美国业务贡献比例上升而略有增加，但全年成本仍预计落在指引范围之内。
金罗斯黄金继续以40%的自由现金流回报率为目标，通过股息和股票回购向股东返还价值。公司还表示，预计将于2027年上半年在详细工程设计进一步推进后，提供大熊（Great Bear）项目的最新初始资本估算。


首席执行官保罗·罗林森（Paul Rollinson）表示，公司交出了""强劲的第二季度成绩单""，并补充称金罗斯黄金""持续坚守成本底线，实现了强劲的运营利润率""。
首席财务官安德烈娅·弗里伯勒（Andrea Freeborough）表示，本季度产生了""超过7.25亿美元的自由现金流""，并助力公司以""27亿美元现金和19亿美元净现金的历史新高""收官。
罗林森还重点提及公司的项目储备，表示大熊和洛博-马尔特（Lobo-Marte）项目""持续稳步推进""，彰显了金罗斯黄金的长期增长战略。






分析师在问答环节重点关注金罗斯黄金的开发项目管线、成本压力及资本配置策略。
围绕洛博-马尔特项目，分析师就许可证进展、资本支出以及能否在当前金价水平下优化项目经济性等问题进行了提问。管理层表示，许可证审批仍是关键路径，详细工程设计将决定下一次资本更新的内容。
在大熊项目方面，分析师询问了许可证时间表，以及省级和联邦双轨审批流程是否可能导致项目延期。金罗斯黄金表示，两条审批轨道正在并行推进，主体项目仍按计划于2029年底实现首次投产。
圆山矿同样受到关注。分析师询问该矿是否仍有望实现年产15万至20万盎司的目标。金罗斯黄金表示，矿山产能爬坡按计划推进，X期项目预计将在未来几年进一步提升产量。
现金回报也是讨论焦点之一。分析师询问随着现金持续积累，公司是否会提高回报目标比例。金罗斯黄金表示，目前对现行的40%自由现金流回报政策感到满意。
公司还就通胀对冲措施回答了分析师提问，管理层表示，生产效率提升、流程优化及技术应用正在帮助控制整个投资组合的成本。

本文由人工智能协助翻译。更多信息，请参见我们的使用条款。"
金罗斯黄金二季度利润符合预期，现金余额创历史新高,2026-7-30 21:34,https://cn.investing.com/news/transcripts/article-93CH-3488790,,"金罗斯黄金（Kinross Gold）公布，第二季度调整后每股收益为$0.71，与华尔街预期一致，但营收为22.4亿美元，低于市场预期的23.1亿美元。尽管营收略有不及，公司整体表现依然稳健——现金生成强劲，现金余额及净现金余额均创历史新高，且维持全年业绩指引不变。盘前交易中，金罗斯股价上涨2.46%，报$23.781，较前收盘价$23.21上涨57美分，显示投资者对公司资产负债表实力及资本回报计划持乐观态度。






金罗斯表示，第二季度及上半年整体表现强劲，产量按计划完成，成本控制在预期范围内。本季度黄金等价物产量为49.2万盎司，每盎司销售成本为$1,336，全维持成本（AISC）为每盎司$1,821。
每盎司运营利润率超过$3,100，表明金价持续上涨有效支撑了公司盈利能力。金罗斯还表示，本季度调整后运营现金流超过11亿美元。
本季度的表现延续了众多大型黄金生产商的共同规律：强劲的利润率和现金流有效抵消了通胀、燃料成本及项目支出带来的压力。金罗斯表示成本结构依然可控，管理层称公司有望完成全年目标。公司的财务实力亦得到数据印证——其皮奥特罗斯基评分（Piotroski Score）满分为9分，这一InvestingPro指标反映出公司在盈利能力、杠杆水平及运营效率方面均处于优异状态。






金罗斯调整后每股收益为$0.71，与市场一致预期完全吻合，未产生盈利偏差。然而营收方面，实际录得22.4亿美元，低于预期的23.1亿美元，缺口约7,000万美元，差距约3.0%。
不过，这一结果并不构成明显的业绩失利，原因在于公司成功守住了成本防线，并确保产量达标。在黄金矿业领域，盈利往往高度依赖金属价格和运营纪律，若现金流和利润率保持强劲，营收略低于预期的影响便相对有限。本季度的情况正是如此。
本季度也延续了金罗斯一贯稳健执行、少有意外的风格。管理层表示公司有望完成全年指引，这在一定程度上缓解了市场对营收缺口的担忧。


金罗斯股价在盘前交易中上涨2.46%，报$23.781，较前收盘价$23.21上涨57美分。此前公司在收盘后发布了业绩报告。过去一年，该股累计总回报率达51%，显著跑赢大盘主要指数，尽管近期已从52周高位有所回落。
股价的积极反应表明，投资者将目光聚焦于公司创纪录的现金储备、强劲的自由现金流以及持续推进的股票回购计划。目前股价仍远低于52周高点$39.11，但也远高于52周低点$15.78。以盘前价格计算，股价较52周高点低约39%，较52周低点高约51%。
由于未提供交易量数据，暂无法判断此次涨势是否伴随异常活跃的成交。但盘前的早盘上涨，已初步传递出市场对本次业绩报告的温和正面解读。


金罗斯维持2026年全年指引不变，具体如下：

管理层表示，第三季度表现预计与一、二季度基本持平，随着圆山矿（Round Mountain）X阶段过渡工程的推进，第四季度产量有望提升。公司还表示，下半年成本将因美国业务贡献比例上升而小幅走高，但全年成本仍预计落在指引范围之内。
金罗斯继续以40%的自由现金流回报目标推进股息发放及股票回购。公司还表示，预计将于2027年上半年在详细工程设计进一步完善后，提供大熊项目（Great Bear）的初步资本估算更新。


首席执行官保罗·罗林森（Paul Rollinson）表示，公司交出了""强劲的第二季度""成绩单，并补充称金罗斯""持续守住成本防线，实现了强劲的运营利润率""。
首席财务官安德烈娅·弗里伯勒（Andrea Freeborough）表示，本季度产生了""超7.25亿美元的自由现金流""，并帮助公司以""27亿美元现金和19亿美元净现金的历史新高""收官。
罗林森还着重提及公司的项目储备，表示大熊（Great Bear）和洛博-马尔特（Lobo-Marte）项目""持续稳步推进""，彰显了金罗斯的长期增长战略。






分析师在问答环节重点关注金罗斯的开发项目管线、成本压力及资本配置策略。
围绕洛博-马尔特项目，分析师就许可审批、资本支出以及在当前金价下能否优化项目经济性等问题进行了提问。管理层表示，许可审批仍是关键路径，详细工程设计将决定下一次资本更新的内容。
在大熊项目方面，分析师询问了许可时间表，以及省级与联邦两条审批轨道是否可能导致项目延期。金罗斯表示，两条审批轨道正在并行推进，主体项目仍按计划于2029年底实现首次生产。
圆山矿同样受到关注。分析师询问该矿是否仍有望达到年产15万至20万盎司的目标。金罗斯表示，矿山正按计划推进产能爬坡，X阶段预计将在未来几年进一步提升产量。
现金回报也是讨论焦点之一。分析师询问随着现金持续积累，公司是否考虑提高回报目标。金罗斯表示，目前对现行的自由现金流40%回报政策感到满意，暂不作调整。
公司还就通胀对冲措施回答了提问，管理层表示，生产效率提升、流程优化及技术应用正在帮助控制整个投资组合的运营成本。

本文由人工智能协助翻译。更多信息，请参见我们的使用条款。"
CVR Energy第二季度业绩超预期，盘后股价大涨10.8%,2026-7-31 02:27,https://cn.investing.com/news/transcripts/article-93CH-3489632,,"CVR Energy公布了好于预期的2026年第二季度业绩，调整后每股收益为$0.34，营收达27.4亿美元，均大幅超越华尔街预期。投资者反应迅速，该股盘后交易中上涨10.83%，报$38.37，此前收盘价为$34.62，接近52周高点。本季度业绩得益于炼油和化肥业务的强劲表现、充裕的现金生成以及有利的大宗商品市场，尽管公司仍面临可再生燃料合规成本高企及对冲交易亏损的压力。






CVR Energy表示，本季度受益于大宗商品价格上涨以及石油和化肥业务的高运营率。合并净利润为4,600万美元，EBITDA达1.61亿美元，调整后EBITDA为2.09亿美元，其中已计入若干一次性项目的影响，包括可再生燃料标准（RFS）负债的不利变动及库存估值效应。
石油业务板块调整后EBITDA为1.06亿美元，较上年同期的3,800万美元大幅增长。日均加工量为21.3万桶，原油利用率达到铭牌产能的98%。化肥业务板块同样表现亮眼，调整后EBITDA为1.07亿美元，较上年同期增长60%，两座工厂停机时间极少。
公司表示，本季度业绩反映出能源和化肥市场供应偏紧的格局，地缘政治冲突导致全球供应减少，对此形成支撑。CVR Energy在美国中部大陆地区（MidCon）的业务也受益于美国成品油需求强劲及出口机遇。






CVR Energy在盈利和营收两方面均明显超出预期。调整后每股收益$0.34较市场一致预期$0.12高出183.3%，营收则超出预期23.4%。值得注意的是，公司在承受大量衍生品亏损和高额RIN成本的情况下，仍实现了如此显著的业绩超越。
超预期的幅度表明，本季度强劲的运营状况足以抵消上述压力。与公司近期业绩相比，这一表现同样亮眼——此前业绩往往对裂解价差波动、合规成本及对冲交易结果较为敏感。本季度的表现证明，高利用率与强劲的市场定价仍能带来可观的盈利能力。


该股盘后上涨10.83%至$38.37，反映出投资者对业绩超预期及运营前景改善的积极回应。正常交易时段收盘价为$34.62，盘后价格已接近52周区间$19.62至$41.67的上沿。
此次上涨表明，投资者更关注公司的运营势头和现金生成能力，而非监管合规成本和对冲交易损失。在能源股整体波动较大、炼油股往往随裂解价差和产品利润率剧烈波动的市场背景下，此次涨幅尤为突出。


对于第三季度，CVR Energy预计石油日加工量为20.5万至22万桶，直接运营费用为1.1亿至1.2亿美元。化肥业务方面，由于East Dubuque工厂计划于8月下旬进行检修，氨厂利用率预计将降至75%至80%。
公司还给出了第三季度资本支出指引：石油业务为4,100万至5,000万美元，化肥业务为4,000万至4,900万美元，其中包括3,000万至3,500万美元的检修费用。2026年全年资本支出预计合计为2.15亿至2.4亿美元。
管理层表示，对两大业务板块的近期前景持乐观态度，并认为公司有望在2027年前持续保持高于中周期的盈利水平。管理层还表示，East Dubuque工厂扩建项目有望将氨产能提升约5%，且该工厂未来可能引入天然气作为替代原料。

公司当前流动比率为1.44，支撑了管理层对财务灵活性的信心，表明流动资产超过短期负债。对于希望深入研究的投资者，InvestingPro提供CVR Energy的全面专业研究报告，是覆盖逾1,400家美国上市公司、提供专家分析与可操作投资洞见的研究平台之一。



首席执行官戴恩·诺伊曼（Dane Neumann）表示：""我们再度交出了强劲的季度运营成绩，原油利用率达98%，氨厂利用率达99%。持续的全球冲突导致能源和化肥市场供应趋紧，这在第二季度直接利好了我们的资产组合。""
临时首席财务官理查德·罗伯茨（Richard Roberts）表示，RIN价格已""完全失控""，并指出可再生燃料标准（RFS）项目使美国汽油价格每加仑增加了近$0.40。他的言论凸显了监管成本对炼油利润率的持续压制。
诺伊曼还表示，CVR Energy仍需""扩大产能规模、实现多元化布局""，突破核心的中部大陆地区，同时持续削减债务。他表示，公司可能寻求中小规模收购，并认为当前市场环境有利于投资组合的再平衡。






分析师重点关注资本配置、对冲交易及RIN合规问题。瑞银（UBS）询问CVR Energy如何使用不断增长的现金余额。管理层表示，削减债务仍是首要任务，但公司仍希望扩大炼油业务规模，并可能借助资本市场完成较大规模的交易。
TPH询问了对冲交易亏损及未来按市值计价的敞口情况。管理层表示，8,100万美元的已实现亏损相当于每桶约$4.16的损失，并指出第三、四季度的敞口将较第二季度有所下降。
分析师还就RIN策略及Wynnewood豁免申请提出了问题。管理层表示，公司正在按比例购买RIN，但计划在第三季度加快采购步伐，以弥补此前价格飙升时放缓采购的缺口。管理层还确认，公司正在购买Wynnewood 2026年预计义务量约50%的RIN，同时继续寻求全额豁免。
高盛（Goldman Sachs）就领导层交接及并购事宜提出了问题。诺伊曼表示，交接过程进展顺利，公司认为当前炼油厂交易环境颇具吸引力，估值水平较以往更接近中周期水平。

本文由人工智能协助翻译。更多信息，请参见我们的使用条款。"
SK创新2026年第二季度业绩强劲反弹，股价上涨6.5%,2026-7-30 16:14,https://cn.investing.com/news/transcripts/article-93CH-3487487,,"SK创新（SK Innovation）公布了2026年第二季度业绩，整体表现大幅改善。营收达29,157.2亿韩元，营业利润升至3,487.3亿韩元，润滑油及电池业务的强劲表现是主要推动力。公司股价上涨6.48%，从此前收盘价$109,500升至$116,600，目前股价较52周低点有较大幅度回升，但仍低于年内高点。公司还表示，旗下SK On已恢复营业利润，SK Enmove受益于有利的三类基础油市场环境，SK Energy则通过多元化采购成功应对原油供应中断。根据InvestingPro的分析，SK创新背负较重债务负担，因此资产负债表的改善对投资者而言尤为值得关注。该平台还追踪了该公司逾10条专业投资提示，为用户提供更深入的财务健康状况及市场地位分析。






SK创新表示，2026年第二季度合并业绩有显著改善，多个业务板块均实现更好表现。公司重点指出润滑油、电池及库存相关项目的收益，同时也提到炼油业务仍面临原油价格波动及检修成本的压力。
电池业务SK On是本季度改善的重要来源。随着降本措施落地及销量提升，该业务成功扭亏为盈。SK Enmove同样表现亮眼，受益于三类润滑油基础油市场的有利行情。相比之下，SK Energy因原油价格波动及设备维护，营业利润较上季度有所下滑。
公司资产负债表也有所改善。总负债同比下降，资产负债率降至170%，较此前下降20个百分点。不过，净债务较2025年底小幅上升，显示财务纪律仍需保持。






由于相关材料中未提供可直接比较的实际每股收益或营收市场一致预期数据，本文无法进行正式的超预期或不及预期计算。即便如此，本季度公布的数据仍指向强劲的经营业绩，营收和营业利润均较上季度大幅提升。
此次改善幅度显著。营收环比增加4,866.2亿韩元，营业利润环比增加1,325.1亿韩元。如此大幅度的变化表明，投资者可能已将目光投向短期波动之外，更关注核心业务的实质性反弹，尤其是SK On和SK Enmove的表现。


业绩公布后，SK创新股价上涨6.48%，从$109,500升至$116,600，每股涨幅为$7,100。目前股价较52周低点$87,700高出约33.4%，但较52周高点$155,400仍低约24.9%。
此次上涨表明，投资者对更强劲的经营业绩以及电池业务改善信号反应积极。市场可能也对公司降本增效、提升灵活性及多元化原油采购的举措给予了正面评价。与此同时，股价距52周高点仍有较大差距，说明市场信心尚未完全恢复，这可能与营业外亏损以及炼油、石化和电池业务持续存在的不确定性有关。


SK创新表示，预计原油价格和炼油利润率将持续波动，并未对相关市场给出精确预测。管理层表示，公司将保持灵活应对，根据市场变化迅速调整运营策略。
对于SK地缘中心（SK Geo Centric），公司预计2026年第三季度芳烃业务将因备货需求和季节性因素有所改善，但整体业绩预计与第二季度持平。石化业务目前仍面临开工率偏低及库存水平波动的挑战。
SK On表示，降本举措和销量回升应能支撑近期季度利润逐步改善。公司还预计，随着超大规模数据中心运营商、公用事业公司及人工智能数据中心项目的需求增长，其产品组合将进一步向储能系统（ESS）倾斜。管理层表示，正在评估产线转换及其他资产效率优化方案，但尚未就产能重新利用作出最终决定。
SK E&S表示，龙仁半导体园区液化天然气热电联产项目计划从2030年第二季度起分阶段投入商业运营。公司还预计澳大利亚Barossa气田将于2026年下半年全面投入商业运营。


首席财务官徐建基（Seo Geon-gi）表示：""SK Enmove凭借其全球第一的三类基础油生产能力及多个生产基地，有效应对了供应链的不确定性。""这一表态凸显了润滑油业务如何从地缘政治动荡及广泛的生产网络中获益。
徐建基还表示：""SK On每年将节省约3,000亿韩元的折旧费用及约2,000亿韩元的利息支出。""这是指对福特合资企业进行重组后所带来的节省效益，有助于缓解电池业务的财务压力。
SK Energy的朱永奎（Joo Young-gyu）表示：""战争爆发前，中东原油约占我们采购量的70%。战争爆发后，这一比例已降至50%以下。""这一表述说明炼油业务通过扩大原油来源成功适应了供应中断的局面。






分析师重点关注库存相关收益、原油采购、电池业务重组及储能系统增长等议题。有分析师询问本季度业绩中有多少来自库存效应。管理层表示，公司整体库存相关收益为1,194.9亿韩元，主要由SK Energy、SK IE Technology和SK Enmove贡献。
另有分析师就中东局势引发的原油采购变化提问。SK Energy表示，中东原油占比已从冲突前的逾70%降至目前的不足50%，替代供应来源包括美国、加拿大和非洲。
分析师还就SK On的产能及未来产线转换问题进行了提问。管理层表示，美国储能系统生产目前不存在问题，公司正在研究提升资产利用效率的方式，包括可能将电动车产线转换为储能系统产线，但尚未作出最终决定。
关于储能系统订单目标的问题，分析师关注到公司1.8吉瓦的国内长时储能项目及20吉瓦时的全球目标。管理层表示，正在积极与超大规模数据中心运营商及电力公用事业公司建立合作，尤其是在美国市场。
最后，分析师就热管理产品进行了提问。SK Enmove表示，浸没式冷却技术目前正在推进认证工作，储能系统热管理解决方案已在部分板块实现商业化，电动车电池热管理产品则正与全球汽车制造商共同开发中。

本文由人工智能协助翻译。更多信息，请参见我们的使用条款。"
Quad第二季度业绩超预期，盘后股价大涨12%,2026-7-29 22:05,https://cn.investing.com/news/transcripts/article-93CH-3485617,,"Quad/Graphics（QUAD）公布2026财年第二季度业绩，调整后每股收益与营收均超出华尔街预期，盘后股价随即大幅攀升，投资者对业绩超预期及公司维持全年展望的表现给予积极回应。调整后摊薄每股收益为$0.24，高于市场预期的$0.20；营收达5.78亿美元，超出预期的5.4523亿美元。该股最新报价为$9.43，较前收盘价$8.41上涨12.13%，接近52周高点$9.59。






Quad表示，第二季度净销售额升至5.78亿美元，受益于直邮、店内印刷、纸张及物流附加费等业务的增长。公司将本季度定性为销售趋势长期复苏进程中的一部分——此前，剔除欧洲业务剥离影响后，公司销售额从2023年到2024年下滑10%，从2024年到2025年再降5%。
调整后EBITDA为4200万美元，略低于上年同期的4300万美元，产品组合变化带来的利润率压力抵消了部分营收增长带来的效益。调整后EBITDA利润率从7.6%小幅下降至7.3%。
尽管如此，净利润表现明显改善。调整后摊薄每股收益从上年同期的$0.14升至$0.24，得益于净利润提升、利息支出减少以及折旧摊销成本下降。上半年累计调整后每股收益达$0.48，较2025年上半年的$0.34增长41%。
公司还表示，业务结构持续向精准印刷、包装及物流方向转型，而大规模印刷业务仍承压。管理层表示，这一业务结构调整是公司实现2028年营收恢复增长长期计划的核心所在。






Quad第二季度两项核心指标均超出市场预期。调整后每股收益$0.24超出市场一致预期$0.20达$0.04，超出幅度约20%；营收5.78亿美元超出预期的5.4523亿美元约3277万美元，超出幅度约6.01%。
此次业绩超预期表现扎实，但对投资者而言，更重要的信号或许在于本季度的业绩质量：利润同比大幅改善，季度现金流有所增强，公司全年展望维持不变。这一组合表明，公司基本面的韧性可能超出了许多投资者的预期。
此次超预期表现在Quad近期历史中尤为突出。公司此前经历了较长时间的销售下滑，尽管2026年上半年整体仍略有下降，但第二季度实现了营收同比正增长，这或许是推动股价强劲反弹的重要因素。


Quad股价从前收盘价$8.41上涨12.13%至$9.43，距52周高点$9.59仅差几美分。这一涨幅表明，投资者将本季度业绩视为实质性改善，而非仅仅是小幅超预期。
值得关注的是，此次股价上涨发生在盘后交易时段——该时段流动性通常较低，价格波动往往更为剧烈。即便如此，如此大幅的涨幅仍清晰地反映出市场对业绩超预期、每股收益强劲增长以及公司维持指引不变的积极回应。
以当前价格计算，该股较52周低点$5.01已累计上涨约88.8%。由于未提供成交量数据，目前无法判断此次上涨是否伴随异常放量。


Quad维持2026年全年展望不变。公司预计全年净销售额（剔除欧洲业务剥离影响）将下降1%至5%，但表示销售趋势自2024年以来已持续改善。
管理层维持调整后EBITDA指引区间1.75亿至2.15亿美元不变，中值为1.95亿美元，与2025年基本持平。自由现金流预计为4000万至6000万美元，中值为5000万美元，同样与去年大致相当。
公司还预计2026年资本支出为5500万至6500万美元，并预计年末净债务杠杆率将降至约1.5倍，处于目标区间下限。Quad表示，公司仍有望在精准印刷、多邮件及纸张销售等更优业务结构的支撑下，于2028年实现营收增长的拐点。
根据InvestingPro的公允价值分析，该股在当前价位呈现出一定程度的低估。寻求深度分析的投资者可查阅QUAD完整的Pro研究报告，该报告是平台逾1,400份报告之一，致力于将复杂的华尔街数据转化为清晰、可操作的投资洞见。
在战略布局方面，公司正在盐湖城新建一座面积达10万平方英尺的包装生产设施，预计于第四季度投入运营。与此同时，公司旗下In-Store Connect零售媒体网络也在持续扩张，合作门店数量已从约70家增至近130家。


首席执行官Joel Quadracci表示，公司正专注于更宏观的转型战略。他说：""Quad始终坚守战略愿景，充分发挥整合营销平台的优势，推动多元化增长，提升印刷与营销效率，并为所有利益相关方创造切实价值。""
Quadracci还着重介绍了公司的零售媒体战略。他表示：""对所有参与方而言，规模越大越有利。对于消费品企业来说，我们覆盖的地域越广、接触的消费者越多、合作门店越多，他们就越愿意将更多全国性预算投入到我们这里，而不仅仅是地区性预算或试验性预算。""
在技术层面，Quadracci表示：""我们将人工智能视为各业务单元基础设施的重要组成部分，通过部署AI来提升效率、减少人工流程、加快市场响应速度，并为Quad及客户带来更好的业务成果。""
首席财务官Tony Staniak表示，公司看到了重返增长的长期路径。他说：""我们预计净销售额的下滑速度将持续改善，延续自2024年以来的趋势，并有望在2028年全年实现净销售额增长的拐点，届时销售结构将更多依托精准印刷、多邮件及纸张业务。""






分析师在问答环节重点关注公司营收驱动因素、零售媒体战略、包装业务扩张及成本压力等议题。
多位分析师询问，在本季度业绩超预期的情况下，公司为何未收窄营收指引区间。管理层解释称，公司业务具有季节性特征，客户尤其是零售行业客户可能在季度末临时增减订单量，因此维持原有指引区间更为审慎。
分析师还就Wakefern、Vallarta及一家新签约的西海岸食品零售客户追问详情。Quadracci表示，公司正在构建一个区域性食品零售商网络，帮助消费品企业投入更大规模的全国性预算，并指出该网络正逐渐获得市场认可，因为它能够展示实际商品动销数据，而非仅仅提供广告曝光量。
盐湖城新包装工厂也是分析师关注的焦点之一。管理层表示，该工厂将于第四季度承接已承诺的订单，预计随着2027年产能爬坡，将贡献低两位数百万美元的营收增量。公司表示，该项目所需资本支出不足1000万美元，有望支撑利润率更高的折叠纸盒业务增长。
此外，分析师还就邮政改革议题提问。Quadracci表示，公司支持回归基于通胀水平的邮资调整机制，并警告称，若仅依靠价格上涨，邮政系统的可持续性将面临挑战。

本文由人工智能协助翻译。更多信息，请参见我们的使用条款。"
猎户座集团控股2026财年第二季度业绩逊于预期，股价大跌,2026-7-29 21:53,https://cn.investing.com/news/transcripts/article-93CH-3485570,,"猎户座集团控股（Orion Group Holdings）公布2026财年第二季度调整后每股收益为$0.02，远低于华尔街预期的$0.06；营收为2.219亿美元，略低于2.2412亿美元的市场预测。公司表示，本季度业绩受到海洋业务项目时间延误的拖累，并非源于运营层面的问题。受此影响，股价大跌16.71%，从此前收盘价$11.97跌至$9.97，进一步远离52周高点$17.40。






猎户座集团控股表示，第二季度营收从上年同期的约2.05亿美元增至约2.22亿美元，增长动力来自混凝土业务的扩张，以及今年2月完成收购的海洋建筑公司J.E. McAmis的并入贡献。然而，本季度业绩也充分体现了工程承包类业务固有的波动性。
毛利润从上年同期的2600万美元降至2300万美元。调整后EBITDA从1100万美元降至790万美元，GAAP口径净亏损扩大至410万美元，而上年同期为净利润80万美元。调整后每股收益从$0.07降至$0.02。
管理层表示，业绩疲软的根源在于海洋项目开工、中标及完工时间的延误，以及设备利用率偏低。首席执行官Travis Boone将此定性为时间节奏问题，而非深层次经营困境的信号。
Boone表示：「我们常说建筑行业的业绩表现会有起伏。本季度就是一个典型例子。」
混凝土业务成为本季度的亮点。该业务板块营收增长超过30%，调整后EBITDA增长45%，受益于场地土建服务的拓展以及数据中心项目带来的旺盛需求。管理层表示，混凝土业务利润率维持在5.5%至6%区间，与全年目标一致。






猎户座集团控股调整后每股收益$0.02，较市场一致预期$0.06低$0.04，差距达66.67%。营收2.219亿美元，较预期的2.2412亿美元低222万美元，差距约0.99%。
营收方面的差距尚属有限，但盈利层面的落差则明显更大。对于投资者而言，这一组合往往比单纯的营收数据更具参考价值，因为它暗示着利润率承压。就猎户座集团控股的情况而言，公司表示问题并非出在需求端，而在于项目推进节奏——海洋项目因客户方面的因素（如场地准备情况和交付计划）而出现延误。
与上年同期相比，公司营收仍实现增长，但各项利润指标却出现下滑。这一反差正是市场将目光聚焦于盈利疲软、而非营收增长的重要原因。


股价大跌16.71%，从$11.97跌至$9.97，每股下跌$2.00。此次下跌使股价进一步远离52周高点，逼近年内低位区间，但仍高于52周低点$6.44。尽管跌幅显著，InvestingPro的分析显示，该股在当前价位仍被低估，分析师维持的目标价隐含约42%的上涨空间。该公司已被纳入InvestingPro的最被低估股票名单，表明市场或许对短期时间节奏问题反应过度。
此次大跌表明，投资者对盈利不及预期以及海洋业务板块近期盈利能力走弱感到失望。公司对积压订单、新增订单及下半年需求前景的乐观表态，未能完全抵消市场对利润率和业绩指引的即时担忧。
单日如此大幅的跌幅实属罕见，更多反映的是针对该公司的个股抛售压力，而非整体市场走势所致。


猎户座集团控股维持全年营收指引不变，区间为9亿至9.5亿美元，但下调了利润预期，以反映海洋业务时间节奏的变化。公司目前预计2026年调整后EBITDA为5000万至5400万美元，调整后每股收益为$0.23至$0.30。
管理层表示，随着延误的海洋项目陆续开工、设备利用率回升，下半年业绩应会明显改善。公司表示，下半年海洋业务中近90%已签署合同，全公司下半年约80%的业务量已有合同保障。
Boone表示，公司预计下半年将出现显著的业绩跃升。
「一旦所有海洋设备都充分投入使用、各项目全面运转，业绩将会大幅提升，」他说。
公司还指出，在手项目追踪管道规模达270亿美元，已报价并等待中标的项目金额接近16亿美元。管理层表示，项目管道在国防、港口现代化、能源、油气、化工及商业工程等领域均有均衡布局。InvestingPro的分析显示，公司净利润预计今年将实现增长，分析师预测公司将在第二季度挫折后重返盈利轨道。如需深入了解ORN的财务健康状况及增长前景，投资者可访问InvestingPro，查阅该公司及逾1,400家美国上市公司的完整专业研究报告。


Boone表示，公司本季度业绩疲软源于时间节奏问题，而非执行层面的失误。
「这是一个时间节奏问题，而非业绩或运营问题。这些延误现已成为过去，」他说。
首席财务官Alison Vasquez表示，海洋业务放缓同时拖累了项目盈利能力和设备利用率。
「当海洋业务生产效率下降时，我们有时会遭受双重打击——既损失了项目利润，又面临设备利用率随之下滑的压力，」她说。
她还表示，若利用率得以改善，公司将具备显著的利润率提升空间。
「设备成本就是设备成本，不管你用不用它都得承担，」Vasquez说，「随着营收增长、自有船队得到充分利用，更多的收入将转化为利润落到底线。」
管理层还着重介绍了对McAmis的整合进展，此次收购正帮助猎户座集团控股拓展栈桥和防波堤领域的业务能力。Boone表示，该团队正在赢得新项目，下半年将更加忙碌。






分析师重点关注下半年利润率能否如期回升、混凝土业务的真实强劲程度，以及公司庞大的项目管道能否按时转化为实际中标订单。
提问主要集中在海洋设备利用率及利润率上行空间方面。管理层表示，第二季度设备和人员利用率均低于预期，但随着项目陆续启动，预计下半年将明显好转。
分析师还就混凝土业务追问细节，部分分析师担忧该业务的积压订单数据可能低估了实际需求水平。管理层表示，混凝土业务从投标到开工执行的周期极短，通常仅需两到三周，因此积压订单数据可能无法充分反映实际业务活跃程度。
数据中心敞口也是讨论焦点之一。猎户座集团控股表示，本季度约50%的混凝土业务营收来自数据中心项目，高于第一季度的40%，且项目管道依然强劲。
分析师还就McAmis收购进展提问。管理层表示，整合工作进展顺利，该业务已对EBITDA形成贡献，团队正在猎户座集团控股更广泛的业务版图中发挥作用。
在项目管道方面，管理层表示机会在国防、港口、能源及工业工程领域均有均衡分布，且正向规模更大、复杂程度更高的项目倾斜，此类项目通常采用设计-建造（design-build）及施工管理总承包（CMGC）等替代交付模式。

本文由人工智能协助翻译。更多信息，请参见我们的使用条款。"
猎户座集团控股2026年第二季度业绩逊于预期，股价大跌,2026-7-29 21:57,https://cn.investing.com/news/transcripts/article-93CH-3485576,,"猎户座集团控股（Orion Group Holdings）公布2026年第二季度调整后每股收益为$0.02，远低于华尔街预期的$0.06；营收为2.219亿美元，略低于2.2412亿美元的市场预测。公司表示，本季度业绩受到海洋业务项目时间延误的拖累，并非运营层面出现问题。受此影响，股价从前收盘价$11.97大跌16.71%至$9.97，进一步偏离52周高点$17.40。






猎户座集团控股表示，第二季度营收从上年同期的2.05亿美元增至约2.22亿美元，增长主要得益于混凝土业务的扩张，以及今年2月完成收购的海洋建筑公司J.E. McAmis的并表贡献。然而，本季度业绩也充分体现了项目制业务固有的波动性。
毛利润从上年同期的2,600万美元降至2,300万美元。调整后EBITDA从1,100万美元降至790万美元，GAAP口径净亏损从上年同期净利润80万美元扩大至亏损410万美元。调整后每股收益从$0.07降至$0.02。
管理层表示，业绩疲软源于海洋项目开工、中标及竣工的时间延误，以及设备利用率偏低。首席执行官Travis Boone将此定性为时间节奏问题，而非深层次经营困境的信号。
Boone表示：「我们常说建筑业是一个起伏不定的行业，这个季度就是一个典型的例子。」
混凝土业务成为本季度的亮点。该业务板块营收增长逾30%，调整后EBITDA增长45%，受益于场地土建服务的拓展以及数据中心项目带来的强劲需求。管理层表示，混凝土业务利润率维持在5.5%至6%区间，符合全年目标。






猎户座集团控股调整后每股收益$0.02，较市场一致预期$0.06低$0.04，差距达66.67%。营收2.219亿美元，较2.2412亿美元的预期低222万美元，差距约0.99%。
营收方面的差距尚属有限，但盈利层面的落差则明显更大。这种组合往往比单纯的营收表现更受投资者关注，因为它暗示利润率承压。就猎户座集团控股而言，公司表示问题并非来自需求端，而是项目时间节奏的错位——海洋项目因客户原因（如现场准备不足、交付计划调整）而出现延误。
与上年同期相比，公司营收层面仍实现增长，但各项利润指标却出现逆转。这一反差有助于解释为何市场将目光聚焦于盈利疲软，而非营收增长。


股价从$11.97大跌16.71%至$9.97，每股下跌$2.00。此次下跌使股价进一步远离52周高点，并向年内低位靠拢，但仍高于52周低点$6.44。尽管股价大幅下挫，InvestingPro分析显示该股在当前价位仍被低估，分析师维持的目标价隐含约42%的上涨空间。该公司还出现在InvestingPro的最被低估股票名单中，表明市场或许对短期时间节奏问题反应过度。
股价的大幅下跌表明，投资者对盈利不及预期以及海洋业务板块近期盈利能力走弱感到失望。公司管理层对积压订单、新增订单及下半年需求的乐观表态，未能完全抵消市场对利润率及业绩指引的即时担忧。
单日如此大幅的跌幅实属罕见，更多指向公司个股层面的抛售压力，而非整体市场走势的影响。


猎户座集团控股维持全年营收指引在9亿至9.5亿美元区间不变，但下调了利润预期，以反映海洋业务时间节奏的调整。公司目前预计2026年调整后EBITDA为5,000万至5,400万美元，调整后每股收益为$0.23至$0.30。
管理层表示，随着延误的海洋项目陆续开工、设备利用率回升，下半年业绩有望明显改善。公司表示，下半年海洋业务中近90%已签订合同，全公司整体业务约80%已在合同覆盖范围之内。
Boone表示，公司预计下半年将实现显著的业绩跃升。
他说：「当我们的海洋资产全面投入使用、所有人员高效运转时，业绩将会大幅跃升。」
公司还指出，目前在手项目追踪管道规模达270亿美元，已报价并等待中标的项目接近160亿美元。管理层表示，项目管道在国防、港口现代化、能源、油气、化工及商业领域均有均衡布局。InvestingPro分析显示，分析师预计公司今年净利润将实现增长，并有望在第二季度挫折后恢复盈利。投资者可通过InvestingPro获取ORN详尽的专业研究报告，该平台目前覆盖逾1,400只美国股票。


Boone表示，公司本季度业绩疲软源于时间节奏问题，而非执行层面的失误。
他说：「这是一个时间节奏问题，而非业绩或运营问题。这些延误现已成为过去。」
首席财务官Alison Vasquez表示，海洋业务放缓同时拖累了项目盈利能力和设备利用率。
她说：「当海洋业务生产效率下滑时，我们有时会遭受双重打击——既损失项目利润，又面临设备利用率下降的连带影响。」
她还表示，若设备利用率得以提升，公司利润率将具备明显的上行空间。
Vasquez说：「设备成本是固定的，无论你是否在使用它。随着营收增长、自有船队充分运转，更多的收入将转化为利润。」
管理层还着重提及McAmis的整合进展，该收购正帮助猎户座集团控股拓展栈桥和防波堤业务能力。Boone表示，团队正在赢得新项目，下半年业务将更加繁忙。






分析师重点关注下半年利润率能否如期回升、混凝土业务的真实强劲程度，以及公司庞大的项目管道能否按计划转化为实际中标订单。
提问主要集中在海洋设备利用率及利润率上行空间方面。管理层表示，第二季度设备和劳动力利用率低于预期，但随着项目逐步推进，预计下半年将明显改善。
分析师还就混凝土业务进行了深入追问，部分人士担忧该业务的积压订单数据或低于实际需求水平。管理层解释称，混凝土业务从投标到执行的周期极短，通常仅需两至三周，因此积压订单数据可能低估实际业务活跃程度。
数据中心敞口也是问答环节的重要议题。猎户座集团控股表示，本季度混凝土业务营收中约50%来自数据中心项目，高于第一季度的40%，且项目管道依然强劲。
分析师还就McAmis收购进展进行了询问。管理层表示，整合工作进展顺利，该业务已开始贡献EBITDA，团队正在猎户座集团控股更广泛的业务版图中发挥作用。
在项目管道方面，管理层表示机会在国防、港口、能源及工业领域均有均衡分布，并呈现出向规模更大、结构更复杂项目倾斜的趋势，此类项目通常采用设计-建造（design-build）及施工管理总承包（CMGC）等替代交付模式。

本文由人工智能协助翻译。更多信息，请参见我们的使用条款。"
第一量子矿产2026年第二季度营收增长8%，达15亿美元,2026-7-29 22:17,https://cn.investing.com/news/transcripts/article-93CH-3485664,,"第一量子矿产公司（First Quantum Minerals）公布，第二季度营收同比增长8%，达$15亿，EBITDA（息税折旧摊销前利润）大幅攀升23%至$4亿，受益于铜价走强及销售量提升。这家总部位于多伦多的矿业公司同时披露，铜产量突破10万吨，股价维持在$4.26不变，接近52周区间高位。过去一年，该股表现出强劲的上涨动能，折射出公司运营表现的持续改善以及大宗商品价格的整体回升。






第一量子矿产本季度在运营层面交出了一份亮眼成绩单，营收、EBITDA及铜产量均实现增长。公司表示，尽管科布雷巴拿马项目持续面临复杂局面，大宗商品市场波动加剧，本季度仍展现出较强的韧性。
铜市场在整个季度保持坚挺，铜价在每磅$5.50至$6.40之间波动，为公司业绩提供了有力支撑。需求持续强劲，仓库库存大幅下降，硫酸供应紧张亦对铜价形成支撑。
对于正在追踪第一量子矿产估值与财务健康指标的投资者，InvestingPro提供全面深入的分析，包括公允价值估算、详细的财务健康评分，以及十余项独家ProTips，助力投资者评估该公司在矿业板块中的竞争地位。
各矿区产量表现不一。赞比亚Sentinel矿区铜产量达5万吨，较第一季度增加5,000吨；Kansanshi矿区产铜4.4万吨；Enterprise矿区镍产量略超1.1万吨。在巴拿马，公司重启了3号磨矿生产线，并启动科布雷巴拿马矿石堆处理作业，进一步提升了整体铜产量。






本次财报未提供每股收益或营收预测数据，因此无法直接与分析师预期进行比较。但$15亿的营收及$4亿的EBITDA仍指向一个稳健的季度，尤其是在燃料成本上升、对冲交易亏损以及巴拿马局势持续不确定的背景下，这一表现尤为值得肯定。
从产量角度看，本季度表现优于上一季度。铜产量环比增长4%，EBITDA提升23%，表明公司正在从更高产量和更坚挺的铜价中获得运营杠杆效益。此次业绩虽未带来重大惊喜，但对于这家仍面临复杂资产组合及巴拿马重大政治问题的矿业公司而言，无疑是一次积极的进展。


根据最新交易数据，第一量子矿产股价在业绩公布后维持$4.26不变，与前一收盘价持平，显示投资者整体持观望态度。
以$4.26计，该股接近其52周区间$3.54至$4.40的高位，距历史高点约3%，远高于区间低点。股价反应平淡，可能反映出市场在更好的运营业绩与科布雷巴拿马项目的持续隐忧、燃料成本上升及债务压力之间寻求平衡。
希望深入了解第一量子矿产估值的投资者，可访问InvestingPro获取高级指标，包括该股是否高于或低于其公允价值，以及同业比较工具和多维度财务专家分析。


管理层维持主要运营项目的全年指引不变。


公司同时维持成本指引不变，但指出若当前燃料价格、汇率及黄金市场状况持续，C1成本存在约$0.25的上行风险。由于燃料交付存在滞后效应，柴油成本预计将在第三季度维持高位。
在科布雷巴拿马项目方面，第一量子矿产表示矿石堆处理计划进展顺利，按当前处理速度可支撑约12个月的运营。公司预计首批精矿将于8月发运，并表示在当前处理速度和现货铜价下，该项目的自由现金流有望实现中性至正值。
就全面复产而言，管理层估计所需总资本为$3.5亿至$5亿，涵盖初期矿石堆处理计划及恢复采矿作业所需的额外投入。


首席执行官特里斯坦·帕斯卡尔（Tristan Pascall）表示，公司在下半年保持了良好的竞争态势，并援引S3的强劲表现、Sentinel矿区的持续推进以及巴拿马矿石堆处理作业为主要支撑因素。
> 帕斯卡尔表示：""凭借S3的持续稳健表现、Sentinel矿区瓶颈环节的攻坚推进，以及科布雷巴拿马矿石堆矿石的持续处理，我们在下半年进一步提升产量方面处于有利位置。""
他还提及巴拿马审计结果，称审计显示该矿山是""一个管理专业、技术可靠、监管合规程度高的运营项目""。
首席财务官瑞安·麦克威廉（Ryan MacWilliam）表示，随着对冲交易计划全部结清，公司现已全面敞口于铜和黄金现货价格。
> 他表示：""随着战略性对冲账簿全部结清，我们已无任何在手对冲头寸，未来将全面受益于铜和黄金现货价格的上涨。""
麦克威廉还表示，公司将继续坚持审慎的资本管理策略，资产负债表的稳健性与去杠杆化仍是决策核心。






分析师将提问重心集中于科布雷巴拿马项目，涉及政府决策时间表、国有矿业公司的可能性、产能爬坡速度及复产成本等议题。
管理层表示，部长级委员会目前每周召开两至三次会议，但政府何时作出决定仍无明确时间表。帕斯卡尔拒绝就媒体有关国有矿业公司的相关报道置评。
分析师还就矿山全面恢复运营的速度进行了追问。帕斯卡尔表示，主要制约因素在于员工培训与入职，预计在获得审批后，需要六至九个月才能将产能恢复至80%至90%的水平。
复产经济性亦是问答环节的焦点之一。管理层重申，全面恢复采矿作业所需总资本约为$3.5亿至$5亿，其中约$2.5亿与矿石堆处理阶段相关。
分析师还就阿根廷塔塔萨卡（Tatasaca）项目及秘鲁拉格兰哈（La Granja）项目进行了询问。管理层表示，塔塔萨卡项目仍在推进审批流程，而拉格兰哈项目的最新技术报告证实，该项目是全球规模最大的铜矿绿地资源之一。

本文由人工智能协助翻译。更多信息，请参见我们的使用条款。"
Grupo Traxión第二季度营收超预期，股价上涨逾5%,2026-7-29 17:21,https://cn.investing.com/news/transcripts/article-93CH-3484600,,"Grupo Traxión公布了2026年第二季度喜忧参半的业绩：每股收益为$0.1515，低于预期的$0.1843，差距达17.8%；但营收升至93.5亿美元，超出市场预期的88.1亿美元约6.13%。受此消息提振，该公司股价上涨5.11%，从此前收盘价$10.38升至$10.91，显示投资者更为看重营收超预期、强劲的现金生成能力以及公司战略层面的积极进展，而非盈利未达标的负面影响。






Grupo Traxión表示，尽管管理层将当前贸易环境描述为近年来最为严峻的时期之一，公司在第二季度仍交出了稳健的成绩单。货运业务持续承压，主要受运费率疲软及货量下滑影响，但在完成对Solistica的收购后，物流与科技业务实现强劲增长。
与此同时，公司业务结构也正在发生深刻变化。据管理层介绍，物流与科技业务在合并营收中的占比已从约一年前的30%左右提升至约50%，这一转变有效降低了公司对周期性较强的货运业务的依赖。
管理层还表示，本季度货运市场已出现初步复苏迹象。6月份环比4月和5月有所改善，部分客户的业务量也开始回归历史正常水平。公司人员出行业务部门营收增长6%，整体保持稳定。






从数据来看，本季度业绩表现喜忧参半。Grupo Traxión每股收益为$0.1515，低于市场一致预期的$0.1843，差距为每股$0.0328，即17.8%。
然而营收方面则呈现出截然不同的图景。销售额达93.5亿美元，超出预期的88.1亿美元约5.4亿美元，超出幅度为6.13%。这一营收层面的超预期表现在一定程度上抵消了市场对每股收益未达标的担忧。
上述结果表明，公司仍处于增长轨道，但盈利能力依然承压。管理层将利润率受压的主要原因归结为燃料价格波动、比索走强以及维护成本上升。尽管如此，本季度强劲的现金流表现、较低的资本支出以及物流业务的增长，或许帮助投资者淡化了盈利未达标的负面影响。


公司股价上涨5.11%，从此前收盘价$10.38升至$10.91。此番涨势发生在盘后，紧随财报发布之后，反映出投资者的积极回应。
以当前股价计算，该股仍远低于52周高点$17.54，但高于52周低点$8.88，较高点低约37.8%，较低点高约22.9%。
值得注意的是，此次股价上涨发生在每股收益未达预期的背景下。投资者似乎将目光更多聚焦于营收超预期、公司强劲的现金生成能力，以及管理层关于货运市场趋势改善和战略重新定位的表态。财报中未披露具体成交量数据。


管理层表示，对2026年全年营收增长10%的目标仍充满信心，并维持年末杠杆率约2.2倍至2.3倍的目标，与2025年末水平保持一致。值得关注的是，据InvestingPro数据显示，近期已有两位分析师下调了对该公司未来业绩的盈利预测，但分析师一致推荐评级仍维持在1.86。希望深入了解该公司的投资者，可访问InvestingPro，获取完整的财务稳健度指标、公允价值测算及专家洞见，以更全面地评估Grupo Traxión的投资价值。
公司预计今年剩余资本支出约为19亿墨西哥比索（MXN），较此前削减约5亿墨西哥比索（MXN）。这部分支出将用于有选择性的有机增长、人员出行业务的车队翻新以及物流业务的技术升级。
管理层还表示，于第二季度启动的全面重组计划预计将于第三季度末完成，公司预计每年可由此获得12亿墨西哥比索（MXN）的收益，相关效益将于第三季度后开始显现。
管理层表示，货运市场已出现初步复苏迹象，预计2026年下半年业绩将有所改善。与此同时，管理层也提示，若油价持续高位运行，燃料价格波动可能继续对利润率构成压力。


公司执行总裁Aby Lijtszain表示：""尽管当前贸易市场面临近年来最为严峻的挑战，我们仍持续交付稳健业绩、产生强劲现金流，并在战略层面取得了实质性进展。""
他补充道，公司的韧性源于业务多元化布局：""在货运业务持续面临疲软贸易市场考验的同时，我们的物流部门实现了健康的增长和盈利，人员出行业务也保持了整体稳定。""
Lijtszain还表示，公司选择主动出击而非被动等待复苏：""我们没有坐等市场回暖，而是果断启动了全面重组计划，致力于让业务更精简、更高效，并为下一个周期阶段做好更充分的准备。""






在电话会议的问答环节中，分析师主要围绕四大议题展开提问。
首先，分析师就汇率影响和燃油效率进行了询问。管理层表示，约16%的营收以美元计价，因此比索升值10%至13%对营收和利润造成了一定冲击。管理层还表示，随着车队持续更新换代，燃油效率指标预计将逐步改善。
其次，分析师就重组计划及杠杆水平进行了提问。管理层表示，该计划预计于第三季度末完成，预期每年产生12亿墨西哥比索（MXN）的收益，杠杆率预计于2026年末维持在2.2倍至2.3倍。
第三，分析师就削减5亿墨西哥比索（MXN）资本支出一事进行了询问。管理层表示，此次削减主要来自货运车队更新计划的调整，其余支出将用于支持有选择性的增长、客车翻新以及技术投资。
最后，分析师就货运定价及营运资金问题进行了提问。管理层表示，货运业务采取双管齐下的策略：在条件允许的情况下提高价格，同时将盈利能力较弱的客户迁移至TransPorta平台。公司还表示，营运资金周转周期同比改善逾100%，并预计由于结构性变化，这一改善将具有可持续性。

本文由人工智能协助翻译。更多信息，请参见我们的使用条款。"
意大利能源巨头Eni二季度利润翻倍，上调2026年全年业绩指引,2026-7-29 21:39,https://cn.investing.com/news/transcripts/article-93CH-3485527,,"意大利能源公司Eni公布，第二季度利润同比翻倍，经营现金流大幅攀升，尽管营收略低于华尔街预期。公司当季调整后息税前利润（EBIT）达54亿欧元，净利润为23亿欧元，经营活动现金流达45亿欧元，同比增幅超过60%。营收为$27.73亿，低于市场预期的$27.93亿。盘前交易中，Eni在美国上市的股票上涨6.45%，报$53.47，接近52周高点。






Eni将2026年上半年定性为强劲执行期。公司表示，上半年调整后EBIT同比增长40%，第二季度利润和现金生成均显著改善。管理层指出，业绩增速超过布伦特原油价格涨幅，表明公司受益于经营杠杆，而非单纯依赖油价上涨。
首席执行官克劳迪奥·德斯卡尔齐（Claudio Descalzi）表示，公司成功应对了汇率逆风以及海湾地区紧张局势重燃带来的干扰。他指出，Eni在上游生产、天然气、炼油、生物燃料及低碳业务方面的多元化布局，有效缓冲了市场波动的冲击。
公司还指出，资产负债率进一步下降至10%，接近目标区间下限，为未来扩大投资和向股东返还现金提供了更大空间。






Eni营收略低于市场预期。实际营收$27.73亿，较市场一致预期$27.93亿低约2亿美元，差距约0.72%。由于本季度未提供每股收益（EPS）数据，无法进行直接比较。
尽管如此，市场似乎更关注公司更强劲的经营指标和改善的业绩展望。调整后EBIT和净利润均同比翻倍，表明营收小幅不及预期并未掩盖整体盈利的亮眼表现。这一结果显示，本季度盈利能力的提升速度明显快于营收增速。


Eni在美国上市的股票盘前上涨6.45%，报$53.47。该股价格接近52周区间（$33.74至$58）的上端。涨幅显示投资者对公司上调产量展望、现金流改善及扩大回购计划持积极态度。
股价的强劲反应也表明，营收小幅不及预期并非市场关注焦点。交易者更多响应的是公司更稳健的资产负债表、不断提升的股东回报，以及管理层对在波动能源市场中保持运营韧性的信心。


Eni上调了2026年多项业绩指引。公司现预计基础产量增长将超过5%，此前指引区间为3%至4%。公司还将经营活动现金流指引上调至150亿欧元，假设布伦特原油价格为每桶$85。
公司将全年股票回购目标提升至34亿欧元，较最初的15亿欧元计划大幅增加。管理层表示，更高的回报计划反映了更强劲的现金生成能力和更低的资产负债率。根据InvestingPro数据，Eni股息收益率为3.45%，公司已连续31年派发股息，并连续六年提高股息，股东回报记录稳健。
其他指引调整包括：天然气与电力业务全年EBIT预期上调至超过14亿欧元；Plenitude与Eni合并后的全年EBITDA指引从24亿欧元上调至26亿欧元。
Eni还表示，预计全年总资本支出约为70亿欧元，净资本支出低于50亿欧元，同时将持续推进上游、天然气、炼油及低碳业务的增长投入。


德斯卡尔齐表示：""我们第二季度和上半年的业绩充分体现了我们在战略执行和既定目标上的成功。第二季度，Eni实现调整后EBIT 54亿欧元、净利润23亿欧元，均同比翻倍。""
他补充说，公司的增长""显著超越了布伦特油价的涨幅""，这体现了Eni经营杠杆的优势及其在汇率疲软环境下的抗压能力。
德斯卡尔齐还表示，Eni""正处于历史上最强劲的时期之一""，公司在13至14个国家拥有54个有机增长项目，战略围绕多元化布局和掌控完整能源价值链构建。
首席运营官圭多·布鲁斯科（Guido Brusco）表示，公司已证明能够在预算内按时推进大型项目。他说：""去年，我们启动了五个重大项目。""他还指出，公司内部工程模式有助于有效控制成本和执行质量。






分析师重点就产量增长、委内瑞拉业务、炼油利润率、资本支出以及公司贸易和低碳业务等议题进行了提问。
在产量方面，管理层表示，受利比亚、墨西哥、哈萨克斯坦项目以及Searah业务整合推动，2026年基础产量增长已提升至5%以上。公司表示，目前有54个有机增长项目处于推进阶段，预计至2030年复合年均增长率约为4%。
关于委内瑞拉的问题，分析师主要关注新合同条款能否支持2027年或2028年后的持续投资。德斯卡尔齐表示，谈判""非常开放、坦诚、透明""，并表示若合同结构能保障资本回收，Junin 5区块和Perla气田有望支撑未来增长。
分析师还询问Eni为何未能充分受益于强劲的炼油裂解价差。管理层解释称，由于运费、物流、原油价差及对冲交易的影响，基准利润率并不能完全反映实际结果。公司表示，实际利润率通常比名义基准低每桶2至3欧元。
在资本支出方面，管理层表示，凭借严格的项目执行纪律和卫星模式，公司无需增加资本支出即可实现产量增长。卫星模式允许Eni引入第三方资本，从而降低资产负债表压力。
关于与Mercuria合资公司的问题集中在贸易业务上。Eni表示，该交易有望提升每桶现金流，并在未来将资本回报率（ROACE）提高1至2个百分点。
分析师还就Enilive和Plenitude进行了提问。管理层表示，两项业务均好于预期，并支持Eni将零售、能源转型和可再生资产相结合的战略，有助于平滑周期性盈利波动。

本文由人工智能协助翻译。更多信息，请参见我们的使用条款。"
意大利能源巨头Eni二季度利润翻番，上调2026年全年业绩指引,2026-7-29 21:37,https://cn.investing.com/news/transcripts/article-93CH-3485522,,"意大利能源公司Eni公布，第二季度利润较去年同期翻番，经营现金流大幅攀升，尽管营收略低于华尔街预期。公司当季调整后息税前利润（EBIT）达54亿欧元，净利润为23亿欧元，经营活动现金流达45亿欧元，同比增幅超过60%。营收为$27.73亿，低于市场预期的$27.93亿。盘前交易中，Eni在美国上市的股票上涨6.45%，报$53.47，接近52周高点。






Eni将2026年上半年定性为强劲执行的阶段。公司表示，上半年调整后EBIT同比增长40%，第二季度利润与现金生成均大幅改善。管理层指出，业绩增速超过布伦特原油价格涨幅，表明公司受益于经营杠杆，而非单纯依赖油价上涨。
首席执行官克劳迪奥·德斯卡尔齐（Claudio Descalzi）表示，公司能够承受不利的外汇环境以及海湾地区紧张局势再度升温带来的冲击。他指出，Eni上游生产、天然气、炼油、生物燃料及低碳业务的多元化组合，有效缓冲了市场波动的影响。
公司还指出，资产负债率有所下降，降至10%，接近目标区间下限，这为Eni提供了更大的空间来支持业务增长并向股东返还现金。






Eni营收小幅低于市场预期。实际营收$27.73亿，较市场一致预期的$27.93亿低约2亿美元，差距约0.72%。本次数据未提供每股收益（EPS），因此无法进行直接对比。
尽管如此，市场似乎更关注公司更强劲的经营指标和改善后的业绩展望。调整后EBIT与净利润均较去年同期翻番，表明营收的小幅不及预期并未遮盖整体盈利的亮眼表现。本季度结果显示，盈利能力的改善速度明显快于营收增长。


Eni在美国上市的股票盘前上涨6.45%，报$53.47。该股已接近52周区间（$33.74至$58）的上端。涨幅表明投资者对公司上调的产量预期、更强劲的现金流以及更大规模的回购计划持积极态度。
股价的积极反应也说明，营收的小幅不及预期并非市场关注的焦点。交易者似乎更看重公司更为稳健的资产负债表、不断提升的股东回报，以及管理层对在动荡能源市场中保持韧性运营的表态。


Eni上调了2026年多项业绩指引。公司现预计基础产量增长将超过5%，此前指引区间为3%至4%。在布伦特原油价格为每桶$85的假设下，经营活动现金流指引上调至150亿欧元。
公司将全年回购目标提升至34亿欧元，较最初的15亿欧元计划大幅增加。管理层表示，更高的回报计划反映出更强劲的现金生成能力和更低的资产负债率。根据InvestingPro数据，Eni股息收益率为3.45%，支撑这一回报的是连续31年派发股息的记录以及连续六年提高股息的历史。
其他指引变化还包括：天然气与电力业务全年EBIT预期上调至超过14亿欧元；Plenitude与Eni合并后的全年EBITDA指引从24亿欧元上调至26亿欧元。
Eni还表示，预计全年总资本支出约为70亿欧元，净资本支出低于50亿欧元，同时将持续在上游、天然气、炼油及低碳业务领域推进增长投入。


德斯卡尔齐表示：「我们第二季度和上半年的业绩清晰地反映了我们在战略执行上的成功，以及我们一贯传达的目标。第二季度，Eni实现调整后EBIT 54亿欧元、净利润23亿欧元，两项指标均同比翻番。」
他补充说，公司的增长「显著超越了布伦特油价的涨幅」，这体现了Eni经营杠杆的优势及其在不利外汇环境下的抗压能力。
德斯卡尔齐还表示，Eni「正处于历史上最强劲的时期之一」，并援引公司在13至14个国家推进的54个有机增长项目，以及围绕多元化和全能源价值链控制所构建的战略布局。
首席运营官圭多·布鲁斯科（Guido Brusco）表示，公司已证明能够在预算范围内按时推进大型项目。「去年，我们启动了五个重大项目，」他说，并指出公司内部工程模式有助于控制成本和执行效率。






分析师重点关注产量增长、委内瑞拉业务、炼油利润率、资本支出以及公司的贸易和低碳业务。
在产量方面，管理层表示，受利比亚、墨西哥、哈萨克斯坦项目以及Searah业务整合的推动，2026年基础产量增长已提升至5%以上。公司表示，目前有54个有机增长项目处于推进阶段，预计到2030年复合年均增长率约为4%。
关于委内瑞拉的问题，分析师主要关注新合同条款能否支持2027年或2028年以后的投资。德斯卡尔齐表示，谈判「非常开放、清晰且透明」，并指出如果合同结构能够保障资本回收，胡宁5号区块和佩拉气田有望支持未来增长。
分析师还询问Eni为何未能充分受益于强劲的炼油裂解价差。管理层解释称，基准利润率并不能完全反映实际结果，因为运费、物流、原油价差以及对冲交易均会产生影响。公司表示，实际利润率通常比名义基准低每桶2至3欧元。
在资本支出方面，管理层表示，凭借严格的项目执行纪律和卫星模式，公司无需增加资本支出即可实现产量增长。该模式允许Eni引入第三方资本，从而减轻资产负债表压力。
关于与Mercuria合资企业的问题，分析师重点询问了贸易业务。Eni表示，该交易有望提升每桶现金流，并在未来将资本回报率（ROACE）提高1至2个百分点。
分析师还就Enilive和Plenitude提出了问题。管理层表示，两项业务的表现均好于预期，支撑了Eni将零售、能源转型与可再生资产相结合、平滑周期盈利的战略布局。

本文由人工智能协助翻译。更多信息，请参见我们的使用条款。"
Devyani International第一季度EBITDA创历史新高，股价涨4.2%,2026-7-29 18:09,https://cn.investing.com/news/transcripts/article-93CH-3484746,,"Devyani International（音译，Devyani International）公布，第一季度营收同比增长16.5%，运营EBITDA创历史新高，带动股价上涨4.2%至$118.50。公司未在业绩与预测对比数据中提供具体每股收益或营收数字，但电话会议内容显示，以肯德基（KFC）为首的餐厅组合实现了全面增长，并在食品、薪资及燃料成本上升的背景下实现了利润率提升。






Devyani International旗下运营肯德基、必胜客、Costa Coffee及自有品牌，公司表示本季度延续了2026财年下半年的增长势头。尽管原油价格上涨、液化石油气（LPG）通胀加剧以及卢比走弱推高了运营成本，但需求整体保持稳定。
表现最为突出的是KFC，营收增长12%，同店销售实现正增长。管理层表示，该品牌受益于有意识地向堂食客流转型以及门店层面经济效益的改善。堂食占比从一年前的54%提升至57%。
必胜客仍是相对薄弱的环节。营收为INR 184 crores，同店销售环比改善至负2.2%，但该品牌在贡献利润层面仍录得亏损。管理层表示，该品牌正在进行以产品质量、创新和价格透明化为核心的""回归基本面""重整。
公司自有品牌同样有所贡献。Biryani By Kilo和Vaango合计实现营收INR 98 crores，国际业务增长超过20%，单季营收达INR 523 crores。






公司业绩与预测对比数据显示，营收预测为$158.2亿，每股收益预测为$0.0857，但数据集中未提供实际每股收益或营收数字，因此无法从现有数据进行正式的超预期计算。
尽管如此，电话会议中披露的运营业绩表明本季度表现稳健。以本地货币计算，营收增长16.5%，EBITDA达到历史新高。对于投资者而言，在公司仍处于品牌层面转型和应对成本通胀的阶段，这一组合的意义远大于单一指标的超预期表现。
本季度表现也明显强于公司部分较弱品牌的近期走势，尤其是必胜客。与此同时，管理层对前景保持谨慎，这或许在一定程度上抑制了市场预期。


Devyani International股价上涨4.2%至$118.50，前收盘价为$113.72。目前股价已高于其52周区间$91.55至$191的中间位置，显示投资者对本季度盈利能力提升作出了积极回应。
此次上涨值得关注，因为它伴随着利润率的全面改善和创纪录的EBITDA数据，这两项因素通常对餐饮股的市场情绪具有支撑作用。股价上涨也表明市场更关注公司的执行力和盈利能力，而非数据中缺失的正式业绩超预期信息。
根据InvestingPro分析，该股目前以较高的EBIT和市净率倍数交易，表明投资者在近期挑战犹存的情况下，已将强劲的未来增长预期纳入定价。订阅用户可访问全面的估值指标、公允价值估算及同行比较工具，以评估当前价位是否合理。
由于缺乏交易量数据，目前无法判断此次上涨是否伴随着异常活跃的成交活动。


管理层表示，预计KFC同店销售增长率长期可达5%至6%，但强调这一目标有赖于宏观经济环境趋于稳定。公司表示，若上述增速得以维持，预计在约1.5至2年内，KFC的日均销售额将达到10.5万至11万。
公司还表示，目标是在达到上述销售门槛后，将KFC品牌贡献利润率从目前约17%提升至20%。主要驱动因素包括：

Devyani表示，与Sapphire Foods的合并仍按计划推进，预计于2027财年末完成，此前已于2026年6月获得印度国家证券交易所（NSE）和孟买证券交易所（BSE）的批准。管理层表示，由于两家公司均已采用百胜餐饮集团（Yum）统一管理的系统，技术整合难度可控。
公司还概述了自有品牌的增长计划：



非执行董事长Ravi Jaipuria表示，2026财年下半年开始的增长势头延续至新财年。他表示，大多数品牌均实现了正的同店销售增长，这是全面改善的有力佐证。
总裁兼集团首席执行官Manish Dawar表示，公司创下历史最高运营EBITDA，并将这一成绩归功于品牌贡献利润的提升以及对一般及行政费用的严格管控。他还表示，转型战略已开始显现成效。
在渠道策略方面，Dawar表示外卖业务已开始蚕食堂食销售，公司正在进行""有针对性的努力""，吸引顾客回归门店以获得更好的用餐体验。他表示，公司并非要将堂食占比恢复至疫情前水平，而是将目标设定在59%至60%。






分析师重点关注KFC利润率、堂食策略以及公司长期增长计划。
一个核心问题是，KFC利润率在已升至17%的基础上如何继续提升。管理层表示，主要驱动力在于日均销售额，一旦日均销售额突破10.5万至11万，利润率有望达到20%。公司还将堂食增长和运营杠杆列为重要支撑因素。
另一个焦点是向堂食转型的策略。管理层表示，外卖目前正在蚕食堂食销售，而非带来增量需求，因此公司希望将顾客重新引导回门店。目标堂食占比为59%至60%，而非回归更高的历史水平。
分析师还就必胜客提出了问题。管理层表示，品牌本身并非核心问题，并指出必胜客仍是印度第二大披萨连锁品牌。更深层的问题在于Devyani、Sapphire和百胜三方架构，这一结构拖慢了决策和创新节奏。管理层预计合并完成后将采取更为积极的推进举措。
关于自有品牌的问题主要集中在Biryani By Kilo和Vaango。管理层表示，Biryani By Kilo在贡献利润层面已实现盈利，并正在美食广场和机场等新业态中进行测试，该品牌有望在未来几年内发展成为INR 1,000 crores规模的业务。
分析师还就合并准备情况和技术整合进行了提问。管理层表示，领导团队已到位，新任首席技术官已完成招募，并正与Cognizant合作推进技术工作，以支持合并后公司的运营。

本文由人工智能协助翻译。更多信息，请参见我们的使用条款。"
火神材料2026年第二季度业绩超预期，定价优势成关键驱动力,2026-7-29 23:07,https://cn.investing.com/news/transcripts/article-93CH-3485831,,"火神材料公司（Vulcan Materials）公布的第二季度利润与营收均超出华尔街预期。更高的产品定价与稳定的市场需求，有效抵消了近4,000万美元的柴油成本压力，彰显了其以骨料业务为核心的商业模式的韧性。公司调整后每股收益为$2.59，营收为21.6亿美元，分别高于市场预期的$2.55和21.5亿美元。财报发布后，股价波动有限，最新报价为$288.80，较前收盘价$288.42上涨0.13%。






火神材料第二季度表现稳健，充分体现了其专注骨料业务与严格定价管理的战略优势。出货量同比增长1%，混合调整后平均售价上涨5%。骨料每吨现金毛利润达到$12.00，较去年同期增加$0.14。
管理层表示，本季度业绩反映出公司在高成本环境下的强劲执行力。调整后EBITDA为6.54亿美元，与去年同期持平，尽管柴油成本带来了近4,000万美元的拖累。公司商业与运营团队通过定价调整、排产优化及效率提升等手段，有效化解了上述压力。从估值角度看，该股市盈率为34.3倍，处于溢价水平，InvestingPro数据显示，VMC当前股价相对其公允价值估算偏高，位列最被高估股票名单之中。公司375亿美元的市值，折射出投资者对其定价能力与基础设施业务敞口的高度信心。
本季度业绩同样印证了公共基础设施项目对公司的持续拉动效应。火神材料表示，过去12个月内，其所在市场的公路项目中标额保持两位数增长，公共基础设施中标额更同比上升20%，明显优于众多非火神材料覆盖市场的表现。






火神材料在盈利和营收两项指标上均超出预期，但超出幅度相对有限。调整后每股收益$2.59较预期的$2.55高出1.6%，营收21.6亿美元较预期的21.5亿美元高出约0.5%。整体而言，公司业绩体现的是稳定执行力，而非重大超预期惊喜。
此次超预期的意义，更多在于它所传递的定价能力与成本管控信号，而非超出幅度本身。火神材料在承受较大柴油成本压力的情况下，仍将EBITDA维持在与去年同期持平的水平，表明公司持续有效地应对通胀挑战，尽管近期盈利提升空间有限。


财报发布后，股价几乎没有出现明显波动。最新报价为$288.80，较前收盘价$288.42上涨0.13%，涨幅微小，表明投资者认为本季度业绩稳健，但并无突破性亮点。
从当前价位来看，该股较52周高点$331.09低约12.8%，较52周低点$252.35高约14.5%。市场反应平淡，或反映出投资者在小幅超预期业绩与柴油成本持续压力、天气因素导致的出货量波动以及住宅需求疲软等隐忧之间的权衡取舍。


火神材料重申2026年全年调整后EBITDA指引为24亿至26亿美元。管理层预计全年骨料出货量将实现温和增长，并预计2026年下半年末的定价将处于4%至6%混合调整区间的上限。
公司还将全年销售及管理费用（SG&A）指引下调至5.65亿至5.75亿美元，低于此前5.80亿至5.90亿美元的区间。全年资本支出预计仍为7.50亿至8亿美元。
管理层表示，定价仍是应对通胀的核心手段，若能源成本持续高位，公司可能考虑进一步提价。公司还预计，受益于下半年季节性出货量回升及第四季度较低的比较基数，成本增速将有所放缓。值得关注的是，火神材料已连续56年保持股息派发，并连续12年提高派息金额，充分彰显管理层对股东回报的长期承诺。希望深入研究的投资者可访问VMC的完整专业研究报告，该报告是InvestingPro平台逾1,400份报告之一，将复杂的华尔街数据转化为清晰、可操作的投资洞见。
火神材料表示，并购管道依然活跃，多项交易有望于下半年完成。近期资产组合调整包括：出售在加利福尼亚州的混凝土业务及美属维尔京群岛的非核心资产，同时收购了Brannan Sand & Gravel的骨料业务。


首席执行官Ronnie Pruitt表示，本季度业绩展现了公司""以骨料为核心的业务韧性，以及战略纪律的重要价值""，尤其是在通胀压力持续的背景下。他补充道，公司在""能源成本逆风近4,000万美元""的情况下，仍实现了6.54亿美元的调整后EBITDA。
Pruitt还强调，定价是公司战略的核心支柱，他对分析师表示：""定价是我们克服此类逆风和通胀压力的最大杠杆。""
在增长战略方面，他表示火神材料将持续通过补强型收购和绿地项目扩大规模，并称：""当市场上已宣布的其他交易全部完成后，我们将成为最纯粹的骨料专业公司。""
首席财务官Mary Andrews Carlisle表示，公司强劲的现金生成能力与资产剥离所得，使资产负债表处于""极为有利的位置""，为有纪律的资本配置奠定基础。她还指出，过去12个月的投资资本回报率已提升至16.1%。






分析师在问答环节重点关注需求趋势、定价策略、成本通胀以及公司的并购战略。问题主要集中在在手订单与询价活动能否支撑下半年出货量预期，管理层对此表示需求走势符合预期。
多位分析师就定价问题进行了追问。火神材料表示，年中提价时间提前至6月执行，当季环比定价涨幅约为去年同期的两倍。管理层表示，若燃料成本持续高位，公司可能进一步推进提价。
成本压力同样是重要议题。管理层表示，公司通过运营纪律、劳动力排班优化及剥离作业优化等手段对冲柴油通胀，并预计下半年将受益于较低的比较基数与更高的出货量，成本压力有望有所缓解。
分析师还就并购策略提问。管理层表示，并购管道健康，重点聚焦于骨料资产密集型标的，以便纳入火神材料现有运营体系。近期在加利福尼亚州、科罗拉多州及其他市场完成的交易，均符合上述战略方向。
针对公共基础设施支出及联邦政策相关问题，管理层给出了类似回应：持续决议拨款并不罕见，火神材料所在市场仍受益于强劲的州及地方财政资金支持，以及大量尚未使用的联邦公路专项资金。

本文由人工智能协助翻译。更多信息，请参见我们的使用条款。"
加拿大能源巨头Cenovus Energy二季度现金流创历史新高，股价大涨,2026-7-30 00:11,https://cn.investing.com/news/transcripts/article-93CH-3485944,,"Cenovus Energy（加拿大能源公司）周三公布了2026年第二季度业绩，整体表现喜忧参半——每股收益未达预期，但营收大幅超出预测，现金生成规模更创下历史纪录。公司调整后每股收益为$1.53，低于分析师预期的$1.62；营收则达到$20.73亿，远超$16.69亿的市场预测。受此提振，该股盘前上涨4.69%，报$40.89，此前收盘价为$39.06。投资者的目光显然更多聚焦于公司创纪录的运营利润率、上调后的产量指引以及更高的股东回报目标。






管理层将本季度定性为运营层面的历史性突破，得益于基准油价走强、油砂产量提升以及有利的炼油市场环境。公司上游运营利润率超过加元49亿，下游运营利润率约为加元10亿。
本季度业绩充分体现了Cenovus一体化商业模式的双重优势。Christina Lake、Foster Creek和Sunrise等油田产量提升带动上游业绩走强，而强劲的裂解价差、美国库存偏低以及重质油价差扩大则为炼油利润率提供了有力支撑。
成本管控方面亦取得持续进展。油砂及燃料运营成本降至每桶加元8.28，较上季度下降加元0.65。常规天然气成本降至每桶油当量加元9.13，美国炼油运营成本降至每桶加元10.55。
对投资者而言，本季度的核心看点并非每股收益的小幅未达预期，而是强劲的运营势头。Cenovus表示，7月份产量有望超过每日100万桶油当量，这一里程碑充分彰显了公司在下半年的增长轨迹。






Cenovus本季度每股收益较分析师预期低$0.09，差距约为5.56%；但营收超出预期$40.4亿，超出幅度达24.21%。这一组合表明，公司在运营层面的实际表现远比单纯的每股收益数字所呈现的更为强劲。
营收超预期幅度显著，而每股收益的缺口则相对有限。在能源行业，这种情况往往源于税务时间差、折旧或其他非经营性因素，而非业务基本面走弱的信号。公司创纪录的运营利润率和调整后资金流量也印证了这一判断。
与公司近期趋势相比，本季度更像是一次加速冲刺而非阶段性回调。Cenovus表示，产量、利润率和现金流均实现改善，管理层亦上调了全年产量指引。这使得每股收益的小幅未达预期显得无足轻重，尤其是对于一家处于高速增长轨道上的公司而言。


该股盘前上涨4.69%，报$40.89，较前一交易日收盘价$39.06上涨$1.83，股价已接近52周高点$44.13。以当前价格计算，该股已回升至52周高点的约92.6%，较52周低点$19.97更是翻逾一倍。
市场的积极反应表明，投资者对公司创纪录的现金流、更乐观的产量前景以及更高的股东回报框架普遍感到鼓舞，每股收益的小幅未达预期并未盖过上述利好因素。在能源板块，近5%的盘前涨幅相当可观，反映出市场对本季度业绩的整体正面解读。
由于暂无交易量数据，目前无法判断此次上涨是否伴随异常活跃的成交。


Cenovus将2026年全年产量指引上调至每日97万至101万桶油当量。管理层表示，7月份产量已有望首次突破每日100万桶，创公司历史纪录。
尽管产量预期提升，公司全年资本支出指引仍维持在加元50亿至加元53亿不变。管理层还下调了部分运营成本指引，其中加拿大炼油成本中值降至每桶加元11.00，美国炼油成本降至每桶加元10.55。
展望未来，Cenovus预计Christina Lake、Foster Creek、Sunrise和West White Rose项目将持续贡献增长动能。公司表示，West White Rose项目有望于2026年第三季度末实现首次出油，Christina Lake的第五台直通式蒸汽发生器预计于2026年第四季度投入使用。InvestingPro对该公司整体财务健康状况的评级为""优秀""，综合评分为5分中的3.07分，反映出其在现金流、盈利能力和价格动能等方面的强劲基本面。对于希望深入研究的投资者，CVE是InvestingPro专业研究报告覆盖的逾1,400只美股之一，相关报告将复杂数据转化为清晰、可操作的投资洞见。
管理层还表示，随着净债务降至加元60亿以下，公司将股东回报目标提升至超额自由资金流量的75%。长期债务目标维持在加元40亿不变。


首席执行官Jon McKenzie表示，公司的项目团队已成为核心竞争优势。他说：""凭借在项目按时、按预算交付以及卓越安全表现方面的一贯记录，我们持续将项目管理团队视为Cenovus的核心竞争优势。""
McKenzie还特别提及公司的产量里程碑。他在谈及7月份产量有望突破每日100万桶油当量时表示：""这将是公司首次实现这一里程碑，是对我们团队素质、资产质量以及坚韧企业文化的最好诠释。""
在油砂技术方面，McKenzie表示：""蒸汽油比（SOR）是关键。通过降低SOR，我们可以用更少的蒸汽获取更多产量。""他所指的是Cenovus在Spruce Lake推进的溶剂辅助蒸汽辅助重力泄油（SAGD）项目——管理层表示，该技术有望在将蒸汽油比降低约30%的同时，将产量提升40%至50%。
首席财务官Kam Sandhar表示，本季度实现了创纪录的现金生成。他说：""第二季度，我们产生了约加元59亿的运营利润率和加元50亿的调整后资金流量，两项指标均创Cenovus历史新高。""






分析师在电话会议中就多项战略议题展开深入提问，涵盖溶剂辅助SAGD计划、检修优化、Christina Lake整合、Sunrise产能、凝析油供应，以及与联邦政府和阿尔伯塔省政府签署三方谅解备忘录的影响。
管理层表示，Spruce Lake的溶剂辅助SAGD项目计划于2028年实现每日1万至1.5万桶的产能，并有望在高质量储层中推广应用。高管表示，该技术可降低蒸汽用量并改善投资回报。
分析师还就检修效率进行了追问。管理层表示，多年来在工厂设计、状态监测和作业范围优化方面的持续投入，使Cenovus得以缩短停产时间、减少产量损失。公司表示，今年检修期间的实际产量有望比预算多出逾120万桶。
围绕Christina Lake和Sunrise的提问主要聚焦于这两处资产是否仍受设施产能限制。管理层表示，两处资产均有进一步增长空间——Christina Lake North预计到2028年产量将提升至每日15万桶，Sunrise目前的运行水平已超过其原定每日7万桶的目标。
分析师还就凝析油供应问题进行了询问，因为Cenovus消耗的稀释剂远超自身产量。管理层表示，公司（不含Lloyd升级装置）每日生产约2万桶凝析油，但消耗量约为每日24万桶。高管表示，将通过价格策略、调配灵活性及未来基础设施建设等方式来管控这一缺口。
最后，分析师就政策谅解备忘录及其对长期投资的影响进行了提问。McKenzie表示，该协议有望提升加拿大油砂板块的投资吸引力，有助于吸引更多资本流入，称其是迈向更具竞争力政策环境的重要一步。

本文由人工智能协助翻译。更多信息，请参见我们的使用条款。"
邦吉二季度业绩超预期，但盘前股价下跌,2026-7-29 21:12,https://cn.investing.com/news/transcripts/article-93CH-3485378,,"邦吉有限公司（Bunge Limited）公布了好于预期的2026年第二季度业绩，调整后每股收益为$2.00，超出华尔街$1.95的预测，营收达240.4亿美元，亦高于市场预期的233.8亿美元。尽管如此，该股盘前交易中仍下跌1.93%至$115.10，显示投资者并未因小幅超预期而感到满足，而是将目光投向公司前景、整合成本及营运资本需求。






邦吉表示，第二季度业绩体现了整合Viterra后全球业务版图扩大所带来的红利。公司调整后分部息税前利润（EBIT）达7.96亿美元，较去年同期的3.73亿美元增长逾一倍。报告每股收益为$3.47，高于去年同期的$2.61，调整后每股收益则为$2.00。
公司表示，更广泛的业务平台使其在关键货源地和目的地之间实现了更好的平衡，与农户建立了更直接的关系，并在供应链受到干扰时拥有更强的产品调配灵活性。管理层表示，这一优势在大豆、软籽及海运货运领域尤为突出。
邦吉的业绩表现同样是在充满波动的宏观背景下取得的。高管们指出，地缘政治紧张局势、贸易流向转变、天气模式变化以及农作物供应的不确定性，使客户更加依赖邦吉来协助管理风险。






邦吉调整后每股收益$2.00，较市场一致预期$1.95高出2.56%，超出$0.05。营收240.4亿美元超出预期233.8亿美元约6.6亿美元，超出幅度为2.82%。
此次超预期幅度虽然有限，但同比改善幅度更为显著。调整后每股收益较去年同期的$1.31增长52.7%，调整后分部息税前利润更是翻倍。这表明公司的经营势头比单纯的小幅超预期所呈现的更为强劲。
本季度还包含每股$1.67的有利按市值计价时间差异，部分被每股$0.20的Viterra交易及整合成本所抵消。这一组合可能使表面业绩看起来比实际运行水平更为亮眼，或许也解释了市场对股价反应较为谨慎的原因。


邦吉股价盘前下跌1.93%至$115.10，较前收盘价$117.37有所回落。该股目前仍远高于52周低点$76.01，但距52周高点$134.87仍低约14.7%。尽管出现回调，据InvestingPro数据显示，该股过去一年累计涨幅达58%，年初至今上涨33%。该股目前市盈率为30.85倍，InvestingPro分析认为，相对于其公允价值估算，该股可能存在高估，邦吉因此被列入平台的最被高估股票观察名单。
股价下跌表明，投资者或许期待更大幅度的业绩惊喜，或正在权衡公司有关营运资本、利息支出及各分部业绩参差不齐的相关表述。此次回调也指向在股价大幅上涨后出现的部分获利了结行为，尤其是在该股已从去年低点大幅反弹的背景下。
目前暂无异常交易量相关信息。


邦吉将2026年全年调整后每股收益指引从$9.00至$9.50上调至$9.25至$9.75，指引中值由此上升$0.25至$9.50。
管理层表示，上调指引反映了第二季度业绩、当前利润率状况、宏观趋势及远期曲线的综合影响。公司还表示：

其他指引维持不变：

邦吉还表示，预计2026年下半年的业绩将更偏重于第四季度，第三季度与第四季度的业绩拆分比例将分别调整至40%出头和50%出头。
公司还重点介绍了几个即将竣工的资本项目：



首席执行官格雷格·赫克曼（Greg Heckman）表示，邦吉的规模和网络是其业绩表现的核心所在。他说：「邦吉的业务生来就是为了应对复杂局面和变化。」他补充道，公司的一体化平台旨在确保供应链畅通，并在市场条件变化时持续服务客户。
赫克曼还表示，Viterra交易拓展了公司的覆盖范围。他说：「我们在所有关键货源地和目的地均实现了平衡布局，并且能够比任何其他企业都更直接地接触更多农户进行粮食收购，这一点至关重要。」
首席财务官约翰·内普尔（John Neppl）则指出了规模扩大后在融资方面的优势。他说：「我们目前的借贷利差是邦吉历史上最低的。」他将此称为公司的竞争优势。
在长期需求方面，赫克曼表示，人口增长和居民收入提升将持续支撑谷物和油籽需求，而可再生燃料政策也有助于推动原料需求。他表示，预计未来十年全球植物油产量增长中，大豆油和软籽油将合计占据约一半的份额。






分析师重点关注Viterra整合进展、压榨利润率、资本项目及政策风险等议题。
提问主要集中于Viterra资产在当前环境下对邦吉的实际贡献。管理层表示，此次收购在货源地和目的地之间增添了平衡，改善了与农户的直接联系，并扩大了海运运力。
另一重要议题是美国压榨利润率。高管表示，当前利润率受基本面支撑，并非单纯依赖高能源价格，并指出可再生燃料标准（RFS）政策的明朗化以及强劲的豆粕需求是重要支撑因素。
分析师还就公司上调协同效应目标进行了提问。邦吉表示，成本协同效应推进进度超前，目标已从2.5亿美元提升至3.5亿美元。
其他问题涵盖：

管理层表示，公司长期致力于将50%的可自由支配现金流回馈股东，但同时指出，营运资本需求和杠杆率目标将影响回购时机的安排。

本文由人工智能协助翻译。更多信息，请参见我们的使用条款。"
中邮证券：非电利用战略地位升级 200万吨绿氢锚定替代新空间,2026-7-28 14:04,https://cn.investing.com/news/stock-market-news/article-3481587,,"智通财经APP获悉，中邮证券发布研报称，“以电为核心、非电为突破”写入规划指导思想，非电利用战略地位显著提升。化工作为高耗能行业代表，是节能降碳与可再生能源替代的重要布局方向，建议关注具备氢氨醇一体化项目技术能力的企业。此外，随着我国碳市场的逐步扩容、交易制度日渐完善，将会有越来越多高排放行业被纳入其中，届时小企业将会因生产效能落后、碳合规成本过高而迎来更残酷的成本大考，行业格局变动将加速，加速尾部落后产能出清，利好生产效率高、规模优势显著、碳合规策略完善的龙头企业。
中邮证券主要观点如下：
事件
2026年7月23日，国家发改委、国家能源局印发《可再生能源发展""十五五""规划》(以下简称“《规划》”)。《规划》明确""以扩量提质、可靠替代为主线，以电为核心、非电为突破""的发展思路，设立2030年可再生能源消费总量18亿吨标准煤、风光总装机28亿千瓦以上、非电利用规模较2025年增长1.5倍等核心目标。非电利用从补充角色升级为战略突破口，是本次《规划》的重要增量看点。
非电利用为核心突破，四大方向明确路径
《规划》总体目标提出""2030年，可再生能源非电利用总规模较2025年增1.5倍，折合约1.5亿吨标准煤""，其中可再生能源制氢规模目标从2025年的25万吨增至2030年的200万吨。并在章节“四、着力推动可再生能源非电利用实现突破”中明确了四条清晰的具体路径：
(1)绿色氢氨醇：统筹风光资源、碳源、水源等要素，因地制宜规划布局绿色氢氨醇生产基地，明确三类布局：东北地区建设以外送为主的绿色氢氨醇生产基地;黄河""几字弯""、华北北部、天山北麓等地区建设以就近利用为主的基地;同时鼓励风光制氢弱联网、离网模式发展。政策导向明确，优先绑定下游工业消纳，严控纯制氢外销项目。
(2)风光供热供暖：工业侧支持化工、纺织、医药、造纸、食品加工等行业就近建设风光集中供热站，鼓励钢铁、水泥等行业新建项目部分或全部采用风光就近直供电弧炉、电窑炉技术方案;居民侧推广风光+蓄热电锅炉集中供暖模式。风光供热为新能源就地消纳提供重要路径。
(3)生物质能多元利用：《规划》提出大力推进生物质发电转型升级，因地制宜推进生物质发电提升供热附加值，明确生物质发电从主力电源转向调节补充。非电方向包括：秸秆打捆直燃、生物质固体成型燃料供热供暖;农林废弃物、餐厨垃圾制生物天然气;因地制宜发展生物柴油、非粮燃料乙醇、生物航空煤油，推动交通领域替代应用。
(4)地热能供暖制冷：加强浅层地热能集群化利用，在地热资源丰富区域推广中深层地热能集中开发、梯级利用，在北京城市副中心、雄安新区、咸阳等地开展试点。
风险提示：
政策推行力度不及预期的风险;相关技术商业化落地进展滞后的风"
HF Sinclair宣布分拆润滑油业务，并关闭安大略省炼油厂,2026-7-28 18:37,https://cn.investing.com/news/company-news/article-93CH-3482146,,"达拉斯 — HF Sinclair Corporation（纽交所代码：DINO）今日宣布，计划通过资本市场将旗下润滑油与特种产品业务分拆为一家独立的上市公司。
根据公司发布的新闻稿，该公司将关闭位于安大略省密西沙加的基础油炼制资产，相关过渡工作预计将于2027年内基本完成。润滑油与特种产品业务将继续保留在安大略省地区的运营，包括研发实验室、润滑油调配与包装以及供应链业务。
分拆后的独立公司将通过与两家全球基础油生产商签订战略商业协议来采购基础油，同时继续获得HF Sinclair塔尔萨炼油厂的产品供应。
董事长兼首席执行官富兰克林·迈尔斯（Franklin Myers）表示：「此次公告标志着HF Sinclair投资组合优化战略迈出了重要一步。」
此次交易预计将在未来12至18个月内以税务高效的方式完成，对HF Sinclair及其股东均有利。本次分拆无需股东投票，但须满足惯常条件，包括董事会最终批准、获得税务意见书、获得美国国税局私人裁定函、美国证券交易委员会注册声明生效、纽约证券交易所上市批准以及监管机构审批。
分拆完成后，HF Sinclair将专注于其炼油、中游、营销及可再生能源业务。该公司在堪萨斯州、俄克拉荷马州、新墨西哥州、怀俄明州、华盛顿州和犹他州均设有炼油厂，并向全美逾30个州超过1,600家品牌加油站供应燃料。
HF Sinclair表示，分拆完成后，公司将以50%的派息比例为目标，通过定期股息和股份回购回报股东，同时维持投资级财务状况。
高盛旗下高盛有限责任公司（Goldman Sachs & Co. LLC）担任本次交易的独家财务顾问，Vinson & Elkins L.L.P.担任法律顾问。

本文由人工智能协助翻译。更多信息，请参见我们的使用条款。"
HF Sinclair第二季度业绩超预期，炼油业务强劲推动利润大幅增长,2026-7-28 21:46,https://cn.investing.com/news/transcripts/article-93CH-3482839,,"HF Sinclair公布了好于预期的2026年第二季度业绩，调整后每股收益为$5.31，营收达103.9亿美元，均大幅超出华尔街预测。这家石油炼化及燃料销售商表示，调整后EBITDA较上年同期翻逾一倍，受益于炼油利润率扩大、产品销量提升以及旗下综合业务的稳健运营。盘前交易中，公司股价上涨0.69%至$91.41，接近52周高点。






HF Sinclair第二季度业绩较上年同期大幅改善，反映出更为有利的炼油市场环境与更优的运营表现。调整后净利润从上年同期的3.22亿美元（每股$1.70）增至9.60亿美元（每股$5.31）。
炼油板块贡献最为突出。炼油业务调整后EBITDA达10亿美元，较上年同期的4.76亿美元增长110%。管理层表示，业务受益于有利的利润率环境、全球产品供应偏紧以及综合资产的更优化利用。
其他业务板块同样表现亮眼。润滑油及特种产品板块调整后EBITDA为2.07亿美元，较上年同期的5500万美元大幅提升；可再生能源板块调整后EBITDA从亏损200万美元转为盈利1.23亿美元；中游业务则基本持平，为1.12亿美元。
上述业绩表现的背景是整体炼油市场持续偏紧。管理层指出，乌克兰及中东地缘政治局势扰动、库存低位以及新增供应有限，共同支撑了当前市场格局，并预计相关有利条件将延续至2027年。






HF Sinclair在盈利和营收两方面均超出市场预期。调整后每股收益$5.31，高于市场一致预期$4.46，超出$0.85，涨幅19.1%。营收达103.9亿美元，超出89.5亿美元预期14.4亿美元，涨幅16.1%。
此次超预期幅度相当可观，并非小幅惊喜，而是由炼油利润率扩张、加工量提升以及润滑油和可再生能源业务强劲表现共同驱动的全面超越。公司调整后每股收益较上年同期增长逾两倍，从$1.70大幅跃升至$5.31。当前市盈率为10.95倍，低于多数能源同行，InvestingPro数据显示HF Sinclair目前相对其公允价值估算存在低估。强劲业绩与InvestingPro的一项提示相吻合——已有8位分析师上调了对该公司未来业绩的预测，显示市场对其发展前景的信心持续增强。


HF Sinclair股价在盘前交易中上涨0.69%至$91.41，较前收盘价$90.78上涨$0.63，交投位置接近52周高点$94.22，远高于52周低点$42.16。
股价走势表明市场对强劲业绩给予了正面回应，但反应较为温和。股价处于年度区间上沿，显示投资者此前已对炼油市场改善及现金流增强有所预期。文中未提供异常成交量数据。


管理层维持2026年全年资本支出指引不变，但表示随着项目推进，该数字仍有可能调整。
就第三季度而言，HF Sinclair预计炼油原油加工量为每日59万至62万桶，低于第二季度的每日64万桶，原因是El Dorado炼厂计划于9月启动大修。公司表示，每日64万桶仍是市场条件允许时的目标水平。
董事会同时宣布每股季度股息为$0.525，较此前$0.50上调5%。HF Sinclair表示，公司将继续通过股息和回购向股东返还约50%的自由现金流。当前股息收益率为2.2%，据InvestingPro数据显示，公司已连续39年保持股息派发，彰显其穿越多个市场周期持续回报股东的承诺。
在战略层面，公司表示将在未来12至18个月内以税务高效的方式分拆润滑油及特种产品业务。管理层认为，该业务盈利稳定性优于炼油业务，作为独立公司有望获得更高估值。
HF Sinclair还表示，将在未来数月内逐步退出其位于密西沙加（Mississauga）的基础油炼化资产，转而通过与外部供应商签订商业协议来采购基础油。此外，公司正积极推进Go-West管道项目，预计于2026年底前就第一阶段作出最终投资决定，可能于2029年投入运营。


首席执行官Franklin Myers表示，公司认为通过技术升级和资产优化仍有提升业绩的空间。他表示：""我们相信，可以将技术改进引入我们的资产，从而提升工厂运营效率，并在财务框架和商业运营层面取得更好的成果。""
Myers还表示，润滑油业务分拆旨在为股东创造价值。他说：""我们并非在失去什么，只是将其拆分给股东，让价值得以释放，并让各业务独立运营。""
谈及市场背景，Myers表示炼油市场供应仍异常偏紧。他说：""我们预计炼油市场的偏紧格局将延续至2027年。""






分析师重点关注炼油利润率、润滑油业务分拆、资本配置及监管议题。
提问集中于HF Sinclair为何选择此时分拆润滑油业务、管理层是否对该计划高度认同，以及该业务作为独立公司的潜在估值。Myers表示，此举旨在为股东释放价值，公司并非寻求直接出售。
分析师还就Go-West管道项目提问，询问西部地区竞争性燃料项目是否构成威胁。管理层表示，相关项目更多是互补而非竞争关系，并强调HF Sinclair在落基山脉地区的资产布局及中游资产赋予其竞争优势。
资本回报同样是关注焦点。管理层表示，公司将坚持向股东返还约50%自由现金流的承诺，并在内部未发现更优资金用途时，优先推进股份回购。
最后，分析师就小型炼厂豁免及RIN减免政策进行追问。管理层表示，相关申请仍在审核中，预计至少有一项申请将很快获得减免，同时警告若无政策行动，RIN市场合规成本可能进一步上升。

本文由人工智能协助翻译。更多信息，请参见我们的使用条款。"
塔塔化学2026财年第一季度财报：印度业务强劲推动业绩增长,2026-7-27 23:08,https://cn.investing.com/news/transcripts/article-93CH-3480759,,"塔塔化学（Tata Chemicals）公布了2027财年第一季度的喜忧参半业绩：合并营收同比增长14%，印度业务利润率大幅提升，但纯碱价格走弱拖累了集团整体EBITDA表现。公司股价上涨1.98%，收于$698.90，前收盘价为$685.35，显示投资者对公司国内业务韧性、资产变现能力及长期业务结构调整持积极态度，同时对全球工业品定价压力保持谨慎。






塔塔化学表示，尽管工业必需品业务承压，公司在6月季度仍交出了具有韧性的成绩单。印度业务表现尤为突出，受益于销量提升、定价改善及经营杠杆效应，有效对冲了纯碱业务的疲软——全球产能过剩及中国出口低价持续压制该业务利润率。
公司还对业务报告架构进行了重大调整，由原来的两个业务板块扩展为三个：生活必需品、工业必需品和农业必需品。管理层表示，此次调整反映了公司实际运营方式，旨在凸显稳定性更强、非周期性产品日益重要的地位。
本季度也充分暴露了当前纯碱市场的压力。管理层指出，中国出口价格仍处于周期底部，许多生产商在现金流层面已陷入亏损。与此同时，公司印度国内业务受益于需求增强和部分价格提升。



强劲的利润率表现与InvestingPro所识别的公司核心优势之一相吻合：出色的毛利率水平。尽管短期盈利面临挑战，塔塔化学已连续26年保持股息派发，彰显其财务纪律。投资者可访问InvestingPro获取另外4条专业提示，深入了解公司财务健康状况。


预测数据显示，营收预期为$407.5亿，每股收益预测为$0.00，但所提供数据中未包含实际每股收益或营收数字，因此无法仅凭预测数据进行直接的超预期或不及预期比较。
从电话会议内容来看，经营情况参差不齐。营收增长较为稳健，但EBITDA因纯碱价格走弱而同比下滑，表明本季度在销量和产品结构方面的表现优于定价方面。最强劲的信号来自印度业务，其盈利增长远超合并整体业绩。


塔塔化学股价在盘中交易中上涨1.98%，报$698.90，前收盘价为$685.35。该股目前仍低于52周高点$1,026.65，但高于52周低点$580.30。
此次上涨反映出投资者温和正面的反应。市场似乎对公司印度业务的强劲表现、债务削减及长期战略转型给予了肯定，同时仍对全球纯碱产能过剩压力保持折价。未提供异常交易量数据。


管理层表示，年度资本支出预计将维持在折旧水平附近，即约12亿印度卢比，并将努力控制在该水平以下。公司还预计在2027财年下半年及以后继续推进非核心土地变现。
在利润率方面，管理层表示，印度EBITDA利润率应正常化至约18%，本季度较强表现部分受益于低成本煤炭库存带来的临时性收益，该因素可能不具持续性。毛利率预计将稳定在32%至33%左右。
在英国，公司预计自2027财年第二季度起实现EBITDA转正及税前利润盈亏平衡。在肯尼亚，重质燃料油对冲合约覆盖至10月，但若能源成本持续高企，利润率压力可能延续。在美国，国内定价预计保持稳定，但若中国产能未能得到整合，对东南亚的出口量可能持续疲软。
公司还概述了多项长期项目：



董事总经理兼首席执行官R. Mukundan表示，公司的目标是将业务组合向需求更稳定、价格波动更小的产品转型。他说：""我们的核心目标是确保能够持续专注于将业务组合向我们所称的非周期性产品方向重塑。""
他还强调了公司在市场压力下经营基础的稳固性。他表示：""公司凭借各业务板块销售和生产量的提升——尤其是生活必需品和农业必需品板块——以及强劲的运营效率和严格的成本管控，交出了具有韧性的业绩。""
在电池业务机遇方面，Mukundan表示公司已建成完整的测试装置，并专注于固定式储能应用。他说：""这不适合作为移动出行解决方案，将主要作为可再生能源及数据中心的储能方案。""






分析师重点关注公司重组、利润率及新技术规划。
围绕新三段式报告架构的提问，主要集中于其是否会改变资本配置方式。管理层表示，此举旨在凸显非周期性业务并提升客户专注度，而非增加重大重组成本。
多位分析师就印度业务提问，询问EBITDA大幅改善及销量趋势的原因。管理层表示，销量提升是主要驱动因素，同时叠加了更好的价格实现及运费转嫁效应。
分析师还就美国和肯尼亚业务追问细节。管理层表示，美国出口经济效益依然疲弱，尤其是在东南亚市场，而肯尼亚利润率则受到燃料成本上升的冲击。
最受关注的战略讨论涉及钠离子电池。管理层表示，公司已生产出包含电池管理系统的完整装置，并正与电力公司及数据中心进行测试。首个试点阶段预计在六至九个月内完成，商业化进程预计在此后约两年内推进。公司表示，该技术定位于固定式储能，而非移动出行领域。
就资本支出和债务削减的提问，管理层给出了明确答复：年度资本开支将维持在折旧水平附近，下半年可能跟进更多资产出售。

本文由人工智能协助翻译。更多信息，请参见我们的使用条款。"
TotalEnergies SE就法国气候案判决提起上诉,2026-7-27 15:05,https://cn.investing.com/news/company-news/article-93CH-3479534,,"巴黎 - TotalEnergies SE（巴黎证券交易所：TTE）（伦敦证券交易所：TTE）（纽约证券交易所：TTE）周一宣布，将就巴黎司法法院于2026年6月25日作出的判决提起上诉。此次诉讼由多个协会依据法国""警惕义务""法提起。
公司董事会已批准上诉决定，并将在上诉中主张气候变化问题超出""警惕义务""法的适用范围。TotalEnergies SE援引了检察官办公室在诉讼中的立场，认为气候变化是一种全球性现象，属于""国际社会各国的共同责任""。
公司表示，""警惕义务""法所针对的是企业自身经营活动、子公司、供应商及分包商所带来的风险，而非企业无法控制的客户活动。TotalEnergies SE指出，其无法左右消费者在燃油车、生物柴油车或电动车之间的选择。
根据新闻稿声明，TotalEnergies SE认为，若要求能源、国防、航空或汽车等板块的企业对客户使用产品所产生的风险承担控制责任，将与该法律的立法目标以及法律确定性和经营自由原则相悖。公司还指出，欧盟《企业可持续发展尽职调查指令》并未将客户活动纳入其适用范围。
公司将向巴黎上诉法院提交上述论点。
TotalEnergies SE是一家综合性能源公司，业务遍及约120个国家，员工逾10万人，主要生产石油、生物燃料、天然气、生物气体、低碳氢能、可再生能源及电力。

本文由人工智能协助翻译。更多信息，请参见我们的使用条款。"
格林里奇上调中国玉柴股票评级，看好强劲需求前景,2026-7-27 21:22,https://cn.investing.com/news/analyst-ratings/article-93CH-3480455,,"Investing.com - 格林里奇资本（Greenridge Capital）将中国玉柴国际（NYSE:CYD）的股票评级从""持有""上调至""买入""，并将目标价从$45.00上调至$60.00。该股目前交易价格为$45.07，过去一年已实现高达96%的涨幅。根据InvestingPro的分析，该公司在当前价位被低估。
格林里奇资本指出，中型及重型车辆细分市场的强劲需求，以及持续超过产能的数据中心需求，是此次上调评级的主要原因。
格林里奇资本在设定目标价时，采用了约15倍的市盈率，乘以未来十二个月摊薄每股收益预估值人民币27.84元。
此外，该公司还采用了约6倍的企业价值/EBITDA倍数，乘以未来十二个月EBITDA预估值人民币22.782亿元。
中国玉柴国际主要在中国生产用于卡车、客车及其他用途的柴油发动机。
在近期其他重要动态方面，中国玉柴国际有限公司宣布了多项重要进展。公司宣布在香港推出搭载其YCY24-65kW飞轮增程系统的商用小型客车。该系统将发动机与发电机整合为一体，采用双燃料电力补充模式运行，无需固定充电基础设施。此外，中国玉柴旗下子公司广西玉柴智能制造技术有限公司实施了股权激励计划，玉柴出资占注册资本的92%。
在另一项公告中，中国玉柴推出了首款面向重型卡车的氨燃料发动机。该发动机采用高压直喷系统，完全以氨为燃料运行，热效率可与柴油发动机相媲美。与此同时，做空机构J Capital Research发布报告，对中国玉柴近期增长的可持续性表示担忧，并指出该公司2025年盈利增长了66%。上述进展反映出公司在创新和拓展产品线方面持续努力。

本文由人工智能协助翻译。更多信息，请参见我们的使用条款。"
HF Sinclair二季度财报即将发布，裂解价差创历史新高,2026-7-27 23:53,https://cn.investing.com/news/earnings/article-93CH-3480829,,"HF Sinclair Corp.将于周二开盘前公布第二季度财报。这家总部位于达拉斯的炼油商能否将当前历史性的行业利润环境转化为亮眼业绩，备受投资者关注。
分析师预计，该公司每股收益为$4.20，营收为85亿美元，分别较去年同期增长147%和25%。与第一季度相比，增速明显加快——彼时HF Sinclair每股收益仅为$0.69，营收为71.2亿美元。
过去两个月，每股收益预期上调了28%，反映出市场对炼油板块盈利前景的信心持续增强。与此同时，营收预期则小幅下调3.6%。
当前的市场环境可谓极为有利。衡量炼油盈利能力的关键指标——基准3-2-1裂解价差——本月早些时候创下每桶$64.58的历史纪录，主要受地区燃料供应紧张及馏分油走强推动。HF Sinclair股价今年以来已累计上涨逾80%，充分体现了投资者对炼油行业反弹行情的热情。
分析师对该股维持""买入""评级，但一致目标价为$83.27，低于当前$88.30的股价。近期评级调整方面，高盛于7月22日将目标价从$81上调至$109；Evercore ISI则于7月17日首次覆盖该股，给予""持有""评级，目标价为$85。
投资者关注焦点
核心问题在于：HF Sinclair近期的运营改善究竟是结构性的，还是仅受周期因素驱动？Evercore分析师斯蒂芬·理查森（Stephen Richardson）指出，""关键争议在于2025年可靠性的大幅提升，以及这些成果究竟是结构性改善，还是受周期因素助推。""
各业务板块的表现将受到市场密切审视。BMO资本预计各板块均将""表现强劲""，其中润滑油板块有望成为""亮点""，原因是行业供应中断推高了基础油裂解价差。分析师表示，可再生柴油业务盈利应仍将维持在历史高位以上，但可能低于第一季度受政策信贷提振的水平。
管理层交接问题同样备受关注。高盛指出，尽管股价表现良好，""投资者一直期待管理层就CEO接班问题给出明确方向""，而在7月初宣布管理层变动后，首席财务官的规划工作仍在推进中。
第一季度，HF Sinclair在可再生能源、润滑油及营销业务销量提升和利润率扩张的支撑下，实现了可观的EBITDA增长。尽管当季检修支出达1.19亿美元，公司仍产生了4.57亿美元的经营现金流。
周二的财报将检验这家炼油商能否将周期高峰时期的有利条件转化为切实的盈利成果，从而印证其多元化商业模式和运营改善的价值——抑或投资者应当为创纪录高位之后不可避免的利润率回落做好准备。

本文由人工智能协助翻译。更多信息，请参见我们的使用条款。"
国家统计局：2026年1—6月份全国规模以上工业企业利润增长18.7%,2026-7-27 10:15,https://cn.investing.com/news/stock-market-news/article-3479243,,"智通财经APP获悉，7月27日，国家统计局发布1—6月份规模以上工业企业利润数据。1—6月份，全国规模以上工业企业实现利润总额39479.9亿元，同比增长18.7%。1—6月份，规模以上工业企业中，国有控股企业实现利润总额13077.4亿元，同比增长17.9%；股份制企业实现利润总额30443.2亿元，增长24.7%；外商及港澳台投资企业实现利润总额8873.2亿元，增长2.6%；私营企业实现利润总额9655.6亿元，增长13.0%。
原文如下：
2026年1—6月份全国规模以上工业企业利润增长18.7%
1—6月份，全国规模以上工业企业实现利润总额39479.9亿元，同比增长18.7%(按可比口径计算，详见附注二)。
1—6月份，规模以上工业企业中，国有控股企业实现利润总额13077.4亿元，同比增长17.9%；股份制企业实现利润总额30443.2亿元，增长24.7%；外商及港澳台投资企业实现利润总额8873.2亿元，增长2.6%；私营企业实现利润总额9655.6亿元，增长13.0%。
1—6月份，采矿业实现利润总额5745.0亿元，同比增长33.5%；制造业实现利润总额29712.1亿元，增长20.1%；电力、热力、燃气及水生产和供应业实现利润总额4022.7亿元，下降4.2%。
1—6月份，主要行业利润情况如下：有色金属冶炼和压延加工业利润同比增长99.4%，计算机、通信和其他电子设备制造业增长96.9%，化学原料和化学制品制造业增长67.8%，煤炭开采和洗选业增长41.1%，石油和天然气开采业增长16.6%，纺织业增长16.6%，通用设备制造业增长1.5%，专用设备制造业下降0.1%，电力、热力生产和供应业下降6.2%，电气机械和器材制造业下降8.6%，农副食品加工业下降12.0%，汽车制造业下降19.5%，黑色金属冶炼和压延加工业下降25.0%，非金属矿物制品业下降47.8%，石油、煤炭及其他燃料加工业由亏转盈。
1—6月份，规模以上工业企业实现营业收入69.26万亿元，同比增长6.5%；发生营业成本58.80万亿元，增长5.9%；营业收入利润率为5.70%，同比提高0.59个百分点。
6月末，规模以上工业企业资产总计194.60万亿元，同比增长6.1%；负债合计113.52万亿元，增长6.6%；所有者权益合计81.08万亿元，增长5.4%；资产负债率为58.3%，同比上升0.3个百分点。
6月末，规模以上工业企业应收账款28.60万亿元，同比增长8.1%；产成品存货7.11万亿元，增长9.5%。
1—6月份，规模以上工业企业每百元营业收入中的成本为84.89元，同比减少0.55元；每百元营业收入中的费用为8.45元，同比减少0.06元。
6月末，规模以上工业企业每百元资产实现的营业收入为72.3元，同比增加0.5元；人均营业收入为191.3万元，同比增加12.7万元；产成品存货周转天数为21.1天，同比增加0.4天；应收账款平均回收期为71.7天，同比增加0.8天。
6月份，规模以上工业企业利润同比增长15.1%。
本文编选自“国家统计局”官网，智通财经编辑：冯秋怡。"
Línea Directa 2026年上半年净利润大增19%，业绩表现强劲,2026-7-27 15:58,https://cn.investing.com/news/transcripts/article-93CH-3479615,,"西班牙保险公司Línea Directa公布了2026年上半年业绩，净利润同比增长19%至5,210万欧元，总承保保费增长9.2%至6.093亿欧元。公司综合成本率改善至91.1%，股本回报率达23.3%，偿付能力II比率于6月底升至196.3%。该股最新报价为$1.274，较前收盘价$1.262上涨0.95%，接近52周区间高位。






Línea Directa表示，受车险、家财险和健康险业务增长推动，上半年整体表现稳健。车险仍是主要增长引擎，保费超过4.9亿欧元，同比增长9.8%。家财险受益于温和天气及严格的风险筛选，表现同样出色；健康险则继续以更快速度扩张，保费同比增长17.7%。
公司盈利指标随增长同步改善。综合成本率——衡量承保业绩的关键指标——上半年录得91.1%，低于去年同期的92.3%。费用率改善至20.2%，反映出规模效益与成本管控的双重成效。管理层将效率定位为公司的结构性竞争优势。






公司在已审阅的材料中未提供具体每股收益或营收数据，因此无法与市场一致预期直接比较。此前预测该期间每股收益为$0.0227，营收为2.9646亿美元。
即便缺乏正式的业绩超预期数据，各项经营指标仍指向稳健表现。19%的利润增长与9.2%的保费增长表明，公司在保持承保纪律的同时持续扩张。综合成本率的改善以及更强的偿付能力状况，也显示公司以扎实的财务基础进入下半年。


该股最新报价为$1.274，较$1.262上涨0.95%。涨幅较为温和，表明投资者在消化业绩后并未对前景作出大幅重新评估。目前股价接近52周区间$1.066至$1.39的上沿。

根据InvestingPro分析，该股在当前价位似乎被低估，公允价值估算显示仍有上行空间。公司年初至今价格回报率为15.14%，财务健康评分为3.11（满分5分），评级为""优秀""。寻找低估值机会的投资者可通过InvestingPro的最具低估值股票榜单探索类似标的。
由于未提供成交量数据，无法判断此次股价波动是否伴随异常活跃的交易。不过，股价接近年度区间高位，表明市场已在一定程度上认可公司盈利能力与资本实力的持续改善。


管理层未就下半年提供详细的量化指引，但阐明了若干优先方向：持续实现盈利性增长、保护承保利润率，并继续以效率作为竞争优势。
在家财险方面，管理层表示综合成本率应维持在80%至90%区间，但天气因素可能对结果产生影响。健康险方面，公司预计将继续向技术盈亏平衡目标迈进。公司还表示，若通货膨胀压力加剧，将适时调整保费水平。
在资本回报方面，Línea Directa表示预计全年将进行两次中期股息派发及一次年终补充派息，均须经董事会批准。公司目前股息收益率为2.83%，过去12个月股息增长率达60%。公司还预计马德里物业翻新工程将于2026年底完工，租金收入有望于2027年6月恢复。

如需深入了解Línea Directa的财务表现与战略布局，可参阅InvestingPro发布的综合专业研究报告。该报告将复杂的华尔街数据转化为清晰、可操作的投资洞察，覆盖逾1,400只主要股票。



公司首席财务官Carlos Rodríguez Ugarte表示，Línea Directa""持续将增长与承保纪律、运营效率及强健资产负债表有机结合""。
他还指出：""效率始终是公司商业模式的结构性优势，也是在业务持续增长过程中保护盈利能力的关键杠杆。""
在定价策略方面，他补充道：""若通货膨胀成为重要议题，我们将相应调整平均保费水平。""
上述表态表明，管理层在积极投入数字化销售和客户体验建设的同时，也高度重视利润率的保护。






分析师重点关注承保趋势、定价策略及资本管理。提问集中于车险理赔的大幅改善、家财险综合成本率强劲表现的可持续性，以及通货膨胀对理赔成本的影响。
管理层表示，车险业绩改善主要源于平均赔付成本低于预期以及稳健的出险频率趋势。在家财险方面，管理层指出极端天气事件减少、良好的风险画像及有利的市场环境是主要驱动因素，同时也承认秋季天气变化可能带来不确定性。
分析师还就股息、偿付能力及数字化销售提出问题。公司表示预计将派发两次中期股息及一次年终股息，并指出196.3%的偿付能力比率为公司提供了充足的灵活性。数字化销售已占新业务产量的13%至14%，管理层表示目标是同步提升客户满意度与运营效率。
另一个讨论焦点是公司的技术投入。管理层表示，相关投资计划更多着眼于提升客户洞察与服务质量，而非单纯削减成本，并未提供具体的节省金额预测。


本文由人工智能协助翻译。更多信息，请参见我们的使用条款。"
奈斯特二季度业绩不及预期，资本支出指引上调，股价大跌约8%,2026-7-24 15:58,https://cn.investing.com/news/earnings/article-3477295,Vahid Karaahmetovic,"Investing.com - 芬兰生物燃料及石油精炼企业奈斯特（Neste）周五股价大跌约8%。此前，该公司公布的第二季度营收与利润均低于市场预期，同时上调了资本支出指引。值得注意的是，受中东地区供应中断影响，其可再生产品业务的销售利润率创下历史新高。
公司调整后EBITDA同比增长逾两倍，达到12亿欧元，略低于分析师平均预期的12.3亿欧元。营收方面，实际录得59.9亿欧元，明显低于市场一致预期的64.9亿欧元。




首席执行官海基·马利宁（Heikki Malinen）表示，中东地区的冲突""在报告期内大部分时间主导了全球石油及产品市场，为奈斯特创造了异常有利的市场环境。""
可持续航空燃料销量达到12.6万吨，高于Vara Research一致预期的11.3万吨；可再生产品的可比销售利润率达到每吨$1,223，远超市场预期的每吨$1,059。
这家芬兰企业还上调了2026年现金资本支出指引（不含并购），从此前的10亿至12亿欧元区间上调至约12亿欧元。公司预计，2026年可再生产品销量将与2025年基本持平；由于计划中的维护停工，石油产品销量预计将低于2025年水平。
此外，奈斯特宣布任命叶伊琳（Elim Yeoh）为北美可再生产品业务总裁，任命自2026年9月1日起生效。她将加入奈斯特领导团队，负责监管公司北美地区可再生产品业务，涵盖区域商业运营及原料采购。
本文由人工智能协助翻译。更多信息，请参见我们的使用条款。"
Hydrogen Utopia完成85万英镑融资，任命Clear Capital Markets为独家经纪商,2026-7-24 14:41,https://cn.investing.com/news/company-news/article-93CH-3477200,,"伦敦 — 据周四发布的新闻稿，氢能乌托邦国际有限公司（音译，Hydrogen Utopia International PLC，LSE:HUI）完成了85万英镑的融资，并任命Clear Capital Markets为其唯一经纪商。
公司以每股2.0便士的价格发行了4,250万股新普通股。所募资金将用于支持在沙特阿拉伯的业务扩张、推进Fortress Fuels项目，以及延续与Inentec签订的独家许可协议。
氢能乌托邦国际专注于将不可回收废塑料转化为氢气、清洁燃料及先进材料，重点方向包括航空燃油和可持续航空燃料。
新股预计将于2026年7月30日前后美国东部时间上午8:00（北京时间20:00）在英国金融行为监管局（FCA）官方名单的股权股份（过渡）类别及伦敦证券交易所主板市场挂牌交易。新股与现有普通股享有同等权利。
新股获准上市后，公司将共有475,135,273股普通股在外流通，每股附带一项投票权。公司目前未持有任何库藏股。
Clear Capital Markets将取代公司此前的经纪商，公告中未披露前经纪商名称。
该公司的生产设施以不可回收混合废塑料为原料，生产合成气，并以此为基础生产各类产品及能源。公司收入来源包括合成气、氢气及其他气体的销售、电力与热能销售，以及处理不可回收混合废塑料所收取的服务费。

本文由人工智能协助翻译。更多信息，请参见我们的使用条款。"
达尔米亚巴拉特一季度销售增长，股价下滑,2026-7-24 20:20,https://cn.investing.com/news/transcripts/article-93CH-3477993,,"达尔米亚巴拉特（Dalmia Bharat）公布了截至6月季度的业绩，销售额和水泥销量均实现增长，但由于公司披露成本压力持续存在及收购相关费用上升，股价下跌2.68%至$1,805。2027财年第一季度运营收入同比增长7%，达到印度卢比（INR）3,890克罗尔，水泥销量增长9%。每吨EBITDA环比提升3%至INR 1,055，但绝对EBITDA环比下降11%至INR 805克罗尔。该股收盘价低于此前的$1,854.7，较52周高点下跌约27.7%。






达尔米亚巴拉特表示，在投入成本高企、地方选举带来区域性干扰以及JP水泥收购推高融资成本的复杂经营环境下，公司仍交出了稳健的业绩答卷。
9%的销量增长是本季度的亮点之一。管理层表示，尽管部分市场出现阶段性疲软，公司依然实现了连续第三个季度的健康增长（剔除前期一次性因素影响）。公司还表示，受提价、高端产品销售占比提升及品牌影响力增强等因素推动，本季度变现能力环比改善6%。
本季度业绩也清晰呈现出经营势头与报告利润之间的分化：每吨EBITDA有所提升，但绝对EBITDA因销量下滑和成本上升而承压。管理层表示，通过采购优化和运营改善措施，每吨节约成本超过INR 150。根据InvestingPro数据，公司毛利率表现亮眼，在一定程度上缓冲了成本压力。希望深入了解达尔米亚盈利指标的投资者，可在该平台获取另外7条专业分析建议。






结构化预测数据显示，市场预期每股收益为12.62，预期营收为374.3亿，但相关记录中未提供实际每股收益或营收数据，因此无法直接进行超预期或不及预期的比较。
尽管如此，运营结果仍显示本季度表现稳健。运营收入同比增长7%，9%的销量增长表明需求保持健康。公司每吨EBITDA环比改善3%，也体现出一定的定价韧性和成本管控能力。
较为谨慎的信号来自绝对EBITDA，环比下降11%，说明变现能力改善的收益不足以完全抵消销量下滑和成本上升的影响。对投资者而言，本季度运营层面表现尚可，但不足以避免报告利润承压。


达尔米亚巴拉特股价较前收盘价$1,854.7下跌2.68%至$1,805，显示投资者更关注近期利润率压力和收购成本，而非公司的销量增长和高端化进展。
该股目前较52周高点$2,496.3下跌约27.7%，但仍较52周低点$1,605高出约12.5%，处于年度区间的下半段，反映市场对该股持谨慎态度。尽管股价下跌，InvestingPro分析显示，公司相对于近期盈利增长的市盈率处于较低水平，对长期投资者而言具有潜在价值。平台的公允价值分析也显示该股在当前价位被低估，这一发现或将吸引关注最被低估股票的价值型投资者。
由于未提供交易量数据，无法确认是否存在异常交易活动。不过，此次股价下跌与市场在健康运营趋势之外，对成本上升、整合支出及绝对EBITDA走弱的综合权衡相吻合。


管理层对需求前景和扩张计划保持积极态度，但同时警告短期内投入成本仍可能维持高位。
对于2027财年第二季度，公司预计成本将较第一季度每吨上升INR 70至INR 80（不含负经营杠杆效应）。石油焦价格仍高于战前水平，柴油成本预计将在第二季度全面体现，包装袋价格依然偏高。
在增长方面，达尔米亚表示有机销量增长将与行业7%至8%的增速保持同步，新增产能和收购将带来额外销量。公司预计JP资产将从2027财年第三季度起开始贡献实质性业绩，并表示这些资产达到达尔米亚正常每吨EBITDA水平可能需要7至8个季度。
公司还重申了2027财年INR 3,200克罗尔至INR 3,400克罗尔的资本支出计划（不含JP水泥INR 2,850克罗尔的收购成本）。管理层表示，水泥总产能预计将于2028财年第三季度达到约6,700万吨，长期扩张计划仍在推进中。


董事总经理兼首席执行官Puneet Dalmia表示，公司正受益于印度更为有利的经营环境。他说：""尽管面临海运干扰，工业生产和出口表现依然良好。2027财年第一季度商品及服务税（GST）收入创历史新高，达到INR 63万克罗尔，印证了国内消费的强劲势头。""
他还着重提及公司的高端化战略。他表示：""我们实现了同比9%的强劲销量增长。更重要的是，这一增长伴随着销售质量的显著提升，高端产品在我们产品组合中的占比已达到25%这一健康水平。""
在扩张战略方面，Dalmia表示，收购JP水泥是公司迈向全国性布局的战略举措。""此次收购带来了520万吨水泥产能，以及位于战略要地中印度地区的330万吨熟料产能。""他说。






分析师重点关注JP水泥收购、成本通胀以及未来产能扩张节奏等议题。
提问主要集中于：获取JP石灰石储量所需的土地规模、收购资产的产能爬坡速度，以及何时能够实现正常盈利水平。管理层表示，现有土地足以满足初期需求，EBITDA盈亏平衡有望在数个季度内实现，而与达尔米亚正常每吨EBITDA水平完全接轨则可能需要7至8个季度。
分析师还就INR 182克罗尔的特殊费用追问细节。管理层表示，该金额主要涵盖印花税、交易费用及附带成本，最终金额可能低于这一数字。
另一个重要议题是公司的产能规划路线图。管理层表示，2028财年第三季度达到6,700万吨是一个方向性里程碑，而非固定截止日期，并强调资本配置将保持审慎。首席财务官表示：""我们不会过度透支资产负债表，""再次强调公司对财务健康的重视。
针对东印度定价及北部市场的相关提问，管理层给出了类似回应：公司专注于高端化和品牌建设，而非对短期价格走势作出预测。公司还确认，目前战略中不包括将中印度产能调配至拉贾斯坦邦或北部地区的计划。

本文由人工智能协助翻译。更多信息，请参见我们的使用条款。"
瑞吉斯资源四季度强劲收官，但股价下跌4%,2026-7-24 09:01,https://cn.investing.com/news/transcripts/article-93CH-3476850,,"瑞吉斯资源（Regis Resources）公布，公司2026财年以强劲的六月季度画上句号，但投资者似乎更关注公司上调的成本指引以及来年较为疲软的产量展望。这家澳大利亚黄金矿商第四季度产金10.15万盎司，全年产量达37.9万盎司，位于指引区间上限。公司股价下跌4.09%，收报$6.09，前收盘价为$6.35，目前低于其52周区间（$3.95至$10）的中位水平。






瑞吉斯资源表示，六月季度为全年稳健执行画上了圆满句号。Duketon和Tropicana两大矿区的产量均符合计划，公司表示各运营团队在整个业务层面持续保持可靠的交付能力。
Duketon本季度产金6.25万盎司，Tropicana贡献归属于瑞吉斯的产量为3.91万盎司。管理层将地下开发推进、储量补充及勘探成果视为公司延长两大核心资产矿山寿命的积极信号。
公司还着重强调了安全生产方面的优势。其12个月滚动平均工伤频率为0.3，远低于西澳大利亚黄金行业约1.0的平均水平。






本季度未提供每股收益或营收预测，因此无法与分析师估计进行直接比较。最直观的业绩衡量指标为运营层面：2026财年产量37.9万盎司，位于公司37.5万至38万盎司指引区间的上限。
这一结果表明公司执行稳健，并无重大意外。公司还表示，六月季度实现营收AUD 6.39亿、经营性现金流AUD 3.76亿，均受益于强劲的金价环境。


消息公布后，瑞吉斯资源股价下跌4.09%至$6.09，前收盘价为$6.35。目前股价较52周高点$10约低39.1%，较52周低点$3.95约高54.1%。
股价下跌表明，投资者可能更关注公司2027财年较高的成本展望以及Tropicana产量下滑，而非年末强劲的现金创造能力和资产负债表实力。文中未提及异常交易量数据。


瑞吉斯资源将2027财年产量指引设定为36万至40万盎司，中值为38万盎司。公司表示，受BuckWell矿区贡献，Duketon产量预计将超过历史年产20万至25万盎司的区间。相比之下，Tropicana因采坑排序安排，预计2027财年产量将有所下降。
公司还表示，2027财年全维持成本将有所上升。管理层列举了三大主因：柴油价格假设上调、BuckWell矿区产量贡献增加，以及Duketon与Tropicana之间的产量结构变化。尽管近期面临成本压力，InvestingPro的提示指出，公司净利润预计今年将实现增长，分析师亦预期本财年销售额将有所提升——这是订阅用户可获取的逾10条专业提示中的两条。该平台给予瑞吉斯资源""优秀""财务健康评分，满分5分中获得3.82分。
其他前瞻性事项包括：



首席执行官吉姆·拜尔（Jim Beyer）表示，公司将继续专注于纪律性增长与股东回报。他说：""瑞吉斯资源拥有优质资产，对金价具有强劲的杠杆效应，我们在投资和资本回报方面秉持严格的纪律。""
在并购问题上，拜尔表示公司只会在交易明确有利于股东时才会出手。他说：""我们在评估任何外部机会时，首要考量始终是——这对我们的股东是否具有价值增值效果？""
他还为BuckWell战略进行了辩护，尽管该矿区成本较高。他说：""如果我们想降低成本，直接关停BuckWell就行，全维持成本自然会下降，但我们为什么要这么做？在当前金价水平下，那些盎司依然有利可图。""






分析师的提问主要集中于成本、资本分配以及新增长项目的推进时间表。
摩根大通（J.P. Morgan）分析师乔纳森·夏普（Jonathon Sharp）就成本上升及西澳大利亚承包商流失问题对瑞吉斯资源的影响提出询问。拜尔表示，主要问题在于柴油而非生产效率。他表示燃料成本""较为高昂""，但供应充足。
夏普还就Vault Minerals交易终止后的战略方向提问。拜尔表示，瑞吉斯资源将继续寻找机会，但不会参与竞价战，任何收购都必须具备价值增值效果。
MST Financial分析师马修·弗里德曼（Matthew Friedman）就各资产2027财年成本指引的细节提问。拜尔表示，Tropicana单位成本上升主要源于产量下降带来的分母效应，而Duketon成本上涨则受燃料价格及成本较高的BuckWell产量拖累。
弗里德曼还就McPhillamys项目进展追问细节。拜尔表示，该项目的推进路径仍取决于司法审查结果及综合废料地形相关工作，早期作出最终投资决策的可能性不大。
瑞银（UBS）分析师利瓦伊·斯普里（Levi Spry）询问Duketon成长性资本支出的具体用途。拜尔表示，约60%将用于支持露天矿预生产工作，包括BuckWell及其他采坑，其余资金将用于地下开发及Garden Well充填膏体工厂建设。
斯普里还就Beamish South项目提问。拜尔表示，该项目已探明27万盎司的发现仍在持续钻探中，距投产可能至少还需数年时间，但他将其定性为紧邻现有基础设施的重要勘探成果。

本文由人工智能协助翻译。更多信息，请参见我们的使用条款。"
财报电话会议纪要：耐思特2026年第二季度EBITDA创历史新高，但营收未达预期,2026-7-24 21:42,https://cn.investing.com/news/transcripts/article-93CH-3478221,,"耐思特（Neste）公布了2026年第二季度喜忧参半的业绩。每股收益为0.5629，略低于预期的0.5649；营收为68.1亿，低于市场预期的72亿。每股收益的差距较小，仅为0.35%，但营收则低于预期5.42%。盘前交易中，该股报18.96，与前收持平，处于52周区间7.78至19.31的高位附近。






耐思特表示，第二季度业绩得益于可再生产品和石油产品业务均实现了强劲利润率，尽管销售量和营收均低于华尔街预期。首席执行官海基·马利宁（Heikki Malinen）称本季度为公司有史以来最佳财务季度，并指出EBITDA创历史新高，市场环境表现强劲。
可再生产品业务依然是公司最主要的利润来源。本季度公司可再生产品销售量超过100万吨，该业务EBITDA贡献约达9亿欧元。管理层表示，这一成绩得益于有利的柴油裂解价差、强劲的美国可再生能源识别码（RIN）价格以及欧洲市场的稳健需求。
石油产品业务同样受益于较宽的炼油利润率，但由于公司在维护工作前主动建立库存，销售量有所下降。管理层表示，销量下降属于计划安排，旨在为下半年的客户交付提供保障。
本季度还展示了耐思特长期战略的推进进展。公司表示，鹿特丹2号扩建项目正在稳步推进，而新加坡项目在经历早期启动问题后目前已正式投入运营。管理层将这些投资定位为支撑未来增长和市场布局的重要举措。






耐思特每股收益0.5629，低于预期0.5649，差距约为0.0020，未达预期幅度约0.35%。营收方面差距更为明显，较预期低3.9亿，差距达5.42%。
每股收益的差距较小，单凭这一点不太可能改变市场对公司的投资判断。营收的差距更为显著，但需要注意的是，公司在同一季度录得创纪录的EBITDA和可再生产品销售利润率。这一组合表明，本季度的核心驱动力在于盈利能力，而非营收规模的增长。
综合来看，本季度实际表现优于单纯与预期对比所呈现的结果。耐思特的运营表现强劲，管理层表示公司有效把握了有利的市场条件。不过，营收的短缺可能促使投资者关注，一旦市场环境趋于正常化，利润率能否保持稳定。


盘前交易中，该股报18.96，与前收持平，涨跌幅为0%。股价略低于52周高点19.31，远高于52周低点7.78。根据InvestingPro数据，该股过去一年累计涨幅高达120%，年初至今涨幅达68%。该平台的公允价值分析显示，尽管股价接近52周高位，该股仍可能存在被低估的情况，具备上涨潜力。
股价的平稳反应表明，投资者正在权衡创纪录的盈利表现与营收未达预期之间的关系，同时也在消化公司关于未来销量将受停产检修影响的预警。股价接近年内高位也说明，近期的乐观情绪可能已在一定程度上反映在股价之中。
目前暂无异常交易量数据。从现有数据来看，市场反应总体偏谨慎，未出现明显的大幅上涨或下跌。


管理层表示，公司目前的重心在于推进增长项目、提升运营效率和削减债务。鹿特丹2号项目仍计划于2027年投产，预算为25亿欧元。新加坡扩建项目已投入运营，相关人员将被调配支持鹿特丹项目。
耐思特还披露了密集的维护计划：波尔沃（Porvoo）基地计划停产检修8周，鹿特丹基地计划停产检修8周，新加坡基地一条生产线计划停产检修11周。管理层表示，这些停产检修对于提升可靠性、扩大原料灵活性以及长期提高产能利用率至关重要。
公司表示，2024年资本支出预计将达到12亿欧元，处于此前指引区间的上限。管理层还表示，由于停产检修的影响，2025年和2026年可再生产品销售量预计将低于2024年。
从长远来看，耐思特表示，在欧洲、美国及亚洲部分地区政策变化的推动下，可再生柴油和可持续航空燃料的需求将持续强劲增长。管理层认为，这些趋势支撑了鹿特丹2号及其他投资项目的推进时机。公司市值为263亿美元，市盈增长比率（PEG）仅为0.11，相对于其增长前景估值具有吸引力。InvestingPro给予耐思特""良好""财务健康评分，并提供全面的分析工具，包括ProPicks AI精选股票列表，为寻求数据驱动投资组合思路的投资者提供参考。


马利宁表示：""这个第二季度是耐思特有史以来财务表现最佳的季度，""凸显了公司当前强劲的利润率环境。
""我们销售了超过100万吨产品。从财务结果来看，EBITDA达到12亿欧元，这是耐思特的历史最高纪录，""他强调了本季度业绩的规模与意义。
首席财务官埃娃·西皮莱（Eeva Sipilä）表示：""75%的产能利用率令人不满意，因此提升运营可靠性的工作仍将持续推进。""她的评论指向了公司内部最重要的优先事项之一。
西皮莱还表示，公司通过要约收购5亿欧元票据，迈出了""去杠杆化的第一步实质性行动""，并称此举有效巩固了资产负债表。






分析师重点关注利润率、产能利用率、资本支出以及公司的长期增长路径。
多个问题聚焦于下半年可再生产品的利润率走势，管理层表示，由于气柴油价格波动和地缘政治因素的影响，短期预测仍存在较大不确定性。分析师还询问了7月份的市场动态，管理层表示，中东紧张局势再度升温后，客户态度趋于谨慎。
产能利用率也是另一大讨论焦点。管理层表示，公司正在推进升级改造以提升可靠性和产能，但不希望不必要地延长停产检修时间。公司表示，相关工作应有助于长期改善业绩，即便短期内会对销量造成一定压力。
分析师还就鹿特丹2号之后的资本支出计划和未来优先事项进行了追问。管理层表示，下一阶段的重点是从现有投资中获取回报、削减债务并提升运营效率，同时也提到木质纤维素技术可能是更长远的增长方向，但预计不会早于2030年代。
关于美国市场敞口和可再生能源识别码价格的问题，凸显了马丁内斯（Martinez）炼油厂及公司原料对冲交易策略的重要性。管理层表示，美国业务正在持续改善，对整体利润率的贡献也在逐步提升。

本文由人工智能协助翻译。更多信息，请参见我们的使用条款。"
加拿大5月零售额增长1%，消费者购买范围持续扩大,2026-7-23 21:01,https://cn.investing.com/news/economy-news/article-93CH-3475800,Luke Juricic,"Investing.com - 加拿大统计局周四公布数据显示，5月份加拿大零售额增长1.0%，达到737亿加元，九大板块销售额全面上涨。初步估计显示，6月份零售额增长0.4%，若获确认，将创下连续第六个月增长的纪录。
5月份涨幅最大的板块为加油站及燃料销售商，销售额上涨3.1%。汽车及零部件经销商销售额增长0.7%，连续第二个月录得增长，其中新车经销商销售额上涨0.5%。以实际销量计算，加油站及燃料销售商的零售额在5月份下降了2.7%。
剔除加油站及汽车和零部件经销商后的核心零售额在5月份增长0.9%，此前4月份曾下降0.7%。综合商品零售商销售额上涨1.0%，为三个月来首次录得增长。体育用品、爱好、乐器、书籍及其他杂项零售商的销售额攀升1.8%，同样为三个月来首次上涨。
5月份全国九个省份零售额均录得增长。不列颠哥伦比亚省涨幅最大，达2.1%，主要受汽车及零部件经销商销售额上升带动。安大略省零售额增长0.5%，主要得益于加油站销售额的提升。新斯科舍省是唯一出现下滑的省份，降幅为0.8%。
经季节性调整后，5月份网络零售额下降1.5%，至50亿加元，占零售总额的比例为6.8%，低于4月份的7.0%。以实际销量计算，5月份整体零售额增长0.3%。

本文由人工智能协助翻译。更多信息，请参见我们的使用条款。"
油价飙升提振加元，供应担忧成核心驱动因素,2026-7-24 02:00,https://cn.investing.com/news/forex-news/article-93CH-3476459,Jaiveer Shekhawat,"Investing.com -- 周四，受油价大幅上涨及国内零售销售数据表现强劲提振，加元兑美元汇率走高。
加元上涨0.1%，报每美元1.4075加元（折合71.05美分），波动区间为1.4058至1.4099。加元是十国集团（G10）货币中唯一对美元升值的货币。
加拿大5月零售销售额增长1%，符合市场预期，其中加油站及燃料零售商的销售额增长是主要推动力。6月份初步预估数据显示，零售销售额环比上涨0.4%。
加拿大蒙特利尔银行资本市场（BMO Capital Markets）高级经济学家谢利·考希克（Shelly Kaushik）表示：「除油价上涨因素外，5月份零售销售整体表现稳健，6月份初步数据同样令人鼓舞。经济在第二季度似乎正在积累增长动能，但下半年仍面临多重挑战，包括更多关税压力、极端天气以及能源价格的再度冲击。」
作为加拿大重要出口商品的原油价格大幅攀升6.2%，至每桶$92.40，此前也门胡塞武装宣布对红海两艘沙特油轮发动袭击，引发市场对全球供应中断的担忧。
油价上涨加剧了通胀压力，市场对美联储可能进一步加息的预期随之升温，推动美元兑一篮子主要货币走强。
加拿大总理马克·卡尼在与各省省长的会议上表示，在与美国的贸易摩擦中，加拿大将不惜一切代价捍卫本国工人、农民和企业的利益。

本文由人工智能协助翻译。更多信息，请参见我们的使用条款。"
TotalEnergies SE宣布每股€0.90的2026财年第二次中期股息,2026-7-23 14:54,https://cn.investing.com/news/company-news/article-93CH-3474709,,"巴黎 — TotalEnergies SE（巴黎证交所：TTE）（伦敦证交所：TTE）（纽交所：TTE）发布新闻公告，宣布派发2026财年第二次中期股息，每股金额为€0.90。
董事会于周二在董事长兼首席执行官Patrick Pouyanné的主持下批准了上述股息方案。此次股息金额较2025财年三次中期股息及末期股息的综合水平提升5.9%，与2026财年第一次中期股息金额持平。
公司表示，此次增长符合其股东回报政策，该政策的核心原则是股息增长应与现金流增长保持一致。
本次中期股息将全额以现金形式派发。对于在泛欧交易所（Euronext）上市的股份，除息日为2026年12月31日，派息日为2027年1月5日。对于在纽交所上市的股份，除息日同为2026年12月31日，派息日为2027年1月22日。
纽交所上市股份所适用的欧元兑美元汇率，将以2027年1月14日巴黎时间下午2:00公布的WM/Refinitiv盘中即期汇率为准。两市场之间的股份转让冻结期将于2026年12月30日美国纽约时间下午3:00开始，至2027年1月5日泛欧交易所开市时结束。
TotalEnergies SE是一家综合性能源公司，业务涵盖石油及生物燃料、天然气、生物气、低碳氢能、可再生能源及电力的生产与销售。公司业务遍及约120个国家，员工总数逾10万人。

本文由人工智能协助翻译。更多信息，请参见我们的使用条款。"
中东冲突点燃油价！炼油及交易业务助力道达尔(TTE.US)Q2净利润飙升68%,2026-7-23 15:25,https://cn.investing.com/news/stock-market-news/article-3476306,,"智通财经APP获悉，法国能源巨头道达尔(TTE.US)表示，由于中东战争推动原油和成品油价格上涨，抵消了天然气业务利润下滑的影响，该公司第二季度利润大幅增长。道达尔周四在一份声明中表示，第二季度调整后净利润同比增长68%，达到60.3亿美元。这一业绩基本符合分析师预期。在道达尔上周警告其综合天然气业务受到交易表现大幅低于预期后，市场已下调了对该公司的盈利预期。
霍尔木兹海峡航运受阻、以及俄罗斯与乌克兰之间持续的冲突正导致燃料供应收紧，炼油利润率的大幅提升推动了全球能源巨头们的利润增长。此外，与包括壳牌(SHEL.US)和英国石油(BP.US)在内的同行一样，道达尔拥有规模庞大的能源交易部门，该业务帮助公司在市场剧烈波动中保持运营并抓住机会。
道达尔首席执行官帕特里克·普亚内在声明中表示：“在中东冲突导致能源价格维持高位的环境下，道达尔正在利用其一体化商业模式以及多元化资产组合优势。”
上游业务方面，该公司油气产量同比增长超过4%，达到每日239.5万桶油当量。巴西、美国和利比亚的新项目投产，抵消了中东冲突带来的供应干扰影响。同时，炼油、化工以及能源交易业务也推动现金流和经营利润实现强劲增长。数据显示，该公司第二季度经营现金流环比增长14%，至98亿美元。
该公司继续推进液化天然气(LNG)、灵活电力以及可再生能源领域的战略项目，包括墨西哥ECA LNG项目启动、亚洲地区新的长期LNG供应合同、哈萨克斯坦Mirrny风电项目，以及菲律宾太阳能投资项目。
道达尔将向股东支付第二季度中期股息，每股0.90欧元(约1.03美元)，较去年同期增长5.9%。该公司还计划在第三季度回购最多15亿美元股票，与此前三个季度的回购规模保持一致。今年2月，道达尔曾表示，在油价维持每桶60至70美元的情况下，公司计划于今年回购价值30亿至60亿美元的股票。
尽管此后原油价格已经上涨至高于这一水平，但该公司再次强调，将优先利用额外利润降低公司债务。截至第二季度末，道达尔剔除租赁负债后的净负债权益比率(即净债务与股东权益之比)降至13.1%，低于3月底的15.5%。"
废物连接公司（Waste Connections）二季度业绩超预期，上调全年展望,2026-7-23 21:48,https://cn.investing.com/news/transcripts/article-93CH-3476019,,"废物连接公司（Waste Connections）公布2026年第二季度业绩，各项指标均超出华尔街预期，促使这家废物运输企业上调全年业绩展望。尽管宏观经济疲软导致业务量持续承压，公司调整后每股收益达$1.50，高于分析师预期的$1.36；营收达25.6亿美元，略高于市场预测的25.4亿美元。盘后交易中，公司股价上涨0.73%，报$169.12，处于52周区间的偏高位置。






废物连接公司第二季度营收同比增长6.4%，达25.62亿美元，主要得益于定价提升、并购贡献及部分业务线表现改善。调整后EBITDA增长6.8%至8.401亿美元，利润率提升10个基点至营收的32.8%。
公司业绩延续了北美废物处理行业的一贯模式：业务量温和增长、定价纪律严格、现金流强劲。废物连接公司表示，本季度核心定价增长达5.6%，若计入燃油及材料附加费，总体价格增幅为6.7%。这有效抵消了业务量1.9%的下滑，管理层将此归因于宏观经济不确定性及建筑活动放缓。
公司还表示，业绩受益于多年来员工留存率的持续改善、创纪录的安全绩效，以及人工智能工具带来的初步成效。管理层认为本季度表现足够强劲，有理由上调全年展望。






废物连接公司本季度盈利明显超出预期。调整后每股收益$1.50，较市场一致预期$1.36高出$0.14，超预期幅度达10.29%。营收25.6亿美元也超出25.4亿美元的预测约2,000万美元，超出幅度约0.79%。
相较于营收的小幅超预期，盈利层面的超越更为显著。这表明公司的定价策略、利润率管控和成本控制发挥了更大作用，而非单纯依赖营收规模扩张。换言之，本季度的亮点不仅在于服务销售量的增长，更在于将营收更高效地转化为利润。
此次业绩也符合废物连接公司近年来稳健表现的一贯风格。公司业绩往往略超预期，但本季度的强劲表现足以推动管理层上调指引，使得此次超预期的意义更为重大，而非仅仅是例行性的单季超越。


公司股价上涨0.73%，报$169.12，较前收盘价$167.90有所上升。涨幅积极但并不显著，表明投资者将此次财报视为稳健表现，而非令人意外的惊喜。该股较52周低点$146.89高出约11.8%，较52周高点$191.91低约11.9%。
市场反应较为温和，或许反映出投资者认为废物连接公司仍是一家高质量的防御性企业，执行力可预期。与此同时，投资者也在权衡业绩超预期和上调指引的利好，与业务量持续下滑及宏观环境仍具挑战性之间的关系。


管理层将2026年全年营收指引上调至100.2亿至100.5亿美元，此前区间为100.0亿至100.3亿美元。调整后EBITDA指引也从33.0亿至33.25亿美元上调至33.3亿至33.4亿美元。公司维持调整后自由现金流指引不变，区间为14亿至14.5亿美元。
废物连接公司表示，全年核心定价增长预计将达到或超过5.5%。公司还预计2026年下半年调整后EBITDA利润率平均将达33.7%，第三季度利润率有望超过34%。
管理层表示，并购活动、大宗商品价格趋势改善及可再生天然气项目将在未来几个季度持续助力业绩。公司预计相较于此前展望，全年营收将额外增加约1亿至1.2亿美元，部分来自并购及更强劲的经营趋势。InvestingPro的提示指出，废物连接公司已连续八年提高股息，彰显管理层对现金创造能力的信心。寻求深度分析的投资者可在该平台上获取十余条额外ProTips，以及全面的财务健康评分和公允价值估算。


首席执行官Ron Mittelstaedt表示，公司对上半年业绩""非常满意""，这也使得上调全年展望成为可能。他表示，尽管面临地缘政治不确定性，第二季度营收和EBITDA均实现了""超过6%""的增长。
Mittelstaedt还着重强调了定价优势和运营纪律，表示公司业绩体现了""员工留存率多年持续改善和创纪录安全绩效带来的持续红利，以及近期在人工智能技术方面投资的初步成效""。
首席财务官Mary Anne Whitney表示，即便燃油及其他间接成本有所上升，公司仍""实际上超出了我们最初的预期""。她表示，公司的基础利润率扩张态势依然完好。






分析师在电话会议中重点关注了燃油附加费、利润率趋势、自由现金流及公司人工智能投资等议题。管理层表示，近期燃油价格飙升可能额外导致10至15个基点的客户流失，但未观察到竞争行为出现重大变化。
问题还集中在Chiquita Canyon垃圾填埋场上。管理层表示，5,800万美元的减值费用是与预计关闭负债相关的会计调整，而非现金支出增加的信号。公司维持2026年现金流出指引不变。
另一关注焦点是2027年自由现金流转化率。管理层表示，随着可再生天然气（RNG）支出减少及Chiquita相关现金流出下降，转化率应回归至正常化的48%至50%区间。分析师还就人工智能项目提出问询，管理层介绍了涵盖定价、路线优化及客户服务工具在内的七项举措，总投资约1亿美元。
在并购方面，管理层表示年初至今已完成约1亿美元年化营收规模的交易，并预计近期将有另外约3,000万美元的交易完成交割。公司将并购管线描述为稳定，重点聚焦于传统固体废物资产。对于寻求全面了解的投资者，废物连接公司是InvestingPro专业研究报告所覆盖的1,400余家美国上市公司之一，这些报告通过直观的可视化图表和专业分析，将复杂的财务数据转化为清晰、可操作的投资洞见。

本文由人工智能协助翻译。更多信息，请参见我们的使用条款。"
非洲爱彼迎一季度业绩强劲，股价小幅回落,2026-7-23 21:17,https://cn.investing.com/news/transcripts/article-93CH-3475890,,"非洲爱彼迎电信集团（Airtel Africa）公布，2026财年第一季度营收达18.5亿美元，按固定汇率计算同比增长21%，按报告汇率计算增长31%；调整后每股收益升至$0.054，较上年同期大幅增长57%。集团EBITDA利润率维持在50%以上，但股价当日下跌0.8%，报$346.2，此前收盘价为$349，显示出投资者在经历强劲涨势后趋于谨慎，同时也对燃料成本上升及资本支出增加带来的利润率压力保持警惕。






非洲爱彼迎电信集团在2027财年开局表现强劲，移动服务、数据及移动支付业务均实现增长。公司表示，本季度受益于多个市场的宏观经济企稳及货币升值，但同时强调，此次业绩并非依赖于去年尼日利亚资费调整所带来的红利。
尼日利亚市场营收按固定汇率增长29.8%，东非及法语非洲地区按固定汇率分别增长17.8%和18%。公司表示，用户增速加快至11.6%，反映出低SIM卡普及率背景下数字服务需求持续旺盛。数据营收增长27.2%，移动支付营收按固定汇率增长25.8%。
上述业绩表明，公司仍在持续受益于非洲电信市场的结构性需求——与成熟市场相比，智能手机普及、数据消费及普惠金融在非洲仍处于早期发展阶段。






现有数据未包含分析师对营收或每股收益的具体预测数字，因此无法直接判断业绩是否超出或低于预期。即便如此，从各项运营指标来看，本季度表现依然亮眼。调整后每股收益$0.054及18.5亿美元的营收均实现了强劲的同比增长，EBITDA利润率亦稳守50%以上。
从趋势角度来看，本季度在多个维度均优于公司近期表现：营收增长保持广泛性，数据变现加速，资产负债表依然稳健，财务杠杆率仅为0.5倍。此次业绩并非单一指标的小幅超越，而是公司整体运营层面的全面改善。


非洲爱彼迎电信集团股价下跌0.8%，报$346.2，此前收盘价为$349。该股目前远高于52周低点$184，但仍低于52周高点$436.2，处于年度区间的偏高位置。股价小幅回落，表明市场反应较为克制，并未对公司前景作出大幅重新评估。
此次温和下跌或反映出投资者对多项近期风险的谨慎态度，包括燃料成本上升、剩余资本支出的落地节奏，以及尼日利亚强劲增速在资费红利完全消退后可能趋于正常化等因素。根据InvestingPro数据，该股过去一年已累计上涨94%，部分获利了结属情理之中。公司PEG比率仅为0.12，显示股价相对于增长前景仍具吸引力——这也是InvestingPro多项投资提示中所强调的亮点之一。由于未提供成交量数据，无法判断此次股价波动是否伴随异常交易活动。


管理层重申全年资本支出指引为11亿美元，并表示第一季度3.89亿美元的支出属于时间节奏安排，而非计划调整。公司表示，正在提前布局投资以应对未来需求，重点领域包括网络容量、5G站点、家庭宽带、企业服务及数据中心。
在利润率方面，公司预计燃料成本将在第二季度继续对EBITDA构成压力。管理层估计影响幅度约为EBITDA利润率的2.5%至3%，其中约一半已在第一季度体现，其余部分预计将随铁塔合同重置在第二季度显现。若尼日利亚燃料价格保持相对低位，第三季度或将迎来一定程度的缓解。
非洲爱彼迎电信集团还确认，计划推进Airtel Money的IPO，首选上市地点为伦敦，具体时间定于2026年，视市场情况而定。


首席执行官苏尼尔·图尔达尔（Sunil Tuldar）表示，公司营收增长体现了市场的广泛性。他说：「集团营收达18.5亿美元，按固定汇率增长逾21%，尽管已不再受益于尼日利亚资费调整带来的红利。」
他还着重指出公司在数据业务上的强劲势头。图尔达尔表示：「我们网络上的智能手机数量增长逾24%，普及率提升逾5个百分点至51%。」他补充道，数据ARPU按固定汇率增长10.3%，数据营收增长27.2%。
图尔达尔将公司的资本支出策略定性为主动布局。他表示：「我们全年指引维持在11亿美元不变。今年我们实际上是将资本支出进行了前置安排，这更多是节奏上的调整，而非方向上的改变。」
首席财务官卡马尔·杜阿（Kamal Dua）表示，下一季度的燃料成本已部分锁定。他说：「根据合同约定，第二季度的费率已经锁定。」他补充称，燃料价格下降带来的任何缓解效果，可能要到第三季度才会显现。






分析师重点关注尼日利亚增长前景、燃料成本、资本支出及Airtel Money IPO等议题。花旗等机构的提问集中于：在资费调整红利完全消退后，尼日利亚29%至30%的增速能否持续。管理层表示，增长由潜在需求驱动，并非一次性定价行为所致。
燃料通胀同样是问答环节的重要议题。首席财务官表示，预期利润率影响中约有一半已在第一季度体现，其余部分将在第二季度显现。分析师还就资本支出是否可能进一步增加提出质疑，管理层明确表示全年11亿美元的目标不变。
关于Airtel Money IPO的提问获得了明确答复：公司仍计划推进该业务上市，首选地点为伦敦，具体视市场情况而定。分析师还就卫星技术提出询问，管理层将其定位为对地面网络的补充，而非直接竞争威胁。
在尼日利亚竞争格局方面，管理层未直接评论竞争对手，但表示对数据和语音业务的增长感到满意，且尽管油价上涨和通胀压力持续，目前未见消费需求走弱的迹象。

本文由人工智能协助翻译。更多信息，请参见我们的使用条款。"
伊朗战火未熄，油价“安全垫”已烧穿：美国经济正直面一场柴油风暴,2026-7-23 08:27,https://cn.investing.com/news/stock-market-news/article-3474271,,"智通财经APP获悉，伊朗战争导致的能源市场动荡，正让美国经济暴露于前所未有的脆弱之中。美国经济向来韧性十足，但昔日能缓冲油价暴涨的 “安全垫”，如今已日渐稀薄。归根结底，即使今夏的实际战事比冲突初期更为收敛，这场战争仍将侵蚀美国民众的生活水平。
从美国总统特朗普的角度来看，既然已主动重启与伊朗的直接军事对抗，他在保护美国民众免受经济冲击方面，已几乎无计可施。
白宫方面则表示，特朗普始终对美国人民坦诚相待，并坚称油价将很快回落。白宫发言人泰勒·罗杰斯在一封电子邮件中称：“随着美国军方持续削弱伊朗恐怖主义政权攻击商船、扰乱霍尔木兹海峡能源自由流通的能力，石油和天然气价格将迅速回落至冲突前水平。”
但近日亲临加油站的每一位消费者，都已切身感受到油价上涨带来的压力。据美国汽车协会(AAA)数据，本周三全美平均汽油价格达每加仑4.06美元，较一周前的3.89美元上涨4.4%。
这无疑令人痛苦。然而，要全面评估经济影响，更应关注柴油价格。荷兰合作银行美洲及能源市场策略主管克里斯蒂安·劳伦斯表示：“因为柴油无疑是美国经济的命脉。”
美国能源信息署(EIA)的基准柴油价格上周飙升近34美分，至每加仑5.13美元，创下自今年3月战争爆发首周以来的最大单周涨幅。这一数据直接决定航空公司等企业向消费者征收的燃油附加费，进而将涨价压力传导至全美经济的每个角落。
当然，此类情形并非首次出现。今年3月战争爆发之初，油价飙升，汽油和柴油价格随之跟涨，但几周后战事暂停，油价一度回落。如今，随着美伊双方定期传出试图达成新一轮停火协议的消息，人们或许以为油价重回低位仅差总统在“真相社交”平台上的一次发声。
遗憾的是，局势已今非昔比，尤其是在对经济至关重要的柴油领域。
劳伦斯指出：“目前存在一种非对称关系——如果油价上涨，柴油价格必然跟涨;但如果油价下跌，柴油价格或许只会小幅回落，总体仍将维持在较高水平。”
问题根源在于炼油环节——将原油转化为车用成品油的产能瓶颈日益凸显。EIA周三表示，美国炼油厂产能利用率已达96.1%。
若能在该水平上进一步增产，炼油厂早已付诸行动。战争爆发后，美国炼油厂开足马力，为突然失去中东供应商的欧洲市场生产航空燃油等产品。
战争初期被消耗殆尽的库存，至今未能在夏季需求高峰来临前得到补充。EIA上周报告称，自6月初以来，位于俄克拉荷马州库欣的关键交割点的原油库存已降至所谓的“罐底”水平——即剩余液体已无法从物理上被抽出。
据EIA数据，美国战略石油储备已降至3.11亿桶，为1983年3月以来的最低水平。
不止伊朗，俄乌冲突仍在持续。美国银行全球研究分析师指出，过去三个月内，乌克兰已对俄罗斯34家最大炼油厂中的24家发动袭击。俄罗斯已从柴油等产品的供应国转变为进口国，而与此同时，中国正试图补充自身库存。
据国际能源署(IEA)数据，尽管霍尔木兹海峡的船只遭袭风险依然存在，但目前通过该水道的石油流量已超过3月危机最严重时期。然而，这些原油在转化为对全球经济有用的产品之前，无法惠及任何一方。因此，布伦特原油等基准价格(截至发稿约为每桶96美元)作为经济指标的重要性，已不及消费者实际支付的零售价格。
上述种种虽尚不足以构成即刻的经济危机，但却进一步加剧了多年来困扰美国民众的负担压力。上周公布的通胀数据带来意外利好——6月消费者价格指数同比涨幅为3.5%，优于市场预期。然而，这种喘息之机很可能只是暂时的。能源价格上涨将侵蚀工资增长，迫使美国人更多地动用储蓄。
上周发布的一项全美经济调查显示，37%的美国选民表示，由于食品和汽油价格上涨，他们更频繁地使用信用卡支付日常开销。随着战争持续，这一比例自4月以来已上升6个百分点。
美国政府已试图采取措施止血，包括大规模释放战略石油储备、放宽对承运燃料及其他商品船舶的限制，以及减轻对俄罗斯和伊朗石油的制裁。然而，这些举措的效应很可能已被市场消化，且目前尚不清楚政府短期内还有哪些政策工具可用。
唯有冲突彻底结束，油价才可能回落;但至少在劳动节(9月初)前，汽油与柴油价格或维持高位——夏季尾声出行需求下降后，压力才会略有缓解。长期来看，需求激增终将推动新炼油厂建设。
“但这需要时间，短期内没有解决方案，”劳伦斯表示。"
纽蒙特Q2 2026业绩未达预期，股价盘后下滑,2026-7-24 06:58,https://cn.investing.com/news/transcripts/article-93CH-3476744,,"纽蒙特公司（Newmont Corp.）公布2026年第二季度调整后每股收益为$2.10，营收为$61.2亿，均未达到华尔街预期的每股$2.12及$63.8亿的营收目标。这家黄金矿业巨头表示，全年业绩指引仍维持不变，但其股价在盘后交易中下跌至$93.45，较常规交易收盘价$94.72下跌1.34%。该股当日正常交易已下跌1.08%，目前股价低于52周高点$134.88，但远高于52周低点$59.96。






纽蒙特表示，尽管报告营收低于预期，公司在第二季度仍实现了稳健的运营执行。本季度公司旗下矿山共生产黄金130万盎司、铜1.7万吨及白银700万盎司。
管理层表示，本季度现金生成表现突出，调整后EBITDA达$38亿，扣除营运资本变动后的经营现金流为$29亿，自由现金流达$22亿，创第二季度历史新高。
业绩同时体现了高金价带来的显著收益。纽蒙特表示，黄金实现价格同比上涨33%，而销售适用成本的绝对值仅增长4%。这一差距有效支撑了利润率，即便公司面临燃料成本上升及其他通胀压力。



公司目前市盈率为12.25倍，市盈增长比率（PEG）仅为0.16，显示出相对于增长潜力的较高估值吸引力。根据InvestingPro的分析，纽蒙特目前股价低于其公允价值估算，存在低估迹象。投资者可通过该平台查看NEM的详细估值指标及13条额外专业分析提示。


纽蒙特公布调整后每股收益为$2.10，低于市场一致预期的$2.12，差距为$0.02，偏差率约0.94%。营收$61.2亿较预期的$63.8亿低$2.6亿，偏差率约4.08%。
每股收益的差距较小，但营收的缺口相对明显。对于矿业公司而言，营收受金属价格、产量时间节点及副产品结构等多重因素影响，营收未达预期并不一定反映深层次的运营问题。本季度，公司着重强调了强劲的现金流、创纪录的自由现金流及稳定的产量表现，一定程度上缓解了市场对业绩未达预期的担忧。


财报发布后股价走低，显示投资者更关注营收未达预期，而非公司强劲的现金生成能力及重申的全年展望。常规交易收盘价为$94.72，当日下跌1.08%，盘后交易进一步下跌1.34%至$93.45。
此次下跌使股价较前一交易日收盘价低约2.4%。尽管如此，该股仍远高于52周低点，且低于52周高点，表明市场仍认可公司的资产基础及现金流状况。报告中未提及异常交易量信息。


纽蒙特表示，公司仍有望实现2026年全年业绩指引。管理层维持黄金全维持成本目标每盎司$1,680不变，维持成本资本指引$19.5亿及开发资本指引$14亿均保持不变。
公司表示，第三季度产量预计与第二季度基本持平，第四季度有望实现改善。管理层预计第四季度将是全年最强的季度，届时利希尔（Lihir）矿山将完成计划维护，阿哈福北部（Ahafo North）矿山将达到满负荷运营状态。
纽蒙特还表示：



首席执行官纳塔莎·维尔约恩（Natascha Viljoen）表示，公司上半年的表现为全年目标奠定了坚实基础。她说：""我们强劲的上半年业绩，使我们有充分的信心继续履行承诺，并为股东持续创造价值。""
首席财务官布莱恩·塔博尔特（Brian Tabolt）着重指出公司的运营杠杆优势。他表示：""第二季度业绩充分体现了我们投资组合中蕴含的显著运营杠杆效应""，并指出黄金实现价格上涨约33%，而销售适用成本仅增长4%。
塔博尔特还重点介绍了资本回报情况。他表示，自两年多前启动股票回购计划以来，公司已累计减少逾1亿股，约占总股本的9%。他补充称，现行框架有望在下次年度审查时将季度股息从每股$0.26提升至$0.27。






分析师就多个议题向管理层提问，包括红克里斯项目最终投资决策的推进路径、高油价的影响、卡迪亚矿山的重启进程，以及公司的长期产量展望。
关于红克里斯项目，管理层表示可行性研究仍在完善中，由于通胀因素，资本成本可能高于原先预期。公司预计将于2026年底前完成该研究。
关于卡迪亚矿山的提问，分析师重点关注为何现有矿洞可以重启而新矿洞开发仍暂停。维尔约恩表示，成熟矿洞的地震活动已恢复至背景水平，而新矿洞开发需要额外的安全工作及监管审批。
分析师还就纽蒙特如何随时间推移恢复更高产量水平提出疑问。维尔约恩表示，公司中期内对卡迪亚的依赖程度已有所降低，并将阿哈福北部、利希尔、塞罗内格罗（Cerro Negro）、塔纳米（Tanami）及其他棕地扩建机会列为未来增长驱动力。
另一个讨论焦点是资本回报。塔博尔特表示，公司净现金水平略高于目标区间上限，股票回购为纽蒙特管理超额现金提供了灵活性。
关于加纳的提问集中于政治和财政风险。维尔约恩表示，公司正积极与当地政府沟通，致力于达成面向未来的协议，以支持长期投资稳定性。

本文由人工智能协助翻译。更多信息，请参见我们的使用条款。"
雷普索尔二季度业绩大幅跃升，炼油业务强劲驱动增长,2026-7-23 19:38,https://cn.investing.com/news/transcripts/article-93CH-3475509,,"西班牙能源巨头雷普索尔（Repsol）公布，今年第二季度调整后净利润大幅攀升，主要受益于炼油及工业业务的强劲表现。与此同时，公司还宣布阿拉斯加Pikka项目实现首次产油，并成功降低了债务水平。公司未在所提供的数据中披露每股收益或营收数字，但分析师此前预期每股收益为$1.49，营收为$235.9亿。雷普索尔股价盘前上涨3.89%，报$26.42，接近52周高点$26.525。






雷普索尔本季度业绩较去年同期大幅改善，主要得益于工业部门的出色表现。管理层表示，全球石油产品市场供应偏紧，尤其是柴油和航空燃油，推动炼油业务受益明显；化工业务在连续两年亏损后也实现扭亏为盈；贸易业务同样贡献显著。
上游业务亦有所改善。本季度日均产量达55.8万桶油当量，为近两年来最高水平，较第一季度提升4%。7月下旬，受阿拉斯加Pikka项目投产及美国业务量提升带动，日产量已升至约58万至58.5万桶。
雷普索尔表示，本季度业绩折射出复杂的地缘政治背景——霍尔木兹海峡局势紧张及俄罗斯局势支撑了油品价格和炼油利润率。这一环境提振了公司盈利，但也促使公司在西班牙增加库存储备，以保障燃料供应安全。






由于所提供数据中未包含公司的每股收益及营收数字，无法与市场一致预期（每股$1.49、营收$235.9亿）进行直接比较。
尽管如此，从经营层面来看，本季度表现依然亮眼。调整后净利润较去年同期翻逾一倍，上半年利润增长135%，显示出盈利环境的显著改善，尤其是炼油和工业板块。
对投资者而言，关键问题在于：一旦大宗商品价格和炼油条件趋于正常化，这些收益能否持续？管理层认为，即便地缘政治紧张局势缓和，利润率仍将保持在健康水平。


雷普索尔股价上涨3.89%，报$26.42，较前收盘价$25.43上涨$0.99，盘前交易中已接近52周高点$26.525。
股价上涨表明投资者对强劲的盈利趋势、更大规模的回购计划以及改善的产量前景持欢迎态度。股价处于年内区间高位，也说明市场已对公司炼油业务的改善和资产负债表的优化给予了积极回应。
由于未提供成交量数据，无法判断此次上涨是否伴随异常活跃的交易。


雷普索尔维持全年产量指引不变，预计日产量在56万至57万桶油当量之间，管理层表示实际产量有望落在区间高端。公司表示，7月下旬日产量已达约58万至58.5万桶。
管理层还指出了多项增长驱动因素：

在资本回报方面，雷普索尔表示将通过股息和回购方式分配经营性现金流的30%至40%。据InvestingPro数据，公司已连续35年保持股息分配，并已连续五年提高股息。公司计划在完成第一期回购、扩大第二期回购规模后，于10月宣布第三期回购计划。
公司维持全年净资本支出约27亿欧元的计划不变。


首席执行官Josu Jon Imaz表示，尽管面临""高度波动的大宗商品环境""和地缘政治紧张局势，本季度仍取得了""强劲的财务业绩""。
他表示，中东冲突凸显了""供应安全、能源来源多元化、国内资源开发以及保护欧盟炼油产能的重要性""。
谈及阿拉斯加业务，Imaz将Pikka项目的首次产油称为""巩固美国作为我们增长主要驱动力之一的重要里程碑""。
他还强调，股东回报始终是公司战略的核心：""股东回报将继续是我们的首要任务。""






分析师重点关注资本回报、炼油利润率、产量增长及委内瑞拉业务等议题。
多位分析师询问雷普索尔是否会从股票回购转向特别股息，管理层表示目前无需引入新的回报机制，将继续维持30%至40%的现金回报框架。公司同时表示，回购的唯一技术限制是股东大会批准的10%股本上限。
针对炼油溢价的提问，管理层表示，每桶约$2至$2.2来自生物燃料，其余部分则反映了原油品种优化和产品收率调整的贡献。
阿拉斯加业务也是讨论的重要主题。管理层表示，Quokka项目的开发规模有望与Pikka相当，但仍需进一步评估勘探工作。Pikka二期项目的最终投资决策预计将于2027年启动审议。
关于委内瑞拉的问题集中在货物支付方式和未来产量增长上。雷普索尔表示，货物收益正用于支付天然气费用及石油资产投资，公司对该国的增长计划保持信心。
分析师还就美国勘探与生产业务的独立上市问题进行了追问。管理层表示，这仍是一个可选方案，但并非优先事项，且不会在2026年内实施。

本文由人工智能协助翻译。更多信息，请参见我们的使用条款。"
《可再生能源发展“十五五”规划》：2030年可再生能源消费总量达到18亿吨标准煤左右,2026-7-23 09:20,https://cn.investing.com/news/stock-market-news/article-3474321,,"智通财经APP获悉，近日，国家发展改革委、国家能源局印发《可再生能源发展“十五五”规划》的通知。其中提到，到2030年，可再生能源消费总量达到18亿吨标准煤左右。发电目标。2030年，可再生能源发电总装机达到35亿千瓦左右，年发电量达到6万亿千瓦时左右；风电和太阳能发电总装机达到28亿千瓦以上、装机占比超过50%，年发电量4万亿千瓦时以上，发电量占比达到30%。非电利用目标。2030年，可再生能源非电利用总规模较2025年增长1.5倍，折合约1.5亿吨标准煤。
在引导可再生能源产业向高端化、智能化升级，培育能源领域新质生产力方面，《规划》以科技创新为引领、以产业升级为支撑、以市场化运营为突破，着力加快培育能源领域新质生产力。
一是加强技术创新攻关。加强新能源及可再生能源相关学科专业布局建设。聚焦可再生能源可靠替代，推动大基地100%绿电输送、构网型、多时间尺度功率预测等先进技术装备攻关和规模化应用。加强千米水头段巨型冲击式水电机组、面向太空的太阳能发电等前沿技术和高端装备攻关。持续推进“沙戈荒”大基地、深远海海上风电等工程技术创新及应用，加快人工智能技术应用，推动产业迭代升级。
二是推动全产业链升级。依托超大市场规模和丰富应用场景，持续加强资源优化配置，推动产业高端化、智能化发展。聚焦可再生能源领域关键技术装备，加强国产装备研发应用。在大型可再生能源基地中加大先进技术装备规模化应用。培育退役新能源设备循环利用产业链。完善可再生能源产业标准和认证体系，加快制定系统友好型新能源电站等标准。
三是提升市场化运营能力。提升新能源气象预报供给水平和功率预测精度，增强电力市场交易履约能力。应用人工智能等技术提升新能源参与电力市场的智能决策能力。支持区域新能源场站群一体化集控运维，提升电力市场运营收益。加快培育新能源发电专业运营商。
原文如下：
《可再生能源发展“十五五”规划》答记者问
近日，国家发展改革委、国家能源局联合印发《可再生能源发展“十五五”规划》(以下简称《规划》)。《规划》对“十五五”期间推动可再生能源高质量发展作出哪些部署?记者专访了国家发展改革委、国家能源局有关负责同志。
问题1：“十五五”时期我国可再生能源发展面临哪些新形势?《规划》提出“十五五”时期要以“扩量提质、可靠替代”为主线，我们应如何准确把握这一主线的深刻内涵?
答：“十四五”以来，我国已构建起全球最大、发展最快的可再生能源体系，形成了全球最大、最完整的新能源产业链。截至2025年底，全国可再生能源发电装机在电力总装机中占比突破60%，风电、光伏装机规模达18.4亿千瓦，历史性超过火电，清洁电力供给能力大幅增强，绿色转型贡献更加突出。
“十五五”及今后一段时期是全球能源向低碳零碳转型的加速期，我国将确保如期实现碳达峰目标，开启应对气候变化新征程，可再生能源对经济社会发展全面绿色转型的主要支撑作用更加凸显。从国际看，近期国际能源安全形势更加复杂严峻，今年美以伊战争等地缘冲突持续扰动全球油气供应链，能源通道安全不确定性显著上升，倒逼各国加快以可再生能源替代化石能源的进程。与此同时，新一轮科技革命和产业变革加速突破，人工智能赋能能源转型的技术路径和应用场景不断拓展，全球可再生能源发展空间更加广阔。从国内看，可再生能源发展机遇与挑战并存，进一步高质量发展任重道远。我国能源电力消费需求将保持较快增长态势，叠加国际油气、关键矿产供应链波动加剧，能源本质安全风险持续凸显，统筹能源安全保障和绿色低碳转型任务艰巨。与此同时，可再生能源技术、成本和产业优势持续增强，但也面临要素供给、消纳压力、市场收益和绿色价值实现等问题，亟需创新发展方式、提升发展质量。
面对新形势新要求，“十五五”期间可再生能源要在“十四五”高质量跃升发展的基础上，进一步实现“扩量提质、可靠替代”。“扩量提质”，就是要综合考虑能源安全供应和绿色低碳转型需要，一方面保持合理发展规模和节奏，通过量的平稳增长，持续提高可再生能源供给比重，为全国如期实现碳达峰目标筑牢低碳转型基础，另一方面不断提高可再生能源开发、输送和利用综合效率，实现行业发展质的提升，增强可再生能源的市场竞争力和发展效益。“可靠替代”，就是要坚持先立后破、破立并举，进一步推动可再生能源加快“立起来”“靠得住”，逐步实现对传统能源的安全可靠替代，特别是加快提升新能源发电的系统友好性能，逐步推动可再生能源向兼具电量供应、容量支撑和系统调节能力的主力电源转变，为构建清洁低碳安全高效的新型能源体系夯实绿色能源支撑。
问题2：实现碳达峰，能源是主战场，可再生能源是主力军。《规划》在统筹能源安全和低碳转型方面，设定了哪些新目标，提出了哪些新要求，部署了哪些新任务?
答：锚定我国碳达峰目标，为助力加快新型能源体系建设，《规划》设置了4个方面的主要目标：一是总量目标，到2030年，可再生能源消费总量达到18亿吨标准煤左右。二是发电目标，到2030年，可再生能源发电总装机达到35亿千瓦左右，年发电量达到6万亿千瓦时左右;风电和太阳能发电总装机达到28亿千瓦以上、装机占比超过50%，年发电量达到4万亿千瓦时以上、发电量占比达到30%。三是非电利用目标，到2030年，可再生能源非电利用总规模较2025年增长1.5倍，折合约1.5亿吨标准煤。四是可靠替代目标，到2030年，全国风电光伏平均置信出力达到8%，迎峰度夏度冬晚高峰风电光伏电量占比达到20%以上，“十五五”期间新增可再生能源可靠顶峰发电能力3亿千瓦以上。
为落实上述目标，《规划》深入践行能源安全新战略，重点把握三个原则。一是坚持集成融合，推动可再生能源不同品种间、可再生能源与其他能源间多能互补集成，可再生能源生产与消费融合集成，可再生能源产业链上下游一体集成，促进可再生能源与其他产业整体式发展，提升可再生能源发展自主性。二是坚持多元协同，加强目标协同、电源协同、网源协同和要素协同，统筹可再生能源高质量发展与传统能源兜底保障、电网调节支撑、用地用海要素保障等关系，强化规划引领和政策协同，推动形成强大合力。三是坚持高效有序，将效率和效益置于更加重要的位置，强化项目全生命周期成本管控和精益化管理，增强新能源在市场竞争中的内生动力与比较优势，促进形成合理的度电收入和度电收益，推动可再生能源可持续健康发展。
为进一步推动可再生能源高质量发展，《规划》作出七方面重点任务部署：一是积极扩大可再生能源电力供给，优化“三北”风电光伏基地、海上风电、水风光一体化和分布式新能源布局，积极推动生物质、光热及海洋能发电发展;二是加快提升电力可靠替代能力，推进系统友好型风光电站、新能源多能一体化和抽水蓄能建设，提升负荷与新能源协同运行水平;三是推动可再生能源非电利用实现突破，积极发展绿色氢氨醇、风光供热，因地制宜推进生物质能多元高效利用和地热能供暖(制冷);四是全面提升可再生能源消费水平，落实可再生能源消费最低比重目标，实施可再生能源替代行动;五是巩固拓展可再生能源技术和产业优势，强化技术创新攻关和产业链供应链建设，提升新能源电站市场化运营能力;六是健全保障行业高质量发展的政策体系和长效机制，持续完善法律法规、市场交易、价格形成、绿证绿电和要素保障等;七是深化可再生能源项目、产业、标准和认证等领域高水平国际合作。
问题3：为实现2030年可再生能源发电总装机达到35亿千瓦左右的目标，《规划》对全国可再生能源电力开发布局做了哪些重点安排?如何体现集中式与分布式并举?
答：《规划》立足不同地区资源禀赋、负荷分布、电网条件和产业基础，坚持集中式与分布式并举、陆上与海上并重，着力优化可再生能源电力开发布局，持续增强可再生能源电力供给能力。
集中式开发方面，一是加快“三北”风电光伏基地建设，以“沙戈荒”新能源基地为重点，深入推进新疆、黄河上游、河西走廊、黄河“几字弯”、冀北、松辽等风电光伏基地建设，科学推进光伏治沙，推动以抽水蓄能、光热发电、新型储能等为主要支撑调节电源的100%绿电外送基地试点。“十五五”期间，“三北”风电光伏基地新增装机3.7亿千瓦以上。二是推动海上风电规范有序建设，面向渤海、黄海、东海和南海四大海域，持续加快近海海上风电建设，大力推进深远海海上风电基地布局建设，鼓励海上风电与海上光伏、海洋能、海洋油气、海底算力等业态融合发展。“十五五”期间，全国海上风电新增开工规模1亿千瓦左右，2030年累计装机规模达到1亿千瓦以上。三是以水风光一体化为重点推进水电开发建设，统筹水电开发和生态保护，兼顾水利、航运等需要，积极稳妥推进雅鲁藏布江下游等重大水电工程开发建设，科学有序开展存量水电灵活性提升改造，加快流域水风光一体化基地规划建设。到2030年，全国常规水电装机规模达到4.1亿千瓦左右。四是因地制宜开发各地集中式新能源，结合传统产业绿色转型、高载能产业转移和新兴产业发展等，支持各地合理开发建设集中式新能源项目。
分布式开发方面，《规划》明确以中东南部等地区为重点，面向工商业、交通、建筑和农业等四个重点领域，推动分布式新能源多场景多元化开发和空间集约复合利用，“十五五”期间全国分布式新能源新增装机3亿千瓦以上。一是推进分布式新能源与工商业集成发展，在工业园区、经济开发区等工商业聚集区，积极推进分布式光伏和分散式风电开发，加快工业绿色微电网建设。二是推进分布式新能源与交通多场景融合，鼓励交通基础设施沿线分布式新能源与周边用能设施一体化开发建设，建设一批“零碳公路”，积极拓展交能融合分布式新能源开发利用空间。三是强化建筑领域分布式光伏一体化开发和综合利用，开展新建公共建筑光伏一体化试点，结合分布式储能和充电桩提升建筑光伏自消纳水平，提高建筑光伏安全和风貌水平。四是加快分布式新能源与农业融合发展，加强农村可再生能源多元化开发利用，深入推进“千乡万村驭风行动”“千家万户沐光行动”，因地制宜建设村级光伏帮扶电站。
问题4：我国可再生能源发电装机比重已达到60%，风电、光伏发电总装机已历史性超过火电。《规划》部署了哪些具体措施，推动“十五五”可再生能源在实现更大规模、更高比例发展的同时，更好服务电力系统安全可靠和经济高效运行?
答：电力系统的安全稳定运行需要充足的电量，也需要不间断的可靠电力。《规划》从电量、电力两方面进一步提升可再生能源对电力系统的支撑。
电量方面，《规划》提出到2030年我国可再生能源年发电量达到6万亿千瓦时左右、风电和太阳能发电年发电量达到4万亿千瓦时以上的目标，届时我国发电量结构将呈现“半数非化石、近半可再生、三成新能源”特征。电力方面，《规划》首次提出可再生能源电力可靠替代能力提升目标和任务，聚焦电力保供关键场景，设置风电光伏平均置信出力、新增可再生能源可靠顶峰发电能力、迎峰度夏度冬晚高峰风电光伏电量占比等目标，并部署4项任务举措。
一是提升风光电站系统友好性能。加快建设系统友好型风光电站，重点增强电站可靠顶峰发电能力，因地制宜提升涉网性能和对系统安全稳定运行的主动支撑。对新建项目，提升技术要求，加大构网型、高精度功率预测、一体化调度等先进技术装备应用。到2030年新建集中式风光电站置信出力原则上不低于10%，鼓励具备条件的项目超过20%。对存量项目，结合老旧风光电站升级改造，鼓励通过改建扩容、合理增配储能等方式，协同提高发电效率和系统友好性能，稳妥有序推进涉网性能改造。
二是推动新能源多能一体化发展。《规划》提出三种一体化模式：第一，科学推动风电与光伏发电同场或就近布局建设，共享场内外输变电设施，实施联合功率预测预报与一体化运行。第二，推动光热发电与风电光伏协同建设运营，在西北、西南等光热资源条件好的地区，建设一批“光热+风电光伏”一体化项目。第三，推动生物质发电与风电光伏一体化发展，在东北等风光和生物质资源富集地区，探索就近布局建设、集中打捆接入电力系统。
三是促进抽水蓄能高质量发展。《规划》明确两方面举措。第一，滚动开展服务电力系统抽水蓄能需求规模论证研究，积极推进在建项目建设投运，力争“十五五”期间新增投产服务电力系统抽水蓄能项目1亿千瓦左右。第二，依托西南水风光一体化基地、“三北”风电光伏基地、沿海核电基地等，科学规划建设服务特定电源的抽水蓄能电站。
四是提升负荷与新能源的适配性。推进可靠替代，既要增强源侧调节支撑，也要提高负荷侧适配能力。发展与新能源发电特性相匹配的灵活用电负荷，通过价格信号引导灵活负荷向新能源大发时段转移，鼓励虚拟电厂等资源聚合模式发展，支持源网荷储一体化、绿电直连、智能微电网等新能源就近消纳新业态，打造一批高水平消纳新能源的零碳工厂、零碳园区。
问题5：《规划》将“十五五”时期可再生能源非电利用的定位为“突破”。请问为实现这一转变，“十五五”时期在非电利用方面有哪些重点安排?
答：以电为核心、以非电为突破，是“十五五”时期可再生能源高质量发展的路径。考虑风光资源富集地区本地负荷增长有限、大规模远距离外送制约因素增多等问题挑战，拓展非电利用途径，是突破新能源电力消纳瓶颈的需要，也是拓展新能源对传统化石能源替代深度广度的内在要求。
经过多年培育，我国绿色氢氨醇等产业快速发展，截至2025年底，我国已建成绿氢、绿氨、绿色甲醇产能分别约25万吨、65万吨和38万吨，均占全球产能一半以上，产业基础逐步夯实，初步具备规模化开发利用的基础。同时也看到，当前可再生能源非电利用在我国能源消费中占比仅1%左右，与工业、交通、建筑等重点行业的燃料、原料、热力深度脱碳需求相比还有较大空间，与同类传统化石能源产品相比价格竞争力也有待进一步提升，需要加快推进规模化发展。
一是科学布局发展绿色氢氨醇。结合“沙戈荒”等新能源基地布局，推进绿色氢氨醇综合产业基地建设，到2030年全国可再生能源制氢规模达到200万吨。在东北地区规划建设以外送为主的绿色氢氨醇规模化生产基地;在黄河“几字弯”、华北北部、天山北麓等地区，规划建设以就近利用为主的绿色氢氨醇综合产业基地。
二是积极推进风光供热供暖。针对钢铁、水泥、化工、纺织、医药、造纸、食品加工等工业领域用热需求，合理配置聚光集热、储热储电系统，实现高比例风光供热。针对城乡供暖需求，因地制宜应用“风光+蓄热电锅炉”、分布式新能源耦合电热泵等供暖(制冷)技术，拓展居民清洁供暖途径。
三是因地制宜推进生物质能多元高效利用。稳步推进生物质供热供暖应用和生物天然气产业化发展，积极发展生物柴油、非粮燃料乙醇、生物航空煤油等非粮生物液体燃料，与农业农村有机废弃物、城乡生活垃圾等资源化利用协同发展。
四是因地制宜推进地热能供暖(制冷)。开展地热能高质量开发利用试点。在具备大面积铺设地埋管条件的城镇地区建设浅层地热能集群化利用试点工程，在农村能源革命试点地区因地制宜开展浅层地热能供暖试点工程，在北京城市副中心、雄安新区、咸阳等中深层地热资源丰富的地区开展地热能高质量开发利用试点工程。
问题6：全面提升可再生能源消费水平是实现“双碳”目标的重要抓手。请问《规划》在提升工业、交通、建筑、数据中心等重点领域可再生能源消费方面，提出了哪些具体举措?
答：《规划》坚持强制与自愿并举，着力推动提升全社会可再生能源消费水平。在强制消费方面，全面实施可再生能源消费最低比重目标制度，逐步扩大可再生能源电力强制消费行业领域范围。加快建立可再生能源非电利用监测、统计和核算体系。在自愿消费方面，在丰富可再生能源消费服务基础上，鼓励公共机构优先利用可再生能源，支持重点用能行业进一步提升可再生能源消费比例，鼓励大型活动等100%消费可再生能源。
针对重点领域，《规划》提出大力实施可再生能源替代行动，分领域提出了具体举措。在工业领域，推动重点用能行业生产工艺与用能技术升级改造，有序引导提升电炉应用比例，扩大工业领域绿电应用。加快推动煤炭、油气勘探开发用能可再生能源替代，促进可再生能源装备制造产业“以绿制(造)绿”。拓展可再生能源工业供热场景，推进绿色氢氨醇在工业领域规模化应用。因地制宜建设零碳工厂，协同推进工业绿色微电网建设与应用。
在交通领域，推动车船充(换)电等补能基础设施建设，加快推动新能源重卡规模化利用，推动新能源汽车“绿车充绿电”。扩大绿色氢氨醇、可持续航空燃料等在交通领域应用。
在建筑领域，要把优先利用可再生能源纳入城镇规划、建设、更新和改造，因地制宜推动新建公共建筑用能全面电气化，推进太阳能、地热能、环境热能等在建筑供暖(制冷)中的应用。
在数字基础设施领域，引导新建数据中心与可再生能源发电协同规划布局，分类挖掘算力负荷时空调节潜力，创新绿电直连、源网荷储一体化等方式，稳步提高数字基础设施绿色电力消费水平。
在乡村领域，探索“绿色能源+特色产业”融合发展模式，引导消费可再生能源，推动散煤替代，促进乡村特色产业提质增效。
问题7：“十五五”是推动能源科技自立自强关键期，《规划》在引导可再生能源产业向高端化、智能化升级，培育能源领域新质生产力方面有哪些重点部署?
答：面向可再生能源发展重大需求，《规划》以科技创新为引领、以产业升级为支撑、以市场化运营为突破，着力加快培育能源领域新质生产力。
一是加强技术创新攻关。加强新能源及可再生能源相关学科专业布局建设。聚焦可再生能源可靠替代，推动大基地100%绿电输送、构网型、多时间尺度功率预测等先进技术装备攻关和规模化应用。加强千米水头段巨型冲击式水电机组、面向太空的太阳能发电等前沿技术和高端装备攻关。持续推进“沙戈荒”大基地、深远海海上风电等工程技术创新及应用，加快人工智能技术应用，推动产业迭代升级。
二是推动全产业链升级。依托超大市场规模和丰富应用场景，持续加强资源优化配置，推动产业高端化、智能化发展。聚焦可再生能源领域关键技术装备，加强国产装备研发应用。在大型可再生能源基地中加大先进技术装备规模化应用。培育退役新能源设备循环利用产业链。完善可再生能源产业标准和认证体系，加快制定系统友好型新能源电站等标准。
三是提升市场化运营能力。提升新能源气象预报供给水平和功率预测精度，增强电力市场交易履约能力。应用人工智能等技术提升新能源参与电力市场的智能决策能力。支持区域新能源场站群一体化集控运维，提升电力市场运营收益。推动新能源发电企业加强专业力量投入，充分研究、参与并适应市场，支持签订多年期购电协议、合同能源管理协议。加快培育新能源发电专业运营商。
问题8：为支撑《规划》各项目标任务落地，请问在体制机制改革和政策保障方面，有哪些重点部署?
答：为保障各项目标任务落地，《规划》坚持有效市场和有为政府相结合，从法律法规、发展机制、市场机制、要素保障机制等方面，健全可再生能源高质量发展政策体系和长效机制。
一是健全可再生能源发展法律法规。推动加快修订可再生能源法，以修法进一步凝聚共识、破除体制机制障碍，完善全面市场化新阶段下可再生能源高质量发展的重要制度设计，做好可再生能源法宣传贯彻，为“十五五”及更长一段时期可再生能源高质量发展提供坚强法治保障。
二是优化可再生能源发展机制。健全可再生能源消费促进机制，落实可再生能源消费最低比重目标。完善可再生能源协调发展机制，强化可再生能源电力消纳责任权重制度，更好推进网源协同。完善可再生能源开发建设管理机制，增强深远海海上风电、水风光一体化创新发展等政策供给。加强可再生能源规划建设、并网消纳、交易调度等监管。
三是完善可再生能源市场化发展机制。持续完善适应新能源大规模高比例发展、全面入市的电力市场规则体系，推动大基地整体参与电力市场交易，优化集中式新能源报价方式，鼓励分布式新能源聚合交易。完善新能源可持续发展价格结算机制，研究海上风电送出工程成本疏导机制，完善抽水蓄能、新型储能等调节性资源容量电价机制，有序建立可靠容量补偿机制，完善绿证绿电交易机制。
四是强化可再生能源发展要素保障。资源空间方面，在试点基础上开展全国风电光伏资源普查，推进观测网和可开发资源数据库建设，研究制定适应新能源特点的空间复合利用政策。财政金融方面，推动绿色金融产品和服务创新，拓宽直接融资渠道。电力系统支撑保障方面，适度超前建设电网基础设施，推进配电网、智能微电网与主干电网一体发展，加强各类调节性资源规划建设和科学调用，强化电力系统对新能源的接纳、配置和调控能力。
国家发展改革委 国家能源局关于印发《可再生能源发展“十五五”规划》的通知
各省、自治区、直辖市、新疆生产建设兵团发展改革、能源主管部门，国家能源局各派出机构，有关中央企业：
为深入贯彻党的二十大和二十届历次全会精神，认真落实四中全会部署，深入践行“四个革命、一个合作”能源安全新战略，锚定碳达峰碳中和目标，推动可再生能源高质量发展，根据《中华人民共和国国民经济和社会发展第十五个五年规划纲要》和《新型能源体系建设“十五五”规划》有关要求，我们组织编制了《可再生能源发展“十五五”规划》。现印发给你们，请遵照执行。
本文编选自“国家发改委”官网，智通财经编辑：蒋远华。"
财报电话会议实录：HPCL 2026财年Q1亏损，营收超预期，股价下跌3.5%,2026-7-23 14:12,https://cn.investing.com/news/transcripts/article-93CH-3474640,,"印度斯坦石油公司（Hindustan Petroleum Corporation Limited，简称HPCL）公布2027财年第一季度业绩，尽管营收超出市场预期，但公司录得大幅亏损，折射出原油价格剧烈波动、库存减值及燃料亏损补贴带来的多重压力。公司调整后每股亏损54.17卢比，差于市场预期的46.64卢比；营收达1.464万亿卢比，高于预期的1.291万亿卢比。股价下跌3.47%，收于$381.5，较前收盘价$395.2有所回落，距52周高点$508.45的跌幅进一步扩大。尽管单季亏损明显，InvestingPro数据显示，HPCL过去十二个月整体仍保持盈利，且当前营收估值倍数较低，但分析师普遍预计公司本财年难以实现盈利。






HPCL本季度业绩不佳，主要源于严峻的经营环境，而非单纯的需求疲软。管理层表示，在原油价格极度波动、供应中断及产品需求高企的背景下，公司仍维持炼油厂和销售渠道的正常运营。这一举措虽支撑了营收，但也迫使公司持有更高库存，并在原油价格下跌时承受大额亏损。
公司表示，2027财年第一季度业绩与2026财年录得的1,717.5亿卢比利润相比出现大幅逆转。董事长兼总经理Vikas Kaushal将这一时期描述为公司""经历了漫长岁月""的阶段，并提及拉贾斯坦邦炼油厂的落成投产、原油蒸馏装置（CDU）火灾事故，以及随之而来的业绩急剧下滑。
HPCL的业绩表现，也折射出国有燃料零售商普遍面临的困境——须在政府定价政策与原材料成本剧烈波动之间寻求平衡。公司表示，本季度每升燃料的销售均由三家国有石油营销公司之一提供补贴。






HPCL本季度盈利表现大幅逊于市场预期。公司每股亏损54.17卢比，而预期亏损为46.64卢比，每股差距7.53卢比，偏差幅度约16.1%。
然而，营收表现强于预期。1.464万亿卢比的销售额超出1.291万亿卢比的预期约1,733亿卢比，超出幅度达13.4%。
上述组合表明，销量和需求并非主要问题，核心压力来自定价机制和库存效应。管理层表示，公司在6月底持有较高的原油库存，随后原油价格在短期内大幅下跌约每桶$25，被迫对库存进行减值处理。与此同时，公司还面临管制燃料和LPG的大额亏损补贴压力。
此次业绩未达预期尤为值得关注，因为这发生在HPCL刚刚录得强劲盈利的财年之后。由盈转亏的幅度远超一般意义上的业绩未达预期，标志着经营环境的急剧变化。


HPCL股价在盘后交易中下跌3.47%，收于$381.5，较前收盘价$395.2有所回落。目前，股价较52周高点$508.45下跌约24.9%，较52周低点$316.2高出约20.6%。
股价下跌表明，投资者更关注亏损业绩和资产负债表压力，而非营收超预期的利好。市场似乎也在对库存损失能否快速逆转的不确定性进行折价，尤其是在原油价格仍处于波动状态的背景下。
目前尚无异常成交量数据，但此次股价走势与市场对大额亏损和债务上升的谨慎反应相吻合。


管理层未提供具体盈利指引，但就未来几个季度的优先事项作出说明。
HPCL表示，预计：

对于希望深入了解HPCL复苏前景的投资者，InvestingPro提供12条额外独家分析建议，涵盖股息可持续性分析、自由现金流展望，以及全面的财务健康评分和公允价值估算。
公司还表示，正积极推进LPG采购多元化，拓展""Abhyuday 2.0""和""HP Navya""等零售业务，并借助数字化工具提升供应链效率。


Kaushal表示，公司在危机前改善的资产负债表为其提供了抵御冲击的缓冲空间。他说：""在这一时刻给予我们力量的，正是上一完整财年我们对资产负债表的改善。""他指出，债务权益比在本季度回升之前已降至0.8。
他还着重提及原油价格的剧烈波动。他说：""某一时刻，你以布伦特原油110至115美元的基准价格，提前一个半到两个月买入，随后价格突然下跌25美元。""
对于公司前景，他表达了充分信心。""我们对未来充满信心，""他说，并补充道，HPCL正以""更均衡的投资组合、更强劲的姿态，带着更大的进取心""走出这场危机。






分析师重点关注原油采购、库存损失、炼油厂产能爬坡时间表及债务问题。
其中一个核心议题是HPCL未来几个季度的原油和LPG采购安排。管理层表示，原油供应不存在问题，8月份的供应已有保障，9月份的采购工作也已启动。同时，LPG采购来源已实现多元化，对霍尔木兹海峡的高度依赖已有所降低。
分析师还就库存损失细节追问管理层。管理层表示，公司在6月30日持有较高原油库存，随后在油价急剧下跌后被迫进行减值处理，但拒绝披露具体数字，仅表示损失规模较大。
有关拉贾斯坦邦炼油厂的问题主要集中在产能利用率和产品结构方面。HPCL表示，第二季度利用率预计约为50%，第三季度将提升至80%至85%，第四季度接近满产。公司表示，该项目将增强其加工重质原油的能力，并减少对第三方柴油采购的依赖。
分析师还就维扎格渣油升级装置进行询问。管理层表示，该装置技术复杂，预计将在本季度实现稳定运行，并在后续阶段作出更大贡献。
在债务问题上，HPCL表示，目前借贷规模与季末水平大体相当，降低杠杆率是公司的首要优先事项之一。

本文由人工智能协助翻译。更多信息，请参见我们的使用条款。"
玉米期货预计因油价上涨及天气因素高开,2026-7-22 21:17,https://cn.investing.com/news/commodities-news/article-93CH-3473363,Jaiveer Shekhawat,"Investing.com -- 芝加哥期货交易所（CBOT）玉米期货预计将于周三美国中部时间上午8:30（北京时间21:30）恢复交易时，每蒲式耳高开3至6美分。
此番上涨主要受原油价格走高提振。由于玉米是生物燃料生产的重要原料，油价上行通常对玉米期货形成支撑。
此外，天气预报显示美国中西部地区将出现高温干旱天气，预计将对当地玉米作物生长造成压力，进一步推动期货价格走高。
CBOT 12月玉米期货最新报价上涨7美分，至每蒲式耳$4.82-1/4。

本文由人工智能协助翻译。更多信息，请参见我们的使用条款。"
今日英国股市：油价上涨抵消英国通胀降温利好，股市小幅下滑,2026-7-22 15:13,https://cn.investing.com/news/stock-market-news/article-3472455,Navamya Acharya,"Investing.com - 周三，英国股市强势反弹。英国通胀数据低于预期，进一步巩固了市场对英格兰银行降息的预期；与此同时，中东局势持续紧张推动油价大幅上涨，重量级能源股随之走强。


富时100指数此前一度下跌，随后强势逆转，最终收涨1.2%。德国DAX指数上涨0.7%，法国CAC 40指数亦转跌为涨，收涨0.9%。英镑兑美元涨幅收窄，小幅下跌0.04%，报$1.3369。
美国中央司令部周二完成了对伊朗连续第十一个夜晚的打击行动，目标涵盖机库、无人机储存设施、海上作战能力及军事指挥中心，旨在""进一步削弱伊朗威胁霍尔木兹海峡商业航运的能力""。
伊朗国家广播机构IRIB报道称，伊拉姆省、库尔德斯坦省、胡齐斯坦省及锡斯坦-俾路支斯坦省均遭到打击。
《华尔街日报》援引军事分析人士的报道指出，尽管遭受持续轰炸，伊朗仍保有相当规模的弹道导弹和无人机能力，并已重建部分武器项目，包括重新开放隧道入口、修复道路以及恢复部分早前被打击地点的导弹作战能力。
报道称，伊朗近期对约旦穆瓦法克·萨尔提空军基地发动的袭击造成三名美军士兵死亡，此次袭击很可能使用了""海巴尔谢坎""中程弹道导弹，这也是五天内伊朗第四次打击驻约旦美军。
上述发现与国防部长赫格塞斯今年4月所称伊朗导弹项目已""基本摧毁""的说法存在明显出入。在周二举行的参议院拨款委员会听证会上，赫格塞斯承认：""我们从未期望他们会完全丧失发射能力。""
自冲突爆发以来，已有18名美国军人阵亡。赫格塞斯向委员会表示，此次战争已耗资$375亿，但两名民主党消息人士及另一名知情人士向CBS新闻透露，实际数字远高于此。
美国国务卿马可·卢比奥在马尼拉出席东盟会议期间警告称，伊朗企图控制霍尔木兹海峡的要求将开创""一个极其危险的先例，并将在世界其他地区重演""。
英国国家统计局公布数据显示，截至2026年6月的一年内，英国消费者价格通胀率降至2.6%，低于市场普遍预期的2.7%，亦低于5月份的2.8%，进一步强化了市场对英格兰银行近期降息的押注。生产者投入价格同比上涨7.3%，低于5月份修正后的9.3%；出厂价格上涨3.5%。
英国首相安迪·伯纳姆宣布，自2027年1月起，英格兰单程公交票价将设置£2上限，较目前£3的限额下调三分之一。财政大臣约翰·希利确认，该措施""通过其他方面的节支来提供资金保障""。
布伦特原油涨幅进一步扩大，上涨3.14%至每桶$93.87，创6月4日以来最高收盘价；WTI原油上涨2.78%至$86.69，为6月11日以来最高水平。
黄金期货延续升势，报每盎司$4,134.32，涨幅1.42%；现货黄金上涨1.25%，报$4,129.12。
英国市场要闻
J D Wetherspoon警告称，由于第四季度销售额低于预期，全年利润将不及市场预期。不断攀升的劳动力成本及税负加重持续拖累这家英国连锁酒吧的业绩。
Henry Boot表示，受地块销售疲软拖累，全年利润将大幅低于市场预期。这家房地产开发商将需求放缓归因于英国政治不确定性及中东冲突局势。
Mulberry公布第一季度营收同比增长23%，转型战略初见成效。这家奢侈手袋品牌在所有地区均实现了两位数的同店销售增长。
弗雷斯尼洛公布数据显示，第二季度白银产量较上季度有所下滑，但黄金产量有所提升，全年产量指引维持不变。矿石品位下降拖累白银产量，而埃拉杜拉矿场处理量增加则推动黄金产量走高。
Greencore公布第三季度利润超出预期，并上调全年盈利指引。这家食品制造商表示，协同效应持续释放以及进入第四季度后强劲的交易势头是业绩向好的主要原因。"
XCF Global与现有投资者签署权证协议，潜在融资规模最高达$1亿,2026-7-22 18:37,https://cn.investing.com/news/company-news/article-93CH-3472875,,"休斯顿 — XCF Global Inc.（纳斯达克股票代码：SAFX）周二宣布，与现有投资者GL PART SPV II, LLC签署了一项权证购买协议，该协议允许在2026年底前进行最高$1亿的潜在投资。
根据协议，GL将在预定于7月31日举行的初始交割时支付$100万，并获得一份权证，可按每股$2.50的行权价格购买最多6,891,798股XCF普通股。该权证购买协议允许发行与最多5000万股普通股相关的权证。权证可以现金方式或无现金方式行权。
这家可再生柴油和可持续航空燃料生产商表示，该框架旨在支持公司的持续运营、生产优化及商业扩张。
XCF还就其New Rise Reno Renewables工厂的最新情况进行了说明。该工厂已于数周前恢复运营，并持续稳步提升可再生燃料产量，朝着每年3800万加仑的额定产能目标推进。据公告声明，工厂升级改造已实现在更低操作温度下进行生产。
XCF Global首席执行官Chris Cooper表示：「我们感谢GL对XCF长期战略和增长目标的持续支持。在我们继续运营、生产可再生燃料并推进商业活动的同时，我们相信这一框架为支持我们的增长目标提供了额外的灵活性，同时也使我们能够保持对严格执行的专注。」
据声明，公司的可再生燃料产品正通过XCF与BGN的商业合作关系进行销售，定价与当前市场预期一致。
XCF Global是一家总部位于美国的可再生柴油和可持续航空燃料生产商，专注于交通运输领域的脱碳业务，公司股票在纳斯达克资本市场上市。

本文由人工智能协助翻译。更多信息，请参见我们的使用条款。"
MGX出席2026年努萨矿业大会：告别铁矿石，全力转型黄金业务,2026-7-23 06:08,https://cn.investing.com/news/transcripts/article-93CH-3474151,,"2026年7月22日（星期三）— MGX借助2026年努萨矿业大会（Noosa Mining Conference）宣告公司发展的重要转折点，表示将从长达数十年的铁矿石业务历史中抽身，转而在北领地（Northern Territory）开启以黄金为核心的新篇章。公司强调了充裕的现金储备和庞大的资源基础，但同时也坦承，新项目在正式投产前仍需完成更多钻探、工程及可行性研究工作。






MGX表示，公司在西澳大利亚从事铁矿石生产近二十年，但这一时代如今已正式落幕。公司表示，科兰岛的最后一批货物已于周三发出，标志着与传统业务的彻底告别。
公司将此次转变描述为一次简单却意义深远的战略转型——从铁矿石迈向黄金。管理层表示，公司已组建了一支精干高效的团队，并积累了超过澳元4亿的现金及储备，为推进新战略提供了充足的灵活性。
MGX从北方之星资源公司（Northern Star Resources）收购了中坦纳米项目50%的合资权益，该交易于去年宣布，并于2024年2月完成交割。公司表示，交割完成后即刻启动了开发工作。


MGX强调，在向黄金开发转型的过程中，公司财务状况依然稳健。


管理层表示，科兰岛场地已基本完成清理和复垦工作。买方为一家英美基础设施集团，计划将该场地用作未来海上油气、燃料配送及旅游业务的后勤基地。
MGX还表示，公司目前的市值似乎未能体现中坦纳米黄金资产的任何价值。公司将此视为股价与项目内在价值之间可能存在的差距，但并未给出正式估值。


中坦纳米项目位于澳大利亚北领地，距纽蒙特公司（Newmont）位于花岗岩和卡利（Granites and Callie）的坦纳米矿山以北约40公里。MGX表示，该地区拥有悠久的黄金发现历史，且已具备完善的采矿基础设施和通道。
以100%权益计算，该项目总资源量为3100万吨，金品位为每吨2.8克，折合含金量280万盎司。MGX通过合资权益持有其中的一半。
核心矿床Groundrush是主要的生产目标。MGX表示，Groundrush矿床资源量为1100万吨，品位为每吨3.3克，折合120万盎司。公司还指出，纽蒙特曾于2001年至2006年间从露天矿中开采约60万盎司黄金，平均品位为每吨4克，冶金回收率在90%中高段。
管理层表示，该矿床在深部及向南倾伏方向仍具有延伸潜力，且已在历史露天矿坑下方完成了大量钻探工作。


MGX表示，其开发计划的核心是将Groundrush建设为地下矿山，并辅以露天矿生产。Jims矿床已被确定为首个露天矿开采目标。


管理层表示，上述数据仍为初步指示性数字，但已显示出该项目具有相当规模。公司还表示，资源量估算完成时黄金价格约为澳元3,500/盎司，而目前价格已接近或超过澳元5,000/盎司。


MGX表示，计划在未来数月内启动一条3.5公里长的勘探斜井建设，预计完工时间约为14个月。
建设斜井的主要目的是开展地下钻探，公司表示地下钻探的成本远低于地表钻探。管理层预计，斜井的建成将有助于将约40万盎司的推断资源量升级为控制资源量，并验证矿床的延伸情况。
公司表示，正在考虑采用三斜井开发方案，规划设置北部、中部和南部三条螺旋式斜井。公司还表示，地下工程将有助于优化矿山计划，并为未来的生产决策提供支撑。


Jims是当前勘探计划中优先开展的露天矿目标。MGX表示，该矿床资源量为260万吨，品位为每吨2.7克，折合22万盎司。
公司表示，Jims此前已有两个浅层历史露天矿坑，且露天矿优化削坡工作已完成。钻探工作于6月启动，预计将持续至旱季结束（旱季为4月至12月）。金刚石岩芯钻探工作也在计划之中。
MGX表示，该区域已知黄金矿床约有20个，公司已识别出约六个额外的钻探机会。公司还持有从北方之星收购的蓝色地块（blue tenements），即全资拥有的勘探租约，用于区域勘探计划，该计划的优先级低于主要生产推进工作。


MGX表示，正在对中坦纳米项目的老旧基础设施进行现代化改造，并充分利用从科兰岛转移过来的人员。


管理层表示，该项目可从约600公里外的爱丽斯泉（Alice Springs）进入，也可从西澳大利亚的霍尔斯克里克（Halls Creek）及达尔文（Darwin）抵达。公司将其所在地描述为更大范围坦纳米金矿区的组成部分，附近已有成熟的采矿活动。


MGX表示，公司的股东结构反映了其战略转型的方向。


管理层表示，希望继续扩大机构投资者基础。公司还表示，目前的股东结构为公司在积极开发阶段及预期消息密集期提供了有力支撑。


MGX表示，未来两至三年将专注于推动中坦纳米项目投产。公司预计未来将迎来一段繁忙时期，工程研究、钻探结果、斜井开发及基础设施更新等进展有望在未来6至12个月内持续带来重要消息。
公司表示，可行性研究工作正在推进，以确认项目参数，同时冶金测试和选矿厂设计工作也在持续进行。公司补充称，项目目前仍处于早期阶段，但资源量、历史生产记录与区域支持的综合优势，使其成为公司未来发展的核心所在。
管理层还表示，强劲的资产负债表为把握其他机遇留有余地，但中坦纳米项目仍是当前的首要优先事项。


在演示报告的问答环节，管理层表示公司作为铁矿石生产商已有""将近20年""的历史，并积累了""超过4亿的现金及储备""。管理层表示，中坦纳米项目权益系从北方之星收购，交易于去年宣布，并于今年2月完成交割。
管理层还表示，项目总资源量为""3100万吨，金品位每吨2.8克""，折合""280万盎司含金量""。在产量展望方面，管理层表示，此前的初步研究显示""年处理量150万吨""，""年产量10万至12万盎司""，""矿山寿命10年""。
公司将自身战略概括为从铁矿石向黄金的转型，表示现在""持有我们认为是北领地一个出色新黄金项目的50%权益""，且两家合资伙伴均怀有同样的目标，希望尽快推动项目投产。
读者可参阅下方完整记录，了解MGX在2026年努萨矿业大会演示及讨论环节的更多详情。
"
印度6月原油进口量同比下滑12%,2026-7-21 21:54,https://cn.investing.com/news/economy-news/article-93CH-3471332,Vlad Schepkov,"Investing.com -- 据印度政府周二发布的数据显示，印度6月原油进口量降至1,959万公吨，较上月大幅下滑逾12%。
石油规划与分析部门（Petroleum Planning and Analysis Cell）的数据显示，与去年6月的2,031万公吨相比，今年6月进口量同比下降3.5%。
6月原油产品进口量较5月减少近5%，降至266万公吨，同比降幅则接近35%。与去年同期相比，产品出口量下滑逾28%，至383万公吨。
印度6月国内燃料消费总量为1,942万公吨，较上月下降约3.7%。
6月液化石油气（LPG）进口量为103万公吨，低于5月的115万公吨。燃料油进口量则从去年6月的54万公吨大幅萎缩至2万公吨。
航空燃油出口量同比从68万公吨降至41万公吨，降幅超过38%。汽油出口量较去年6月下降23.6%，柴油出口量同期跌幅则超过40%。

本文由人工智能协助翻译。更多信息，请参见我们的使用条款。"
印度6月原油进口量同比下降12%,2026-7-21 21:55,https://cn.investing.com/news/economy-news/article-93CH-3471333,Vlad Schepkov,"Investing.com -- 据印度政府周二发布的数据显示，印度6月原油进口量降至1,959万公吨，较上月下降逾12%。
石油规划与分析部门的数据显示，与去年6月的2,031万吨相比，今年6月的进口量同比下降3.5%。
6月原油产品进口量较5月减少近5%，降至266万吨，同比降幅则接近35%。与去年同期相比，石油产品出口量下滑逾28%，至383万吨。
印度6月燃料消费总量为1,942万公吨，较上月下降约3.7%。
6月液化石油气（LPG）进口量为103万吨，低于5月的115万吨。燃料油进口量则从去年6月的54万吨大幅萎缩至2万吨。
航空燃油出口量同比从68万吨降至41万吨，降幅超过38%。汽油出口量较去年6月下降23.6%，柴油出口量同期跌幅则超过40%。

本文由人工智能协助翻译。更多信息，请参见我们的使用条款。"
俄罗斯副总理：国内燃料市场出现部分复苏迹象,2026-7-21 18:18,https://cn.investing.com/news/economy-news/article-93CH-3470607,Vlad Schepkov,"Investing.com -- 俄罗斯副总理亚历山大·诺瓦克（Alexander Novak）周二表示，俄罗斯国内燃料市场已出现部分企稳迹象，但部分地区的供应形势依然严峻。
近几个月来，乌克兰无人机对俄罗斯多处炼油设施发动袭击，导致全国燃料供应受到严重冲击，多个地区出现加油站排长龙、汽油价格上涨以及燃料限购等问题。
诺瓦克并未具体说明哪些地区仍面临困难，也未就市场企稳的程度提供进一步细节。

本文由人工智能协助翻译。更多信息，请参见我们的使用条款。"
油价维持涨势，交易员权衡美伊冲突与胡塞武装封锁沙特局势,2026-7-21 08:46,https://cn.investing.com/news/commodities-news/article-3469705,Ayushman Ojha,"Investing.com - 周二，油价在剧烈波动中小幅走强。投资者一方面关注各方为缓和海湾紧张局势所作的外交努力，另一方面也在密切跟踪美国与伊朗之间持续的军事打击行动，以及也门胡塞武装对红海航运构成的新威胁。
立即订阅InvestingPro，获取高级大宗商品市场洞察——现享六折优惠

美国东部时间上午7:00（北京时间19:00），全球原油基准布伦特原油期货上涨1.1%，报每桶$90.22；美国WTI原油期货上涨1.0%，报每桶$83.29。
两份合约在上一交易日均收涨，布伦特原油上涨1.3%至每桶$89.22，美国基准原油上涨0.9%至每桶$83.23。布伦特原油此前因中东局势在周末进一步升级而一度跳涨至每桶$90以上，但随后有所回落。
尽管暴力冲突持续，调停方仍在积极推动外交解决方案，并寻求重启今年6月签署的、目前已基本失效的初步停火协议。巴基斯坦总理谢赫巴兹·谢里夫等人正在伊斯兰堡与伊朗内政部长伊斯坎达尔·莫梅尼举行会谈，与此同时，美国国务卿马可·鲁比奥也暗示美方仍对重启谈判持开放态度。
然而，周二的战斗仍在持续。据美联社引用英国军方""英国海上贸易行动""中心的消息称，一艘油轮在阿曼附近的霍尔木兹海峡遭到袭击，船员被迫弃船。伊朗伊斯兰革命卫队宣布对此次袭击负责。
此前，美国军方于周一晚间表示，已完成对伊朗连续第10天的打击行动。美国中央司令部表示，此次打击针对伊朗军事目标，目的是削弱伊朗在霍尔木兹海峡攻击商船的能力。据报道，班达尔阿巴斯、格什姆岛和科纳拉克均发生爆炸。
霍尔木兹海峡的安全形势已令油市承压，与此同时，外界也开始担忧战火可能蔓延至海湾地区其他重要航运通道。受伊朗支持的也门胡塞武装宣布计划对沙特船只实施封锁，引发市场对曼德海峡船只通行的忧虑。曼德海峡是连接红海与亚丁湾的关键咽喉要道，承载着全球约12%的贸易量及大量石油运输。
荷兰国际集团（ING）分析师在一份报告中指出：「船只将不得不绕道苏伊士运河、取道非洲的更长航线。封锁的实际效果尚待观察，但可以肯定的是，这一局势将推高保险成本。从今早的油价走势来看，市场对此次封锁能否成功仍持怀疑态度。」
分析师表示，地缘政治风险持续为原油价格提供支撑，但涨幅受到限制——市场预期，中东紧张局势此前多次升级最终都未造成全球石油供应的长期中断，此次或也不例外。
市场目前还将目光投向周二稍晚美国石油学会（API）发布的每周原油库存数据，以及周三美国能源信息署（EIA）公布的官方政府数据，以寻找全球最大石油消费国燃料需求的最新信号。
（Ayushman Ojha对本文亦有贡献）"
阿法拉伐2026年第二季度订单创历史新高，股价小幅下滑,2026-7-21 16:15,https://cn.investing.com/news/transcripts/article-93CH-3470269,,"阿法拉伐（Alfa Laval）公布了一份创纪录的第二季度业绩，订单接收量攀升至220亿瑞典克朗，订单积压总量达到535亿瑞典克朗。尽管业绩亮眼，公司股价在盘前交易中仍下跌1.5%，至$551.8。公司表示，大多数业务板块需求旺盛，其中数据中心冷却、船舶设备以及食品与制药系统表现尤为突出。公司维持全年资本支出指引不变，同时提示第三季度订单接收量可能略低于第二季度的创纪录水平。






阿法拉伐表示，第二季度是公司历史上表现最强劲的季度之一。订单接收量大幅增长，销售额持续上升，几乎所有业务板块的需求均呈现广泛增长态势。管理层将本季度定位为公司迈向2030年千亿瑞典克朗增长目标的又一重要里程碑。
能源部门表现最为亮眼，订单增长高达70%，主要受益于数据中心冷却业务的扩张以及Cryo收购案的贡献。食品与制药部门创下季度历史最高业绩，船舶部门则在LR油轮领域赢得新业务——这一细分市场此前对阿法拉伐而言几乎是空白。服务业务也重回稳健增长轨道，实现10%的有机增长。
公司的业绩表现折射出工业技术领域的一个更广泛趋势：即便部分终端市场仍参差不齐，客户在能源效率、基础设施和专业设备上的投入依然不减。阿法拉伐表示，美国和中国合计贡献了过去12个月订单接收量的逾40%。






由于公司公布的每股收益和营收数据与市场一致预期所采用的货币及格式不同，无法进行直接的同口径比较。市场此前预期每股收益为$5.55，营收为$179.3亿。
即便无法直接对比，本季度的运营表现依然强劲。阿法拉伐实现了创纪录的订单量、庞大的积压订单以及持续的销售增长。投资者目前关注的核心问题，已不再是需求是否旺盛，而是在产品组合、通胀压力、拨备及重组成本的多重影响下，这些需求最终能转化为多少利润。


阿法拉伐股价在盘前交易中下跌1.5%，报$551.8，较前一交易日收盘价$560.2低约$8.4。目前股价仍处于52周区间$399.2至$592的高位附近，距历史高点约低7.8%。
股价的温和回调表明投资者对业绩并未感到过度担忧，但在一个订单表现亮眼、盈利能力却相对逊色的季度过后，市场情绪趋于谨慎。这一走势也印证了市场的一个普遍规律：当预期已经很高时，即便需求数据十分亮眼，一旦利润率承压或指引偏于保守，股价往往也难以进一步上涨。


管理层表示，第三季度订单接收量预计将略低于第二季度的创纪录水平，但整体市场活动仍将保持强劲。船舶部门预计维持在第二季度水平附近，能源及食品与制药部门则预计环比有所回落。
公司维持全年指引不变：

阿法拉伐还表示，中期内资本支出将维持在较高水平，以支持2027年以后的客户协议，尤其是数据中心冷却和船舶产能扩张方面的投入。公司表示，数据中心业务目前年化订单量约为50亿瑞典克朗，仍有较大增长空间。


首席执行官Tom表示，本季度展现出广泛的需求强劲态势，订单量再创历史新高。他说：「本季度几乎所有业务板块的需求均表现稳健，订单总量略超220亿瑞典克朗，创下历史新高。」
他还着重强调了公司在数据中心领域的市场地位。「我们非常有信心，公司今年的市场份额已有所提升，」他说，并补充道，阿法拉伐已成为众多数据中心扩张计划的「首选合作伙伴和核心锚定伙伴」。
在船舶业务方面，他指出LR油轮领域带来了新的发展机遇。「本季度也是一个突破性的季度，我们在LR油轮细分市场斩获了新订单，」他说。
首席财务官Fredrik表示，公司的重组举措旨在为增长提供支撑，而非单纯削减成本。「此次重组是推动规模化增长的重要抓手，」他说。






分析师重点关注强劲的订单增长能否持续，以及公司在新业务领域可能面临的利润率压力。问题还集中在数据中心业务的盈利能力、制药领域的投资节奏以及船舶需求前景等方面。
管理层表示，数据中心业务不会导致整体利润率大幅下滑，但也回避了按业务板块披露详细利润率数据。在制药业务方面，管理层表示这是一项长期战略布局，需要数年时间才能逐步显现成效。
分析师还就LR油轮市场机遇、船厂产能以及公司是否观察到更多底层市场活动等问题进行了提问。管理层给予了肯定答复，但同时强调，部分需求强劲的背后，反映的是投机性合同签订和新进入者的涌入，而非单纯的周期性复苏。
另一个关注焦点是制造产能问题。管理层表示，大多数工厂的产能利用率已处于极高水平，新增产能将逐步释放，而非一蹴而就。这意味着公司可能还需要一段时间，才能将创纪录的订单量转化为更快的开票速度和更强劲的利润增长。

本文由人工智能协助翻译。更多信息，请参见我们的使用条款。"
中金：霍尔木兹海峡再关 油价短期冲高与需求压制并存,2026-7-20 08:31,https://cn.investing.com/news/stock-market-news/article-3467727,,"智通财经APP获悉，中金发布研报称，近期美伊局势持续升级，霍尔木兹海峡在阶段性复航后再次陷入停滞，布伦特油价底部强势反弹，当前已接近90美元/桶。该行认为当前市场或已发生两点核心变化：一是全球石油库存经历数月消耗，缓冲能力大幅下降，叠加OECD国家SPR释放接近尾声，去库压力可能进一步转向商业库存，原油风险溢价的短期弹性可能更高。二是供应冲击下的需求破坏压力已经在二季度超预期兑现，弱需求预期可能限制油价的高位停留时间。
中金公司主要观点如下：
近期美伊局势持续升级，霍尔木兹海峡在阶段性复航后再次陷入停滞，布伦特油价底部强势反弹，当前已接近90美元/桶。该行认为当前石油市场或已在重新定价贸易中断风险，随着周末美伊局势进一步升级，若后续海峡持续中断，市场可能需要进一步评估极端库存风险。
与2月底美伊冲突初期的初次关闭相比，该行认为当前市场或已发生两点核心变化：一是全球石油库存经历数月消耗，缓冲能力大幅下降，叠加OECD国家SPR释放接近尾声，去库压力可能进一步转向商业库存，原油风险溢价的短期弹性可能更高。二是供应冲击下的需求破坏压力已经在二季度超预期兑现，弱需求预期可能限制油价的高位停留时间。
价格预测上，该行提示短期油价冲高风险加大，维持对3Q26布伦特油价中枢90美元/桶的判断。供应方面，海湾地区原油生产仍处修复初期，成品油和LNG供应恢复速度更慢，贸易受阻或再度延后中东油气回归进程，海峡再次关闭后海湾内的囤货压力可能低于前期。此外近期俄乌局势亦有反复，俄罗斯在炼厂受损后进一步加码成品油出口禁令，该行提示可能加剧欧亚地区柴油等成品油市场错配风险。
图表1：霍尔木兹海峡或已再度关闭
资料来源：彭博资讯，中金公司研究部
图表2：布伦特油价反弹
资料来源：彭博资讯，中金公司研究部
库存缓冲减弱，可能放大贸易中断下的油价短期弹性
回顾前期，美伊冲突以来霍尔木兹海峡中断数月，在6月阶段性恢复通行。从5 月下旬美伊敲定停火初步草案框架，到6月17日正式签署停火谅解备忘录，持续数月的美伊冲突实现降级，随后美国解除对伊海上封锁，伊朗恢复霍尔木兹海峡通航，贸易流量的快速恢复一度推动区域地缘紧张情绪大幅缓和。据IEA，6月海湾地区石油出口环比上月增加约650万桶/天，升至1610万桶/天、恢复至正常水平的65%左右。其中，原油出口环比增加约550万桶/天，叠加沙特和阿联酋此前的管道转运量，海湾地区原油出口总量达到1320万桶/天、恢复至正常水平的70%；成品油出口环比增加约100万桶/天至290万桶/天，接近正常水平的50%。随着7月初伊朗袭击商船、到过去两周美伊军事冲突全面升级，当前霍尔木兹海峡运输或再次陷入停滞；最新航运数据显示，即使考虑黑船通行，本周霍尔木兹海峡油轮通行量或已不足正常水平的10%。
与2月底美伊冲突初期霍尔木兹海峡首次关停相比，该行认为当下石油市场的最大变化或为全球石油库存的缓冲能力有所下降。一方面是陆上石油库存历经数月消耗，当前已降至历史低位。截至二季度末，OECD石油库存较5年同期均值偏离度已从2月底的-1%大幅下降至-8%，与该行中期展望中的预期一致。期间OECD石油库存累计消耗近3亿桶，其中SPR联合释放2亿桶，为商业库存分担较多压力。分地区看，美国石油库存累计消耗1.6亿桶、承担过半去库任务，但库存隐忧已在近期开始显现；6月以来，随着库欣地区原油库存降至历史低位，WTI现货折价已基本清零，库存进一步释放空间或已受限。另一方面是中东在途货物缓冲数量下降。海峡首次关停前，前期正常出港的在途货物为陆上石油库存争取了1个月左右的缓冲期，陆上去库挑战在4月正式到来；但本次海峡关停之前，6月海湾地区石油出口量低于2月水平800-900万桶/天，到港减量压力可能更快显现。短期海峡再次关闭，该行提示更低的库存缓冲或为原油溢价提供更高弹性。往前看，OECD SPR释放计划或在3Q26渐近尾声，若海峡通行持续受阻，该行提示全球陆上石油去库压力或进一步向商业库存和欧亚地区转移。
图表3：OECD石油库存已历经数月消耗
资料来源：IEA，中金公司研究部
图表4：美国库存下降促使WTI折价收窄
资料来源：彭博资讯，中金公司研究部
需求破坏已至，负反馈压力或限制油价高位停留时间
与冲突初期市场聚焦供应冲击和忽略需求弹性相比，全球石油需求的破坏力度已在二季度超出市场预期，对于供需平衡的影响或已难以忽视。据IEA，全球石油需求在2Q26同比减少近400万桶/天，其中自4月以来，除美国以外主要地区石油消费均进入同比收缩区间。分地区看，2Q26 OECD欧洲石油需求同比下降约5.6%，亚洲地区日本、韩国和我国石油需求同比降幅均在10-20%。美国石油需求在2Q26录得约2.7%的同比增长，但自7月以来也显露疲态、初步进入同比收缩区间。该行提示短期油价冲高或进一步加深需求负反馈，偏弱需求预期可能限制油价高位停留时间；近期海峡重新关闭后，原油现货溢价维持偏低水平，或初步印证需求疲态。综合以上分析，该行提示短期油价冲高风险加大，维持对3Q26布伦特油价中枢90美元/桶的判断。
图表5：2Q26全球石油需求破坏力度超预期
资料来源：IEA，中金公司研究部
图表6：近期原油现货溢价保持克制
资料来源：彭博资讯，中金公司研究部
中东原油复产延后，俄乌局势加大柴油市场错配风险
供应方面，近期地缘升级或延后中东油气复产进程。伴随贸易恢复，6月海湾六国原油产量环比提升约313万桶/天，其中阿联酋和科威特的复产速度高于该行预期，产量分别环比增加87万桶/天，阿联酋原油产量已回到冲突前水平；沙特、伊拉克和卡塔尔复产速度相对平稳，产量分别环比增加55、22和11万桶/天；伊朗原油产量环比增加约51万桶/天，海湾地区原油总产量受损比例从5月的45%降至32%。总量上，6月海湾地区原油产量的响应速度快于该行预期，叠加沙特、科威特和伊拉克大幅下调7-8月OSP，或反映产油国对于短期恢复市场份额的诉求较强。短期地缘再度升级，海湾油气供应回归可能再度延后，近期Murban原油现货溢价回归或也初步印证贸易再度受阻；与首次海峡关闭相比，当前海湾内的囤货压力可能更低。结构上，前期中东原油贸易恢复速度明显快于成品油和LNG，该行监测的卡塔尔LNG液化装置流量依然低迷，或印证前期受损较多的炼厂产能和液化装置或需要更长的修复时间，近期成品油和欧亚LNG价格也已彰显出更大弹性。
俄乌局势亦有反复，俄罗斯炼厂受损或加剧成品油市场错配压力。2025年俄罗斯成品油出口约260万桶/天，占全球成品油贸易总量约10%，品类上以柴油和燃料油为主、汽油占比较低。二季度以来，俄乌地缘冲突重创俄罗斯炼厂产能，6月俄罗斯原油加工量降至380万桶/天、成品油出口量降至190万桶/天，同比降幅均约为30%。据IEA统计，当前俄罗斯炼厂受地缘影响产能约为482万桶/天、占比已超七成，区域成品油供应或存进一步收紧压力。在俄罗斯已经分批落地对汽油、航空煤油和柴油的阶段性出口禁令之后，该行认为其后续可能需要转向进口部分成品油以满足本国消费，这或进一步加深全球柴油、燃料油等中重质含硫成品油市场的供需错配，为欧亚地区成品油价格和裂解价差带来更大上行风险。
图表7：主要海湾国家原油出口初步恢复
资料来源：彭博资讯，中金公司研究部
图表8：海湾地区原油产量初期响应较快
资料来源：彭博资讯，中金公司研究部
图表9：前期中东国家大幅下调7-8月OSP
资料来源：彭博资讯，中金公司研究部
图表10：近日价差表现初步印证贸易再度受阻
资料来源：彭博资讯，中金公司研究部
图表11：俄罗斯受损炼厂产能统计
资料来源：IEA，中金公司研究部；统计时间截至7月10日
图表12：俄出口禁令加剧成品油错配风险
资料来源：彭博资讯，中金公司研究部"
印度维持汽油20%乙醇混合比例，暂无提高计划,2026-7-20 21:06,https://cn.investing.com/news/commodities-news/article-93CH-3469028,Jaiveer Shekhawat,"Investing.com -- 印度初级石油部长苏雷什·戈皮（Suresh Gopi）周一表示，印度不会将汽油中的乙醇含量提高至现行20%的水平以上。
此番表态源于印度全国范围内推广E20燃料后，驾车者对油耗下降及车辆性能受损的担忧日益增多。
E20燃料是指乙醇与汽油按20%比例混合的燃油。去年年底，这一燃料已成为印度全国约9万个加油站唯一供应的油品，此举在这一全球第三大汽车市场引发了大量车主投诉。
戈皮在议会发言时表示，若未来考虑进一步提高乙醇比例，必须经过详尽的科学与技术研究，并与汽车制造商、燃料零售商及原料供应商充分协商。
他同时表明，政府不打算回归E10或纯汽油，当局希望继续推广更优质的燃料。
戈皮表示，政府迄今未收到任何因使用E20燃料而导致车辆性能下降、发动机故障、腐蚀或燃油泵问题的投诉。他补充称，原本为E10设计的车辆在使用E20时，油耗仅下降3%至5%。

本文由人工智能协助翻译。更多信息，请参见我们的使用条款。"
JK水泥第一季度业绩超预期，销售增长强劲,2026-7-20 21:37,https://cn.investing.com/news/transcripts/article-93CH-3469141,,"JK水泥（JK Cement）公布了2027财年第一季度业绩，每股收益37.7卢比、营收386.6亿卢比，均超出市场预期。公司表示，市场需求保持稳健，销量大幅增长，但燃料、柴油及维护成本上升对盈利能力造成一定压力。公司股价最新上涨1.15%，报$5,453，此前收盘价为$5,391，目前仍低于52周高点，但远高于52周低点。






JK水泥本季度营收表现亮眼，独立业务净销售额达37.86亿卢比，同比增长23%，环比增长5%。合并净销售额同比增长22%，达39.62亿卢比。公司表示，增长主要来自销量提升，尤其是在印度中部地区——该地区持续扩大产能并抢占市场份额。
然而，本季度利润率表现相对逊色。独立业务EBITDA从上年同期的6.70亿卢比降至6.39亿卢比，EBITDA利润率下滑250个基点。税后利润为2.91亿卢比，低于上年同期的3.33亿卢比。管理层表示，燃料、柴油及维护成本对盈利造成压力，尽管市场需求依然健康。
公司还重点介绍了新兴业务的进展。白水泥销量同比增长11%，受益于来自阿联酋进口量的减少。涂料业务营收攀升至约1.25亿卢比，并实现EBITDA盈亏平衡。预拌混凝土业务规模虽小，但正从低基数快速增长。






JK水泥每股收益和营收均超出市场预期。每股收益37.7卢比，高于预期的34.82卢比，超出幅度为2.88卢比，超预期比例达8.3%。营收386.6亿卢比，高于预期的356.3亿卢比，超出30.3亿卢比，超预期比例达8.5%。
此次业绩超预期幅度较为显著，尤其是营收层面，主要得益于销量增长及部分业务板块变现能力提升。不过，这一结果并非完全正面——EBITDA和税后利润均低于上年同期，因此本次业绩超预期更多反映的是规模效应的提升，而非盈利能力的实质性改善。


公司股价最新报$5,453，较业绩发布前的$5,391上涨1.15%。这意味着股价较52周低点$4,671.5高出约16.8%，但仍较52周高点$7,565.5低约27.9%。
相对于业绩超预期的幅度，股价涨幅较为温和，显示投资者在权衡强劲需求与短期成本压力之间的关系。公司同时警告，第二季度每吨成本可能上升约150卢比，其中燃料和柴油成本是主要推手。目前尚无成交量数据披露。


管理层预计全年灰水泥销量约为2,250万至2,300万吨，意味着本财年将实现两位数增长。公司表示市场需求依然稳健，但印度北部和南部地区受产能限制，增长空间有限，印度中部地区仍是主要增长引擎。
对于下一季度，公司预计每吨成本将较第一季度上升约150卢比，其中燃料成本上涨75至100卢比，柴油相关成本增加约50卢比，包装成本则基本持平或略有下降。管理层还表示，第二季度将是燃料成本的高峰，此后有望逐步回落。
公司维持扩张计划不变，目标是在2028财年实现4,000万吨产能，2030财年达到5,000万吨，位于贾萨尔梅尔的绿地项目预计将于2028财年上半年投产。此外，Panna二期扩产至400万吨的瓶颈解除工程预计将在本财年内完成。
其他业务目标包括：



公司副董事总经理兼首席财务官Ajay Kumar Saraogi表示：「我们在印度中部地区确实获得了一定的市场份额」，并补充称公司在北部和南部地区的份额保持稳定。
谈及扩张计划，他表示：「目前我们没有任何调整计划，一切按计划推进」，指的是公司4,000万吨和5,000万吨的产能目标。
在定价方面，Saraogi表示，由于成本压力和地缘政治不确定性，预计季风季节不会引发价格大幅下跌。
公司业务信息与投资者关系总裁Prashant Seth表示，涂料业务的推出是因为公司在腻子产品上流失了客户。他还表示，本季度涂料营收约为1.25亿卢比，业务已实现盈亏平衡。






分析师重点关注销量增长、定价、成本及公司扩张计划。问题主要集中在：灰水泥19%的销量增速能否持续、白水泥的强劲表现有多少来自临时性进口限制，以及公司是否会像部分同行那样推迟产能目标。
管理层表示，全年增速应能维持在两位数，但指出印度北部和南部地区剩余产能有限。同时表示，白水泥受益于地缘政治扰动导致的阿联酋进口减少，但竞争格局预计将随时间推移逐步恢复正常。
新兴业务也是讨论的重要议题。分析师就涂料和预拌混凝土业务提问，管理层表示涂料本季度营收约1.25亿卢比，已实现盈亏平衡；预拌混凝土本季度营收为3,500万至4,000万卢比，预计到2027财年末将升至每季度约1亿卢比。公司表示预拌混凝土利润率仅为4%至7%，但该业务对客户留存和项目销售具有重要战略意义。
分析师还就燃料来源和煤矿资源提问。管理层表示，本季度燃料结构为40%石油焦、45%印度煤炭及其余替代燃料，并表示其马汉煤矿预计将于2028财年末开始投产。管理层还补充称，自有煤矿的燃料成本将远低于市场采购价格。

本文由人工智能协助翻译。更多信息，请参见我们的使用条款。"
"BW LPG出售一艘船舶，获得$3,800万收益，净账面收益约$1,700万",2026-7-20 16:05,https://cn.investing.com/news/company-news/article-93CH-3468241,,"新加坡——BW LPG Limited（OSE: BWLPG.OL，NYSE: BWLP）日前发布公告，宣布出售旗下船舶""BW Levant""。该船建造于2015年，系公司于2024年收购Avance Gas时纳入旗下。
此次出售预计将产生约$3,800万的净现金收益，以及约$1,700万的净账面收益。该船最迟将于11月中旬交付给买方，在此之前，公司仍可继续通过该资产创造收入。
此次交易达成之际，BW LPG股价已接近52周高点，年初至今累计涨幅达59%。根据InvestingPro的分析，该公司相对于其公允价值估算仍被低估，跻身航运板块最具价值洼地的股票之列。公司市盈率仅为8.65倍，同时为股东提供8.6%的股息收益率，颇具吸引力。
BW LPG首席执行官Kristian Sørensen表示：""此次出售充分体现了我们在资本配置上的严谨态度。这艘船是通过收购Avance Gas交易获得的，仅仅两年后便实现了可观回报。""
BW LPG目前运营着约50艘超大型气体运输船（VLGC）船队，其中逾20艘配备液化石油气双燃料推进技术。公司隶属于BW集团，该集团旗下船队规模超过400艘，运输业务涵盖石油、天然气及干散货等多个领域。

本文由人工智能协助翻译。更多信息，请参见我们的使用条款。"
瑞安航空一季度利润逊于预期，低票价与燃油成本双重承压,2026-7-20 14:14,https://cn.investing.com/news/earnings/article-3468046,Navamya Acharya,"Investing.com - 欧洲最大廉价航空公司瑞安航空控股（Ryanair Holdings Plc）周一股价下跌逾7%。此前该公司公布第一季度净利润为5.38亿欧元，较上年同期的8.2亿欧元下降34.4%，低于分析师预期。
瑞安航空净利润低于市场一致预期的5.79亿欧元约7.1%，亦低于摩根士丹利自身预测的6.39亿欧元约15.8%。
摩根士丹利表示，业绩不及预期主要源于营收端的拖累。每位旅客的非燃油成本较市场一致预期低1.5%，与该行预测基本一致；燃油成本则与市场一致预期持平，但较摩根士丹利自身预测高出约6%。
本季度营收同比增长1.1%，至44.3亿欧元，低于市场一致预期44.8亿欧元约1.1%，但较摩根士丹利预测的43.8亿欧元高出约1%。
摩根士丹利指出，营收不及市场预期的主要原因在于每位旅客的定期航班收入低于一致预期约3%，票价同比下降6%，降幅超过公司此前指引的中个位数跌幅。


就全年展望而言，瑞安航空预计旅客运量将增长4%，达到2.16亿人次，与摩根士丹利及市场一致预期相符。在单位成本通胀指引方面，公司将此前""中个位数百分比增长""的指引调整为视未对冲交易燃油价格而定，而摩根士丹利与市场一致预期分别为2%和1%。
集团首席执行官迈克尔·奥利里（Michael O’Leary）在业绩电话会议上表示：""造成这一局面的主要原因是，本季度我们20%未对冲交易燃油的价格翻了一番，同时票价下跌了6%。我们认为，这主要是受中东冲突影响，以及复活节首段假期落入上一财年第四季度所致。""
平均票价下降6%，不仅差于瑞安航空此前指引的中个位数跌幅，也超出美国银行（BofA）此前预测的约4%降幅。中东局势持续紧张导致消费者出行意愿下降，旅客倾向于临近出行日期才完成订票。
客座率维持在94%的稳定水平。奥利里表示，波音预计MAX-10机型将""于今年9月或10月某个时间""获得适航认证，并补充称波音已确认首批15架飞机的交付计划仍按原定于2027年春季进行。
集团首席财务官尼尔·索拉汉（Neil Sorahan）表示，瑞安航空与竞争对手之间的成本差距持续扩大。他说：""若看我们最接近的两家竞争对手，新冠疫情前，Wizz Air的单位成本比瑞安航空高26%，Now这一差距已超过81%，预计未来数个季度乃至数年内还将继续扩大。""
他就易捷航空（easyJet）作出类似评述，指出双方单位成本差距已从70%扩大至150%。在对冲交易方面，奥利里披露，2028财年燃油目前已按每桶$85的价格完成15%的对冲交易；2027财年运营费用已按1欧元兑$1.15完成90%的对冲交易；2028财年上半年已按1欧元兑$1.20完成30%的对冲交易。
此外，该航空公司表示，其150架MAX-10飞机确定订单中，有60%已按略高于1.23的汇率对欧元兑美元汇率波动进行了对冲交易。
瑞安航空未就全年净利润作出具体指引，亦拒绝重申此前的单位成本通胀展望，理由是对下半年的能见度有限，叠加航空燃油价格波动、欧盟新增3亿欧元环保税、维护成本上升及薪资增长等多重不确定因素。
瑞安航空表示，第二季度票价目前预计将较上年同期小幅下降，此前指引为持平。奥利里将此次降幅定性为""低至中个位数""，并表示上半年最终结果将在很大程度上取决于8月剩余时间及9月的临近订票强度，尽管2026年夏季的预订量表现强劲。
摩根士丹利预计，市场对瑞安航空全年净利润的一致预期将在第一季度业绩公布后，由此前的约21亿欧元下调至约19亿欧元。
摩根士丹利维持对瑞安航空的""增持""评级，目标价为€27.60，并指出尽管2026年夏季预订量有所回升、价格刺激需求减弱，但第二季度票价走势仍略显疲软。"
美伊战火波及植物油市场 棕榈油价格创近一个月新高,2026-7-20 14:30,https://cn.investing.com/news/stock-market-news/article-3468125,,"智通财经APP获悉，由于美国和伊朗的军事对抗不断升级，原油和其他植物油价格走强，棕榈油价格升至近一个月新高。
吉隆坡棕榈油期货上涨0.7%，至每吨4635林吉特，创下自6月23日以来的最高水平。此前，由于美国与伊朗的军事冲突不断升级，布伦特原油价格飙升，棕榈油价格随之上涨。美伊过去一周的交火已不再局限于纯粹军事目标，桥梁、公用设施与港口设施均遭波及，上月达成的脆弱停火协议短期内几乎无望恢复。
据悉，棕榈油是全球产量第一的植物油，广泛用于食品加工、日化工业、生物燃料等领域。近期国际油价走高，棕榈油的能源属性进一步凸显。
Fast Markets Palm Oil Analytics高级分析师萨蒂亚·瓦尔卡表示：“中东局势不断升级，带动原油价格反弹、战争风险溢价走高，为棕榈油提供了上涨支撑。” 他补充道，芝加哥和大连交易所的植物油期货同步大幅走高，进一步推动了棕榈油价格。
随着美军和伊朗的战火重新被点燃，霍尔木兹海峡再次陷入危机。据报道，消息人士表示，霍尔木兹海峡的通航量已降至零，只要美国继续其挑衅行为，该海峡将保持关闭，伊朗不会向任何船只发放通行许可。凯投宏观警告，如果霍尔木兹海峡陷入长期关闭，布伦特原油价格可能飙升至每桶150美元。
截至发稿，WTI原油期货价格上涨2.75%，报每桶84.03美元;布伦特原油期货价格上涨3.12%，报每桶90.85美元。"
美国汽油价格时隔一个月重返4美元！中东冲突升级恐重燃通胀压力,2026-7-20 17:16,https://cn.investing.com/news/stock-market-news/article-3468414,,"智通财经APP获悉，随着中东冲突持续升级，美国加油站汽油价格重新升至每加仑4美元以上，这引发了市场对通胀压力可能进一步加剧的担忧。根据美国汽车协会(AAA)公布的每日油价数据，美国普通无铅汽油平均价格达到每加仑4.003美元，这是在连续一个月低于4美元关口后首次突破这一水平。
即使6月原油价格大幅下跌、最低一度推动汽油价格降至每加仑3.79美元，但此后在7月初重新回升并依旧维持在高位。这主要归因于俄罗斯炼油能力大幅下降、美国进口量偏低以及汽油库存紧张。与此同时，在夏季驾车高峰期间，燃油需求仍保持相对韧性。
如今，随着美国和伊朗持续相互袭击，霍尔木兹海峡这一全球能源运输关键通道持续受到干扰的风险正在上升。这推动原油价格在上周出现自4月以来单周最大涨幅。而通常情况下，原油成本占汽油最终价格的一半以上。
据悉，美军中央司令部在社交媒体平台发声明称，美东时间7月19日晚7点，美军对伊朗开始连续第九晚袭击，以“继续削弱伊朗用于攻击通过霍尔木兹海峡商船和平民船员的军事能力”。为回应美方的袭击行为，连日来，伊朗方面持续对美军位于中东的多处军事基地实施打击。
此外，据伊朗方面19日消息，霍尔木兹海峡的通航量已降至零，只要美国继续其挑衅行为，该海峡将保持关闭。目前没有任何船只通过霍尔木兹海峡，任何穿越海峡的企图都将遭到伊朗的打击。
分析人士指出，目前，美伊这轮持续多日的相互打击已逐渐演变为围绕霍尔木兹海峡控制权的长期博弈。过去几天，美军重点打击的地点都有一个共同特点，就是都靠近霍尔木兹海峡，承担着伊朗海上交通、能源出口以及军事部署的重要功能。美国试图通过持续打击这些海上节点，削弱伊朗在海峡周边的军事和后勤能力。
而伊朗的回应，则是将打击范围扩大到美国在海湾地区的军事存在，与此同时，伊朗还加强了对霍尔木兹海峡通行的实际控制。伊朗副外长加里巴巴迪日前表示，在战争状态下，伊朗对霍尔木兹海峡拥有完全的控制权。伊朗不允许这一重要水道被用于危及国家安全的行动。
更值得注意的是，伊朗国内正在推动将霍尔木兹海峡管理进一步“法理化”，一项涉及霍尔木兹海峡长期管理的法案已经提交至伊朗议会。这意味着，伊朗部分政治力量希望通过立法，把对海峡的管理权从军事行动和政策工具，上升为国家法律框架。
对伊朗而言，霍尔木兹海峡已不只是一个航运问题，而成为当前对美博弈中最重要的战略筹码。接下来，美伊双方围绕霍尔木兹海峡的较量或将常态化持续，短期内双方都没有明显退让的迹象。
在此背景下，霍尔木兹海峡航运重新陷入停滞。在美国近期成品油出口规模刷新纪录、但国内汽油库存较五年同期均值低6%的背景下，霍尔木兹海峡航道关闭会直接削减全球供给，国际油价的上涨则会连带推高美国汽油价格。
汽油价格是美国民众感知通胀最直观的指标之一。尽管整体价格仍低于2022年俄乌冲突爆发后超过每加仑5美元的历史峰值，但美国汽油价格快速上涨的趋势本身已足以引发市场警觉。
汽油价格的快速攀升，不仅动摇了特朗普压制通胀的核心政治承诺，更在中期选举临近之际为其经济议程蒙上阴影。分析人士表示，油价持续上涨可能会在11月的中期选举中对共和党造成不利影响，届时两党将争夺国会控制权。选民们此前已经对高昂的生活成本以及特朗普对经济的治理方式感到不满。
根据斯坦福大学经济政策研究所的瑞安·卡明斯和尼尔·马奥尼的研究，即使考虑到其他经济影响，汽油价格上涨每加仑1美元，密歇根大学调查中的消费者信心指数就会下降4.5个点或更多。曾在拜登政府经济顾问委员会担任经济学家的卡明斯(2021年至2023年期间从事汽油政策相关工作)表示，这“大致意味着，每加仑汽油价格上涨1美元，人们对经济的感受就会恶化5%”。
随着能源价格回落，美国6月份物价压力较预期有所缓解，但现在燃料成本重新上升，可能使美国通胀前景变得更加复杂。能源行业人士指出，尽管6月的美国通胀数据反映出价格压力的缓解主要得益于能源成本下降，但7月汽油价格持续上涨可能会迅速改变这一局面，而且影响远不止于燃料本身——汽油价格上涨会推高运输成本、货运费率以及更广泛的物流开支，最终传导至整个经济中的商品和服务价格。
穆迪分析公司首席经济学家马克·赞迪表示，如果中东局势升级，霍尔木兹海峡在数周内仍基本关闭，全球石油库存预计将进一步减少。在这种情况下，石油、汽油及其他能源的价格将急剧飙升，全球范围内将出现实物供应短缺。"
霍尼韦尔科技完成对庄信万丰催化剂技术业务的收购,2026-7-20 15:07,https://cn.investing.com/news/stock-market-news/article-3468184,,"北卡罗来纳州夏洛特2026年7月20日 /美通社/ -- 霍尼韦尔科技（纳斯达克代码：HON）近日宣布，以13.25亿英镑全现金交易完成对庄信万丰（Johnson Matthey）催化剂技术业务的收购。此项收购进一步强化了霍尼韦尔科技在炼油、石化及可再生燃料领域的业务组合。
霍尼韦尔科技将在能源与工艺技术领域为客户提供更全面、端到端的解决方案，并与现有的自动化与数字化解决方案形成更强的协同效应。此次收购还扩大了霍尼韦尔科技庞大的全球装机客户群，提升了其在更广泛应用领域为客户提供服务的能力。强化后的产品组合彰显了霍尼韦尔科技致力于提供创新、一体化解决方案的承诺，以助力工业价值链实现卓越运营、提质增效、优化性能。
""此次收购显著增强了霍尼韦尔科技提供端到端解决方案的能力，助力客户提升效率、降低排放并加速实现能源安全目标。""霍尼韦尔科技工艺技术集团总裁兼首席执行官韦思成（Ken West）表示，""通过将庄信万丰差异化的催化剂技术专长与霍尼韦尔科技的先进的技术和数字化能力相结合，我们打造了一个强劲的未来增长平台，同时让客户能够立即受益于更加完善的产品与解决方案组合。""
此次收购完成前，霍尼韦尔科技已完成其航空航天业务分拆。自2026年6月29日起，该业务以霍尼韦尔航空航天（纳斯达克代码：HONA）作为独立公司运营。此前，霍尼韦尔科技已于2025年10月30日完成旗下高性能材料业务的分拆，该业务现以索致泰（Solstice Advanced Materials，纳斯达克代码：SOLS）为公司名称独立运营。自2023年以来，霍尼韦尔科技已累计完成约115亿美元兼具增值效应与协同效应的收购，包括美国压缩机控制公司（Compressor Controls Corporation）、开利全球安防业务、空气产品公司的液化天然气（LNG）业务、胜达因（Sundyne）以及 Li-ion Tamer。
此外，公司于2024年完成个人防护设备（PPE）业务的剥离，并已宣布出售生产力解决方案与服务业务及仓储与作业流程解决方案业务，相关交易预计将于2026年下半年完成。
关于霍尼韦尔科技
霍尼韦尔科技是一家专注自动化领域的全球性企业，致力于通过持续创新应对全球关键挑战，提升全球各地人们与社区的生活品质。公司依托霍尼韦尔科技加速器运营系统和霍尼韦尔科技互联平台，为建筑、过程以及工业领域提供广泛的产品、服务和解决方案。通过融合逾5万名员工的深厚领域专长，以及我们全球装机设备数十年来沉淀的数据，霍尼韦尔科技正致力于引领工业从自动化向自主化转型。在中国，霍尼韦尔科技贯彻""东方服务东方""的战略，以本土创新推动业务发展。目前，霍尼韦尔科技所有业务集团均已在中国布局。欲了解更多公司信息，请访问霍尼韦尔科技中国网站www.honeywell.com.cn，或关注霍尼韦尔科技官方微信和视频号。"
​蚌埠资本大佬李荣杰32载商海浮沉：从坐拥“丰原系”三家上市公司，到渐失控制权,2026-7-20 13:05,https://cn.investing.com/news/stock-market-news/article-3468030,,"本文来源：时代周报 作者：管越
近日，丰原药业（000153.SZ）一纸控制权变更公告，将蚌埠资本大佬李荣杰再次推至聚光灯下。
根据公告，丰原药业控股股东安徽丰原集团有限公司（下称“丰原集团”）旗下三家一致行动人拟转让股权给蚌埠投资集团有限公司（下称“蚌投集团”）。
若交易最终落地，丰原药业的控股股东将变为蚌投集团，实控人将由李荣杰变更为蚌埠市国资委；丰原集团及其一致行动人将不再持有丰原药业任何股份。
作为丰原集团的核心灵魂人物，李荣杰“发迹”于安徽蚌埠，一手打造出了坐拥三家A股上市公司的“丰原系”，是安徽本土最具影响力的资本人物之一。
2011年，李荣杰借力混合所有制改革，拿下丰原集团控股权，站上个人资本生涯的顶峰。
只是，如今，“丰原系”旗下的丰原生化（现中粮科技，000930.SZ）早已易主中粮集团有限公司（下称“中粮集团”），ST泰复（现云鼎科技，000409.SZ）控制权旁落山东国资。
随着丰原药业的控制权即将交给蚌投集团，李荣杰的“丰原系”再无实际控股的A股上市公司。
7月13日下午，时代周报记者就股权转让进展等问题致电丰原药业董秘张军，其表示，“目前这个事还处于筹划阶段，而且是股东层面（的操作），我这边得到的信息也仅限于公告。”
对于丰原药业近两年是否存在业绩压力，张军对时代周报记者表示，“现在还处于敏感期，暂时不太方便（评价这个事）。”
柠檬酸厂走出的“狠人”
李荣杰的商业故事，始于蚌埠一家濒临倒闭的地方国企。
公开资料显示，李荣杰1962年12月出生于安徽省蚌埠市固镇县，先后毕业于安徽化工学校、安徽财贸学院、中国科学院，曾任蚌埠化肥厂工程师。
1994年10月，蚌埠市化工局将32岁的李荣杰从华能蚌埠无水柠檬酸厂调任，出任蚌埠柠檬酸厂的厂长。
彼时，蚌埠柠檬酸厂技术落后、管理不善，已连续亏损6年，当年9月更是全面停产、严重资不抵债。
李荣杰上任后，大刀阔斧地搞改革，手段凌厉、行事果决。
根据安徽媒体的报道，当时厂里唯一一座生产车间里的唯一一条产线设备老化，跑冒滴漏现象严重，李荣杰直接带领工人将其拆除后重新安装，一度“把市化工局吓得不轻”。
为了解决亏损，李荣杰一方面积极压缩成本，另一方面注重挖掘企业内生式增长的潜力。
诸如，成本端，李荣杰精简人力，将管理人员从132人压缩到57人；效益端，以玉米粉生产柠檬酸，工厂当年凭此实现扭亏为盈。
柠檬酸制取技术专利
在柠檬酸厂的成绩加持下，李荣杰的人生也开启了腾飞之路。 
一方面，李荣杰拿奖拿到手软：1996年获得安徽省五一劳动奖章、安徽省科技进步一等奖；1997年获得安徽省青年科技奖，并被评为安徽省劳动模范；2000年获得全国劳动模范称号……
另一方面，李荣杰成为国企改制浪潮中的典型人物。
1998年，蚌埠柠檬酸厂改制为丰原集团，由蚌埠市国资委全资持股，李荣杰出任董事长、总经理；同年，丰原集团联合蚌埠市建设投资公司、蚌埠热电厂等四家地方国企发起设立丰原生化；次年7月，丰原生化在深交所挂牌上市。
37岁的李荣杰成为一家A股上市公司的核心掌舵人。
“丰原系”一度拥有三家上市公司
丰原生化上市后，靠着募集资金和银行借贷，柠檬酸产能很快扩大至18万吨产能，一跃成为当时全球第一大柠檬酸生产商。
根据过往媒体的报道，一位丰原集团前高管曾表示：“看准市场，迅速放大产能，实现超大规模生产”的“柠檬酸模式”是“丰原系”的成功秘诀。
而依靠“柠檬酸模式”，“丰原系”又将产业扩大至其他领域，包括玉米胚芽油、花生油、赖氨酸（即味精）、燃料酒精等。
除了产业扩张，“丰原系”还热衷于并购。
除去早期并购的蚌埠狮头明胶总厂、蚌埠市建材七厂、蚌埠市新型材料厂、涂山制药厂等（部分为柠檬酸厂时期收购），丰原集团在2002年5月斥资9500万元收购上海嘉丽可可食品公司，开创国有独资企业收购外资企业的先河。随后，以“阿罗哈”为品牌的安徽丰原食品有限公司成立。
同年6月，丰原集团通过间接收购的方式，拿下了当时我国最大的维生素C生产商——江苏江山制药有限公司52%的股权。
也是在2002年上半年，即2002年4月，安徽省无为制药厂（下称“无为药厂”）被划归丰原集团。无为药厂旗下的安徽新力药业股份有限公司（下称“新力药业”）于2000年9月登陆深交所主板，是安徽省首家医药类上市公司。
随着，丰原集团对无为药厂的控制，新力药业的实控权也随之转移，并于2003年3月更名为丰原药业，这是“丰原系”控制的第二家上市公司。
2003年6月，丰原集团托管的蚌埠市第一污水处理厂（下称“蚌埠一污厂”），以1750万元拍下*ST四通（后更名ST泰复，即现云鼎科技）2300万股股份，成为上市公司控股股东。
至此，丰原集团旗下拥有三家上市公司，“丰原系”成为当时仅次于“海螺系”的安徽重要本土资本力量。
21世纪初的“丰原系”也是如日中天。2005年的一篇报道称，“半个蚌埠城都能闻到柠檬酸的味道，占地十几平方公里的丰原工业园犹如城中城”。
事实上，李荣杰对“丰原系”的发展规划十分清晰。相关报道称，李荣杰“用一条放射状的线条简单地勾勒出集团的产业结构：丰原生化—丰原药业—丰原食品—丰原新材料”，使其形成了生化、药业、食品和油脂四大主导产业。
资金压力导致两上市公司易主
激进扩张，往往伴随着风险，“丰原系”也不例外。
早在2003年，就有媒体质疑丰原生化柠檬酸业绩造假，称上市公司1999年至2003年上半年披露的柠檬酸出口金额高于国家海关总署对应年份出口金额。
2006年6月，上海国家会计学院财务舞弊研究中心人员发表网文质疑丰原生化财务造假。尽管公司多次发布澄清公告，但资本市场信任度受损，10亿元定向增发也因此搁浅。
此外，李荣杰2006年接受媒体采访时坦承：从2000年开始，“丰原系”在油脂、食品等非生物化工产业上的投资并不成功，而在赖氨酸、味精等项目的投入也有些“贪大”。
上文提及的丰原集团前高管指出，“柠檬酸模式”曾是“丰原系”的成功秘诀，但最终造成资金链紧张的，也正是它。
丰原生化2006年半年报显示，其资产负债率首次达到70%。而当时银行业规定，负债率超70%的上市公司进一步贷款需特别审慎。此外，其上半年获国家燃料酒精补贴2.83亿元，而同期公司净利润仅8411万元。
一系列压力下，2006年8月，丰原生化公告称，蚌埠市政府要求丰原集团尽快引进战略投资者，且已与中国高新投资集团有初步接触。但最终接盘的却是实力更强的中粮集团有限公司（下称“中粮集团”）。
2006年12月，中粮集团与蚌埠市政府、丰原集团签署协议，以每股5元的价格受让丰原集团持有的2亿股丰原生化股份，占总股本20.74%，交易总价10亿元。交易完成后，中粮集团成为第一大股东，丰原集团退居次席。
而在另外一家上市公司的运营管理上，李荣杰同样“折戟”。
2005年5月，丰原集团与蚌埠一污厂签订协议，约定受让其持有的ST泰复26.88%股份。因股权过户存在司法障碍，双方采取委托代持方式，丰原集团当年7月便支付全部转让款，实际掌握了ST泰复的经营管理权。
不过，丰原集团入主后，ST泰复主业持续低迷。2006年，ST泰复营收为-263.45万元，亏损3902.73万元；2007年未开展经营，营收为0元。
虽然ST泰复2008年扭亏为盈，但是2009年、2010年又陷入亏损状态。
此外，2010年4月，深圳证监局还向ST泰复下发整改通知，指出公司长期处于“实控人已变更但未披露”的状态却未披露信息。
两年后，即2012年9月，ST泰复启动重大资产重组，将全资子公司蚌埠丰泰生物科技100%股权对外出售，同时以18.05亿元总价向山东鲁地矿业投资有限公司（下称“鲁地矿业”）等8家主体定向增发。交易完成后，鲁地矿业及其一致行动人成为ST泰复的控股股东。
2020年，随着山东能源集团旗下资产进一步注入，上市公司更名为云鼎科技，主业转向矿山信息化与工业互联网，山东能源集团成为控股股东。
截至2026年一季度末，丰原集团仍持有云鼎科技8.18%股份，为第二大股东，但已丧失控制权，且所持股份曾于2025年底被司法冻结。
积极突围新产业再遇挫
2006年前后，几乎算得上是李荣杰的人生拐点。
无论是丰原生化的财务造假风波，还是丰原集团才入主的ST泰复业绩低迷，李荣杰可谓是挑战重重。
然而，他个人似乎是愈挫愈勇，斗志昂扬，成功获得“丰原系”的控制权就可窥一斑。
事实上，作为“丰原系”的缔造者，丰原集团及其下属（上市）公司的实控人长期是蚌埠市国资委，李荣杰更像是个职业经理人。
但是，2009年7月，蚌埠市政府批复丰原集团改制方案，将集团净资产的35%比例进行股权激励。股权激励方式采取奖励股份和出售股份，其中股权激励总额的50%用以股权激励，另外50%部分按照0.5的折价系数出售。股权激励分配比例为：主要经营者35%，管理骨干40%，技术骨干25%。
为承接股权激励份额，丰原集团中层以上142名管理层出资设立蚌埠银河生物科技股份有限公司（下称“银河生物”），其中李荣杰持股35%，为第一大股东。
2009年9月，丰原集团完成工商变更，银河生物持股25%。据有关数据计算，管理层持股成本仅为4878.26万元。
2011年8月，银河生物以2.48亿元回购新华信托股份有限公司持有的丰原集团24%的股权，总持股比例达到49%，成为丰原集团第一大股东，李荣杰也由此成为丰原药业乃至丰原集团的实控人，并延续至今。
丰原集团一公开简章曾指出，丰原集团计划在2022年前实现丰原生化、安徽丰原生物技术股份有限公司（下称“丰原生物”）、安徽泰格生物技术股份有限公司（下称“泰格生物”）三家公司上市发展。
图片来源：皖西学院官网
事实上，2023年3月，丰原生物就申请在科创板上市，不过迄今仍然是在上市辅导阶段。
此外，2023年1月，丰原药业披露公告称，拟发行股份购买泰格生物子公司100%股权。但就在同年6月，该计划就草草结束。
总的来看，实控“丰原系”后的李荣杰，不仅接连失去了两家上市公司的控制权，试图孕育新的上市平台的计划也接连受挫。
丰原集团未来依旧困难重重
时至如今，丰原集团产业版图仍旧庞大，却面临着巨大的债务压力。
根据丰原药业最新公告，截至2026年6月16日，丰原集团各类借款总余额约为115亿元，未来1年内需偿付的上述债务金额约为15亿元，而其2026年一季度净利润仅1.34亿元。
为了缓解债务压力，李荣杰先是出售股权。2025年9月，丰原集团及其一致行动人马鞍山丰原企业管理有限公司通过协议转让方式，向海南贵和达毅投资合伙企业（有限合伙）转让其持有的丰原药业合计2369.86万股，套现1.59亿元，而其转让价相对于当时丰原药业股价无疑是“打折”的。
此外，丰原集团还在疯狂质押。丰原药业最新公告显示，丰原集团旗下三家一致行动人合计质押股份1.00亿股，占其所持股份比例高达99.99%，其中有两家已100%质押。公告称，质押所得资金“主要用于控股股东贷款周转和日常经营”。
对此，并购达人创始人鲁宏7月13日接受时代周报记者采访时表示，从上述财务指标能看出，丰原集团当前利润无法覆盖短债，也无股权可追加担保，债务压力较大。
资金紧张的背景下，“丰原系”还曾出现非经营性占用上市公司资金的情况。丰原药业2025年度内控审计报告被出具带强调事项段的无保留意见，审计机构指出，丰原集团旗下多家子公司通过预付款形式占用上市公司资金，累计金额近1.5亿元，直至2025年末才收回本金，2026年3月足额收取利息。
从1994年临危受命接手柠檬酸厂，到2011年掌控三家上市平台，再到2026年出让最后一家上市公司股权。
三十二年间，李荣杰完成了从国企厂长到资本大佬，再到全面退出A股舞台的完整轮回。
眼下，64岁的李荣杰无疑正面临着新的考验，他需要解决的问题，似乎始终都没有变过——“丰原系”上升期缺的是钱，而在版图巨大的如今，仍然缺钱。
只是，市场环境早已今非昔比，蚌埠资本大佬李荣杰是否还能再复往日的创业魄力仍是个未知数。"
信实工业公司公布2026财年第一季度强劲业绩,2026-7-18 23:40,https://cn.investing.com/news/transcripts/article-93CH-3467376,,"信实工业公司（Reliance Industries）在2027财年开局表现亮眼，季度营收同比增长25%，净利润增长6%。油价上涨、电信业务稳健增长以及数字商务持续扩张，共同抵消了融资成本上升和折旧增加带来的压力。该股近期上涨2.36%，报$1,327.2，高于52周低点$1,253.2，但仍低于52周高点$1,611.8。根据InvestingPro的分析，该股目前交易价格接近52周低点，对长期投资者而言或存在潜在入场机会。该平台追踪逾1,400只股票，并提供专属ProTips——信实工业公司目前还有7条提示可供参考，同时提供全面的公允价值估算及财务健康评分。管理层将截至2026年6月30日的这一季度描述为""非凡的""，原因在于宏观环境波动剧烈、能源市场受到冲击以及供应链出现中断。






信实工业公司表示，本季度业绩体现了其多元化业务组合的韧性。公司受益于油价高企，但同时也面临炼油和物流领域异常严峻的挑战，包括地缘政治紧张局势引发的供应中断。
油气化工业务营收达170亿印度卢比，同比增长30%，EBITDA增长17%。Jio平台营收增长11.8%，EBITDA增长15.1%，反映出连接服务和数字服务的持续变现能力。零售营收在剔除RCPL分拆影响后调整口径下增长12%，受全渠道增长和数字商务加速转型的推动。媒体合资企业JioStar营收达1,094.6亿印度卢比，同比增长14%。
信实工业公司的新兴增长引擎也取得进展。旗下消费品业务RCPL营收达860亿印度卢比，约为上年同期的两倍。公司还重点介绍了新能源制造领域的进展，包括太阳能组件、电池及综合可再生能源项目。






本季度未提供每股收益或营收预期的对比数据，因此无法进行正式的业绩超预期计算。尽管如此，已公布的业绩仍显示出强劲的运营表现。25%的营收增速和10%的EBITDA增速表明，公司在能源市场动荡、成本上升的背景下，超出了通常情况下的预期水平。
由于融资成本上升19%、折旧增长9%，净利润增速慢于营收增速。这意味着本季度并非单纯的利润率扩张故事，而是强劲的营收增长、稳健的运营表现与较重的非经营性费用共同作用的结果。


信实工业公司股价上涨2.36%，报$1,327.2，此前收盘价为$1,296.6。该股目前较52周高点$1,611.8低约4.6%，较52周低点$1,253.2高约5.9%。
此番上涨表明，投资者对公司全面增长的业绩及其在波动季度中的抗压能力作出了积极回应。涨幅温和而非大幅跳升，这或许说明市场此前已预期业绩稳健，或仍在权衡大规模资本支出及各业务板块利润率走势不均衡所带来的影响。本次未提供成交量数据。


管理层未提供详细的每股收益展望，但指出了若干中期目标与优先事项。
在零售业务方面，公司表示计划在三年内将EBITDA翻倍，增长资金来源于现有利润。管理层表示，线上业务将在未来一年内通过增设暗仓、强化全渠道平台及扩大JioMart覆盖范围实现快速扩张。公司还表示，将依据单位经济效益评估各市场，而非盲目追求规模增长。
在电信业务方面，信实工业公司表示，数字服务增速应持续快于连接服务，在不提高资费的情况下，每用户平均收入（ARPU）有望实现4%至5%的有机增长。InvestingPro数据证实，信实工业公司是石油、天然气及可消耗燃料行业的重要参与者，但其向电信和零售领域的多元化布局正在重塑其业务结构。投资者可通过该平台的高级筛选工具获取详细的业务板块分析及行业比较数据。公司还预计，固定无线接入和企业服务将持续扩张。
在新能源领域，信实工业公司表示，其综合太阳能和电池制造计划推进顺利，包括年产20 GW太阳能光伏的目标，以及今年40 GWh的电池产能，并计划长期扩展至120 GWh。


首席执行官Srikanth表示：""这是一个非凡的季度，""并援引宏观波动、能源冲击和供应链中断作为背景。""我们所展现出的敏捷性令人印象深刻。""
在电信业务方面，Anshuman表示：""我们是中国以外全球最大的独立5G运营商，""并补充称，Jio拥有2.85亿5G用户，人均月流量使用达43.7 GB。
在零售业务方面，Dinesh表示，公司计划""在今年大力推动线上业务的快速增长""，同时密切关注单位经济效益及速度、可靠性和履约成本等运营指标。






分析师在电话会议中重点关注了以下几个主题。
针对Jio管理层的提问集中于数字服务增长、ARPU趋势及利润率改善节奏。管理层表示，数字服务仍处于较小基数上的增长阶段，通过内容、云计算、物联网和托管服务等领域，仍有较大的扩展空间。
零售业务方面的提问聚焦于公司的即时配送策略、暗仓投资以及三年EBITDA目标的信心来源。管理层表示，公司正采取逐市场、有纪律的方式推进，并愿意在单位经济效益不理想的市场收缩规模。
分析师还就Meta数据中心合作项目提问，信实工业公司表示，该项目将在贾姆纳格尔建设一座168 MW的设施，资金来源于公司自有资产负债表。管理层表示，该项目将一次性交付，是其更广泛智能业务布局的组成部分。
在油气业务方面，提问集中于原油采购来源、乙烷进口及供应中断的影响。管理层表示，公司已实现多地区分散采购，并受益于以乙烷为主的原料结构，有助于支撑石化业务的经济效益。

本文由人工智能协助翻译。更多信息，请参见我们的使用条款。"
油价本周大涨逾11%，美伊冲突加剧供应中断担忧,2026-7-17 10:03,https://cn.investing.com/news/commodities-news/article-3465424,Ayushman Ojha,"Investing.com - 周五油价继续上涨，受美国与伊朗之间冲突持续升级影响，市场对中东地区供应中断风险的担忧加剧，两大基准油价本周有望录得大幅周线涨幅。
截至美国东部时间上午9:47（北京时间21:47），全球基准油价布伦特原油期货上涨3.0%，报每桶$86.79，而美国西德克萨斯中质原油（WTI）期货则上涨3.5%，报每桶$81.65，徘徊于2022年6月15日以来的最高水平附近。
立即订阅InvestingPro，获取优质大宗商品市场深度分析——现享六折优惠

随着局势最新一轮升级进一步推高油价中的地缘政治风险溢价，两大基准油价本周涨幅均有望超过10%。不过，PVM石油协会分析师塔马斯·瓦尔加（Tamas Varga）在一份报告中指出，""目前石油市场并没有表现出特别强烈的紧迫感。""
瓦尔加表示：""近期发生了一些相当重大的事态发展，若非如此，过去几个月的局势早已将原油价格推向三位数。""
伊朗军方于周五凌晨宣布，对中东地区的美国设施发动新一轮打击，其中包括首次直接袭击叙利亚境内目标。
此前，美国军方表示，周四对伊朗发动了连续第六个夜晚的打击行动，目标为伊朗的军事力量。
德黑兰多次威胁将封锁霍尔木兹海峡，该海峡是全球约五分之一原油和液化天然气供应的重要通道。
霍尔木兹海峡的航运活动再度出现放缓迹象。随着美国重新对伊朗港口实施海上封锁，本周过境船只数量大幅下降。
交易员目前正在权衡供应长期中断的可能性，以及产油国能否通过增产来弥补部分缺口。
与此同时，外交斡旋动向备受关注。有报道称，卡塔尔、埃及和巴基斯坦等地区调解方仍在积极推动谈判，尽管6月签署的脆弱停火协议已明显濒临破裂。
此外，本周公布的美国库存数据也显示原油市场供应趋紧。
美国能源信息署（EIA）数据显示，截至7月10日当周，美国原油库存减少170万桶，降至4.097亿桶，汽油库存则减少150万桶。
本周早些时候，美国石油学会（API）公布的行业数据显示，同期美国原油库存减少约56.4万桶，降幅低于分析师预期。
（Ayushman Ojha对本文亦有贡献）"
霍尼韦尔完成以£13.25亿收购庄信万丰催化剂业务,2026-7-17 16:54,https://cn.investing.com/news/company-news/article-93CH-3466013,,"北卡罗来纳州夏洛特 - 霍尼韦尔（纳斯达克：HON）今日宣布，已完成对庄信万丰（Johnson Matthey）催化剂技术业务的收购，交易金额为£13.25亿，以全现金方式完成。
此次收购将催化剂业务能力纳入霍尼韦尔的产品组合，覆盖炼油、石油化工及可再生燃料等领域。公司表示，此次交易扩大了其全球装机基础，使其能够为客户提供催化剂、工艺技术与数字化解决方案的一体化服务。目前霍尼韦尔市盈率为18.1倍，市值达717亿美元，InvestingPro分析显示该股目前被低估，已被纳入平台的最被低估股票名单。
霍尼韦尔工艺技术部门总裁兼首席执行官肯·韦斯特（Ken West）表示：""此次收购显著增强了霍尼韦尔提供端到端解决方案的能力，帮助客户提升效率、减少排放，并加速实现能源安全目标。""
此次交易是在霍尼韦尔完成航空航天技术业务分拆之后进行的。该业务已于2026年6月29日独立上市，成为霍尼韦尔航空航天公司（纳斯达克：HONA）。在此之前，霍尼韦尔已于2025年10月30日将其先进材料业务分拆为Solstice Advanced Materials（纳斯达克：SOLS）。
自2023年以来，霍尼韦尔已完成约115亿美元的收购，包括压缩机控制公司（Compressor Controls Corporation）、SCADAfence、Carrier Global的门禁解决方案业务、空气产品公司（Air Products）的液化天然气业务、Sundyne以及Li-ion Tamer。
公司已于2024年完成个人防护装备业务的剥离，并宣布计划出售其生产力解决方案与服务业务以及仓储与工作流解决方案业务，预计上述交易将于2026年下半年完成。
霍尼韦尔定位为全球自动化公司，服务于建筑、工业及工艺板块，员工人数逾5万人。据InvestingPro数据显示，公司股息收益率为4.21%，并已连续42年保持股息派发记录。投资者可在该平台访问霍尼韦尔的完整专业研究报告，平台目前覆盖逾1,400只美国股票。

本文由人工智能协助翻译。更多信息，请参见我们的使用条款。"
康菲石油公司宣布收购伊拉克油田42%股权,2026-7-17 19:06,https://cn.investing.com/news/company-news/article-93CH-3466414,,"休斯顿 — 康菲石油公司（NYSE:COP）今日发布新闻稿，宣布已与英国石油公司（bp）达成协议，将收购英国石油公司旗下柯克孜有限公司（BP Energy Company of Kirkuk Limited）42%的股权。
此次收购将使康菲石油公司获得进入伊拉克北部基尔库克地区四个在产油田的机会，包括基尔库克油田的巴巴穹顶和阿瓦纳穹顶，以及三个相邻油田：拜哈桑、贾姆布尔和哈巴兹。根据开发和生产合同，初始可采资源总量超过30亿桶油当量。
该协议预计将在伊拉克总理阿里·扎伊迪对华盛顿特区进行正式访问期间签署。
康菲石油公司董事长兼首席执行官瑞安·兰斯表示：「这一独特的再开发机会与我们严谨的投资框架高度契合，为我们提供了进入规模可观、高质量且长寿命资源基地的渠道。」
此次收购正值康菲石油公司股价低于InvestingPro公允价值之际，这意味着该股可能被低估。康菲石油公司是石油、天然气及消耗性燃料行业的重要参与者，市值约为1,370亿美元。该公司目前股息收益率约为3%，并已连续56年派发股息。
本次交易预计于2026年底前完成，生效日期为2026年7月1日，尚需获得监管部门批准及满足其他惯常交割条件。交割完成后，英国石油公司ECKL合资企业将以权益法附属公司的方式入账。
康菲石油公司表示，此次收购预计不需要大量资本投入，报酬将与增量产量和成本的相应比例份额挂钩。合同区域除初始资源基础外，还具备额外的勘探潜力。
上述油田目前均处于生产状态，此次协议将支持持续推进的再开发活动，包括油田修复、再开发及优化工作。

本文由人工智能协助翻译。更多信息，请参见我们的使用条款。"
涨幅高达+78%、+66%：能源股涨势蔓延，我们的模型早已预见,2026-7-17 16:40,https://cn.investing.com/news/stock-market-news/article-3465984,Mark Garro,"Investing.com — 随着美伊冲突持续升温，市场情绪依然脆弱。机构资金正迅速从估值偏高的AI与半导体股撤离，转向防御性更强的板块。能源股涨势如虹，涨幅更已蔓延至金融、工业和医疗健康板块。
林肯国家 (NYSE:LNC) 涨幅已扩大至 +20.94%，TriNet集团 (NYSE:TNET) 仅7月份涨幅已达 +13.69%，英斯拜尔医疗系统 (NYSE:INSP) 亦上涨 +13.37%，涨势已全面超越能源板块。
已订阅InvestingPro的会员——每月低至不到$7（夏季促销价）——早已提前布局，把握住了这些行情。
即便涨势已扩散至多个板块，能源股仍是本轮市场轮动的核心驱动力。本栏目的读者应该知道，PBF能源 (NYSE:PBF) 和 德莱克美国能源 (NYSE:DK) 是7月份表现最为亮眼的个股之一，自ProPicks AI首次识别以来，涨幅已超过 63%。
另一只高确信度精选股也正蓄势待发，迎接下一轮上涨。这家原油炼化及特种燃料制造商7月份已上涨20%，近期还对管理层进行了精简优化——提拔了经验丰富的领导者，重点聚焦新技术部署、业务转型与成本效率提升。
以下是7月份迄今为止部分表现突出的个股：
以上仅为逾22只两位数涨幅个股中的部分代表！
复利增益远不止于能源板块。通过锁定全市场各领域的基本面优质标的，我们的模型自这些多元化个股首次入选以来，已在软件、医疗健康和重工业领域斩获丰厚的长期回报：
以及更多精彩个股！
那么，下一只加入能源涨势的高确信度精选股是谁？
正是 HF辛克莱 (NYSE:DINO)——仅7月份涨幅已达 +19.68%。
当该公司宣布最新管理层调整时，我们的模型早已将这家炼油商标记为高确信度投资标的。最新的人事任命直接支撑了公司深度折价的估值修复逻辑，并巩固了其稳定的股息收益率。与此同时，对技术创新与业务转型的重点投入，也将推动其高利润率可再生能源业务持续扩张。
我们的模型在行情启动前发现了HF辛克莱的哪些亮点
ProPicks AI会员在上述利好被市场充分定价之前，早已完成布局。
自2023年11月正式上线以来，这一机构级投资优势已累计实现 +191.14%的回报，领先标普500高达+113.32%。
以上均为真实数据，记录自我们AI模型于2023年11月正式上线以来的实际表现。
借助夏季促销活动，您现在可以以2026年最低价格订阅InvestingPro。
InvestingPro会员可在此处查看完整的7月份精选股票名单。
还不是会员？Now就是您获取完整名单的机会：
Investing.com AI智能选股系统的运作原理
每月初，我们的专有AI系统会综合运用历史数据、估值信号及前瞻性增长指标，对全球数千只股票进行全面评估。
通过处理逾15年的金融数据，并运行超过150个量化模型，该系统能够针对每项策略筛选出多达20只高确信度个股，依据其中期上行潜力进行排序。
每个月，各项策略都会经历严格的再平衡流程：新机会被纳入，强势股被保留，不再符合标准的个股则被剔除。
为确保业绩追踪的一致性，每项策略对所有入选个股采用等权重配置。投资者可根据自身情况自由调整仓位，而这一结构为评估整体模型表现提供了透明的基准参考。
我们的目标，是始终将资金配置于那些在动能、估值与业务表现上综合表现最为突出的公司。
免责声明：文章中提及的订阅价格以发布时为准。我们会定期针对不同会员测试不同优惠方案，具体价格可能因地区而异。"
Borosil Renewables 2026财年第一季度业绩强劲增长,2026-7-17 19:48,https://cn.investing.com/news/transcripts/article-93CH-3466497,,"印度太阳能玻璃制造商Borosil Renewables Ltd.公布了2027财年第一季度业绩，季度销售额和盈利能力均大幅提升，受益于更高的产品售价、满负荷生产运营以及较低的电力成本。尽管业绩亮眼，公司股价在早盘交易中仍小幅下跌1.46%，报$603.05。公司独立财务数据显示，销售额同比增长53%至印度卢比4.056亿卢比（INR 405.69 crores），EBITDA同比增长53%至INR 142 crores。合并EBITDA则同比增长逾一倍，达INR 141.16 crores。公司未在相关材料中提供每股收益或营收预测，因此无法进行业绩与预期的直接比较。






Borosil Renewables持续受益于有利的国内太阳能制造环境——政府政策大力支持本土生产，而印度对进口的依赖程度依然较高。作为印度领先的太阳能玻璃生产商，公司表示市场需求依然强劲，现有日产1,000吨的工厂保持满负荷运转。
本季度业绩体现了公司的定价能力和运营纪律。平均销售价格从一年前的INR 138.10每平方米升至INR 160.30每平方米，上一季度为INR 150.20每平方米。管理层表示，价格上涨部分源于公司为抵消西亚冲突推高燃料价格所带来的能源成本增加而征收的燃油附加费。
此外，公司于2026年3月投运太阳能-风能混合自备电站后，电力成本也有所下降。管理层表示，可再生能源目前满足总用电量的93%，预计每年可节省约INR 18 crores。



据InvestingPro数据显示，公司过去十二个月的毛利率高达53.6%，充分体现了其出色的运营效率。InvestingPro提示该公司拥有""亮眼的毛利率""，这是订阅用户分析Borosil Renewables投资潜力时可获取的逾10条专属提示之一。


由于本季度未提供每股收益或营收预测，无法进行正式的业绩超预期计算。即便如此，从任何标准来看，本季度的运营业绩均表现强劲。
从同比数据来看，独立销售额增长53%，EBITDA增长53%，合并EBITDA增长104%。公司表示EBITDA利润率连续第四个季度维持在33%以上，表明业务盈利能力的改善具有持续性，而非一次性的异常表现。
管理层也对外界认为利润较上季度大幅下滑的看法予以回应，指出上一季度的税后利润（PAT）数据包含了与德国子公司投资核销相关的一次性税盾收益，剔除该项目后，基础业绩表现与本季度基本相当。


公司股价下跌1.46%，报$603.05，较前收盘价$612下跌$8.95。目前股价仍远高于52周低点$374.4，但较52周高点$721低约16%。尽管股价小幅回落，InvestingPro仍给予公司财务健康评分""良好""，5分制中得2.79分，盈利能力方面得分尤为突出。该股贝塔系数仅为0.2，表明其历史波动性明显低于大盘。
股价温和下跌表明，尽管运营数据亮眼，投资者并未因此获得充分回报。可能的原因之一是市场此前已将强劲利润率和政策支持带来的利好充分计入股价；另一原因则是投资者可能正在关注未来随着能源成本回落、燃油附加费下调后利润率是否会出现正常化回归。
目前未有异常交易量或盘中走势的相关信息披露。


管理层表示，600 TPD产能扩张项目预计于2026年12月前完工，目标于2027财年第四季度投产。两座新熔炉SG4和SG5预计相隔约一个月先后投入运营，完整的营收贡献预计从2028财年开始体现。
公司表示，此次扩张资金已全部到位，预计将使销售额提升60%，按当前定价和成本水平估算，每季度可新增约INR 80 crores至INR 85 crores的EBITDA。
展望更长远的未来，Borosil Renewables表示正在评估下一阶段的增长方向，选项包括扩大太阳能玻璃产能、发展相关玻璃产品以及开拓其他收入来源，以降低对单一产品的依赖。管理层表示预计在五至六个月内确定下一步方向，并仍致力于在未来三至四年内将营收增长至至少INR 4,000 crores。
公司还表示，新开展的屋顶太阳能业务目前处于早期阶段，2027财年内部营收目标为INR 36 crores，第一季度该业务营收为INR 1.3 crores。


首席执行官Melwyn Moses表示，本季度运营未见任何疲软迹象。他在谈及公司同比表现及上季度一次性税务项目的影响时表示：""EBITDA增长了53%，利润并未下滑。""
他还强调了国内市场的强劲需求以及公司在供应中断情况下维持正常运营的能力。Moses表示：""尽管受西亚战争影响导致燃料供应中断、价格上涨，我们仍能维持工厂满负荷运转。""
谈及长期展望，他表示公司看到了在现有项目基础上进一步扩张的空间。他说：""我们确实希望在2027年3月之后继续发展壮大，将公司规模从INR 2,500 crores扩大至至少INR 4,000 crores左右。""



从积极方面来看，InvestingPro指出，公司流动资产超过短期负债，流动比率为1.96，在推进扩张计划的过程中具备充足的财务灵活性。公司债务水平适中，有助于在不承担过度杠杆风险的情况下为增长提供资金支持。



分析师重点关注利润率、定价、产能扩张及公司长期增长计划等议题。
一个核心问题是，随着印度新增产能陆续投产，国内太阳能玻璃价格是否会承压下行。管理层表示，市场供应缺口依然较大，且大部分新增产能为自用性质，因此市场流通供应量不会大幅增加，价格不太可能受到明显冲击。
另一关注焦点是600 TPD扩张项目。管理层表示，该项目资金已全部到位、进度符合预期，一旦全面投产，预计将使销售额和EBITDA均增长约60%。
分析师还就屋顶太阳能业务进行了提问。管理层表示，这是一项面向住宅市场的全新早期业务，初始营收规模较小，EBITDA利润率为个位数水平。
在营运资金和维护方面，管理层给予了积极回应。公司表示实际营运资金周期约为60天，低于部分外部数据所显示的水平，并表示大规模熔炉翻新并非迫在眉睫，可在新熔炉投入运营后适时安排。

本文由人工智能协助翻译。更多信息，请参见我们的使用条款。"
国泰海通：原油Q3仍为去库格局 油价具备反弹动力,2026-7-16 11:40,https://cn.investing.com/news/stock-market-news/article-3463431,,"智通财经APP获悉，国泰海通发布研报称，供应恢复计价充分，油价快速回落后，Q3去库维持下易涨难跌。反弹驱动来自：(1)市场对复航预期交易充分，若供应恢复进度不及预期，容易带动反弹;(2)船东运力调配和上游油田复产需要时间;(3)传统需求旺季到来，多地成品油库存低位;(4)前期缓冲措施或有变化，包括IEA库存释放接近尾声、中国原油进口增加恢复正常量等。油价回落，推荐成本和需求端压力缓解，景气有望改善的聚酯行业龙头以及炼化龙头。
国泰海通主要观点如下：
供应端：Q3供应预测上调
根据IEA和EIA的预测，2026年全球原油总供应分别为102.6和101.9百万桶/日，同比分别-3.7、-4.2百万桶/日，相比于上月预测调整+0.1、+2.9百万桶/日。OPEC+2026年6月产量环比回升，偏离目标产量幅度缩小。OPEC产量变化主要来自阿联酋、科威特、伊拉克等，分别环比+1642、+879、+445千桶/日。美国2026年6月钻机钻井数增加、原油产量上升。
需求端：三大机构预计需求预测分歧，IEA和EIA预计2026需求下滑，OPEC预计维持增长
根据IEA、EIA和OPEC的预测，2026年全球原油总需求分别为103.5、102.8和106.0百万桶/日，同比分别-1.0、-1.2、+0.8百万桶/日，相比于上月预测调整+0.2、-0.1和-0.2百万桶/日。根据IEA，全球LPG和乙烷、石脑油、汽油、煤油、柴油、燃料油需求环比上月分别调整+44、+31、-13、+39、-44、-4千桶/日。
库存端：Q3维持去库，Q4累库，Q3和全年去库力度缩小
全球原油总库存在近六年同期中性范围内，6月累库4.5百万桶，其中浮仓减少39.5百万桶，全球陆地库存去化83.9百万桶，去库速率较快，陆地库存去化至近六年同期低位。预计2026年去库，IEA和EIA预测去库幅度缩小。IEA和EIA预计2026年全球原油供给整体偏紧，全年供需平衡-0.9和-0.9百万桶/日，缺口幅度分别-0.02、-2.97百万桶/日。预计26Q2-26Q4全球原油市场供需平衡分别为-2.9、-0.9、+0.8百万桶/日和-5.1、+2.2、+2.7百万桶/日，IEA和EIA预测Q2-Q3缺口幅度均有缩小。
风险提示：原油价格大幅波动;OPEC+产量政策变化;非OPEC+产油国产量增速过快;全球经济增速放缓、原油需求下滑;地缘局势变化等。"
美国铝业Q2 2026每股收益未达预期，股价下跌,2026-7-17 06:10,https://cn.investing.com/news/transcripts/article-93CH-3465299,,"美国铝业（Alcoa Corp.）公布第二季度业绩，尽管创下营收纪录并取得强劲运营成果，调整后每股收益仍未能达到华尔街预期，导致盘后股价走低。公司调整后每股收益为$2.12，营收为$39.7亿，而分析师预期每股收益为$2.32，营收为$39.9亿。该股在常规交易时段下跌3.56%，收于$46.85，盘后进一步下滑2.4%至$45.73。






美国铝业表示，本季度营收为近10年来最强，得益于铝出货量增加、实现价格提升以及增值产品组合改善。本季度铝出货量达72.6万公吨，较第一季度增加11.3万公吨，产能重启与爬坡推动了产量提升。
氧化铝业务表现则较为复杂。该板块营收下降3%至6.37亿美元，调整后EBITDA因生产成本上升及澳大利亚Pinjarra精炼厂表现疲弱而有所下滑。管理层表示，Pinjarra精炼厂受草酸盐爆发及与劳伦斯气旋相关的天然气供应中断影响，但该厂已于6月恢复稳定运营。
尽管面临上述问题，美国铝业整体运营状况有所改善。公司表示，年初至今已有四座冶炼厂和一座精炼厂创下产量纪录，同时关键地区劳工协议的签订为运营稳定性提供了保障，有效期延续至2030年。






美国铝业在每股收益和营收两项指标上均未达到分析师预期。调整后每股收益$2.12，较市场一致预期$2.32低$0.20，差距为8.6%。营收$39.7亿较$39.9亿的预期低2000万美元，差距约0.5%。
营收的差距相对较小，但每股收益的差距更为显著。投资者通常高度关注大宗商品生产商的利润走势，因为利润率会随价格、能源成本和产量水平的变化而迅速波动。本季度公司基本面运营表现强劲，但特殊项目及氧化铝业务表现偏弱拖累了最终业绩。
本季度运营利润和现金创造能力仍呈现明显改善。调整后EBITDA大幅提升，铝业务板块盈利能力创历史纪录。这使得业绩未达预期的情况不如初看那般令人担忧，但仍对股价形成了一定压力。


美国铝业股价在常规交易时段下跌3.56%至$46.85，随后在盘后交易中进一步下跌2.4%至$45.73。相较于前收盘价$48.58，业绩公布后股价累计下跌约5.9%。
尽管公司公布了创纪录的营收和强劲的板块盈利能力，股价仍出现下跌，表明投资者更关注每股收益未达预期及氧化铝指引下调。该股目前仍远低于52周高点$84.38，但仍高于低点$28.11。根据InvestingPro的分析，美国铝业目前股价低于其公允价值估算，在当前价位存在低估，使其跻身最具低估价值股票名单之列。InvestingPro还为AA提供10条额外独家建议，涵盖盈利修正及技术指标等方面的深度洞察。
由于缺乏成交量数据，目前无法确认是否存在异常交易活动，但业绩公布后的股价走势表明市场反应较为谨慎。大宗商品股票通常对指引变化反应迅速，尤其是当生产问题影响核心业务板块时。


美国铝业以Pinjarra精炼厂的运营中断为由，将全年氧化铝产量指引下调至950万至960万公吨，出货量指引下调至1,150万至1,160万公吨。管理层表示，该精炼厂已恢复稳定，但预计无法完全弥补第二季度的产量损失。
对于第三季度，公司预计氧化铝板块业绩将净改善约1000万美元，受益于Pinjarra的恢复以及柴油和燃料油价格下降。上述收益将部分被Alumar精炼厂及Juruti矿山的维护工作所抵消。
在铝业务方面，管理层预计业绩将大致持平，生产效率提升和运营效益将抵消更高的碳成本及巴西第三方能源销售走弱的影响。公司还将全年折旧指引上调至约6.6亿美元，其他企业费用上调至约1.8亿美元。
展望未来，美国铝业正推进计划中的South32上游铝资产收购交易。管理层表示，该交易完成后，预计将在备考基础上新增约520万公吨的年氧化铝产能及约90万公吨的原铝产能，协同效应净现值估计约为9亿美元。


首席执行官威廉·奥普林格（William Oplinger）表示，公司取得了""强劲的第二季度""业绩，并指出各项业务运营执行良好。他表示，铝业务板块的出色表现既得益于金属价格上涨，也体现了公司将市场有利条件转化为利润的能力。
奥普林格还强调了South32收购交易的战略价值，表示美国铝业正以低于重置成本的估值收购""高质量、大规模的运营资产""，并认为此次交易将有助于公司更充分地参与行业长期增长。
首席财务官莫莉·比尔曼（Molly Beerman）表示，营收增长24%至40亿美元，为近10年来最高季度水平。她还着重指出了公司强劲的现金创造能力，包括4.22亿美元的自由现金流。






分析师重点关注四大议题：能源成本、Pinjarra中断事件、South32收购交易以及产能重启进度。
在能源方面，管理层表示，第三季度柴油和燃料油成本预计将带来约500万美元的有利影响，而年初时该项目曾产生不利影响。关于Pinjarra问题，管理层表示，此次事件是草酸盐爆发与天然气供应中断共同作用的结果，并非长期结构性问题。
有关South32收购交易的问题集中在交易时间表、融资安排及澳大利亚监管审批方面。奥普林格表示，即使审批时间有所推迟，公司对最终结果仍充满信心。分析师还就Alumar和Portland的进一步重启进展进行了询问，管理层表示两处设施仍有一定的产量提升空间。
其他问题涉及营运资金、加拿大进口关税成本以及北美和欧洲铝需求前景。管理层表示，需求依然具有韧性，包装、铸造及铝锭市场在主要地区仍保持稳健。

本文由人工智能协助翻译。更多信息，请参见我们的使用条款。"
瓦莱罗宣布每股$1.20季度股息，将于8月派发,2026-7-17 04:45,https://cn.investing.com/news/company-news/article-93CH-3465230,,"圣安东尼奥讯 — 瓦莱罗能源公司（NYSE:VLO）近日发布新闻稿，宣布对其普通股派发每股$1.20的定期季度现金股息。
本次股息将于2026年8月31日支付给截至2026年7月31日收市时登记在册的股东。此次股息收益率为1.64%。根据InvestingPro数据，该公司已连续38年保持股息派发记录，充分彰显其对股东回报的长期承诺。
瓦莱罗能源是一家跨国石油产品制造商及销售商，主营基于石油及低碳液态交通燃料与石化产品。公司在美国、加拿大及英国共运营14座石油炼厂，合计日处理能力约为300万桶。
该公司还是Diamond Green Diesel Holdings LLC的合资成员，该合资企业在美国墨西哥湾沿岸地区的年产能约为12亿加仑。此外，瓦莱罗在美国中部地区拥有12座乙醇工厂，合计年产能约为17亿加仑。该股过去一年累计涨幅达110%，目前交易价格为$300.26，市值约为890亿美元。根据InvestingPro的分析，该股相对于其公允价值目前存在低估。

本文由人工智能协助翻译。更多信息，请参见我们的使用条款。"
金价鏖战4000美元之际，富达国际放话：“财政纪律不回，黄金牛市不死”，正择机重返超配,2026-7-16 15:47,https://cn.investing.com/news/stock-market-news/article-3463680,,"智通财经APP获悉，在美国对伊朗发动新一轮军事打击、国际油价连续攀升的背景下，黄金市场正围绕每盎司4000美元的心理关口展开激烈博弈。一边是富达国际等大型机构基于财政纪律缺失和央行持续购金，计划重新加仓黄金;另一边是能源价格高企引发的通胀与加息担忧，令无息资产黄金反复承压。

这让市场参与者陷入两难困境：通胀恐惧与经济增长放缓，究竟谁将成为下半年主导金价的核心宏观叙事。
地缘硝烟再起，金价反弹昙花一现
最新数据显示，金价周四一度下跌0.9%，回落至每盎司4025美元附近，回吐了此前因美国通胀数据缓和而录得的涨幅。
触发下跌的直接催化剂是中东局势再度升级——美国完成了对伊朗的最新一轮打击，美国总统特朗普誓言将加大轰炸力度，直至伊朗方面停止在霍尔木兹海峡的攻击行为并同意开放航道。上月签署的临时和平协议实质上已告破裂，布伦特原油价格随之扩大涨幅至每桶85美元附近，柴油、汽油及航空燃料等成品油价格也达到相当于每桶160美元的水平。
此前，受美国消费者价格指数和生产者价格指数增幅弱于预期的提振，金价曾短暂飙升近100美元，重新站上每盎司4100美元。当时交易员迅速削减了对美联储近期收紧政策的押注。然而，油价反弹和美国对伊朗的新打击很快重燃了高能源成本将再次向通胀传导的担忧，从而引发了货币政策进一步收紧的预期，金价应声回落，重新陷入过去数周构筑的宽幅盘整区间。
从更长的时间维度看，黄金自今年1月底从接近每盎司5600美元的历史高位掉头向下后，至今仍处在大幅修正通道中。第二季度金价累计下跌14%，创下2013年以来的最差季度表现。年内迄今，金价跌幅约为7%，但仍较上年同期上涨约20%。
通胀还是衰退?市场逻辑陷入“分裂”
当前金价难以确立单边走势，根源在于宏观逻辑的内在矛盾。传统定价框架下，油价上涨会推升通胀预期，进而支撑美国国债收益率和美元，增加持有零收益黄金的机会成本。这一传导链在本周早些时候得到印证，当时美国两年期国债收益率攀升至一年多来的最高水平。
然而，盛宝银行商品策略主管奥勒·汉森指出，金价在4000美元一线展现出的韧性可能暗示，投资者或许已不再单纯聚焦油价上涨带来的短期通胀影响，更多地考虑其对经济增长的长期侵蚀。持续高企的能源成本会挤压消费者支出、侵蚀企业利润率并抑制投资，如果这类衰退担忧最终盖过通胀恐惧，黄金作为防御性资产的价值将重新成为主导力量。
汉森认为，当前市场正处在两种宏观主题的激烈拉锯中：一边是通胀担忧、高债券收益率和强势美元，另一边是经济放缓、财政债务问题及货币贬值风险。在局势明朗前，黄金大概率将继续在3950美元至4200美元的区间内震荡。若金价能够持续突破4200美元，将意味着市场彻底跳出通胀逻辑，转而聚焦能源冲击带来的更广泛经济后果;反之，若明确跌破3950美元，则意味着通胀叙事和紧缩预期再次全面控场。
美联储内部的分歧进一步加深了市场的不确定性。美联储主席凯文·沃什在国会作证时重申了恢复物价稳定的承诺，并表示利率仍是控制通胀的选项之一，但同时强调将保持耐心。他还在与议员的交流中驳斥了关于人工智能(AI)投资热潮正在加剧通胀的说法，并多次申明自己的独立性。
然而，其他决策者的表态并不一致：理事丽莎·库克直言“如果看不到通胀迅速回落的迹象，准备采取行动”，而纽约联储主席约翰·威廉姆斯则认为，当前利率水平已处于实现目标的“良好位置”。这种“鹰鸽交错”的图景，让贵金属市场对即将发布的经济数据和能源价格变动变得异常敏感。
富达：长期看多逻辑未变，择机重返超配
在短期波动与情绪摇摆之外，部分大型长线机构投资者则站在更长的周期维度上谋划布局。富达国际多资产基金经理伊恩·萨姆森近日透露，富达有计划重返黄金的超配仓位，唯一的问题在于时机。
萨姆森在今年1月至2月期间，也就是黄金数年牛市戛然而止前后，将旗下多资产组合的黄金头寸下调至中性。回顾这轮下跌，金价从1月底的近5600美元历史高点开始滑落，并在2月中东战争爆发后加速下行。
“从战术层面看，目前黄金市场的多头与空头因素几乎势均力敌，”萨姆森评价道，他预计到今年年底，金价将较当前水平略有上升，而真正的牛市回归可能要等到2027年。在他看来，能够实质性动摇黄金长期牛市逻辑的只有一种情形：“我们回到一个各国政府重新发现财政纪律、央行真正努力将通胀压下来的世界。但我不认为我们处于这样的宏观环境中。”
除了宏观财政与货币环境，萨姆森也密切关注油价后续走向、美联储利率决策以及黄金自身积累和维持动能的能力。技术层面，50日移动均线向上穿越长期指标，或是价格推升至每盎司4300美元以上，将被视为值得关注的早期看涨信号。
来自官方部门的购买则为金价的长期中枢提供了坚实底座。世界黄金协会联合YouGov近期发布的调查显示，计划在今年增持黄金的央行数量创下历史新高。萨姆森直言：“如果你有这些大规模的结构性、战略性买家，金价几乎必然会被推高。”
这一判断也与ETF市场的持仓变动形成呼应——盛宝银行观察到，在经历前一轮清算后，黄金ETF持仓已基本趋于稳定，表明激进抛售阶段已近尾声，尽管新的配置型资金尚未大规模入场。"
市场监管总局：2026年上半年完成经营者集中反垄断审查298件,2026-7-16 15:11,https://cn.investing.com/news/stock-market-news/article-3463674,,"智通财经APP获悉，7月16日，市场监管总局公布数据显示，2026年上半年，共审结经营者集中案件298件，其中无条件批准283件，受理后申报方撤回申报12件，附加限制性条件批准2件，禁止1件。上半年，制造业、水电气热生产供应、交通运输、金融业、房地产等领域投资较为活跃。
无条件批准案件呈现以下特点：
从案件类型和审查决定类型看，审结简易案件257件，约占无条件批准案件的90.8%。在初步审查阶段(受理后30天内)审结不实施进一步审查的案件251件，约占无条件批准案件的88.7%;在进一步审查阶段审结不予禁止的案件32件。
从交易金额看，无条件批准的经营者集中交易金额合计超2.23万亿元。其中，100亿元及以上的35件，约占12.4%;10亿元至100亿元的83件，约占29.3%;1亿元至10亿元的74件，约占26.1%。
从境内外集中案件类型看，境内企业投资相对活跃。境内企业间集中158件，约占55.8%;境外企业间集中89件，约占31.4%;境内外企业间集中36件，约占12.7%。
从所有制结构看，多种所有制主体共同参与。涉及国有企业参与的集中143件，约占50.5%;涉及民营企业参与的集中102件，约占36.0%;涉及外企参与的集中117件，约占41.3%。
从行业分布看，涉及制造业的集中105件，约占37.1%，投资最为活跃。其他交易数量较多的行业包括水电气热生产供应业32件、交通运输业25件、金融业22件、房地产业21件、批发和零售业17件。从制造业细分行业类别看，涉及化学原料和化学制品制造业、汽车制造业的集中数量最多，均为17件，约占制造业总数的16.2%;其他数量较多的行业包括电气机械和器材制造业、橡胶和塑料制品业、计算机通信和其他电子设备制造业、石油煤炭及其他燃料加工业、通用设备制造业等。
从交易类型与模式特点看，涉及同行竞争者的横向集中182件，约占64.3%;涉及上下游企业的纵向集中120件，约占42.4%;混合集中69件，约占24.4%。以股权收购方式的集中156件，约占55.1%;以合营企业方式的集中122件，约占43.1%;以新设合并、资产收购方式的集中7件。
从企业注册地看，参与经营者集中的企业来自全球约30个国家和地区，境外企业集中主要涉及日本、美国、新加坡、英国、韩国、法国等国家。在中国境内，北京、上海、广东、浙江、山东为参与集中企业注册地数量前五大省(市)。
本文编选自“市说新语”公众号;智通财经编辑：李佛。"
美伊战火再起点燃油价！美国汽油价格或重返4美元 特朗普中期选举压力骤增,2026-7-16 11:11,https://cn.investing.com/news/stock-market-news/article-3463312,,"智通财经APP获悉，随着美伊局势再度紧张，油价的重新走高可能推动美国汽油价格重新站上每加仑4美元。在过去两天里，预测市场平台Kalshi上，交易员预计，美国汽油价格突破每加仑4美元的概率已升至93%，突破每加仑4.10美元的概率为63%;交易员还预计，美国汽油价格将在本月底前升至每加仑4美元以上的概率已从56%大幅升至90%。这一合约预测的是美国本月汽油价格水平，最终结果将以美国汽车协会(AAA)公布的数据作为结算依据。根据美国汽车协会(AAA)的数据，周三全美汽油平均价格为每加仑3.89美元，较周二上涨约3美分。燃油价格监测平台GasBuddy石油分析主管帕特里克・德哈恩同样预判，7至10天内全美汽油均价将重回4美元/加仑这一重要心理关口。
上个月，美国汽油平均价格曾突破每加仑4美元，但今年以来全美平均汽油价格的最高点出现在5月21日，当时达到每加仑4.56美元。Kalshi交易员认为，到本月底汽油价格再次突破每加仑4.50美元的可能性极低，概率不足5%。
市场对美国汽油价格重新上涨的押注源于美伊局势近期再度升级。自7月11日以来，美军已连续5天对伊朗发动军事打击。当地时间7月15日，美军对伊朗发动两波打击，袭击目标“旨在削弱伊朗对霍尔木兹海峡的控制能力”。为回应美方的袭击行为，连日来，伊朗方面持续对美军位于中东的多处军事基地实施打击，美军在巴林、约旦、科威特等地的军事设施均遭袭。
美国总统特朗普在7月14日接受采访时威胁称将打击伊朗的能源设施和桥梁，直到他们“回到谈判桌”。特朗普还表示不排除向伊朗派遣地面部队的可能性。此前一天，特朗普在一档节目上表示，美国“可能很快”打击伊朗纳坦兹铀浓缩设施附近的“镐山”地下核设施。
7月15日，特朗普表示伊朗想要达成协议。对此，伊朗外交部发言人巴加埃当天表示，目前伊朗没有谈判计划，而是专注于防御。巴加埃称，美伊谅解备忘录是一系列相互承诺，如果对方违反，伊朗也将停止履行承诺，这是原则，并且今后也将继续遵循这一道路。巴加埃表示，伊朗武装力量已经表明，任何对伊朗领土的侵犯，都必将遭到相应反击。
分析人士指出，目前，美伊这轮持续多日的相互打击已逐渐演变为围绕霍尔木兹海峡控制权的长期博弈。过去几天，美军重点打击的地点都有一个共同特点，就是都靠近霍尔木兹海峡，承担着伊朗海上交通、能源出口以及军事部署的重要功能。美国试图通过持续打击这些海上节点，削弱伊朗在海峡周边的军事和后勤能力。
而伊朗的回应，则是将打击范围扩大到美国在海湾地区的军事存在，与此同时，伊朗还加强了对霍尔木兹海峡通行的实际控制。伊朗副外长加里巴巴迪日前表示，在战争状态下，伊朗对霍尔木兹海峡拥有完全的控制权。伊朗不允许这一重要水道被用于危及国家安全的行动。
更值得注意的是，伊朗国内正在推动将霍尔木兹海峡管理进一步“法理化”，一项涉及霍尔木兹海峡长期管理的法案已经提交至伊朗议会。这意味着，伊朗部分政治力量希望通过立法，把对海峡的管理权从军事行动和政策工具，上升为国家法律框架。
对伊朗而言，霍尔木兹海峡已不只是一个航运问题，而成为当前对美博弈中最重要的战略筹码。接下来，美伊双方围绕霍尔木兹海峡的较量或将常态化持续，短期内双方都没有明显退让的迹象。
在此背景下，霍尔木兹海峡航运重新陷入停滞，国际油价已连续三个交易日上涨。周三，WTI原油8月交割期货收于每桶79.60美元，基准布伦特原油9月交割期货收于每桶84.95美元。
此外，美国近期成品油出口规模刷新纪录，用以填补中东成品油供给缺口，但国内汽油库存较五年同期均值低6%。左翼智库Groundwork Collaborative政策研究主管、拜登政府顾问亚历克斯・哈克斯称现阶段不存在美国国内燃油短缺，但若霍尔木兹海峡航运持续停滞，终端油价将持续走高。他补充，海峡承担全球约五分之一原油及油品运输，一旦航道关闭会直接削减全球供给，释放战略储备、抑制需求仅能小幅缓冲缺口，无法完全填补每日数百万桶的运输量。
汽油价格是美国民众感知通胀最直观的指标之一。尽管整体价格仍低于2022年俄乌冲突爆发后超过每加仑5美元的历史峰值，但美国汽油价格快速上涨的趋势本身已足以引发市场警觉。
汽油价格的快速攀升，不仅动摇了特朗普压制通胀的核心政治承诺，更在中期选举临近之际为其经济议程蒙上阴影。分析人士表示，油价持续上涨可能会在11月的中期选举中对共和党造成不利影响，届时两党将争夺国会控制权。选民们此前已经对高昂的生活成本以及特朗普对经济的治理方式感到不满。
根据斯坦福大学经济政策研究所的瑞安·卡明斯和尼尔·马奥尼的研究，即使考虑到其他经济影响，汽油价格上涨每加仑1美元，密歇根大学调查中的消费者信心指数就会下降4.5个点或更多。曾在拜登政府经济顾问委员会担任经济学家的卡明斯(2021年至2023年期间从事汽油政策相关工作)表示，这“大致意味着，每加仑汽油价格上涨1美元，人们对经济的感受就会恶化5%”。
随着能源价格回落，美国6月份物价压力较预期有所缓解，但现在燃料成本重新上升，可能使美国通胀前景变得更加复杂。能源行业人士指出，尽管6月的美国通胀数据反映出价格压力的缓解主要得益于能源成本下降，但7月汽油价格持续上涨可能会迅速改变这一局面，而且影响远不止于燃料本身——汽油价格上涨会推高运输成本、货运费率以及更广泛的物流开支，最终传导至整个经济中的商品和服务价格。
穆迪分析公司首席经济学家马克·赞迪表示，如果中东局势升级，霍尔木兹海峡在数周内仍基本关闭，全球石油库存预计将进一步减少。在这种情况下，石油、汽油及其他能源的价格将急剧飙升，全球范围内将出现实物供应短缺。"
马拉松石油股价创历史新高，报$303.67,2026-7-15 21:49,https://cn.investing.com/news/company-news/article-93CH-3462557,,"马拉松石油公司（MPC）股价触及$303.67的历史高点，为公司发展树立了重要里程碑。该股目前交易价格为$303.69，市值达885亿美元。不过，InvestingPro的分析显示，该股相对于其公允价值可能存在高估，已被列入最被高估股票名单。过去一年，该股累计涨幅高达75.03%，充分体现了投资者对其强劲表现的信心，以及能源板块整体的良好势头。股价的大幅攀升，印证了马拉松石油在战略布局和市场定位上的成效，公司持续把握有利的行业环境，实现稳健增长。根据InvestingPro的分析提示，MPC是石油、天然气及可消耗燃料行业的重要参与者，已连续四年提高股息，当前股息收益率为1.32%。有意深入研究的投资者可查阅MPC的完整专业研究报告，该报告是平台逾1,400份报告之一，致力于将复杂数据转化为可操作的投资洞见。
在近期其他动态方面，马拉松石油吸引了市场的广泛关注。瑞银（UBS）将马拉松石油的目标价从$280上调至$321，维持买入评级，并将2026年第二季度每股收益预期调整至$14.49，高于市场普遍预期的$12.17。这一调整反映出对公司利润率强劲表现的预期，预计调整后EBITDA将达到69.66亿美元。与此同时，BMO资本重申对马拉松石油的跑赢大市评级，目标价定为$290，着重强调公司炼油业务的竞争优势及战略投资带来的高回报潜力。
美国能源信息署数据显示，2025年美国炼油产能下降1.43%，但马拉松石油依然稳居全美最大炼油商地位，日产能达298.6万桶，占全国总产能的16.4%。此外，马拉松石油还宣布了高管层调整，Brian Worthington出任投资者关系副总裁，Kristina Kazarian转任财务副总裁兼财务主管。上述任命彰显了公司在领导力培养和财务战略方面的持续投入。
在行业其他动态方面，受油价下跌拖累，能源板块整体承压，布伦特原油期货价格跌至每桶$73.76。

本文由人工智能协助翻译。更多信息，请参见我们的使用条款。"
Axfood第二季度利润上升，但销售增长乏力引发投资者担忧,2026-7-15 16:36,https://cn.investing.com/news/transcripts/article-93CH-3461539,,"Axfood公布第二季度调整后营业利润同比增长，尽管食品价格持续通缩，但这家瑞典连锁超市的股价在盘前交易中大幅下跌，反映出市场对其销售增长疲软以及旗舰品牌Willys承压的忧虑。公司报告调整后营业利润为9.72亿瑞典克朗，净销售额同比增幅略低于1%。股价下跌10.68%，至$236.8，此前收盘价为$265.1，逼近其52周区间$231.2至$338的低端。






Axfood本季度表现喜忧参半。公司盈利有所提升，利润率保持稳定，但在食品价格通缩及食品增值税下调的背景下，瑞典杂货市场整体销售增长依然有限。管理层表示，本季度销量增长强劲，但同时面临去年同期的高基数效应以及激烈的市场竞争。
上半年净销售额达450亿瑞典克朗，同比增长1.7%。上半年调整后营业利润增长4%，约为18亿瑞典克朗，调整后营业利润率提升至4.0%。这表明即便在定价环境疲软的情况下，公司仍能找到保护盈利能力的有效途径。
各业务板块表现分化。Axfood旗下折价超市品牌Willys仍是公司核心客流驱动力，但增速慢于整体市场。相比之下，Hemköp持续扩大市场份额，零售销售额增幅超过7%。City Gross仍承受压力，但管理层表示正在林雪平（Linköping）测试新的门店概念。






本季度展示了Axfood在困难环境中守住盈利的能力。管理层表示，利润改善主要来自销量提升、毛利率趋势稳定以及严格的成本管控，这些因素有效抵消了食品价格通缩、燃料成本高企和薪资通胀的压力。
据管理层介绍，瑞典杂货市场本季度增长3.7%，剔除通缩及日历效应后增长4.9%。Axfood零售销售额增长2.9%，落后于整体市场。公司表示，Willys因去年同期强劲增长而面临较高的比较基数，而Hemköp则持续巩固其市场地位。
Axfood还强调了多品牌战略的优势。公司业务覆盖折价、高端、大型超市及便利店等多个细分市场，面向不同消费群体。管理层表示，在消费者高度关注价格与性价比的市场环境中，这一多元化布局仍是公司的核心竞争优势。






Axfood的业绩说明会所提供的材料中未包含每股收益或营收的具体数据，因此无法与市场预期进行直接比较。此前市场预期每股收益为$3.19，营收为236亿美元。
即便缺乏正式的每股收益或营收对比，本季度营业业绩仍显示出盈利能力优于增长表现的特征。调整后营业利润升至9.72亿瑞典克朗，利润率稳定在4.2%。这类结果有助于增强市场对公司执行力的信心，但若投资者期待更强劲的销售势头，或许难以感到满意。


Axfood股价在盘前交易中下跌10.68%，至$236.8，此前收盘价为$265.1。股价跌至接近其52周区间$231.2至$338的低端。
此次下跌表明，投资者更关注销售增长乏力及Willys承压，而非利润改善。公司表示市场竞争依然激烈，管理层同时指出食品价格通缩、燃料成本高企以及City Gross扭亏进程尚处早期等不利因素。这些因素在早盘交易中似乎盖过了利润率和盈利改善的积极信号。根据InvestingPro数据，该股目前交易价格接近52周低点，基于平台公允价值分析显示股价被低估，暗示市场反应或已过度。公司市盈率为24倍，市值约为60亿美元。


Axfood维持2026年全年投资、新店开业及影响可比性项目的指引不变。公司仍预计全年净新增开店10至15家，上半年已完成7家，全部为Willys门店。值得关注的是，Axfood已连续25年保持股息派发，当前股息收益率为3.39%，为长期投资者提供了稳定的收益来源。InvestingPro给予该公司""良好""财务稳健度评分，并为订阅用户提供11条额外专业提示，包括覆盖逾1,400只顶级股票的深度专业研究报告。
管理层表示，新版Willys 5.0门店格式将继续推广，预计年底前将有70家门店采用该格式运营。公司还表示正采取有针对性的短期措施提升Willys客流量，同时坚守""最低价购物篮""的市场定位。
在City Gross方面，管理层表示林雪平试点门店正在评估和调整中，若同店销售改善，目标是在2026年下半年实现盈利。Dagab将继续专注于物流效率提升和车队电气化，目标是到2030年将50%的车辆实现电动化。


首席执行官Simone Margulies表示：""在食品价格通缩的市场环境下，面对较高的同期比较基数，我们实现了正增长并提升了盈利。""
她进一步指出：""利润改善主要得益于销量提升、毛利率趋势稳定以及有效的成本管控。""
Margulies还强调了公司的折价定价策略：""对我们而言，最重要的是提供最低价的购物篮，Willys在这一点上始终保持领先。""
首席财务官Anders Lexmon表示，得益于此前推出的效率提升计划，公司目前已处于""与往年相比全新的水平""。






分析师的提问主要集中在Willys、City Gross以及增值税下调对定价和营运资金的影响。问题核心在于Willys是否需要采取更多战术性降价措施、此类措施是否会压缩利润率，以及这一折价连锁品牌是否正在失去增长动能。管理层表示，相关措施具有针对性，基于消费者洞察，而非简单跟随竞争对手的促销策略。
分析师还就City Gross追问，林雪平的新概念门店是否可能加快全面推广。管理层表示目前没有快速推广计划，但仍预期该品牌业绩将有所改善，并以2026年下半年实现盈利为目标。
营运资金也是重点关注领域之一。首席财务官Anders Lexmon表示，上半年逾7亿瑞典克朗的营运资金负面影响中，约有一半与增值税调整有关，若增值税恢复正常，该影响应会逆转。管理层还表示，经过此前的效率提升计划，公司成本基础已达到新的、更低的水平。

本文由人工智能协助翻译。更多信息，请参见我们的使用条款。"
国家统计局：上半年高技术产业投资同比增长4.6% 新能源、人工智能、集成电路等领域增势明显,2026-7-15 13:36,https://cn.investing.com/news/stock-market-news/article-3461283,,"智通财经APP获悉，7月15日，国务院新闻办公室就2026年上半年国民经济运行情况举行新闻发布会。国家统计局副局长毛盛勇在会上表示，今年上半年，固定资产投资规模达到22.6万亿元。从上半年投资数据看，投资在推动新质生产力发展、技术创新、产业升级、民生福祉改善方面发挥了巨大作用。其中，新兴领域投资持续“增动能”。各地紧扣因地制宜发展新质生产力部署和要求，持续加大新兴产业投入，布局未来产业赛道，新能源、人工智能、集成电路等领域投资增势明显。上半年，高技术产业投资同比增长4.6%，集成电路制造业、电子专用材料制造业、锂离子电池制造业投资分别增长8.8%、10%和24.4%。企业投资越来越向创新环节加大，这个特征非常明显。上半年，知识产权产品投资同比增长9.4%，比一季度加快1.5个百分点，包括研发、数字经济等在内的知识产权产品增长持续加快，保持较高增长。大规模设备更新政策优化实施，激发了企业改造升级的需求。上半年，设备工器具购置投资增长8.1%。
新型基础设施投资“利长远”。基础设施建设一头连着社会生产力发展，一头关乎群众生活便利度提升，是高质量发展的重要保障和支撑。今年以来，“六张网”加快规划建设，传统基建和新基建接力推进，算力网、新一代通信网加速布局，相关领域投资较快增长，为数智化转型发展增强发展后劲。上半年，互联网和相关服务业投资同比增长39.9%，信息传输业投资增长25.6%，光纤制造业投资增长26.5%，水上运输业、航空运输业投资分别增长19.8%和11%。截至5月末，我国5G基站总数超500万个，占移动基站总数达39%；光纤接入端口占互联网宽带接入端口的96.7%。
毛盛勇指出，从下阶段看，扩大有效投资仍有广阔前景。当前我国人均资本存量明显低于发达国家，差距也意味着发展潜力和空间，特别是传统产业改造升级、推进新兴产业和未来产业发展有旺盛的投资需求；适应人口结构变化，在“一老一小”服务、基层医疗卫生、优质教育扩容、推进乡村全面振兴等领域还有巨大的投资潜力。目前，今年8000亿元“两重”投资建设项目清单和2000亿元设备更新资金已全部下达，“六张网”建设正在统筹推进，城市更新、新型能源体系建设、工业互联网高质量发展等专项规划陆续落地实施。各类政策协同发力，有利于激发投资活力，释放投资增长潜力。
文字实录如下：
国务院新闻办新闻局局长、新闻发言人 寿小丽：
女士们、先生们，大家上午好！欢迎出席国务院新闻办新闻发布会，今天进行经济数据例行发布。我们非常高兴邀请到国家统计局副局长毛盛勇先生，请他为大家介绍2026年上半年国民经济运行情况，并回答大家关心的问题。出席今天新闻发布会的还有国家统计局新闻发言人、国民经济综合统计司负责人王冠华女士。下面，我们首先请毛盛勇先生作介绍。
国家统计局副局长 毛盛勇：
谢谢主持人。各位记者朋友，大家上午好！我先给大家介绍今年上半年经济运行的基本情况，然后再回答大家关心的问题。
上半年经济运行在合理区间，新动能快速成长
上半年，在以习近平同志为核心的党中央坚强领导下，各地区各部门认真贯彻落实党中央、国务院决策部署，坚持稳中求进工作总基调，完整准确全面贯彻新发展理念，加快构建新发展格局，着力推动高质量发展，有效实施更加积极有为的宏观政策，经济顶住压力运行在合理区间，生产供给较快增长，就业形势总体稳定，物价温和上涨，对外贸易增势良好，新动能快速成长，民生保障有力有效，发展韧性持续彰显。
初步核算，上半年国内生产总值695704亿元，按不变价格计算，同比增长4.7%。分产业看，第一产业增加值31522亿元，同比增长3.7%；第二产业增加值250473亿元，增长3.9%；第三产业增加值413709亿元，增长5.2%。分季度看，一季度国内生产总值同比增长5.0%，二季度增长4.3%。从环比看，二季度国内生产总值增长0.9%。
一、夏粮增产丰收，畜牧业平稳增长
上半年，农业(种植业)增加值同比增长3.6%。全国夏粮总产量15075万吨，比上年增加100万吨，增长0.7%。上半年，猪牛羊禽肉产量5050万吨，同比增长4.3%，其中，猪肉、禽肉产量分别增长3.3%、9.4%，牛肉、羊肉产量分别下降1.0%、3.9%；牛奶产量增长2.4%，禽蛋产量下降2.2%。二季度末，生猪存栏42491万头，同比增长0.1%；上半年，生猪出栏37246万头，增长1.7%。
二、工业生产较快增长，装备制造业和高技术制造业增势良好
上半年，全国规模以上工业增加值同比增长5.4%。分三大门类看，采矿业增加值同比增长3.6%，制造业增长5.6%，电力、热力、燃气及水生产和供应业增长5.5%。装备制造业增加值同比增长9.3%，高技术制造业增加值增长13.3%，分别快于全部规模以上工业增加值3.9和7.9个百分点。分经济类型看，国有控股企业增加值同比增长4.3%；股份制企业增长5.9%，外商及港澳台投资企业增长3.2%；私营企业增长4.6%。分产品看，3D打印设备、锂离子电池、工业机器人产品产量同比分别增长48.5%、39.3%、28.0%。6月份，规模以上工业增加值同比增长5.3%，比上月加快0.8个百分点；环比增长0.76%。6月份，制造业采购经理指数为50.3%，比上月上升0.3个百分点；企业生产经营活动预期指数为54.3%，上升0.4个百分点。1—5月份，全国规模以上工业企业实现利润总额31440亿元，同比增长18.8%。
三、服务业平稳增长，现代服务业发展向好
上半年，服务业增加值同比增长5.2%。其中，租赁和商务服务业，信息传输、软件和信息技术服务业，金融业，住宿和餐饮业增加值分别增长11.9%、10.7%、6.7%、5.0%。6月份，全国服务业生产指数同比增长4.7%，比上月加快0.3个百分点。其中，租赁和商务服务业，信息传输、软件和信息技术服务业，金融业生产指数分别增长9.7%、9.6%、5.8%。1—5月份，规模以上服务业企业营业收入同比增长6.6%。6月份，服务业商务活动指数为50.4%，比上月上升0.1个百分点；服务业业务活动预期指数为56.0%，上升0.6个百分点。其中，电信广播电视及卫星传输服务、互联网软件及信息技术服务、货币金融服务、保险等行业商务活动指数位于55.0%以上较高景气区间。
四、消费市场继续扩容，服务零售较快增长
上半年，社会消费商品和服务零售总额同比增长2.7%，其中服务零售额增长5.3%，商品零售额增长1.1%。在服务零售额中，通讯信息服务类、旅游咨询租赁服务类、文体休闲服务类零售额较快增长。上半年，社会消费品零售总额248722亿元，同比增长1.3%。按经营单位所在地分，城镇消费品零售额215506亿元，同比增长1.2%；乡村消费品零售额33216亿元，增长2.5%。按消费类型分，商品零售额220467亿元，同比增长1.1%；餐饮收入28255亿元，增长2.8%。基本生活类和部分升级类商品销售较快增长，限额以上单位粮油食品类、服装鞋帽针纺织品类、通讯器材类商品零售额同比分别增长7.4%、6.7%、14.4%。6月份，社会消费品零售总额42691亿元，同比增长1.0%，上月为下降0.6%；环比增长0.38%。上半年，全国网上商品和服务零售额100715亿元，同比增长5.2%。其中，网上商品零售额64296亿元，增长4.8%；网上服务零售额36419亿元，增长6.0%。
五、固定资产投资下降，知识产权产品投资增长加快
上半年，全国固定资产投资(不含农户)226370亿元，同比下降5.7%；扣除房地产开发的固定资产投资下降2.7%。其中，知识产权产品投资同比增长9.4%，比一季度加快1.5个百分点。分领域看，基础设施投资同比下降2.4%，制造业投资下降1.2%，房地产开发投资下降18.0%。全国新建商品房销售面积40140万平方米，同比下降11.6%；新建商品房销售额37945亿元，下降13.6%。分产业看，第一产业投资同比增长0.9%，第二产业投资下降1.1%，第三产业投资下降8.4%。民间投资同比下降8.5%；扣除房地产开发的民间投资下降4.9%。高技术产业投资同比增长4.6%，其中航空、航天器及设备制造业，计算机及办公设备制造业，信息服务业投资同比分别增长23.3%、8.1%、15.5%。6月份，固定资产投资(不含农户)环比下降0.37%。
六、货物进出口快速增长，贸易结构继续优化
上半年，货物进出口总额254686亿元，同比增长16.9%。其中，出口147314亿元，增长13.4%；进口107372亿元，增长22.1%。对共建“一带一路”国家进出口增长14.8%。民营企业进出口增长17.0%，占进出口总额的比重为57.0%。机电产品出口增长20.1%，占出口总额的比重为63.5%。6月份，进出口总额47823亿元，同比增长24.2%，比上月加快7.3个百分点。其中，出口28207亿元，增长20.8%；进口19616亿元，增长29.4%。
七、居民消费价格温和上涨，工业生产者价格同比上涨
上半年，全国居民消费价格(CPI)同比上涨1.0%。分类别看，食品烟酒及在外餐饮价格同比下降0.2%，衣着价格上涨1.6%，居住价格下降0.2%，生活用品及服务价格上涨1.9%，交通通信价格上涨1.8%，教育文化娱乐价格上涨1.2%，医疗保健价格上涨2.0%，其他用品及服务价格上涨11.6%。在食品烟酒及在外餐饮价格中，猪肉价格下降13.4%，粮食价格下降0.3%，鲜果价格上涨1.5%，鲜菜价格上涨4.1%。6月份，全国居民消费价格同比上涨1.0%，环比下降0.3%。上半年，扣除食品和能源价格后的核心CPI同比上涨1.2%。其中，6月份核心CPI同比上涨1.0%。
上半年，全国工业生产者出厂价格同比上涨1.5%。其中，6月份同比上涨4.1%，涨幅比上月扩大0.2个百分点；环比下降0.3%。上半年，全国工业生产者购进价格同比上涨2.4%。其中，6月份同比上涨6.4%，环比下降0.2%。
八、就业形势总体稳定，城镇调查失业率下降
上半年，全国城镇调查失业率平均值为5.2%。6月份，全国城镇调查失业率为5.0%，比上月下降0.1个百分点。本地户籍劳动力调查失业率为5.0%；外来户籍劳动力调查失业率为4.9%，其中外来农业户籍劳动力调查失业率为4.8%。31个大城市城镇调查失业率为5.0%，比上月下降0.1个百分点。全国企业就业人员周平均工作时间为48.2小时。二季度末，外出务工农村劳动力总量19227万人，同比增长0.5%。
九、居民收入平稳增长，农村居民收入增长快于城镇居民
上半年，全国居民人均可支配收入22981元，同比名义增长5.2%，扣除价格因素实际增长4.2%。按常住地分，城镇居民人均可支配收入30126元，同比名义增长4.4%，实际增长3.4%；农村居民人均可支配收入12699元，同比名义增长6.4%，实际增长5.5%。从收入来源看，全国居民人均工资性收入、经营净收入、财产净收入、转移净收入分别名义增长5.3%、6.5%、1.1%、5.8%。上半年，城乡居民人均可支配收入比值(以农村居民为1)为2.37，同比缩小0.05。
总的来看，上半年国民经济运行在合理区间，新质生产力培育壮大，高质量发展向新向优。也要看到，外部不稳定不确定因素较多，国内供强需弱矛盾突出，经济向好基础还需巩固。下阶段，要坚持以习近平新时代中国特色社会主义思想为指导，坚持稳中求进、提质增效，加大逆周期和跨周期调节力度，持续扩大内需、优化供给，做优增量、盘活存量，着力建设强大国内市场，加紧培育壮大新动能，加力稳就业、稳企业、稳市场、稳预期，推动经济实现质的有效提升和量的合理增长。
谢谢毛盛勇副局长的介绍。下面进入提问环节，提问前请通报一下所在的新闻机构。
总台央视记者：
今年上半年面对外部环境的不确定性，中国经济保持了平稳增长。请问，如何评价上半年经济运行总体表现，有哪些亮点和积极变化？谢谢。
谢谢。今年以来，外部环境变乱交织，国内一些新情况、老问题交织叠加。面对复杂局面，在以习近平同志为核心的党中央坚强领导下，各地区各部门主动作为、综合施策，精准有效实施更加积极有为的宏观政策，因地制宜发展新质生产力，有效应对外部冲击挑战。中国经济顶住压力延续了总体平稳、向新向优的发展态势，展现出强大的韧性和活力。从基本情况看，可以概括为“稳”“韧”“新”“优”四个方面。
第一是“稳”。经济运行总体平稳，主要指标运行在合理区间。从增长看，今年上半年，国内生产总值总量69.6万亿元，按不变价计算同比增长4.7%，增速符合全年经济增长预期目标。和去年上半年比GDP增量3.6万亿元，是近五年同期最大增量。对于我国这样超大规模的经济体，实现4.7%的增长难能可贵。尽管二季度增速有所回落，但是经济稳定运行、向新向优的基本面并没有变化。今年以来特别是二季度以来，世界经济出现新的变化，一些国际机构预计二季度主要经济体增速都有不同程度的回落，比如美国由一季度增长2.7%预计回落至2.1%，日本由一季度增长0.4%预计回落至0.2%，欧元区预计增长0.5%左右。国际货币基金组织(IMF)近期下调今年全球经济预期增速至3.0%，去年为增长3.5%。但上调了中国全年经济增长预期0.2个百分点。从就业看，城镇调查失业率均值是5.2%，和上年同期持平，比一季度下降了0.1个百分点。从物价看，CPI温和回升，同比上涨1.0%，核心CPI上涨1.2%，总体今年上半年维持在1%以上的水平。PPI由负转正，今年上半年PPI上涨1.5%，一季度下降0.6%。上半年CPI同比上涨1%，两个价格都运行在1%-2%的合理区间，价格总体运行比较理想，处于温和上升的水平。这不容易，现在全球多数经济体通胀的压力在大幅上升，IMF近期也提高全年全球通胀预期，上调至4.7%。在这样的情况下，我们的价格仍保持稳定运行。从国际收支看，货物贸易规模再创新高，外汇储备稳定在3.4万亿美元以上，人民币汇率比年初升值3%左右。综合宏观指标来看，中国整体宏观经济是平稳的，主要指标运行在合理区间，这是我们讲的“稳”。
第二是“韧”。中国经济发展韧性持续彰显，有效应对了外部风险挑战。从能源保供来看，3月份以来中东地缘冲突严重冲击了全球能源供应，我国一手抓自主生产，一手抓多元进口。上半年，国内原油、天然气、电力生产均创历史同期新高，规模以上工业原油产量同比增长0.9%，天然气增长1.6%，发电量增长3.5%，主要能源产品生产平稳，进口自主可控，能源供应相应充足，很好满足了生产生活各类用能需求。从市场价格看，能源价格攀升导致全球通胀压力加大，国际货币基金组织将今年全球通胀预期上调至4.7%，相比之下，我国保供稳价政策有力有效，及时启动实施成品油价格调控机制，CPI涨势温和，波动不大。从粮食安全看，夏粮产量今年首次突破3000亿斤，进一步夯实了粮食安全基础，也为全年粮食生产、物价稳定、民生保障奠定了坚实基础。从对外贸易看，全球贸易增长趋缓，但我国进出口展现了很强韧性，上半年货物进出口总额达到25.5万亿元，其中出口增长13.4%，进口增长22.1%；一季度我国外贸占全球份额同比提高约0.8个百分点。在复杂多变的外部环境下，中国经济的韧性表现非常强劲。
第三是“新”。向新向优稳步提速，新动能贡献率超过四成。新动能不仅包括高新技术产业、现代服务业、数字产业等，代表新技术、新领域的行业成长，也包括传统行业通过数字化改造实现绿色转型发展和提质升级。初步测算，今年上半年，以高端制造、数字经济、现代服务为代表的新动能对上半年经济增长的贡献率超过了四成，经济向新向优的特点非常鲜明，而且总的发展趋势在加快。例如，上半年规模以上高技术制造业增加值同比增长13.3%，其中航空航天器及设备制造、电子及通信设备行业增加值分别增长16.3%、17%，与人工智能相关的集成电路制造、智能车载设备制造等行业都保持30%以上的高增长。绿色转型步伐加快，上半年新能源汽车零售渗透率连续三个月超过60%，带动锂离子电池的产量增长39.3%。近年来，新旧动能接续转换节奏加快，新动能在不断成长壮大，日益挑起中国经济的大梁。
第四是“优”。质量效益优化改善，经济发展成色很足。一是制造业占比稳中有升。制造业是中国经济的根基，也是中国经济的优势，从今年上半年看，制造业增加值占GDP的比重为26.2%，比三年前提高了0.4个百分点。二是企业利润和预期改善。1-5月份，规模以上工业企业的利润同比增长18.8%，今年以来，持续保持两位数增长。特别是电子、有色等与新动能相关的行业盈利状况更好。6月份，制造业PMI为50.3%，服务业商务活动指数为50.4%，分别比上月提高了0.3和0.1个百分点，表明市场预期总体稳定。三是能耗强度下降。产业结构优化，节能技术不断推广，绿色低碳转型推动能耗稳步下降。初步测算，上半年单位GDP能耗同比下降1.9%。
综合上述几个方面看，当前国际形势复杂多变，世界经济增长总体放缓，国际贸易也在放缓，多数国家通胀压力明显上升，在这种情况下，今年上半年中国经济保持4.7%的增速，同时价格保持温和上涨，就业总体平稳，国际收支改善，特别是新兴领域新动能加快成长壮大。中国经济实现了质的有效提升和量的合理增长。谢谢。
中宏网记者：
上半年我国社会消费品零售总额月度数据出现波动，市场对此非常关注，请问如何看待上半年消费市场运行的情况？下半年整体经济走势如何？谢谢。
谢谢您的提问。大家很关注，5月份社会消费品零售总额当月同比增速是-0.6%，6月份这个数据回升，转正为同比增长1.0%。要观察中国的消费情况，建议从全口径去看，就是反映商品和服务零售总额的指标更完整一点。社会消费品零售总额是过去长期用的一个指标，在服务部分只包括餐饮。从整个消费看，1-5月份包括商品和服务在内的市场销售是一个正的增长。
关于二季度的增速波动，下半年乃至全年怎么看。第一，二季度增速回落怎么看。一是，二季度经济增速4.3%，和一季度比回落0.7个百分点，但经济运行的基本面没有变。二季度比一季度增速回落主要是受一些短期因素和一些外部影响导致的，比如石化相关行业受了一些外部影响；还有煤炭生产受国内短期因素的影响，其他行业都是正常的。经济运行平稳、向新向优的基本面没有变化。二是，如果从现价增长角度来看，二季度实际上增长比一季度好，增量比一季度多。4.3%是一个不变价的增长速度，如果从现价增速来看，二季度比一季度增长快，从现价来看，今年二季度GDP的现价和去年二季度GDP的现价总量比增长5.9%，比一季度快1个点。二季度GDP增量2万亿元，比一季度多增4000亿元，即今年二季度和去年二季度比，GDP总量多2万亿元；今年一季度和去年一季度比多1.6万亿元，二季度比一季度增量还要多。今年二季度增量不仅比一季度多，比上年同期也要多7000多亿元，从现价角度看更好一点。三是，二季度反映新动能的指标表现较好，说明新动能成长壮大的态势还在继续。比如，二季度规模以上装备制造业增长9.7%，比一季度加快0.8个百分点；高技术制造业增加值增长14%，比一季度加快1.5个百分点；电子行业，上半年增长14.8%，其中二季度增长16.1%，比一季度加快2.5个百分点。反映新兴领域、新动能的发展壮大态势还在加快，二季度比一季度表现更好。四是，从二季度来看，月度之间逐步向好，工业、服务业、进出口、PMI这些指标，5月份比4月份好，6月份比5月份好，所以二季度这些指标逐步向好。从这几个角度来看，对二季度增速波动要全面客观地看待和分析。
关于下半年和全年走势。第一，上半年经济增长4.7%，为全年主要预期目标，特别是增长目标的实现打下了良好基础。第二，新动能对经济增长的直接贡献超过40%，还在保持非常好的发展态势，下半年还会继续，新动能支撑经济、引领经济发展依然非常强劲。第三，传统行业加快改造升级。二季度下拉的个别行业，短期影响逐步消除，外部影响不大，有一定的自主可控，后面也会逐步恢复。第四，政策效应不断落地显效。前期出台的政策效果会不断显现。中央也会根据形势变化，有针对性出台更加积极有为的政策，推动经济平稳运行、向新向优发展。
综合来看，实现全年主要预期目标，特别是经济增长预期目标有坚实的条件和支撑。谢谢。
浙江日报潮新闻记者：
刚才您在发布中提到人工智能高端装备等高技术制造业在上半年表现突出，为经济发展注入了新动能。请问，今年以来新动能发展有哪些亮点？谢谢。
这个问题请王冠华女士回答。
国家统计局新闻发言人、国民经济综合统计司负责人 王冠华：
谢谢您的提问。今年上半年，中国新旧动能转换的步伐加快，科技和产业创新亮点很多，大家在平时的生产和生活当中都有一些直观的感受。比如走进工厂车间，智能生产线、工业机器人随处可见，在日常生活当中新能源汽车、智能家电等逐渐普及，这些新产业新产品新需求不断构筑了高质量发展的优势，也为中国经济稳中向好提供了坚实的支撑。具体来看：
第一是一批技术含量高、韧性强的新产业支撑有力。经过多年的布局和发展，我国的新兴产业逐步壮大，积厚成势。上半年规模以上高技术制造业增加值、数字产品制造业增加值分别增长13.3%和12.3%，比一季度都有所加快。特别是全球人工智能技术变革带来的高端算力芯片和存储芯片的需求爆发，上半年我国规模以上工业企业的集成电路产量增长23.1%，产量规模达到2798亿块，这个数字非常庞大，换算下来平均每天生产集成电路超过15亿块。集成电路就是我们平时说的芯片，它广泛应用于智能装备、电子产品当中，每天超过15亿块芯片的产出，不仅是数字的更新，更是中国半导体产业发展动力的生动写照。除了集成电路，像5G智能手机、3D打印设备、服务机器人等智能产品产量也保持了快速增长；日均词元调用量已达数百万亿，实现了量级式跨越，彰显了数字经济、智能经济的活力和潜力。我们也对工业领域做了初步测算，上半年以高技术制造业、数字产品制造业为代表的新动能，以两成多的增加值占比贡献了近五成的工业增长，是拉动工业增长的重要引擎。制造业的转型升级也带动了像信息技术、现代金融、研发设计、商务服务等专业服务需求，为现代服务业打开了广阔的成长空间。上半年，信息传输软件和信息技术服务业、租赁和商务服务业增加值增速都超过了10%，对于经济增长的贡献率接近1/4。
第二是一批契合绿色低碳趋势的新产品快速成长。得益于我国完备的产业链和持续的技术迭代，我国在新能源、新材料、绿色装备等领域的竞争优势日益凸显，培育形成了新的经济增长点。比如，清洁能源的发展带动核发电机组、水轮发电机组的产量分别增长92.0%和51.9%。新能源汽车和储能需求增加，带动锂离子电池产量增长39.3%。石化、化纤等传统行业内部也涌现出了一批表现亮眼的绿色细分领域，规模以上石油加工行业增加值增长1.9%，但是其中的生物质燃料加工行业增长33.0%；传统的化纤行业增长3.4%，但是其中的生物基材料制造行业增长21.9%。可见新动能不仅存在于新兴产业和未来产业，传统产业通过改造提升、数字化改造也能够释放新动能，焕发新的生机和活力。
第三是一批适配产业升级和品质消费的新需求加快释放。产业的发展离不开需求的牵引和拉动，目前不管是在投资领域还是在消费领域，都呈现出很多新的特点和趋势。从投资领域来看，企业更加注重研发的创新，持续加大专利软件数据库等领域的投资，上半年知识产权产品投资在固定资产投资当中的比重达到13.8%，比一季度提高1.4个百分点。从消费来看，智能绿色健康消费逐渐成为新的消费风尚，今年以来消费品以旧换新政策优化实施，智能眼镜被纳入补贴范围，上半年包括智能眼镜在内的可穿戴智能设备零售额增长超过1倍，高能效等级家电零售额增长超过30%。演唱会、音乐节、体育赛事等“演艺+消费”的模式持续升温，更好地满足了群众高品质的精神文化和沉浸式的体验需求。
第四是一批创新活力充沛，深耕细分领域的新企业崭露头角。创新的主体是企业，培育新质生产力根基也在企业。这些年，各行各业都涌现出了一批锐意创新、敢闯敢拼的优质企业，专精特新“小巨人”企业就是其中的典型代表。目前国家级专精特新“小巨人”企业超1.76万家，多分布在产业链的重点环节。一大批“小巨人”企业深耕细分领域，持续破解难题，练就“独门绝技”，既有效补齐了产业链短板，也为经济发展注入了新的动能。上半年，规模以上专精特新“小巨人”工业企业增加值同比增长10.4%。还有一个数据也值得关注，6月下旬，世界经济论坛发布了最新一批灯塔工厂名单，16家新增的全球灯塔工厂有半数来自中国，灯塔工厂代表着全球制造业数字化智能化转型的标杆，目前我国灯塔工厂数量稳居全球第一，表明人工智能、数字技术赋能制造业转型的突出成效。
新旧动能转换是一个系统工程，不可能一蹴而就，需要久久为功，持续用力，下阶段还是要坚持稳中求进、因地制宜，在培育壮大新兴产业、未来产业和改造提升传统产业上持续用力，力促新旧动能平稳接续转换。谢谢。
大众新闻大众日报记者：
上半年居民消费价格保持温和回升态势，老百姓对此都很关注。请问，如何评价上半年的物价表现？在国际市场价格波动的背景下，下阶段我国物价走势如何？谢谢。
请王冠华女士回答。
谢谢您的提问。正如您所说，物价运行既关系到宏观运行，也关系到老百姓的日常生活，大家都非常关注。今年上半年居民消费价格运行有这样几个特点：
第一，上半年居民消费价格呈现温和回升态势。上半年居民消费价格同比上涨了1.0%，其中一季度上涨0.9%，二季度上涨1.1%，二季度涨幅比一季度扩大了0.2个百分点，自去年四季度以来居民消费价格涨幅连续三个季度扩大，这既反映了国内相关领域消费需求变化和前期综合整治“内卷式”竞争的成效，也受到近期国际大宗商品价格波动传导影响。从核心CPI看，除了1、2月份受春节错月因素影响，波动比较大以外，其他月份核心CPI都保持在1%及以上，反映了消费需求释放对于价格的带动。比较有代表性的是文旅和出行服务领域，今年上半年，“五一”等节假日叠加多地的中小学春假，居民的出行服务需求增加，家庭游、亲子游、研学游热度不减，上半年CPI中出行服务价格同比上涨了2.4%，旅行社收费、宾馆住宿、飞机票等服务价格都呈上涨态势。另外，人工智能推动消费电子产品迭代更新，相关产品需求旺盛，价格继续上涨。上半年移动电话机、可穿戴智能设备的价格分别同比上涨4.0%和2.7%。
第二，6月份居民消费价格继续保持温和上涨，涨幅比上个月略有回落。今年2月份以来，居民消费价格一直在1%到1.3%的区间小幅波动，6月份同比上涨1%，比上个月小幅回落了0.2个百分点，波动不大，环比下降了0.3%，主要是受到季节性因素和国际市场价格波动的影响。今年6月份，国际金价、油价震荡下行，国内黄金饰品、汽油价格环比分别下降8.7%和4.9%，合计影响CPI环比下降0.22个百分点，也是当月CPI环比下降的主要原因。另外，受季节性因素的影响，食品价格环比也有所下降，特别是应季果蔬大量上市，市场供应充足，鲜菜、鲜果价格分别下降了1%和2%。
第三，居民消费价格的合理回升，有助于改善企业盈利预期，稳定市场经营信心，也有利于促进居民就业增收，畅通国民经济的循环状况。展望下半年，尽管国际大宗商品价格波动会对国内物价带来一定扰动，但是中国经济具备强大韧性，民生商品供给充足，保供稳价政策体系有力有效。随着促消费各项政策持续落地，服务消费、升级类消费、新型消费需求有望稳步释放，居民消费价格仍将延续温和上涨的态势。谢谢。
美国国际市场新闻社记者：
近期，固定资产投资波动的主要原因是什么？这是由于一季度项目提前投放和地方政府集中还债等暂时性因素所致，还是反映了投资需求的疲软？
谢谢您的提问，大家对固定资产投资的情况比较关注。今年上半年，固定资产投资增速是负的，但是要注意到，固定资产投资规模还是非常可观的，今年上半年，固定资产投资规模达到22.6万亿元，这是一个非常庞大的数字。随着中国发展阶段的变化，特别是由过去高速增长转向高质量发展新阶段，观察固定资产投资，投资结构、质量、效益更为重要，更值得我们关注。投资投到哪里去了，有没有效益，有没有质量，是不是我们所希望的，是不是符合国家政策方向，比固定资产投资总量、速度更为重要。从上半年投资数据看，投资在推动新质生产力发展、技术创新、产业升级、民生福祉改善方面发挥了巨大作用。我从几个方面给大家作一个简要介绍。
一是新兴领域投资持续“增动能”。各地紧扣因地制宜发展新质生产力部署和要求，持续加大新兴产业投入，布局未来产业赛道，新能源、人工智能、集成电路等领域投资增势明显。上半年，高技术产业投资同比增长4.6%，集成电路制造业、电子专用材料制造业、锂离子电池制造业投资分别增长8.8%、10%和24.4%。企业投资越来越向创新环节加大，这个特征非常明显。上半年，知识产权产品投资同比增长9.4%，比一季度加快1.5个百分点，包括研发、数字经济等在内的知识产权产品增长持续加快，保持较高增长。大规模设备更新政策优化实施，激发了企业改造升级的需求。上半年，设备工器具购置投资增长8.1%。
二是新型基础设施投资“利长远”。基础设施建设一头连着社会生产力发展，一头关乎群众生活便利度提升，是高质量发展的重要保障和支撑。今年以来，“六张网”加快规划建设，传统基建和新基建接力推进，算力网、新一代通信网加速布局，相关领域投资较快增长，为数智化转型发展增强发展后劲。上半年，互联网和相关服务业投资同比增长39.9%，信息传输业投资增长25.6%，光纤制造业投资增长26.5%，水上运输业、航空运输业投资分别增长19.8%和11%。截至5月末，我国5G基站总数超500万个，占移动基站总数达39%；光纤接入端口占互联网宽带接入端口的96.7%。
三是民生领域投资精准“补短板”。加强民生投入是增进民生福祉的重要路径。各方面更加注重投资于物与投资于人紧密结合，扎实推进农业农村现代化建设和乡村全面振兴，上半年农业、渔业投资同比分别增长6.7%和12%。生态修复、污染治理等项目稳步推进，带动环境监测及治理服务投资增长5.9%。
从下阶段看，扩大有效投资仍有广阔前景。当前我国人均资本存量明显低于发达国家，差距也意味着发展潜力和空间，特别是传统产业改造升级、推进新兴产业和未来产业发展有旺盛的投资需求；适应人口结构变化，在“一老一小”服务、基层医疗卫生、优质教育扩容、推进乡村全面振兴等领域还有巨大的投资潜力。目前，今年8000亿元“两重”投资建设项目清单和2000亿元设备更新资金已全部下达，“六张网”建设正在统筹推进，城市更新、新型能源体系建设、工业互联网高质量发展等专项规划陆续落地实施。各类政策协同发力，有利于激发投资活力，释放投资增长潜力。谢谢。
顶端新闻记者：
今年以来，中央推出了一系列稳楼市举措，各地方因城施策不断调整优化当地的房地产政策，请问这些政策举措成效如何？目前房地产市场有哪些积极的变化？谢谢。
谢谢这位记者朋友的提问。房地产是大家都高度关注的领域。近年来，各地区按照党中央的决策部署因城施策，持续优化调整房地产的政策，控增量、去库存、优供给，有序放宽购房限制，深化住房公积金制度改革，加大保障房住房供给，推动实施城市更新改造，从供需两端双向发力，出台了一套政策“组合拳”。从上半年的相关数据看，政策成效逐步显现，房地产市场出现了一些积极变化，有以下几个方面：
一是一线城市商品住宅销售价格环比连续4个月上涨。3月份以来，一线城市新建商品住宅、二手住宅销售价格环比均连续4个月在上涨。3-6月份，一线城市新建商品住宅销售价格月环比涨幅在0.1%-0.2%之间。二手住宅涨幅在0.3%-0.4%之间。二三线城市商品住宅销售价格总体降幅收窄。从环比看，6月份，二线城市新建商品住宅销售价格由上月下降转为持平，三线城市新建商品住宅销售价格降幅比上月收窄0.1个百分点。从同比看，二线城市新建商品住宅销售价格、二三线城市二手住宅销售价格同比降幅均比上月收窄。
二是全国商品房待售面积连续4个月下降。商品房去库存持续推进，政策措施不断显效，商品房待售面积有所减少。6月末，全国商品房待售面积同比下降0.9%，降幅比上月扩大0.5个百分点，也是连续4个月下降。其中待售三年以下面积下降3.5%。
三是二手房交易比较活跃。随着我国房地产市场持续调整，房地产交易结构和规模总量正在发生深刻变化，传统以新房销售为主的增量交易格局正加快向新房和二手房并举转变，二手房交易已成为住宅交易的一个重要组成部分。根据有关部门数据显示，当前二手房交易面积已和新房销售面积相当。上半年，二手房网签面积同比增长10.2%，增速比1-5月份加快2.5个百分点。如果把网签新房和二手房合起来看，最近三个月交易总量连续正增长。
四是房地产市场预期有所改善。国家统计局对70个大中城市开展的房价问卷调查显示，春节后房地产市场从业人员对新房、二手房价格走势预期出现好转。6月份，预期未来半年新建商品住宅销售价格保持稳定或上涨的房地产市场从业人员的占比为63.1%，连续4个月维持在60%以上，比去年的低点回升了20个百分点。
所以总的来看，房地产市场的供需关系逐步改善，市场预期有所回升，市场出现了一些积极变化。下阶段要继续按照党中央、国务院决策部署，因城施策控增量、去库存、优供给，推动房地产市场平稳健康运行。谢谢。
红星新闻记者：
我的问题是，服务业是今年工作的一大重点，国家召开了全国服务业大会，并印发了《关于推进服务业扩能提质的意见》，对推进服务业高质量发展作出了专门部署。请问，上半年服务业发展情况如何？谢谢。
请王冠华女士回答。
谢谢您的提问。今年上半年，各方面深入贯彻落实全国服务业大会精神，围绕推进服务业扩能提质出台多项配套措施，服务业总体上平稳增长，在支撑产业升级、满足民生需要等方面发挥了重要作用。有这样几个特点：
一是服务业对于经济增长的贡献提升。上半年，服务业增加值41.4万亿元，同比增长5.2%，快于经济增速0.5个百分点；占GDP比重59.5%，是国民经济的第一大产业；对于经济增长的贡献率达到66.1%，比上年同期提高近6个百分点，是拉动经济增长的主动力。
二是生产性服务业融合创新。信息技术、现代金融、现代物流等专业服务和先进制造深度融合，对于推动产业升级转型发挥了重要作用。上半年，信息传输软件和信息技术服务业、租赁和商务服务业增加值同比分别增长10.7%和11.9%，对于经济增长的贡献率接近1/4。金融服务实体经济的力度加大，金融业增加值增长6.7%，对经济增长的贡献率超过10%。交通物流体系高效运转，每天有超过5.5亿件快递穿梭在大街小巷，超过1.5亿吨货物通达四方，有力支撑了产业链供应链稳定运转。
三是生活性服务业扩围提质。围绕满足居民多样化的生活需求，各类生活服务供给不断增加。上半年批发和零售业、住宿和餐饮业的增加值规模都在扩大，前5个月规模以上居民服务、修理和其他服务业企业营业收入增长5.7%。各地不断丰富“文旅体商”等融合业态，推动线下演艺、赛事等密集落地，前5个月规模以上文化艺术业、体育业企业营业收入分别增长11.8%和11.9%。
四是新兴服务业培育壮大。前5个月规模以上战略性新型服务业企业营业收入同比增长6.1%，线上商务、远程医疗、数字文娱等新业态持续拓展，带动上半年电子商务交易平台交易额增长3.5%。同时，顺应居民绿色出行、低碳消费的新趋势，充电设施布局日趋完善，应用范围持续扩大，上半年，重点充电平台交易额增长30%以上。
五是服务业对外开放稳步扩大。近年来，我国在旅游、运输、金融、电信等重点的服务领域持续推进更深层次对外开放，今年1-5月份，服务贸易总额同比增长6%，服务贸易逆差收窄20%左右。高技术、高附加值的服务出口竞争力持续提升，知识密集型服务出口增长12.2%。另外，多年来服务业一直是我国最大的外资流入领域，今年依然保持良好发展势头。前5个月，服务业实际使用外资占全国实际使用外资的比重达到72%，彰显了服务业对外开放的吸引力。
南方日报南方+记者：
今年以来，各部门各地深入实施提振消费专项行动，请问上半年服务消费、商品消费的情况怎么样？谢谢。
谢谢您的提问。今年上半年，社会消费商品和服务零售总额同比增长2.7%，6月份社会消费品零售总额同比由上月下降转为增长1.0%。具体来看，有几个特点值得关注。
第一，服务消费增势良好。随着人们生活水平提高，服务消费日益成为释放消费潜能、拓展消费空间的重要领域，上半年服务零售额同比增长5.3%，比商品零售额快4.2个百分点。文旅消费市场持续活跃，上半年旅游咨询租赁服务类、文体休闲服务类零售额分别增长11.3%和10.4%。有关数据显示，旅游游览和娱乐服务销售收入同比增长12.3%。服务消费支出的占比在提高，上半年居民人均服务性消费支出占居民消费支出的比重比上年同期提高了0.2个百分点。大家都关心消费扩张，一方面要把商品的消费提质扩容，另一方面要深挖服务消费潜力。
第二，商品消费提质扩容。上半年，社会消费品零售总额接近25万亿元，其中商品零售额超过22万亿元。部分升级类消费品较快增长，限额以上单位化妆品、通讯器材类商品零售额同比分别增长6.3%和14.4%，数字消费、绿色消费等增长潜力加快释放，更多智能绿色产品进入百姓生活，6月份，新能源汽车零售渗透率达到62.8%，连续三个月超过60%。面向品质消费、数字便民的创新零售业态蓬勃兴起，限额以上单位仓储会员店、无人值守商店零售额增长均超过25%，即时零售交易额实现两位数增长。
第三，新消费增长点活力显现。乡村消费持续活跃。随着乡村全面振兴持续推进，县域商业体系和流通设施不断完善，乡村市场消费活力持续显现。“十四五”时期，我国乡村消费品零售额年均增速快于城镇约0.3个百分点。今年上半年这种趋势还在延续，乡村消费品零售额增速快于城镇1.3个百分点。新型消费增长较快。上半年，文化体育服务平台交易额同比增长9.7%。有关数据显示，上半年文艺表演、博物馆等沉浸式体验类的销售收入增速分别达到28.3%和24.6%。入境消费热度不减。我国优化入境免签政策，同步优化离境退税、境外移动支付等配套服务，便利海外游客来华出行、购物。上半年，免签入境的外国人约1782万人次，同比增加30.6%，海关累计监管海南离岛免税购物金额199亿元，增长18.8%。
下阶段，我国消费扩容提质具备良好的条件。我国拥有14亿人口，人口规模较大，中等收入群体不断成长壮大，人均GDP接近高收入国家水平。从发展阶段来看，消费结构处于转换升级的阶段，居民对高品质的商品、休闲文化娱乐等服务消费需求在上升。随着全国统一大市场深入推进，优质消费供给增加，促消费政策发力显效，最近又出台了扩大消费“十五五”规划，这也有利于促进消费更好发展，有望带动消费扩容提质。下阶段，要着力提升居民的消费意愿和能力，持续优化消费环境，多措并举夯实消费增长的基础，更好释放我国超大规模市场的消费潜力。谢谢。
时间关系，最后两个问题。
封面新闻记者：
今年我国夏粮生产克服不利影响实现了增产丰收，十分不容易，请问上半年农业农村经济总体形势如何？谢谢。
谢谢。我简要给大家介绍一下。今年上半年，各地区各部门深入贯彻落实党中央、国务院关于“三农”工作的决策部署，锚定农业农村现代化，持续抓好农业生产，促进农民增收，农业农村经济保持良好发展势头。有几个特点：
第一，夏粮再获丰收。今年夏粮生产克服冬小麦大面积晚播、强降水等不利因素影响，实现了增产丰收。夏粮产量达到了3014.9亿斤，首次突破3000亿斤大关，比上年增产20亿斤。单产提高是夏粮丰收的关键，夏粮亩产378.8公斤，比上年增产3.2公斤。
第二，“菜篮子”产品供应充足。上半年全国猪牛羊禽肉产量同比增加207万吨，增长4.3%。生猪出栏节奏有所放缓，上半年生猪出栏同比增长1.7%，增速比一季度回落1.1个百分点，主要是因为，针对生猪价格持续下行，国家着力加大产能综合调控力度，能繁母猪存栏调减速度加快，有利于改善生猪市场供求关系，近期生猪价格有所回升。此外，蔬菜水果保持稳定增长，老百姓的餐桌比较丰富而且有保障。
第三，农业农村经济稳中向好。上半年，全国农林牧渔业总产值同比增长3.9%。大力发展现代设施农业，带动农村固定资产投资同比增长6.7%。此外，农村居民收入增速继续快于城镇。
今年是“十五五”开局起步、加快推进农业强国建设的关键之年，我们也在按照党中央、国务院部署组织开展第四次全国农业普查这一重大国情国力调查，这项工作目前正在紧锣密鼓地开展。前期我们开展了专项试点和综合试点，对普查方案进行了完善，目前正在报国务院农业普查领导小组审批，相关工作都在积极推进，广大的新闻记者、媒体朋友给予了很好的关注和报道。通过这次农业普查，我们一方面要把三农领域的基本情况摸清搞实，农业普查十年开展一次，了解把握过去十年我国农业生产领域出现的新情况新变化，特别是随着农业生产技术水平提高，农业生产组织方式进一步提升优化，农业生产领域新业态等成长变化情况，以及党中央关于“三农”政策落地成效等。通过这次农业普查，我们要推进农业遥感技术在农产量调查中的全面应用，更好监测各类农作物的种植面积和长势情况。通过扎实有效的三农领域统计，为推进农业高质量发展、建设农业强国提供扎实的统计数据支撑。谢谢。
最后一个问题。
第一财经记者：
我们注意到6月份的PPI同比上涨，但环比出现了转降，这意味着什么？背后的影响因素主要有哪些？预计后续PPI是否保持平稳运行？谢谢。
请王冠华女士回答。
谢谢您的提问。今年以来，特别是3月份以来，受国际大宗商品价格上涨传导和国内部分行业需求改善等因素影响，工业生产者出厂价格呈现逐步回升的态势。今年上半年PPI同比上涨1.5%，其中一季度下降0.6%，二季度上涨3.6%，这也是2022年四季度以来PPI季度涨幅首次转正。从月度变化看，3月份以来PPI连续四个月上涨，6月份上涨4.1%，涨幅比上个月略微扩大了0.2个百分点。从6月份看，部分行业需求改善，对于生产领域价格的带动还在继续显现。特别是电气化进程加快，人工智能的应用场景拓展，算力需求增加，带动了有色、电子、电气机械等行业价格持续上行。
大家也注意到了，6月份PPI环比在连涨8个月之后转为下降，主要是国际原油价格下降的传导影响，并不意味着国内工业品的供需关系发生根本改变。6月份，国际原油价格大幅回落，根据世界银行数据，国际原油平均价格环比下降18.6%，受此影响，国内石油化工等行业的价格明显走弱，是当月PPI环比转降的主要原因。从影响的主要行业看，6月份石油和天然气开采业出厂价格环比下降11.8%，石油煤炭及其他燃料加工业价格下降1.9%。另外，相关的化工、化学纤维两个行业价格由上个月上涨转为下降，这四个行业合计影响了当月PPI环比下降0.38个百分点左右。从其他的行业看，生产价格运行总体稳定。特别是智能绿色转型加快，带动可穿戴智能设备制造、虚拟现实设备制造、生物质燃料加工等行业的价格比上个月有所上涨。6月份，由于阶段性供应偏紧，以及“迎峰度夏”用煤需求增加，煤炭开采和洗选业价格环比上涨5.6%。
下阶段，PPI平稳运行仍然具有较好支撑。人工智能和各领域加速融合，算力需求大幅增长，市场竞争秩序逐步优化，或将带动相关行业的价格上行。尽管外部不确定难预料因素较多，国际大宗商品价格走势仍然具有不确定性，但是我国工业门类齐全，工业品生产能力较强，能源进口渠道多元，储备较为充足，产业链供应链韧性持续提升，具有抵御外部风险、驾驭复杂局面的能力，外部的输入性影响总体可控。谢谢。
谢谢两位发布人，谢谢各位记者朋友的参与。今天上午的新闻发布会就到这里，大家再见。
本文编选自“中国网”，智通财经编辑：冯秋怡。"
Ranger Energy将为雪佛龙部署三台混合动力修井机,2026-7-14 19:38,https://cn.investing.com/news/company-news/article-93CH-3459965,,"休斯顿 — Ranger Energy Services Inc.（纽交所：RNGR）周一宣布，已与雪佛龙公司（纽交所：CVX）旗下子公司Hess Corporation签署合同，将在美国本土48个州额外部署三台ECHO混合动力修井机。雪佛龙市值达3,600亿美元，是石油、天然气及可燃燃料行业的重要参与者。
根据新闻稿声明，这三台ECHO修井机预计将于2027年交付给雪佛龙。这些钻机将配备防寒套件，预计将在巴肯（Bakken）地层投入运营。
Ranger于2025年推出了ECHO修井机，公司将其定位为混合双电动修井机。该技术代表了公司对传统钻机机队进行改造和电气化升级的最新成果。
""我们很高兴能与雪佛龙携手合作，共同推动油井服务板块的现代化进程，""Ranger首席执行官Stuart Bodden表示。InvestingPro订阅用户可获取超过10条关于雪佛龙的独家分析，以及全面的财务健康指标和公允价值分析。
Bodden指出，自公司首批两台ECHO钻机于2025年完成交付以来，客户对ECHO技术的兴趣持续升温。
加上此次雪佛龙合同新增的三台设备，Ranger在役ECHO钻机机队预计将于2027年底达到20台。
Ranger Energy Services是一家面向美国陆上油气行业的高规格油井服务钻机供应商。

本文由人工智能协助翻译。更多信息，请参见我们的使用条款。"
Nuvoco Vistas一季度营收超预期，每股收益不及预期，盘后股价涨近7%,2026-7-14 20:16,https://cn.investing.com/news/transcripts/article-93CH-3460120,,"Nuvoco Vistas Corporation Ltd.公布了2027财年第一季度喜忧参半的业绩：营收小幅超出预期，但每股收益（EPS）则大幅低于市场预测。这家水泥制造商公布的EPS为INR 2.90，低于预期的INR 3.55；营收为INR 304.6亿，略高于INR 304.2亿的预测值。盘后交易中，公司股价上涨6.93%，报$338.50，显示投资者更关注公司的销量增长、成本控制及扩张计划，而非利润的不及预期。






Nuvoco表示，尽管面临宏观经济与物流方面的不利因素，公司本季度仍实现了强劲的运营表现。更高的销量、更优的定价以及更丰富的高端产品组合共同支撑了盈利，尽管公司同时面临电力、原材料、包装袋及运费成本上升的压力。
管理层表示，公司各市场需求保持健康，尤其是印度东部和北部地区。公司还受益于在拉贾斯坦邦（Rajasthan）、恰蒂斯加尔邦（Chhattisgarh）、中央邦西部（Western Madhya Pradesh）及贾坎德邦（Jharkhand）等高实现价值地区的更强市场存在。
本季度第一季度销量与EBITDA双双创历史新高，表明即便行业面临物流不均与成本通胀的挑战，公司业务规模仍在持续扩大。Nuvoco还将净债务从一年前的INR 52.74亿降至INR 45.95亿，财务灵活性得到改善。根据InvestingPro的分析，公司保持着出色的毛利率水平，是建筑材料行业的重要参与者。有意深入研究的投资者可在平台上获取3条额外的ProTips及全面的财务指标。






公司本季度业绩表现喜忧参半。EPS为INR 2.90，低于INR 3.55的预期值INR 0.65，偏差幅度达18.31%。营收INR 304.6亿略高于INR 304.2亿的预测，超出INR 0.4亿。
这种组合通常指向利润率承压而非需求疲软。管理层将原因归结为电力、燃料、原材料、包装材料及配送成本的上升，并表示上述压力部分被更好的产品实现价值及更优化的产品组合所抵消。
EPS的偏差幅度值得关注，但营收结果与预期相差无几，表明公司基本面保持稳定。市场的积极反应表明，投资者可能认为此次利润未达预期在公司运营势头和增长计划的背景下尚在可控范围之内。


业绩公布后，Nuvoco股价从前收盘价$316.55上涨6.93%至$338.50，单日涨幅为$21.95，股价处于其52周区间$276.25至$477.50的中上方位置。
对于盘后反应而言，这一涨幅相当强劲，尤其是在EPS不及预期的情况下。这表明市场对公司创纪录的销量、EBITDA增长、债务削减及扩张计划给予了较高权重。投资者似乎也对管理层关于7月初价格保持稳定、燃料成本受控的表态感到宽慰。
由于未提供交易量数据，目前无法判断此次涨势是否伴随异常活跃的交易。InvestingPro数据证实公司过去十二个月保持盈利，但分析师指出短期债务超过流动资产，这一因素值得在关注公司去杠杆进展的同时加以监测。对于希望做出明智投资决策的投资者，InvestingPro提供公允价值分析、详细健康评分及多维度专家见解。


管理层表示，预计2027财年销量增长将与市场同步，目标增速在7%至8%的中段区间。公司维持2027财年资本支出计划为INR 9亿，第一季度已支出INR 3.7亿。2028财年资本支出预计将升至INR 9.5亿至INR 10亿。
公司披露了多项重大项目进展：

管理层未提供具体的每吨EBITDA指引，但表示过去18个月定价相对稳定，预计将继续保持稳定。公司还表示将持续聚焦地理结构优化、产品高端化及成本控制。有意跟踪Nuvoco扩张动态的投资者可通过InvestingPro探索更多建筑材料行业机会，该平台提供高级筛选工具及精选投资组合方案。


投资者关系负责人Bishnu Sharma表示：""我们今年开局强劲，实现了更高的业务表现。销量同比增长5%至530万吨，EBITDA同比增长7%至INR 5.72亿。""
Sharma还重点介绍了新苏拉特工厂的情况。他表示：""我们已于2026年7月11日提前在苏拉特竣工投产年产200万吨的磨粉产能，这是公司历史上具有里程碑意义的重要时刻。""
首席财务官Maneesh Agrawal表示，公司通过调整燃料结构将燃料成本控制在合理范围内。他说：""我们的团队做了出色的工作，将北部地区石油焦的使用比例从超过50%降至约42%。""
Agrawal还表示，公司不打算通过降价来追求古吉拉特邦（Gujarat）的销量增长。他说：""我相当有信心，我们不会以牺牲价格来换取古吉拉特邦的销量提升。""






分析师重点关注定价、成本、物流及古吉拉特邦扩张等议题。
一个关键问题是苏拉特工厂的熟料供应来源及新产能的爬坡速度。管理层表示，当前增量销量将来自恰蒂斯加尔邦集群，而库奇熟料将在2028财年为苏拉特提供支撑。
燃料成本也是另一重要议题。分析师询问公司能否维持当前燃料结构并避免成本再度大幅上涨。管理层表示，公司已降低北部和东部地区的石油焦使用比例，采购了低灰分煤炭，并将燃料成本控制在合理区间。
分析师还就下一季度利润率走势进行了深入提问。管理层表示，受停产相关电力成本影响，第二季度成本可能较第一季度每吨上升约INR 100，但包装成本有望有所缓解，运费也可能改善。
分析师还就东部地区进行了追问，该地区过去几年定价较为疲软。管理层表示，东部地区产能利用率有望在未来18至24个月内升至80%以上，预计这将支撑更强劲的定价水平和更好的盈利能力。

本文由人工智能协助翻译。更多信息，请参见我们的使用条款。"
乌克兰在亚速海袭击多艘俄罗斯油轮和货船,2026-7-13 19:46,https://cn.investing.com/news/economy-news/article-93CH-3458011,Vlad Schepkov,"Investing.com -- 周一，乌克兰武装力量在亚速海对7艘俄罗斯燃料油轮和5艘干货船发动打击，这是乌方在该地区扩大海上攻势行动的一部分。
乌克兰武装力量总参谋部周一发表声明称，这些油轮违反国际制裁规定，专门运输俄罗斯石油及石油产品。声明还指出，干货船和拖船则负责运送军事物资、装备及技术材料，为俄罗斯的海上后勤保障提供支持。
声明未就上述船只提供更多详细信息。
上周，乌克兰几乎每天都对亚速海的俄方相关船只发动袭击，最初宣称的目标是切断向被占领的克里米亚输送的燃料供应，随后打击范围逐步扩大至其他类型船只。俄罗斯随即对乌克兰黑海港口展开报复性攻击，周一至少有一艘外国船只在此次袭击中受损。
此轮海上打击行动，是乌克兰持续对俄罗斯石油炼化设施发动一系列攻击的延续。此前的袭击已导致俄罗斯全国性燃料短缺，迫使莫斯科对大部分柴油、汽油及航空燃油实施临时出口禁令。
俄罗斯已暂停顿河-亚速海运河（连接顿河与亚速海的重要水道）的船只通行，并自上周五晚间起关闭了连接亚速海与黑海的刻赤海峡。
此前遭到打击的运油船只规模较小，与活跃于全球市场的远洋油轮相比体量有限。

本文由人工智能协助翻译。更多信息，请参见我们的使用条款。"
伯恩斯坦上调霍尼韦尔目标价至$243，反映业务分拆影响,2026-7-13 19:58,https://cn.investing.com/news/analyst-ratings/article-93CH-3458018,,"Investing.com - 伯恩斯坦SocGen集团在周一发布的研报中，将霍尼韦尔国际（NASDAQ:HON）的股票目标价从$233上调至$243，同时维持""市场表现""评级。该股目前交易价格为$226.42，意味着相对于分析师目标价仍有一定上涨空间。根据InvestingPro的分析，霍尼韦尔在当前价位存在低估，该平台的公允价值估算显示，其上涨潜力甚至超过伯恩斯坦的目标价。
伯恩斯坦更新了其财务模型，以反映霍尼韦尔近期完成的航空航天业务拆股分拆，以及随之而来的公司架构调整。此次分拆完成后，公司发布了针对剩余业务的最新业绩指引，并实施了包括反向拆股在内的多项机制性变更。
伯恩斯坦对霍尼韦尔剩余业务的估值为每股$204，采用的是未来十二个月加一年的市盈率倍数20倍，乘以每股收益预估$10.19得出。该估值倍数与此前模型保持不变。作为参考，霍尼韦尔目前市盈率为18.32，并提供颇具吸引力的4.2%股息收益率。InvestingPro的一项提示指出，该公司已连续15年提高股息，充分体现了其对股东的持续回报。
伯恩斯坦还在估值中加入了约每股$39，以反映霍尼韦尔在Quantinuum公司的持股价值。这一估值基于Quantinuum $94的目标价，以及霍尼韦尔约50%的所有权比例。
将剩余业务估值与Quantinuum持股价值合并计算，最终得出$243的12个月目标价。伯恩斯坦还根据重组后新增的线下项目及变化后的股份数量，对盈利预测进行了相应调整。
在近期其他动态方面，霍尼韦尔科技公司定于7月23日发布第二季度财务业绩。此次业绩发布前，公司已完成多项重大变革，包括完成航空航天业务的分拆，该业务现已在纳斯达克上市交易。大和证券将霍尼韦尔的股票评级从""中性""上调至""跑赢大市""，目标价提升至$255，反映出市场对公司战略举措的信心。与此同时，杰富瑞将霍尼韦尔目标价从$225.30上调至$260，综合考量了公司的投资组合转型及其在Quantinuum的所有权持股。
此外，霍尼韦尔还与麻省理工学院可持续发展科学与战略中心开展合作，相关研究显示，人工智能技术有望大幅降低石油燃料及液化天然气的生产成本。研究表明，未来五年内每年可实现最高达550亿美元的成本节约，到2050年累计节约潜力更可高达2,250亿美元。上述进展标志着霍尼韦尔正处于转型与战略聚焦的关键时期，一方面积极应对业务架构的深刻变化，另一方面也在积极探索创新技术的应用前景。

本文由人工智能协助翻译。更多信息，请参见我们的使用条款。"
埃尼CEO警告：中东冲突若长期化，油价2027年初或突破百元大关,2026-7-13 11:31,https://cn.investing.com/news/stock-market-news/article-3457307,,"智通财经APP获悉，意大利埃尼集团(Eni)首席执行官克劳迪奥·德斯卡尔齐上周六在接受采访时表示，中东若爆发长期冲突，可能推动原油价格在2027年初前突破近期交易区间，进而加剧通胀并拖累全球能源需求。德斯卡尔齐指出，由于各国政府动用战略储备以对冲供应中断，原油价格大致维持在每桶80至100美元之间。但他警告，因储备资源有限，依赖库存并非可持续之策。他主张，各国应通过多元化供应来源和运输路线来强化能源安全。
德斯卡尔齐透露，自今年早些时候伊朗冲突爆发以来，全球石油库存持续下降，库存消耗速度已从日均380万桶加快至5月的约460万桶。这一数字与高盛的测算基本吻合——该行指出5月全球原油库存正以每日870万桶的创纪录速度下降，其中约三分之二源于海上在途原油的减少。截至5月底，全球已消耗约2.5亿桶库存。
他敦促政策制定者深化与非洲、拉美及东南亚产油国的合作关系，同时降低对脆弱海上咽喉要道的依赖。
德斯卡尔齐警告，若库存持续减少，市场将愈加容易受到进一步地缘政治冲击的影响。国际能源署(IEA)此前已表示，石油市场将从2026年7月起进入“红色警戒区”。
需求端同样不容乐观。IEA在6月月报中预计，2026年全球石油需求将同比下降110万桶/日，降幅约1%，创2020年疫情以来最大年度跌幅。该机构将大幅下修归因于战争引发的油价飙升及燃料供应链中断。2026年全球石油供应预计减少390万桶/日至1.024亿桶/日。
此番表态正值人工智能应用及数据中心基础设施扩张推高电力需求，令各国政府和企业面临愈发迫切的稳定能源供应保障压力。据IEA数据，2025年全球数据中心用电量增长17%，其中AI型数据中心用电增速更高、达50%。到2030年，全球数据中心用电量预计将从2025年的485太瓦时翻倍至950太瓦时。能源需求的刚性增长令各国政府和企业面临愈发迫切的稳定供应保障压力。
面对上述风险，德斯卡尔齐敦促政策制定者深化与北非、撒哈拉以南非洲、拉丁美洲及东南亚产油国的能源合作关系，以降低对政治敏感航运路线的依赖。他指出，各国应通过多元化供应来源和运输路线来强化能源安全，而非单纯依赖战略储备这一不可持续的缓冲手段。
值得注意的是，埃尼集团在中东地区的业务敞口相对有限，其上游产量主要集中于非洲和拉美——这一地理布局或使该公司在当前的区域冲突中具备一定的避险优势。"
国资委统筹万亿级重组收官！中石化整合中航油重塑产业格局，航司燃油成本有望减负,2026-7-12 12:16,https://cn.investing.com/news/stock-market-news/article-3456771,,"本文来源：时代财经 作者：盛兰 高秋榕
图片来源：图虫创意
历时半年，由国务院国资委统筹推进的万亿级能源央企重组正式收官，中国航空能源产业链迎来重构。
7月11日，中国石油化工集团有限公司（以下简称“中石化”）官网宣布，中国航空油料集团有限公司（以下简称“中航油”）已于7月9日完成全部工商股权变更登记，正式划入中石化，成为中石化的全资二级子公司。
中石化披露，此次重组是推进中央企业战略性专业化重组的重要举措，也是服务国家战略应对国际竞争的主动作为，将提升保障国家航空能源供应安全能力和水平，推动航空能源供应绿色低碳转型。
中石化董事长侯启军表示，中国石化将推进“炼厂到机翼”“国内到国际”“传统航油到可持续航空燃料”布局调整，加快打造世界一流航空能源供应商。
本次整合在2025年底由国资委敲定战略部署，2026年1月重组专项工作大会召开，中石化和中航油同步启动各项前置筹备；6月18日，重组顺利通过国家市场监管总局经营者集中审查并获无条件批准，相关审批结果于6月30日对外公示。
重组落地后，中石化将搭建起国内唯一覆盖“航煤炼化生产、长输管道储运、机场仓储储备、机坪终端加注”的航空煤油全产业链闭环体系，长期割裂的上下游产业格局得到重构。随着整合持续深化，降本增效、保供稳价、低碳转型的多重红利将持续释放，既为国内民航产业高质量发展保驾护航，也将持续夯实国家航空能源安全体系。
全链条整合重塑航空能源格局
此次中石化整体收编中国航油，是国内航空能源产业链上下游两大核心央企的精准补链整合，终结了国内航油市场多年来产销分离的局面。两家企业分别占据航煤生产与终端加注环节，长期业务绑定，却因隶属主体分割形成产业链断点。
中石化前身为1983年成立的中国石油化工总公司，1998年完成重大资产重组，2018年完成公司制改制，目前注册资本3265.47亿元。
据中石化官网，该集团是目前中国最大的成品油和石化产品供应商，世界第一大炼油公司、第二大化工公司，加油站总数位居世界第二。截至2025年末，中石化集团总资产约2.74万亿元；2025年总营收约2.81万亿元，净利润约510.47亿元。2024年，该集团完成原油加工2.52亿吨、产出成品油1.53亿吨，炼化产能规模稳居行业首位。
依托全国规模化炼化基地布局，中石化成为国内航煤核心供给方。根据国家统计局及中国民航局2024年联合发布的《中国民航能源消费与碳排放公告》，2023年全国航空煤油表观消费量约为3850万吨，其中中石化贡献约1850万吨，占比48%。2024年，中石化旗下子公司中国石化（600028.SH，00386.HK）共生产航煤3143万吨，销售航煤2786万吨。
处于下游端的中国航油则是国内、亚洲规模最大的航空供油保障服务商。该集团在2002年完成改制设立，注册资本100亿元，业务覆盖航油采购、运输、仓储、检测、销售、加注全流程。
据中航油官网介绍，截至目前，该集团掌控全国95%以上机场储供油设施，服务国内258座运输机场、454座通用机场，覆盖全球585家航司客户，同时在全国26个省份开展油气批发、零售及仓储配送业务。由中国企业联合会等发布的《2025年中国企业500强》数据显示，2024年，中航油的营业收入约为2406.62亿元。
事实上，中石化和中航油多年来已形成深度股权与资产绑定。国内航油核心运营平台——中国航空油料有限责任公司（以下简称“中航油有限公司”），2024年股权结构为中航油集团持股51%、由中国石化控股的中国石化销售股份有限公司持股29%、中国石油（601857.SH，00857.HK）持股20%，三家央企长期联合运营全国航油核心业务。
在基础设施层面，双方共同运营上海虹桥金虹航油管道、武汉航煤管道等关键干线，管网协同、联合保供模式早已成熟，本次整体重组是原有合作的全面升级与制度性统一。
本次重组落地，有利于中石化和中航油补齐各自结构性短板。
近年来国内能源消费结构快速迭代，汽油、柴油需求萎缩。在此背景下，高增长的航油赛道成为石化企业对冲周期下滑的核心增量。时代财经整理相关研究报告注意到，2024年国内航煤消费量约为3928万吨，市场规模接近2500亿元，且据标准普尔预测，2040年国内航油消费将攀升至7500万吨。
对于此次整合的产业价值，光大证券研报分析指出，重组将助力中石化搭建“原油进口、炼化生产、航油储运、机场加注”的完整闭环产业链，有助于削减航煤销售中间成本，增强航煤市场话语权，提升中石化在航煤行业的竞争力。对于中国航油，获得中石化作为稳定的上游供应，大幅平抑采购成本波动，有助于提升其经营稳定性。
航司成本减负、低碳航空提速、行业全球竞争力升级
产业链一体化带来的成本红利将直接改善航空公司盈利水平，并逐步向普通旅客传导。
燃油是航司的最主要成本之一，多家航司2025年年报数据显示，燃油成本普遍占营业成本三成左右。其中东方航空2025年航空燃料成本525.26亿元，占营业成本比重达32.07%。南方航空测算，国际油价每波动10%，公司营运成本对应变动52.53亿元，油价走势对航企业绩形成显著影响。
近期市场价格变动便直观体现上游调价对民航出行成本的传导效应。
7月1日起，国内航煤执行全新月度出厂价，炼厂直供散客航煤结算价由9718元/吨下调至8010元/吨，专供中航油合资平台的航煤价格由9738元/吨下调至8030元/吨。
成本下行随即带动燃油附加费政策调整，7月5日，国航、东航、南航等国内主流航司同步下调国内航线燃油附加费。其中，800公里（含）以下航段收费降至50元，单次下调30元；800公里以上航段降至100元，单次下调50元。
除降低行业运营成本、稳定出行票价外，一体化整合也将推进国内航油绿色转型。相较汽油、柴油等传统成品油，航油产业面临更为严苛的碳中和约束，可持续航空燃料SAF是全球民航达成2050减排目标的核心载体。国际航空运输协会预测，2025年全球SAF消费量达600万吨，机构预判2030年规模将升至1800万吨。
中石化率先实现SAF工业化量产，相关产品已完成C919、ARJ21国产客机试飞验证，掌握上游生产核心技术。中航油作为国内SAF产业联盟理事长单位，搭建起机场绿色油料仓储、适航认证、终端加注全套行业标准。
但两家企业分属不同央企，技术规范、运营流程、业务数据相互割裂，国产绿色航油商业化落地节奏持续滞后。壳牌、BP等国际能源巨头，均采用炼化生产叠加机场加注一体化运营模式，国内分段式产业链不仅制约绿色燃料推广，也削弱本土企业海外航线供油议价能力。
本次重组将打通SAF从研发、量产到机场加注的完整链路，整合双方技术、产能、终端渠道优势，统一绿色燃料全流程标准，加速规模化商业应用。
除绿色转型外，全链条整合将强化我国航空燃料产业国际竞争力。
据中石化介绍，目前国际较大的航空燃料服务商主要为一体化石油化工公司，如壳牌、BP、埃克森美孚、道达尔等，其规模大、油品和基础设施保障能力强、声誉好、网络完善，具有明显的比较优势。
中石化和中航油重组后，将实现在航油领域的产供销贸全链条一体化，推动炼油产业链拓展优化空间、降低交易成本、提升服务能力，支撑世界一流企业建设和高质量发展，增强航油产业全球竞争力。"
乌克兰组建远程打击部队，加大对俄能源及后勤设施的攻势,2026-7-11 14:42,https://cn.investing.com/news/economy-news/article-3456631,Simon Mugo,"Investing.com - 据路透社报道，乌克兰总统弗拉基米尔·泽连斯基于周五宣布，乌克兰武装部队已正式组建一支全新的""远程打击""指挥部队，旨在进一步加强对俄罗斯能源基础设施及后勤补给线的打击力度。




这支新组建的指挥部队将专注于扩大乌克兰对俄境内目标的远程打击行动，目的是削弱莫斯科持续推进战争的能力。
泽连斯基在当晚的例行讲话中表示：""今天，我签署了一项法令，在武装部队内部设立一支特别指挥部队——这支部队的目标是对俄罗斯实施远程乃至全球范围内的打击，以回应这场战争。""
近期，乌克兰频繁动用远程无人机，对俄罗斯境内深处的炼油厂、燃料储存设施及交通运输基础设施发动攻击，并将此定性为对克里姆林宫战时主要收入来源施加的经济压力。
据乌克兰总参谋部消息，周五乌军对俄罗斯克拉斯诺达尔地区的伊利斯基炼油厂以及列宁格勒地区的乌斯季卢加炼化综合体实施了打击，罗斯托夫地区的一处石油码头和燃料仓库也遭到袭击。
此轮打击行动已开始对俄罗斯的燃料板块造成实质影响。由于炼油设施持续遭受攻击，尤其是被占领的克里米亚地区出现燃料短缺，莫斯科本周宣布暂时禁止柴油出口，以保障国内供应。
路透社根据行业消息来源的数据测算，受打击影响，俄罗斯汽油产量已降至正常产能的约65%。
此外，乌克兰方面还表示，周五对在亚速Sea Ltd（Sea of Azov）活动的10艘燃料油轮发动了攻击，加上此前五天已有近50艘船只据报受损。Two名粮食行业消息人士向路透社透露，俄罗斯已暂时中断了连接顿河与亚速Sea Ltd的航道运输，而该航道承担着俄罗斯相当大比例的小麦出口运量。
尽管打击行动持续扩大，军事分析人士仍提醒称，目前判断这些打击是否能从根本上改变战局为时尚早。与此同时，乌克兰仍持续面临俄罗斯的频繁导弹袭击，防空系统的短缺问题也依然严峻。
本文由人工智能协助翻译。更多信息，请参见我们的使用条款。"
乌克兰称无人机袭击亚速Sea，击伤21艘俄罗斯油轮,2026-7-12 03:11,https://cn.investing.com/news/world-news/article-3456701,Roushni Nair,"Investing.com - 乌克兰军方周六表示，其部队在亚速Sea对俄罗斯实施夜间无人机突袭，共击伤21艘用于运输原油及石油产品的俄罗斯油轮，以及数艘其他船只。此次行动是基辅持续打击莫斯科能源基础设施行动的一部分。
通过InvestingPro追踪地缘政治风险与能源市场动态——现享5折优惠
俄罗斯方面对此提出异议，称仅有4艘船只遭到袭击。当地地区当局则报告称，此次乌克兰无人机袭击已造成1人死亡。
乌克兰武装部队总参谋部表示，此次夜间行动还击伤了4艘拖船、2艘货船及1艘疏浚船。近几个月来，基辅持续加大对俄罗斯炼油厂、燃料储存设施及能源运输基础设施的打击力度，意在扰乱支撑莫斯科军事行动的燃料供应。这一系列打击行动已导致俄罗斯部分地区出现汽油短缺。
作为回应，俄罗斯当夜再度对乌克兰发动大规模导弹与无人机轰炸。据乌克兰官员称，此次袭击造成至少6人死亡，其中包括1名儿童，另有29人受伤。
乌克兰东北部苏梅州州长奥列赫·赫里霍罗夫表示，两枚空射滑翔炸弹击中一处人员密集的平民区，造成包括1名儿童在内的4人死亡。
乌克兰总统沃洛德米尔·泽连斯基表示，俄罗斯当夜共发射12枚导弹（其中包括6枚弹道导弹）及121架无人机。乌克兰防空部队称，共拦截或通过电子干扰压制了111架无人机及2枚导弹，但仍有11处地点遭到直接打击，再次暴露出基辅在应对弹道导弹袭击方面的持续脆弱性。
俄罗斯国防部表示，俄军对基辅的乌克兰无人机生产设施发动了打击，同时还打击了敖德萨地区的港口基础设施，包括伊兹梅尔和乔尔诺莫尔斯克。
俄罗斯国防部还表示，俄防空系统当夜在俄罗斯8个地区、俄占克里米亚半岛以及黑海和亚速Sea上空，共击落178架乌克兰无人机。
本文由人工智能协助翻译。更多信息，请参见我们的使用条款。"
油市异象预示美国通胀风险被低估！先锋资管逆势布局通胀保值美债,2026-7-10 16:54,https://cn.investing.com/news/stock-market-news/article-3455491,,"智通财经APP获悉，油市一项不同寻常的指标变化，正促使先锋资产管理公司买入防范美国通胀高于预期持续时间更长的保险。自美国与伊朗达成脆弱的停火协议以来，原油价格大幅下跌，但汽油价格的跌幅却远未跟上，导致两者之间的价差扩大至2022年以来最高水平。先锋主动管理基金国际利率主管阿莱什·库特尼表示，他正密切关注所谓的“裂解价差”，以寻找成品油价格可能再次上涨并推高通胀的迹象。
库特尼在接受采访时表示：“我们以前从未如此密切关注这一指标。由于裂解价差通常与油价高度相关，因此过去往往只是一个次要指标，但如今汽油、航空燃油、柴油和燃料油等产品的价格走势都与原油价格出现了明显不同。”
虽然裂解价差是石油交易中相当常见的指标，用于衡量成品油价格与原油价格之间的差额，但对于债券投资者而言，这一数据通常并不受到太多关注。中东战争导致全球炼油厂燃料产量大幅下降，而乌克兰持续袭击俄罗斯炼油设施则促使俄罗斯禁止柴油出口，从而推高了炼油利润率。
尽管油价回落，裂解价差却持续扩大，这一异常现象成为部分债券投资者关注焦点
库特尼表示：“问题在于，这一价差究竟会恢复正常，还是这种低相关性将演变为一种更具结构性的特征，并对通胀风险产生影响。”“这些偏离既可能强化通胀风险，也可能削弱通胀风险，两种情况都有可能发生，而其影响可能相当显著。”
衡量美国国债名义收益率与通胀保值债券(TIPS)收益率之间差距的两年期盈亏平衡通胀率过去一个月持续下跌，目前已降至近两年来最低水平附近。这表明，市场预计两年后美国通胀率仅会略高于美联储2%的目标水平。
这一走势促使库特尼及其团队建立了美国短期通胀保值国债(TIPS)多头仓位，同时也买入收益率曲线较长期限的盈亏平衡通胀交易头寸。他们认为，市场低估了通胀持续高于预期的可能性。本周，在美国总统特朗普对美国与伊朗停火协议表示怀疑之后，中东局势再度紧张，推动油价大幅上涨。
先锋集团团队目前还正着手优化其模型，在评估通胀风险时，除了原油之外，还将不同种类的石油馏分产品纳入参考指标。目前，交易员预计，美联储、欧洲央行以及英国央行都将在年底前分别加息25个基点，并预计今年或明年还将进一步收紧货币政策。相比3月份美伊战争爆发后市场一度迅速升温的加息押注，目前市场对进一步加息的预期已明显趋于缓和。"
"BW LPG子公司以$6,400万出售旗下船只",2026-7-10 14:06,https://cn.investing.com/news/company-news/article-93CH-3455196,,"新加坡——BW LPG Limited（OSE: BWLPG.OL，NYSE: BWLP）发布公告称，其持股52%的子公司BW LPG India已签署协议，出售一艘建于2007年的船只BW Elm。
此次交易预计将产生约$3,600万的账面净收益，以100%权益计算，净现金收入约为$6,400万。该船只预计将于8月中旬前交付给买方。交易达成之际，BW LPG的市值约为29亿美元，其皮奥特罗斯基评分（Piotroski Score）达到满分9分，显示出强劲的财务健康状况。根据InvestingPro的分析，该股目前市盈率为8.03倍，处于低估状态。
公司表示，此次出售价格相当于约2.48亿美元的新船建造价格。
BW LPG首席执行官Kristian Sørensen表示：「通过出售BW Elm，我们持续把握二手船市场的高估值机会，将这艘建于2007年的船只以相当于约2.48亿美元新船价格的水平成功出售。」公司过去一年股价累计上涨57%，同时维持9%的股息收益率，为股东带来了丰厚回报。
BW LPG目前运营约50艘超大型气体运输船（VLGC），其中逾20艘配备液化石油气双燃料推进技术。该公司隶属于BW集团，后者旗下船队规模超过400艘。

本文由人工智能协助翻译。更多信息，请参见我们的使用条款。"
国家能源局：大力推动火电节能降碳 扩大非化石能源替代化石能源规模,2026-7-10 11:59,https://cn.investing.com/news/stock-market-news/article-3455130,,"智通财经APP获悉，7月10日，国家能源局印发《能源领域节能降碳行动计划(2026—2028年)》。其中提到，大力推动火电节能降碳。稳妥有序关停一批具备条件的30万千瓦级及以下煤电机组，鼓励按新一代煤电要求建设替代机组；推动实施一批60万千瓦级煤电机组超(超)临界跨代升级改造。支持对具备条件的机组实施零碳低碳燃料掺烧和碳捕集利用与封存(CCUS)改造建设，改造建设后度电碳排放水平应降低10%左右。实施一批煤电、气电与新能源融合项目，支持煤电与新能源通过储热储能耦合调峰及顶峰、一体化汇集送出等方式，达到融合降碳效果。
扩大新能源消纳空间。大力发展新型储能，探索长时储能应用，增加省间新能源互济交易规模，不断提升新能源发电量占比。加强配电网建设改造和智慧升级，提升配电网对分布式新能源等新型主体综合承载能力。积极发展绿电直连、智能微电网、源网荷储一体化、新能源接入增量配电网等新能源就近消纳新业态，扩大绿电应用空间。
原文如下：
能源领域节能降碳行动计划(2026—2028年)
为深入落实更高水平更高质量做好节能降碳工作的有关要求，充分发挥能源领域对节能降碳的作用，制定本行动计划。
一、总体要求
以习近平新时代中国特色社会主义思想为指导，深入贯彻党的二十大和二十届历次全会精神，认真落实四中全会部署，高标准践行能源安全新战略，以碳达峰碳中和为牵引，以优化能源结构、提升能效水平、强化科技创新、完善政策支撑为重点，把节能降碳工作贯穿能源产供储销用各环节，深化化石能源行业节能降碳，扩大非化石能源替代化石能源规模，推动煤炭和石油消费达峰，为经济社会发展全面绿色转型提供强力支撑。
到2028年，非化石能源消费比重年均提升约1个百分点；合理控制煤电机组供电煤耗，达到现行能效标杆水平的煤电产能比例力争提高15个百分点；建成一批零碳低碳煤炭矿区、油区；支持建成一批零碳园区，重点行业节能降碳取得显著进展，绿色用能水平不断提升。
二、深入推进电力系统节能降碳
(一)大力推动火电节能降碳。稳妥有序关停一批具备条件的30万千瓦级及以下煤电机组，鼓励按新一代煤电要求建设替代机组；推动实施一批60万千瓦级煤电机组超(超)临界跨代升级改造。支持对具备条件的机组实施零碳低碳燃料掺烧和碳捕集利用与封存(CCUS)改造建设，改造建设后度电碳排放水平应降低10%左右。实施一批煤电、气电与新能源融合项目，支持煤电与新能源通过储热储能耦合调峰及顶峰、一体化汇集送出等方式，达到融合降碳效果。
(二)发挥输电通道绿色资源优化配置作用。科学优化全国电力流向布局，有序推动“沙戈荒”、水风光一体化等清洁能源基地和跨省跨区输电通道规划建设。深挖输电通道外送潜力，持续优化运行方式，探索先进输电技术应用，稳步提升输电通道对清洁能源承载能力和输送比例，论证试点开展100%新能源外送输电工程。
(三)扩大新能源消纳空间。大力发展新型储能，探索长时储能应用，增加省间新能源互济交易规模，不断提升新能源发电量占比。加强配电网建设改造和智慧升级，提升配电网对分布式新能源等新型主体综合承载能力。积极发展绿电直连、智能微电网、源网荷储一体化、新能源接入增量配电网等新能源就近消纳新业态，扩大绿电应用空间。
三、加强煤炭生产供应环节的节能降碳
(四)推进煤炭清洁高效开发与生产。强化煤矿项目建设节能降碳要求，推广应用智能化装备与先进开采技术。充分利用采煤沉陷区、工业广场等场地及周边区域，就地开发利用光伏和风电；鼓励有条件的矿区开发利用地热能和分布式太阳能供热供暖。加快煤矿装备设施节能降碳改造，在大负荷机电设备中推广使用智能变频调速、能耗监控等节能技术。推进矿区运输设备新能源替代，在有条件的露天煤矿规模化应用电动、氢能矿卡，在井工煤矿根据运输方式逐步应用电动矿用无轨胶轮车。
(五)促进煤炭洗选提质增效。新建、改扩建煤矿项目应配套建设相应规模的选煤设施，新建选煤厂原则上按照智能化标准建设并达到煤炭清洁高效利用重点领域标杆水平。推动现有落后选煤设施升级改造，限期达到煤炭清洁高效利用重点领域基准水平。优化洗选技术工艺和流程参数，因地制宜发展干法选煤工艺。落实煤炭洗选能耗等技术指标要求，推进煤炭洗选标准化规范化建设。
(六)提升煤炭资源综合循环利用水平。积极推进煤矸石、煤泥等资源化生态化利用，优先用于发电、制取化工品等领域。深化瓦斯利用技术创新，加强煤矿瓦斯全浓度利用，推动瓦斯发电、蓄热氧化等资源化利用项目建设。因地制宜推进富油煤等分质分级利用。鼓励矿区实施瓦斯就地利用、低位热能利用、余热利用、节水节材等节能降碳措施。
四、深化油气生产加工环节的节能降碳
(七)推进油气生产供应过程用能低碳化。依托矿区及周边地区推进风电、光伏、地热、海洋能等新能源开发利用，提升油气勘探开发电气化率，探索建设低碳零碳油区。推广使用节能型压裂机、钻机和抽油机等设备。推进油气输送管道驱动设备“油改电”“气改电”。发挥油气行业CCUS全产业链优势，在鄂尔多斯、渤海湾、准噶尔、珠江口盆地布局二氧化碳驱油封存项目。
(八)优化炼油、煤制油气产业结构。炼油产业坚持产能减量置换，新建炼厂能效要达到标杆水平。加强煤制油气产能和技术储备，提高转换效率，推动单位产品能耗、碳排放均达到或超过行业先进值。
(九)加快炼油、煤制油气行业升级转型。有序推动电驱系统替代蒸汽透平驱动。推动煤制油气、炼油产业和新能源深度融合，鼓励相关项目开展绿电、绿氢规模化替代，逐步降低化石燃料制氢用量。开展CCUS规模化应用。
五、大力推进消费侧非化石能源替代化石能源
(十)加快工业供能模式转型。加强工业园区及周边可再生能源开发利用，支持大型化工园区探索利用核能供热供汽，支持建设零碳园区和工厂。鼓励有条件的工厂建设工业绿色微电网，集成应用光伏、风电、高效热泵、新型储能、氢能、余热余压余气、智慧能源管控等一体化系统。鼓励利用公用电、大型热电联产集中供热供汽、清洁能源等方式，降低自备燃煤机组用煤量。积极发展绿色氢氨醇等一体化项目，推进工业副产氢、绿氢应用。探索氢电耦合开发利用模式，推动氢能、生物质等替代化石能源。
(十一)推动交通用能清洁化。支持交通与能源设施一体化规划、开发，充分利用铁路、公路、枢纽场站及沿线周边等空间，开发利用风电、光伏等可再生能源。加强规划布局，大力推动新能源重卡规模化应用，推动近海和内河船舶运输燃料液化天然气(LNG)、绿色氢氨醇和生物柴油规模化替代。推进港口、船舶岸电改造和使用，推动机场飞机辅助动力系统替代设施改造和使用。建设快充为主、慢充为辅、大功率充电为有益补充的城市公共充电网络，加强高速公路沿线大功率充电设施、电动重卡充换电设施建设，率先对重大节假日期间利用率超过40%的充电设施实施大功率改造。进一步下沉建设农村地区充电网络。
(十二)提升建筑与农村节能降碳水平。试点推动建筑光伏一体化设计、建设，支持既有建筑节能降碳改造。深化农村能源革命，引导农村减少散煤的燃烧使用，推动就地清洁高效开发利用可再生能源，因地制宜在种植、灌溉、养殖、加工等生产活动中推广应用电气化设备，实施电炊具替代，在具备条件的地区稳妥推进电供暖，在确保人民群众温暖过冬的基础上，推动大气污染防治重点区域平原地区散煤清零。
(十三)推动热力系统绿色低碳转型。因地制宜发展风光供热、地热能、生物质供热、核能供热、余热资源化利用等技术，推进多热源互补高效利用。推进有条件的大型热源、热网主干线科学合理建设储热(冷)系统，鼓励支持新能源供热项目、工业园区等冷热负荷集中区域配套建设储热(冷)系统，在具备条件的区域探索开展长时储热(冷)。推进建立热力管网智慧调度体系。
(十四)促进绿色电力与新兴产业协同发展。推动新能源基地与算力设施协同规划、建设。支持算力设施提升绿电消费占比，深入挖掘算力负荷时空可调节潜力，促进算电协同运行。推动采用高效冷却、高性能供电、先进余热资源回收利用等节能技术装备，提升算力设施能效水平。布局建设一批自用消纳的新能源基地、流域水风光一体化基地，推动电力和先进制造业等产业协同布局。
六、强化节能降碳技术创新
(十五)加强节能降碳技术装备研发推广。加强节能型能源装备研发，提升能源开采、转换、存储、输送全过程能源装备的能效水平。依托能源领域国家科技重大专项和重点专项，支持节能降碳关键共性技术装备研发与攻关；依托能源领域首台(套)重大技术装备相关政策，支持具有显著节能降碳效益的技术装备应用推广。
(十六)强化数字化智能化赋能。深入推进能源产供储销用各环节的数字化、智能化改造，支持企业建设数字化碳管理平台，推动能耗精准计量、实时采集和智能分析，实现能耗与碳排放在线监测、核算与灵活调控。鼓励能源领域人工智能模型创新，探索数智化节能降碳解决方案，挖掘人工智能在节能降碳过程中的高价值场景。
(十七)开展低碳零碳负碳前沿技术研发。聚焦化石能源清洁高效利用、可再生能源大规模利用等关键领域，加大前瞻性、战略性的重大前沿科技攻关力度，加快突破超临界二氧化碳发电、CCUS等关键技术，攻关风光灵活高效制氢、规模安全储氢关键技术，突破绿氢合成催化、低碳合成工艺、长距离储运等核心技术。
七、健全节能降碳政策机制
(十八)加强碳排放统计核算管理。围绕煤炭开采和洗选，油气勘探开发、输送及存储，电力生产输配及存储，氢能制取及储运，炼油，煤制燃料等领域和环节，组织开展碳排放统计核算，逐步完善形成定期统计核算机制，加快推进基础能源等产品碳足迹标准制定和因子研制。常态化跟踪监测电力、煤炭、油气、炼油等行业碳排放，并开展碳排放形势分析预测。
(十九)完善绿色能源消费促进机制。建立可再生能源消费最低比重目标制度，完善可再生能源电力消纳责任权重制度，压实重点用能行业可再生能源消费责任和各方消纳责任。持续扩大绿色电力证书(以下简称绿证)市场，发布绿证价格指数，引导绿证价格在合理区间运行。推动核电纳入绿电绿证体系。建立绿证和绿电消费标准体系，制定出台绿证核算、认证、标识等标准，加快推进绿证标准与国际对接。推动绿证纳入碳排放核算体系。
(二十)健全促进节能降碳的市场机制。完善全国统一电力市场体系，充分利用各省区电力供需时段和调节能力的差异，促进清洁能源在更大范围内消纳。健全绿证绿电交易机制，鼓励通过绿电交易方式落实省间新能源优先发电规模计划，推动发用侧双方以多年期交易合同、聚合交易等方式开展绿电交易。研究CCUS、可再生能源非电利用等低碳零碳负碳项目纳入温室气体自愿减排项目方法学的具体项目类型。
八、保障实施
统筹利用各类投资，支持符合条件的能源领域节能降碳项目建设，推进相关供用能设备更新升级。国家能源局将会同有关部门建立能源领域节能降碳重点项目库，持续跟踪项目建设，强化政策实施情况监管，推动更多领域实现更深层次的绿色低碳转型。
本文编选自“国家能源局”官网，智通财经编辑：蒋远华。"
美军连续打击伊朗重燃全球石油供应恐慌 国际油价延续涨势、美油一度突破75美元,2026-7-9 08:53,https://cn.investing.com/news/stock-market-news/article-3452806,,"智通财经APP获悉，受美国连续第二天对伊朗发动军事打击的影响，国际油价延续上涨势头，市场对霍尔木兹海峡能源供应中断的担忧急剧升温。
周四亚洲早盘，纽约商品交易所8月交货的WTI原油期货一度上涨2.2%，突破每桶75美元，此后回落至74.24美元附近，此前周三已飙升逾4%。周三伦敦洲际交易所9月布伦特原油期货结算价大涨5.2%，报78.02美元，周四进一步突破79美元，续创逾两周新高。
美军中央司令部周三宣布，正在对伊朗发起新一轮打击，旨在削弱伊朗威胁霍尔木兹海峡航行自由的能力。一位美国官员表示，此次行动的规模预计将超过周二的袭击。据伊朗相关媒体报道，阿巴斯港、阿布穆萨岛、布什尔等多地传出爆炸声。
伊朗方面则威胁将对美军驻地区基地发动大规模报复行动，并称已对位于巴林和科威特的美国军事目标发动攻击，美方随后实施了进一步的报复性打击。
美国总统特朗普周三明确表态，称与伊朗达成的临时和平协议“已经结束”，不排除重新对伊朗港口实施封锁，并警告油价可能进一步攀升，甚至暗示美军打击可能包括“接管”伊朗原油出口枢纽哈格岛。
他在社交媒体上称，美军空袭是对伊朗袭击商船的“报复”，并扬言“若此类事件再度发生，后果将更为严重”。不过，特朗普同时排除了全面战争的可能。
紧张局势的升级已直接冲击伊朗石油出口。美国财政部本周早些时候撤销了一项允许伊朗出售石油的制裁豁免，这彻底逆转了此前临时协议的关键条款。在协议存续期间，曾有数百万桶伊朗原油得以运出海湾，眼下这批原油的流向陷入巨大不确定性。
霍尔木兹海峡的通行状况是市场焦点。今年2月底美以对伊朗发动空袭之后，伊朗曾迫使该海峡近乎完全关闭，迫使周边产油国因储油罐满载而关停油田。随着临时协议的达成，油轮通行量一度回升，但分析师认为情况从未真正恢复正常。
大宗商品经纪商TP ICAP的分析师斯科特·谢尔顿表示：“如果我们重新面对一个被关闭的霍尔木兹海峡，油价可能再涨10美元。但如果石油继续流动，进一步上行的空间可能有限。目前局势谁都说不准。”
Catalyst Energy Infrastructure Fund的联席投资组合经理亨利·霍夫曼指出：“海峡从未以正常化方式真正重开，而如今我们可能看到进一步的生产关停。更大规模的升级可能对地区能源基础设施造成更显著的损害，影响会远超最初的价格飙升。”
在周二两艘油轮遭袭后，海事当局已将在霍尔木兹海峡航行的威胁等级提升至“严重”。战前全球约五分之一的石油供应需经该海峡运输，伊朗对水道的控制一直是其在这场冲突中的主要筹码。
澳新银行分析师丹尼尔·海因斯等在报告中称，过去48小时的事件令市场担忧美伊临时和平协议破裂将导致石油供应再度中断。“在本周初三艘船只遇袭前，这一关键水道的过境量一直在上升。如今随着伊朗寻求重新确立控制权，供应恢复面临戛然而止的风险。”
随着冲突持续，石油库存也面临压力。官方数据显示，上周美国商业原油库存虽增加近300万桶，但战略石油储备减少620万桶，导致整体库存净下降超过300万桶。此外，馏分燃料油(即柴油)库存下降500万桶，汽油库存则跌至2012年以来同期最低水平。
Catalyst的霍夫曼补充道：“美国战略石油储备状况越来越令人担忧。在停火期间我们仍在持续消耗战略库存，一旦局势恶化或扩大，缓冲余地将更加有限。”"
巴西将原油出口税延长60天,2026-7-10 00:55,https://cn.investing.com/news/stock-market-news/article-93CH-3454587,Vlad Schepkov,"Investing.com -- 巴西政府于周四决定，将12%的原油出口税再延长60天。该税收措施最初于今年3月推出，彼时伊朗战争导致国际油价大幅攀升。
巴西外贸委员会Camex旗下的执行管理委员会Gecex宣布了这一决定，并表示将在30天内对该措施进行审查。
此前，由于国际油价下跌，政府官员曾讨论是否削减或取消这一出口税，但最终决定暂不作出调整。
Gecex表示，该措施仍属临时性质，其出台是""鉴于国际形势的发展及其对石油和燃料市场的影响""。
周四，布伦特原油期货价格在每桶$76附近交投。周三油价曾升至2022年6月22日以来的最高水平，原因是中东局势趋于紧张。尽管如此，当前油价仍远低于战争于2月下旬爆发后不久所触及的每桶逾$118的高点。
巴西总统路易斯·伊纳西奥·卢拉·达席尔瓦（Luiz Inacio Lula da Silva）的政府表示，该税收所得收入将用于资助保护消费者免受战争相关通胀冲击的各项举措。
政府已宣布多项燃料补贴政策，涵盖柴油、汽油、航空燃油及烹饪用气等。
上周，随着布伦特油价回落，政府开始逐步退出上述税收优惠政策。
财政部长达里奥·杜里甘（Dario Durigan）周四早些时候表示，有关取消汽油补贴的决定已推迟至下周作出。

本文由人工智能协助翻译。更多信息，请参见我们的使用条款。"
XCF Global旗下里诺工厂正式启动可再生柴油生产,2026-7-9 18:37,https://cn.investing.com/news/company-news/article-93CH-3453757,,"休斯顿 - XCF Global, Inc.（纳斯达克：SAFX）今日宣布，其旗下New Rise Renewables里诺工厂已正式开始生产可再生燃料，初期产品以可再生柴油为主，目前公司正在推进调试和重启相关程序。
据公司新闻稿声明，该工厂目前正在逐步将各系统上线运行，产能预计将在实际运营条件下稳步提升。公司表示，随着生产的推进，New Rise里诺工厂将开始通过可再生燃料销售产生营业收入。
XCF Global首席执行官Chris Cooper表示：""以可再生柴油为起点，正式启动可再生燃料生产，是我们持续推进调试工作、优化工厂运营并向计划中的可持续航空燃料（SAF）运营配置迈进过程中的重要里程碑。""
这一生产里程碑的实现，正值公司面临较大财务压力之际。InvestingPro数据显示，XCF Global的债务股权比率为10.06，毛利率为-19%。尽管该股年初至今已累计上涨70%，目前交易价格为$0.47，但InvestingPro分析认为该股仍被低估。想要获取更深入的分析？InvestingPro为SAFX提供了16条额外的独家投资建议。
New Rise里诺工厂的核准铭牌产能为每年3,800万加仑。公司表示，该工厂设计上具备向可持续航空燃料生产转型的能力，这也是其计划运营配置的重要组成部分。
XCF Global将此次进展定性为调试和启动工作的完成，标志着公司正式进入创收运营阶段。公司表示，已完成对该工厂的尽职调查和升级改造工作，重点围绕产量、效率及运营安全性展开。
这家总部位于休斯顿的公司主要生产可再生柴油和可持续航空燃料，并在纳斯达克资本市场上市。

本文由人工智能协助翻译。更多信息，请参见我们的使用条款。"
Sky Quarry任命Ray Hansen为炼油子公司总裁,2026-7-9 17:13,https://cn.investing.com/news/company-news/article-93CH-3453475,,"犹他州伍兹克罗斯 — Sky Quarry Inc.（纳斯达克：SKYQ）今日发布新闻稿，宣布任命Ray Hansen为其子公司Foreland Refining Corporation总裁。
Hansen在炼油行业拥有逾35年的丰富经验。他此前担任HF Renewable Fuels副总裁，并曾主导HF Sinclair旗下El Dorado炼油厂的运营管理。该炼油厂日处理能力达14万桶，Hansen在任期间负责统筹炼油运营、工程技术、物流管理、环保合规及逾260名运营人员的日常管理工作。
Hansen的职业生涯还涵盖在CITGO石油公司及雪佛龙担任高级领导职务的经历。他毕业于加州大学伯克利分校，持有化学工程与材料科学工程双学士学位。
出任总裁后，Hansen将全面负责公司的炼油业务，包括位于内华达州埃利附近的Eagle Springs炼油厂，以及位于犹他州弗纳尔的油砂加工设施PR Spring的持续开发工作。
此次任命紧随Sky Quarry近期宣布Foreland Refining正式进入生产阶段、炼油运营全面启动的消息之后。受此利好提振，公司股价过去一周大涨44.7%，年初至今累计涨幅达113.65%，但公司市值目前仍相对有限，约为1,832万美元。
Sky Quarry临时首席执行官Marcus Laun表示：""Ray曾成功主导大规模炼油厂运营，包括顺利推进一个极具成效的可再生燃料转型项目。""
Hansen则表示：""Foreland炼油厂和PR Spring设施都是极具潜力的独特资产。我期待与团队携手合作，在现有进展的基础上继续推进，并寻找新的机遇以提升整体运营表现。""
面对财务层面的挑战，Hansen的运营专长将发挥关键作用。据InvestingPro分析（该平台追踪SKYQ的11项额外指标），公司目前负债较重，过去12个月的毛利率为-44.84%。相较于InvestingPro的公允价值评估，该股目前似乎存在高估迹象。
Sky Quarry定位为一家专注于国内炼油与资源开发的能源基础设施公司。位于内华达州的Foreland炼油厂主要面向美国西部市场生产柴油、减压瓦斯油、石脑油及沥青等产品。

本文由人工智能协助翻译。更多信息，请参见我们的使用条款。"
国家统计局解读：2026年6月份CPI同比保持温和上涨 PPI同比涨幅略有扩大,2026-7-9 10:44,https://cn.investing.com/news/stock-market-news/article-3452915,,"智通财经APP获悉，国家统计局城市司首席统计师董莉娟解读2026年6月份CPI和PPI数据。6月份，受季节性因素和国际市场价格波动等因素影响，居民消费价格指数(CPI)环比下降0.3%，同比上涨1.0%，扣除食品和能源价格的核心CPI同比上涨1.0%，继续保持温和上涨。国内部分行业需求增加，但受国际原油价格下行等因素影响，工业生产者出厂价格指数(PPI)环比下降0.3%，同比上涨4.1%。
原文如下：
2026年6月份CPI同比保持温和上涨 PPI同比涨幅略有扩大
——国家统计局城市司首席统计师董莉娟解读2026年6月份CPI和PPI数据
6月份，受季节性因素和国际市场价格波动等因素影响，居民消费价格指数(CPI)环比下降0.3%，同比上涨1.0%，扣除食品和能源价格的核心CPI同比上涨1.0%，继续保持温和上涨。国内部分行业需求增加，但受国际原油价格下行等因素影响，工业生产者出厂价格指数(PPI)环比下降0.3%，同比上涨4.1%。
一、CPI保持温和上涨
从环比看，全国CPI下降0.3%。受国际市场价格波动影响，国内黄金饰品和汽油价格分别下降8.7%和4.9%，降幅比上月分别扩大5.9个和4.6个百分点，合计影响CPI环比下降约0.22个百分点，对CPI的下拉影响比上月增加约0.19个百分点。食品价格下降0.4%，降幅与上月相同，影响CPI环比下降约0.07个百分点。食品中，应季果蔬等大量上市，市场供应充足，鲜菜和鲜果价格分别下降1.0%和2.0%，合计影响CPI环比下降约0.06个百分点;猪肉和水产品价格分别下降0.8%和0.6%，合计影响CPI环比下降约0.02个百分点;蛋鸡存栏处于低位，叠加高温产蛋率下降，鸡蛋价格上涨7.0%，影响CPI环比上涨约0.03个百分点。服务价格由上月下降0.1%转为持平。服务中，受航空公司下调燃油附加费、淡季出行需求有所回落等因素影响，宾馆住宿、飞机票和旅行社收费价格分别下降5.3%、4.0%和0.7%，合计影响CPI环比下降约0.04个百分点;受部分地区政策性调价影响，全国医疗服务价格上涨0.3%，影响CPI环比上涨约0.02个百分点。
从同比看，全国CPI上涨1.0%，涨幅比上月回落0.2个百分点。国际输入性因素等带动国内工业消费品价格涨幅回落。工业消费品价格上涨2.9%，涨幅比上月回落1.0个百分点，影响CPI同比上涨约0.90个百分点，对CPI的上拉影响比上月减少约0.28个百分点。工业消费品中，黄金饰品和汽油价格涨幅分别回落至28.1%和17.0%，合计影响CPI同比上涨约0.60个百分点，对CPI的上拉影响比上月减少约0.23个百分点;个人护理用品和家用器具价格分别上涨2.3%和2.2%，涨幅均有回落。服务价格上涨0.8%，涨幅与上月相同，影响CPI同比上涨约0.40个百分点。服务中，医疗服务和教育服务价格分别上涨3.4%和0.6%，家政服务和在外餐饮价格分别上涨1.4%和1.1%，涨幅总体稳定。食品价格下降1.6%，降幅比上月收窄0.1个百分点，影响CPI同比下降约0.28个百分点。食品中，猪肉价格下降15.9%，降幅比上月收窄0.2个百分点，影响CPI同比下降约0.30个百分点;鲜菜、鲜果、粮食、食用油、奶类、水产品价格降幅在0.3%—1.7%之间;鸡蛋价格上涨20.0%，涨幅比上月扩大11.6个百分点;羊肉、牛肉和禽肉类价格涨幅在1.4%—6.0%之间。
二、PPI同比涨幅略有扩大
从环比看，全国PPI下降0.3%。本月PPI环比运行的主要特点：一是国际原油价格下行，影响国内相关行业价格下降。石油开采价格环比下降16.0%，精炼石油产品制造价格下降3.1%，降幅比上月分别扩大14.2个和2.8个百分点，化学原料和化学制品制造业、化学纤维制造业价格由上月上涨分别转为下降2.0%和0.8%。二是受季节性因素影响，部分行业价格走势分化。6月份气温升高，“迎峰度夏”备煤及制冷产品需求增加，煤炭开采和洗选业价格环比上涨5.6%，家用制冷电器具制造价格上涨0.6%，制冷空调设备制造价格上涨0.4%;夏季降水、光照及风力充足，水力发电、太阳能发电、风力发电价格分别下降9.1%、2.5%和2.2%。三是产业升级加快带动部分行业需求增加，价格上行。人工智能覆盖场景不断拓展，新原料新材料广泛应用，绿色化转型持续推进，带动虚拟现实设备制造价格环比上涨8.4%，可穿戴智能设备制造价格上涨3.4%，工业控制计算机及系统制造价格上涨3.3%，工业机器人制造价格上涨0.5%;电子专用材料制造价格上涨2.5%，碳基纳米材料价格上涨1.9%，生物质燃料加工价格上涨1.2%;废弃资源综合利用业价格上涨0.4%。
从同比看，全国PPI上涨4.1%，涨幅比上月扩大0.2个百分点。价格上涨的行业中，煤炭开采和洗选业上涨20.6%，电气机械和器材制造业上涨5.1%，计算机通信和其他电子设备制造业上涨3.3%，黑色金属冶炼和压延加工业上涨3.1%，涨幅比上月均扩大，4个行业合计影响PPI同比上涨约1.39个百分点;有色金属矿采选业、有色金属冶炼和压延加工业分别上涨25.5%和23.4%，石油和天然气开采业、石油煤炭及其他燃料加工业、化学原料和化学制品制造业分别上涨16.8%、16.7%和11.3%，涨幅比上月均回落，5个行业合计影响PPI同比上涨约3.25个百分点。价格下降的行业中，非金属矿物制品业下降4.4%，降幅比上月收窄0.7个百分点，电力热力生产和供应业下降4.4%，降幅与上月相同，酒饮料和精制茶制造业、汽车制造业分别下降5.3%和2.1%，降幅比上月分别扩大3.4个和0.1个百分点，4个行业合计影响PPI同比下降约0.72个百分点。
本文编选自“国家统计局”官网，智通财经编辑：李佛。"
《“十五五”碳达峰行动方案》：推动新型储能规模化发展 大力发展长时储能,2026-7-9 17:17,https://cn.investing.com/news/stock-market-news/article-3453520,,"智通财经APP获悉，7月9日，国务院发布关于印发《“十五五”碳达峰行动方案》的通知。其中提到，支持新能源就地消纳，积极发展绿电直连、新能源就近接入增量配电网等绿电直供模式，推动源网荷储一体化发展。持续扩大电力系统调节资源规模，坚持生态优先、需求导向、优化布局，因地制宜加快建设抽水蓄能电站;推动新型储能规模化发展，大力发展长时储能;挖掘需求侧调节潜力，加快虚拟电厂发展，推动可调节负荷等各类分散资源参与系统调节。逐步明确重点用能行业可再生能源消费最低比重目标。到2030年，抽水蓄能装机容量达到1.6亿千瓦左右，新型储能装机容量力争达到3亿千瓦，全国虚拟电厂最大调节能力达到5000万千瓦以上，电力需求响应能力达到最大用电负荷的5%以上。

其中提到，大力推进非化石能源开发。坚持风光水核等多能并举，更大力度发展新能源，统筹开发布局和消纳利用，扩大非化石能源有效供给。建设“三北”风电光伏、西南水风光一体化、沿海核电、海上风电等清洁能源基地，积极发展分布式光伏、分散式风电，推动光热发电、海洋能发电规模化发展，因地制宜利用生物质能、地热能，布局建设风光氢氨醇一体化基地。加快推进新增用电量由新增清洁能源电量覆盖。到2030年，风电和太阳能发电总装机容量达到28亿千瓦以上，常规水电装机容量达到4.1亿千瓦左右，核电运行装机容量达到1.1亿千瓦左右。
其中还提到，深入推进交通运输用能低碳化，持续增加新能源汽车保有量，加快公共领域车辆电动化，积极推动工地、矿山、港口、机场、物流园区等作业车辆和非道路移动机械新能源化，淘汰老旧交通工具;支持新能源重卡规模化应用，完善充换电、绿色氢氨醇加注等补能设施，聚焦货运量大的国家高速公路和普通国道建设零碳公路运输通道，加快提升清洁运输水平;发展电动、液化天然气、生物柴油、绿色甲醇等动力船舶。加快调整优化交通运输结构，持续提高大宗货物铁路、水路运输比重和新能源汽车运输比重。深入实施城市公共交通优先发展战略，打造城市绿色出行体系。到2030年，新能源汽车保有量占比力争达到30%，新能源营运交通工具保有量占比达到25%。
原文如下：
国务院关于印发《“十五五”
碳达峰行动方案》的通知
国发〔2026〕22号
各省、自治区、直辖市人民政府，国务院各部委、各直属机构：
现将《“十五五”碳达峰行动方案》印发给你们，请认真贯彻执行。
国务院 　　　　　  
2026年7月5日　　　   
(本文有删减)
“十五五”碳达峰行动方案
“十五五”时期是实现碳达峰的关键期、攻坚期。为贯彻落实党中央、国务院决策部署，积极稳妥推进和实现碳达峰，加快经济社会发展全面绿色转型，根据生态环境法典和《碳达峰碳中和综合评价考核办法》等有关要求，制定本方案。
一、总体要求
坚持以习近平新时代中国特色社会主义思想为指导，深入贯彻党的二十大和二十届历次全会精神，认真落实四中全会部署，完整准确全面贯彻新发展理念，发挥碳达峰碳中和战略牵引作用，更好统筹保障能源安全和经济社会发展，以能源绿色低碳转型为关键，深入推进产业绿色化、低碳化，更高水平、更高质量做好节能降碳工作，稳步实现煤炭和石油消费达峰，将绿色低碳导向融入国民经济循环各领域各环节，加快形成绿色生产生活方式，培育更多绿色经济增长点，厚植高质量发展绿色底色。
到2030年，我国单位国内生产总值二氧化碳排放比2025年降低17%，非化石能源消费占比达到25%，确保如期实现碳达峰目标，为实现2035年国家自主贡献目标、推进碳中和奠定坚实基础。
二、加快能源结构调整优化
(一)大力推进非化石能源开发。坚持风光水核等多能并举，更大力度发展新能源，统筹开发布局和消纳利用，扩大非化石能源有效供给。建设“三北”风电光伏、西南水风光一体化、沿海核电、海上风电等清洁能源基地，积极发展分布式光伏、分散式风电，推动光热发电、海洋能发电规模化发展，因地制宜利用生物质能、地热能，布局建设风光氢氨醇一体化基地。加快推进新增用电量由新增清洁能源电量覆盖。到2030年，风电和太阳能发电总装机容量达到28亿千瓦以上，常规水电装机容量达到4.1亿千瓦左右，核电运行装机容量达到1.1亿千瓦左右。
(二)加快提升电力系统新能源消纳能力。适应新能源发展趋势，强化电力系统对新能源的接纳、配置和调控能力。提升跨省跨区输电和互补互济能力，加快特高压外送通道建设，新增西电东送能力8000万千瓦以上，大力推进省间电力互济工程建设。支持新能源就地消纳，积极发展绿电直连、新能源就近接入增量配电网等绿电直供模式，推动源网荷储一体化发展。持续扩大电力系统调节资源规模，坚持生态优先、需求导向、优化布局，因地制宜加快建设抽水蓄能电站;推动新型储能规模化发展，大力发展长时储能;挖掘需求侧调节潜力，加快虚拟电厂发展，推动可调节负荷等各类分散资源参与系统调节。逐步明确重点用能行业可再生能源消费最低比重目标。到2030年，抽水蓄能装机容量达到1.6亿千瓦左右，新型储能装机容量力争达到3亿千瓦，全国虚拟电厂最大调节能力达到5000万千瓦以上，电力需求响应能力达到最大用电负荷的5%以上。
(三)深入推进煤炭消费清洁替代。合理控制煤电装机规模和发电量，推动煤电向支撑性调节性电源转型，支持煤电与新能源融合发展。开展煤电机组低碳化改造，在不影响供热前提下开展北方地区热电联产机组热电解耦改造，支持热电厂储热设施建设。加强高效节能煤电机组及其辅机研发攻关与推广应用。依法依规全面淘汰关停不符合环保、能耗、用煤、安全、年限等要求的煤电机组(含自备机组)，大力推动自备机组参与电网调峰。推进煤化工低碳化改造，降低单位产品煤耗及碳排放，支持煤化工项目与绿电、绿氢耦合发展。大力推进燃煤锅炉、燃煤工业窑炉清洁替代，全面淘汰10蒸吨/小时及以下燃煤锅炉，分行业领域逐步替代中小燃煤锅炉。“一企一策”推动用煤企业开展控煤减煤。支持有条件的地方对新建非“两高”项目实施煤炭消费等量或减量替代。
(四)持续优化油气消费结构。积极推进绿色氢氨醇、生物柴油、可持续航空燃料等绿色燃料应用。有序推进化工用油替代，探索绿色氢氨醇在化工行业应用，稳妥推动工业领域动力、热力用油替代。引导天然气消费增长保持在合理区间，优先保障民生用气，合理引导重点行业企业用气，因地制宜建设天然气调峰电站。加强生产、消费等各环节油气资源节约工作，提高油气资源利用效率。
三、推进产业绿色化低碳化
(五)推动产业结构绿色低碳转型。稳妥有序推进重点行业化解结构性矛盾，依法依规淘汰落后低效产能和工艺设备。加强水泥产能规范管理。有力有效管控“两高”项目，强化源头把关，严格节能降碳审查评价，落实新(改、扩)建“两高”工业项目实施碳排放等量或减量置换要求。加快发展绿色能源、绿色制造、绿色服务等绿色低碳产业，持续增强新能源、新能源汽车、动力电池等产业竞争优势，培育氢能、绿色燃料等产业。支持碳管理服务业发展，推广合同能源管理等第三方治理模式，推进数智技术赋能绿色低碳发展。
(六)开展传统产业节能降碳改造。聚焦重点行业主要用能设备、装置、工序等，全面实施节能降碳改造，大力推广应用节能低碳技术和装备，强化低碳工艺革新和数字化转型，有效提升能源资源利用效率、降低碳排放水平。加强节能监察，健全重点领域能效诊断机制。“十五五”期间，规模以上工业单位增加值二氧化碳排放降低17%以上，规模以上工业单位增加值能耗降低10%以上，单位国内生产总值能耗降低10%左右，通过重点行业节能降碳改造实现节能量1.5亿吨标准煤以上。
(七)加快零碳园区和零碳工厂建设。高标准推进国家级零碳园区建设，出台零碳园区建设指南，支持地方因地制宜推进园区低碳零碳改造。引导新建项目优先向零碳园区集聚，加快形成“以绿制绿”产业集群，鼓励零碳园区存量负荷开展绿电直连，支持应用低碳零碳供热新技术新模式。大力推进零碳工厂建设，支持符合条件的工业企业开展绿电直连，协同推进工业绿色微电网、数字化能碳管理中心等建设应用，着力提升可再生能源就地消纳水平。“十五五”期间，建设100个左右国家级零碳园区和500个左右零碳工厂。
(八)推进算力设施绿色低碳转型。强化算力设施与可再生能源协同布局，支持开展绿电直供，合理配置储能、备用电源等配套设施，推动新建算力设施主要使用非化石能源电力。完善算力设施节能降碳标准，推动未达标算力设施开展节能降碳改造，有序淘汰落后低效技术和设备，提升算力设施能效水平。加快建设绿色算力设施，鼓励建设零碳算力设施。
(九)发挥循环经济助力降碳作用。大力推广资源循环型生产模式，强化废弃物综合利用、能量梯级利用、水资源循环使用，推进废水、废气、废液、废渣等资源化利用。加快完善废旧物资回收网络，推广“互联网+”回收模式，畅通“换新+回收”渠道。加强废弃电器电子产品、废旧动力电池、退役风电光伏设备、报废汽车、报废农机等再生资源规范化回收和精细化利用，拓宽粉煤灰、煤矸石、农作物秸秆、畜禽粪污等大宗固体废弃物综合利用渠道，加快再生材料推广应用，大力发展再制造产业，强化资源循环利用对资源安全的支撑保障作用。
四、深化重点领域绿色低碳转型
(十)推进建筑领域节能降碳。加强既有建筑节能降碳改造，强化建筑运行节能降碳管理。城镇新建建筑全面执行绿色建筑标准，推广绿色低碳建造方式，支持超低能耗建筑、装配式建筑规模化发展。积极推动建筑用能电气化和低碳化，推进建筑光伏一体化建设，提高建筑可再生能源消费比重。加快供热、制冷系统绿色低碳转型，强化清洁热力供给和用热需求匹配，开展集中供热管网升级改造，合理布局建设储热蓄冷设施。实施绿色照明行动。“十五五”期间，单位建筑面积直接碳排放降低3%。
(十一)加快交通运输领域低碳转型。深入推进交通运输用能低碳化，持续增加新能源汽车保有量，加快公共领域车辆电动化，积极推动工地、矿山、港口、机场、物流园区等作业车辆和非道路移动机械新能源化，淘汰老旧交通工具;支持新能源重卡规模化应用，完善充换电、绿色氢氨醇加注等补能设施，聚焦货运量大的国家高速公路和普通国道建设零碳公路运输通道，加快提升清洁运输水平;发展电动、液化天然气、生物柴油、绿色甲醇等动力船舶。加快调整优化交通运输结构，持续提高大宗货物铁路、水路运输比重和新能源汽车运输比重。深入实施城市公共交通优先发展战略，打造城市绿色出行体系。到2030年，新能源汽车保有量占比力争达到30%，新能源营运交通工具保有量占比达到25%。
(十二)推进公共机构节能降碳。加大节能降碳改造力度，引导公共机构优先利用可再生能源，推动能源资源消耗指标与相关预算衔接，探索推行公共机构能效和碳排放水平分级，逐步提升能碳管理数智化水平。全面推进节约型机关建设，高标准创建节约型公共机构示范单位，建设低碳公共机构。“十五五”期间，公共机构单位建筑面积能耗降低5%、碳排放降低8.5%。

(十三)巩固提升生态系统碳汇能力。优化国土空间布局，严守生态保护红线，全面推进以国家公园为主体的自然保护地体系建设，强化森林资源保护和可持续利用。坚持山水林田湖草沙一体化保护和系统治理，统筹推进重要生态系统保护和修复重大工程。科学开展大规模国土绿化行动，精准提升森林质量，巩固退耕还林还草成果。加强水土流失综合防治，增加森林碳汇，稳固草原、湿地、农田、海洋等生态系统碳汇能力。开展生态系统碳汇监测评估、计量核算，发布碳汇方法学，探索开展海洋碳汇核算。开展岩溶等地质碳汇本底调查和潜力分析。到2030年，全国森林蓄积量达到224亿立方米。
五、强化支撑保障
(十四)健全法律法规标准体系。推动构建有利于实现碳达峰碳中和、加快经济社会发展全面绿色转型的法律法规体系，推动修订节约能源法、可再生能源法、公共机构节能条例等法律法规，研究修订出台重点用能和碳排放单位管理办法、节能降碳监察办法、能效标识管理办法等。完善碳达峰碳中和标准体系，节能降碳主管部门会同标准化主管部门等方面加快制修订重点产品能耗限额、碳排放限额等标准，开展百项重点节能降碳标准建设行动，制定发布重点行业节能降碳水平评价指南，深入实施能效标识和能效、碳效“领跑者”制度。持续健全产品碳足迹核算标准，建立统一规范的产品碳标识认证制度。推进国家统一的企业可持续披露准则体系建设。
(十五)完善碳排放统计核算体系。健全国家及省级地区碳排放年报、快报制度，强化碳排放统计核算工作统筹协调，加强涉碳数据会商。着力提升地市级碳排放统计核算基础能力，推动地市级统计部门因地制宜编制能源平衡表。建立重要数据动态监测预警制度，建设国家碳排放数据综合管理系统，开展重点用能和碳排放单位煤炭消费摸底。逐年编制国家温室气体清单。建立健全科学规范的温室气体排放因子更新制度，加快建设国家温室气体排放因子数据库、碳足迹背景数据库。强化碳计量基础能力建设及应用。
(十六)强化科技支撑和人才培养。聚焦碳达峰碳中和关键领域，布局具有前瞻性、战略性的国家重大前沿科技项目，开展关键核心技术攻关和科学研究，深化相关领域基础研究国际交流合作。加强非二氧化碳温室气体监测评估。依托国家绿色技术交易中心，加快节能降碳科技创新成果转化和推广应用。强化绿色低碳领域知识产权保护。探索开展碳捕集利用与封存示范项目建设。加强碳达峰碳中和相关领域专业人才培养和教育培训，优化相关学科专业设置，完善核心知识体系，丰富教学资源，深化产教融合、科教融汇，扩大专业人才供给。
(十七)加强资金支持。积极促进碳达峰碳中和领域投资，统筹用好各类资金渠道支持符合条件的重点项目建设并强化跟踪调度，引导社会资本积极参与碳达峰碳中和相关项目投资、建设、运营。设立国家低碳转型基金。发挥税收调节作用，落实节能降碳领域税收优惠政策。优化政府绿色采购政策，扩大绿色产品采购范围。有效发挥金融机构绿色金融评估激励作用，加强高质量绿色金融和转型金融产品服务供给，完善绿色金融标准和信息披露要求，促进应对气候变化投融资，鼓励金融机构开展投融资碳核算，有序推动金融机构运营和资产组合绿色低碳转型。
(十八)完善价格政策。深化各类电源上网电价市场化改革，落实新能源可持续发展价格结算机制和新能源就近消纳价格机制。对以输送清洁能源电量或联网功能为主的工程探索实行两部制电价或单一容量电价，推动“沙戈荒”新能源基地作为整体参与市场交易。完善发电侧容量电价机制，有序建立发电侧可靠容量补偿机制。完善体现分时价值差异的零售市场价格机制，探索建立反映调节能力的需求响应价格机制，充分激发用户侧调节潜力。深入推进供热计量改革，加快供热计量改造，有序推行供热计量收费。
(十九)健全市场化机制。发挥碳市场支撑作用，加强全国碳排放权交易市场建设，逐步覆盖石化、化工等行业，对碳排放总量相对稳定的行业优先实施配额总量控制，加强碳排放配额总量与碳排放双控目标衔接，稳妥推行免费和有偿相结合的碳排放配额分配方式。积极发展全国温室气体自愿减排交易市场，推动核证自愿减排量应用。高质量建设绿证市场，拓展绿证应用场景，健全中长期绿证、绿电交易制度。加强碳市场、绿证、绿电等市场化机制衔接协同。探索建立体现核电和可再生能源非电利用低碳价值的制度。“十五五”期间，全国碳排放权交易市场覆盖行业的单位产品碳排放降低3%左右，重点排放单位碳排放配额清缴完成率稳定在较高水平。
六、凝聚各方合力
(二十)压实地方责任。按照《碳达峰碳中和综合评价考核办法》要求，科学有序开展综合评价考核，强化评价考核结果运用，完善激励约束机制。各省(自治区、直辖市)要制定省级“十五五”碳达峰行动方案，科学确定本地区目标任务。
(二十一)开展绿色低碳全民行动。加大节能降碳宣传力度，增强全民节约意识，健全绿色消费激励机制，丰富绿色产品供给，推动加快形成绿色低碳生活方式。引导企业履行社会责任，主动适应绿色低碳发展要求。重点用能和碳排放单位要落实节能降碳责任，龙头企业、链主企业、国有企业特别是中央企业要发挥示范引领作用，带动产业链供应链协同绿色转型。按规定完善中央企业落实碳达峰碳中和目标任务有关评价考核制度。
(二十二)深化绿色低碳国际合作。坚定维护真正的多边主义，坚持共同但有区别的责任原则，在《联合国气候变化框架公约》体系和世贸组织、二十国集团、金砖国家等框架下推动应对气候变化和绿色低碳发展相关议题讨论。加强绿色投资和贸易合作，鼓励绿色低碳产品和服务进出口，深化绿色丝绸之路合作。
七、加强组织实施
坚持把党的领导贯彻到推进碳达峰碳中和工作全过程各方面。国务院有关部门和地方人民政府要压紧压实责任，完善政策举措，强化部署推进，加强组织保障，推动各项任务落实落细，确保如期实现碳达峰目标。国家发展改革委要加强统筹协调，及时跟踪调度，根据实际情况优化任务举措。重大事项及时按程序向党中央、国务院请示报告。
本文编选自中国政府网，智通财经编辑：陈雯芳。"
美国原油及石油产品出口4月创历史新高,2026-7-9 01:02,https://cn.investing.com/news/economy-news/article-93CH-3452478,Vlad Schepkov,"Investing.com -- 美国能源信息署（EIA）周三公布，受伊朗战争导致霍尔木兹海峡能源运输受阻影响，全球对美国能源出口的需求大幅上升，美国原油及石油产品出口量在4月份创下历史纪录。
4月份美国石油产品总出口量攀升至创纪录的1,360万桶/日，较3月份此前创下的纪录大幅增长15%。
原油出口是石油产品总出口中占比最大的部分，4月份日均出口量达560万桶，较2023年12月创下的此前纪录高出21%。
据EIA数据，丙烷出口在4月份创纪录出口中位居第二，月度数据中首次突破200万桶/日。
馏分燃料油出口在同期位列美国出口第三大类别，升至160万桶/日，为2017年7月以来的最高水平。
包括馏分燃料油、汽油、航空燃油及石油焦在内的美国成品油出口量，也达到2024年12月以来的最高水平。

本文由人工智能协助翻译。更多信息，请参见我们的使用条款。"
俄罗斯据报禁止柴油出口，以应对乌克兰无人机袭击炼油厂引发的国内供应短缺,2026-7-8 23:24,https://cn.investing.com/news/commodities-news/article-93CH-3452399,Jaiveer Shekhawat,"Investing.com -- 据报道，在乌克兰多次以无人机袭击俄罗斯境内炼油厂后，俄罗斯已宣布全面禁止柴油出口，以防止国内燃料供应出现短缺。
此次禁令是对此前限制措施的进一步扩大。此前的限制仅针对不自产燃料的贸易商和销售商，而新禁令则覆盖所有柴油出口，旨在保障国内成品油供应、稳定燃料价格。
这一举措给本已因伊朗战争供应中断而承压的全球燃料市场带来了更大压力。据彭博社引用分析公司Vortexa Ltd.数据显示，2025年俄罗斯约占全球柴油供应量的11%。
俄罗斯此前已对大部分汽油和航空燃油出货实施限制。由于无人机袭击导致多座炼油厂受损，俄罗斯在维持国内燃料充足供应方面持续面临挑战。
乌克兰的袭击行动使俄罗斯原油加工量降至多年来的最低水平，多个地区已相继采取燃料配给措施以应对供应紧张局面。

本文由人工智能协助翻译。更多信息，请参见我们的使用条款。"
Vantage Corp完成100万美元股份回购计划,2026-7-8 20:38,https://cn.investing.com/news/company-news/article-93CH-3452017,,"新加坡——船舶经纪公司Vantage Corp（NYSE American：VNTG）周二发表声明，宣布已完成总额$1,000,000的股份回购计划。
截至2026年6月30日，公司在公开市场累计回购1,076,610股A类普通股，含经纪佣金及交易费用在内的总净成本为$997,897.72。此次回购于2025年11月5日宣布计划后，自2025年11月6日起至2026年6月30日在公开市场陆续执行。
首席执行官Andre D’Rozario表示：「完成此次股份回购计划，体现了我们对Vantage股票可能被低估的判断，认为现有股价未能充分反映公司业务的实力与长期发展潜力。」InvestingPro的分析同样显示该股存在低估，目前股价为$0.71，而公允价值估算显示仍有上行空间。该股过去一年累计下跌82%，但最近一周录得12.6%的涨幅。
D’Rozario还指出，市场波动、地缘政治干扰以及全球贸易流向的转变，均对海运行业造成了显著影响。
Vantage Corp主要提供船舶经纪服务，业务涵盖油轮市场的运营支持与咨询，涉及清洁石油产品、石化产品、脏油产品、生物燃料及植物油等多个细分领域。公司成立于2012年，并于2025年6月12日在NYSE American挂牌上市。
公司通过其子公司Vantage (BVI) Corporation开展业务，并在新加坡、阿联酋、上海及香港设有区域办公室。据InvestingPro数据显示，Vantage市值约为2,250万美元，资产负债表上现金持有量高于债务，流动比率为2.59，财务状况稳健。

本文由人工智能协助翻译。更多信息，请参见我们的使用条款。"
西北欧汽油利润率下滑，油价单日暴涨逾5%,2026-7-9 01:00,https://cn.investing.com/news/commodities-news/article-93CH-3452476,Jaiveer Shekhawat,"Investing.com -- 周三，受油价大涨逾5%影响，西北欧汽油炼油利润率每桶下跌$7.23，至$32.73。
撒哈拉公司（Sahara）向瓦罗公司（Varo）出售了4,000公吨的欧洲标准E10汽油驳船货物。托克集团（Trafigura）则向贡沃尔集团（Gunvor）和MB Energy出售了2,000公吨的欧洲标准E5汽油驳船货物。
俄罗斯周三宣布禁止柴油出口，并将于7月起开始进口燃料，以应对国内汽油和柴油供应紧张的问题。俄罗斯副总理亚历山大·诺瓦克（Alexander Novak）在一场电视直播的政府会议上作出上述表态。
美国总统唐纳德·特朗普表示，与伊朗达成停战临时协议的可能性已经""终结""，并称在伊朗袭击美国驻海湾地区基地后，美国很可能于周三夜间发动新一轮打击行动。受此影响，油价周三单日涨幅超过5%，全球股市和债券价格同步下跌。

本文由人工智能协助翻译。更多信息，请参见我们的使用条款。"
雪佛龙公司向ZL Chemicals授权表面活性剂技术,2026-7-8 21:06,https://cn.investing.com/news/company-news/article-93CH-3452120,,"休斯顿 — 雪佛龙技术中心与ZL Chemicals Ltd今日宣布签署一项技术许可协议，授权ZL Chemicals将雪佛龙自主研发的化学表面活性剂技术商业化，用于页岩及致密储层的开发。
根据协议，ZL Chemicals将以Vantis品牌名称，利用该授权技术推广相关产品与服务。该技术旨在支持非常规储层的资源采收，涵盖强化采油项目及油井优化作业。
雪佛龙公司（NYSE:CVX）首席技术与工程官Ryder Booth表示：「技术只有得到广泛应用，才能创造更大价值。通过这项许可协议，我们为ZL Chemicals开辟了一条将该技术推向更广泛市场并实现规模化应用的路径。」此举与雪佛龙在石油、天然气及可消耗燃料行业的领先地位相契合——公司市值达3,440亿美元，年收入为1,857亿美元。
ZL Chemicals将负责该技术的商业化推广，提供从实验室评估、质量控制，到应用设计、现场部署及现场执行的全流程服务。公司计划以交钥匙服务的形式，向希望提升采收率、延长资产生产寿命的运营商提供该技术方案。
ZL Chemicals总裁Echo Liu表示：「我们很高兴能与雪佛龙合作，将这项技术推广至更广泛的客户群体。」目前，雪佛龙股价低于其InvestingPro公允价值，暗示投资者存在潜在上行空间。如需深入了解雪佛龙的估值分析，并获取覆盖逾1,400只美股的专属专业研究报告，请访问InvestingPro。
本次合作将雪佛龙的技术研发能力与ZL Chemicals的商业运营及客户资源有机结合。雪佛龙将继续为自身业务开发先进的表面活性剂技术，同时由ZL Chemicals负责利用授权技术进行产品商业化。
本文信息来源于雪佛龙公司发布的新闻稿。

本文由人工智能协助翻译。更多信息，请参见我们的使用条款。"
极兔速递2026年第二季度快件量强劲增长24.2%,2026-7-8 13:08,https://cn.investing.com/news/transcripts/article-93CH-3451143,,"极兔速递（J&T Global Express）公布，2026年第二季度快件量同比增长24.2%，达到91.8亿件，东南亚及拉丁美洲的快速扩张是主要驱动力。公司表示，日均处理快件量首次突破1亿件，管理层维持全年业绩指引不变。消息公布后，股价上涨0.63%至$9.53，此前收盘价为$9.47，市场反应总体温和正面。






极兔速递再度交出强劲的季度快件增长成绩单，中国核心业务与海外市场的加速扩张共同提供支撑。管理层表示，中国市场快件量同比增长10.6%至62亿件，超过国内快递行业1月至5月约5%的整体增速。
东南亚是增速最快的主要市场，日均快件量达到3,030万件。管理层指出，该地区电商渗透率仍远低于中国水平，增长空间依然充裕。公司还特别提到TikTok、Temu及Shein等主要平台客户持续加大投入，为业务带来有力支撑。
拉丁美洲在整体业务中的比重正不断提升。极兔表示，涵盖拉丁美洲、中东及欧洲的""其他市场""板块同比增长136.5%，其中大部分增量来自拉丁美洲。公司正积极拓展当地网络，并持续深化与Mercado Libre的合作伙伴关系。
公司还着重强调了自身规模的持续壮大——极兔已跻身全球少数能够日均处理超过1亿件快件的快递运营商之列，这一里程碑充分体现了其网络覆盖范围与区域影响力。






本季度业绩公布时未附带每股收益或营收预测数据，因此无法与分析师预期进行直接比较。公司转而着重强调运营指标，尤其是快件量增长及网络规模。
本季度最受关注的数据是快件总量同比增长24.2%。从运营层面看，这一成绩相当亮眼，但投资者通常还需要利润与营收数据，才能判断增长是否真正转化为盈利能力。管理层表示，增长节奏与年初制定的计划保持一致，并未上调指引。
从这一角度来看，本季度表现稳健，但称不上重大惊喜。公司展现出强劲的发展势头，但尚未释放出进入更快增长或更高盈利新阶段的明确信号。


极兔速递股价从$9.47上涨0.63%至$9.53，涨幅有限，显示投资者对此次业绩更新持审慎乐观态度，并未将其视为重大利好。
目前股价仍远低于52周高点$12.20，但高于低点$7.54。以当前价格计算，较低点高出约16.9%，较高点仍低约21.9%。
温和上涨或许反映了强劲运营增长与缺乏新财务指引上调之间的博弈。投资者还需权衡公司在新兴市场的大规模资本投入，以及监管与地缘政治方面的潜在风险。在没有每股收益或营收超预期的情况下，市场对快件量增长给予了一定认可，但整体仍保持谨慎。


管理层维持2026年资本支出指引不变，区间为$7亿至$8亿，相关投入将用于支持中国、东南亚及其他市场的发展。
InvestingPro数据显示，该公司获得""优秀""财务稳健度评分3.05分，其中增长维度（3.89分）和价格动能维度（3.12分）表现尤为突出。平台的公允价值分析显示，该股目前交易价格接近公允价值，在公司推进扩张战略的过程中，为投资者提供了较为均衡的风险收益配置。
公司还表示，当前增长态势与年初制定的计划保持一致。尽管东南亚和拉丁美洲快件量增长强劲，管理层仍未上调全年展望。
展望未来，极兔计划：

管理层预计，未来两至三年东南亚市场的增速将持续高于行业平均水平。公司还将拉丁美洲定位为具有长期增长潜力的市场，并将其与数年前的东南亚市场相提并论。


投资与资本市场总监海滨表示，公司规模已跃升至新的台阶。他说：""我们首次实现了日均处理快件量超过1亿件的里程碑，""并将其定性为公司全球化扩张的重要标志。
他同时指出，东南亚市场仍有巨大增长空间。""电商平台渗透率还不够高，我们将持续推动提升，""他表示，该地区的增速预计将略高于行业平均水平。
在技术层面，海滨表示公司正积极探索人工智能的实际应用场景。""这些都将帮助我们提升效率、降低整体成本，""他在谈及快件预测、物流优化及分拣系统时如此表示。
公司还特别强调合规的重要性。在被问及海外调查和监管审查相关问题后，海滨表示：""合规是我们绝对不能触碰的红线。""






分析师的提问主要集中在五大领域：盈利能力、市场扩张、增长预期、技术应用及监管合规。
摩根士丹利等机构的分析师重点询问了油价和汇率问题，管理层表示两者均在可控范围内，对盈利能力的影响有限。分析师还就新市场进展进行了追问，极兔表示已进入哥伦比亚市场，并正积极筹备进入秘鲁、中美洲、欧洲及美国。
另一个焦点话题是，在季度表现强劲的情况下，公司是否应上调增长展望。管理层对此予以婉拒，表示当前业绩表现与年初计划保持一致。
分析师还就Mercado Libre合作进展追问细节。极兔表示，双方合作仍在快速推进中，目前日均快件量已超过10万件，旺季峰值约为20万件。
最后，在人工智能与监管合规方面，公司态度明确：将人工智能作为提升效率的工具，并将合规视为进入每个市场的基本准则，不可妥协。
如需深入了解极兔速递，该公司已纳入InvestingPro覆盖的逾1,400只股票范围，用户可独家获取完整的专业研究报告。这些报告通过直观的可视化图表与专业分析，将复杂的华尔街数据转化为清晰、可操作的投资洞见。

本文由人工智能协助翻译。更多信息，请参见我们的使用条款。"
油价波动带来超额利润！壳牌(SHEL.US)Q2交易业务成“印钞机”，对冲产量损失,2026-7-7 16:30,https://cn.investing.com/news/stock-market-news/article-3449359,,"智通财经APP获悉，当卡塔尔的天然气工厂因战火停摆、综合天然气产量较第一季度骤降约30%时，壳牌(SHEL.US)的交易部门却交出了一份令人瞩目的成绩单。这家伦敦能源巨头周二发布的第二季度业绩前瞻更新显示，石油交易利润与强劲的第一季度表现持平，而天然气交易业绩则“显著更高” 。在产量大幅下滑的背景下，交易业务的出色表现为即将于7月30日公布的正式财报奠定了坚实的盈利基础。
交易业务：波动中的“印钞机”
伊朗战争引发的市场动荡，成为全球顶级能源交易商的利润催化剂。壳牌在周二声明中表示，其综合天然气板块的交易与优化收益预计将“显著高于”第一季度。石油交易部门的业绩则预计与第一季度持平——而第一季度本身已是一个强劲的季度。
壳牌并未单独披露交易业务的具体利润数字。但作为参照，其化学品与产品部门(涵盖石油交易业务)第一季度调整后收益飙升至19.25亿美元，而去年同期仅为6600万美元亏损。分析师此前估算，壳牌、英国石油和道达尔能源三大欧洲能源巨头的交易部门在第一季度合计新增利润约33亿至47.5亿美元。
交易员的盈利逻辑简单而直接：市场越动荡，利润越丰厚。伊朗战争对石油和天然气供应造成了前所未有的中断，布伦特原油价格在4月底一度飙升至每桶126美元以上，创下2022年俄乌战争以来最高点。油轮租赁收入也随之飙升——冲突导致船只被困波斯湾，迫使买家前往更远的地方寻找货源。
欧洲能源巨头的狂欢
壳牌并非唯一从中东冲突中受益的欧洲能源巨头。道达尔能源(TTE.US)受战争推动盈利与现金流增长，宣布在第二季度重启至多15亿美元的股票回购，并将中期股息上调近6%至每股0.90欧元。该公司在第一季度抓住了约70船中东原油的交易机会，合计约3500万桶。
英国石油(BP.US)同样在第一季度录得超出预期的石油交易业绩，受益于伊朗战争导致的原油、天然气和成品油价格剧烈波动。分析师估算其第一季度交易利润较去年第四季度增加约17.5亿美元。
产量受损：卡塔尔“珍珠”停摆的代价
然而，交易业务的亮眼表现无法掩盖产量端的严峻挑战。壳牌综合天然气产量预计为每日61万至65万桶油当量，较第一季度的90.9万桶大幅下降约30%。公司此前给出的指引为58万至64万桶，此次小幅上调了预期区间。
产量骤降的根源指向今年3月中旬发生在卡塔尔拉斯拉凡工业城的袭击事件。壳牌运营的珍珠天然气制油设施在袭击中受损，导致该基地全面停产。这座两列装置组成的设施每天可处理16亿立方英尺的井口天然气，将其转化为14万桶/日的天然气制油产品。修复工作预计需要约一年时间。
卡塔尔约占壳牌全球油气产量的10%。雪上加霜的是，霍尔木兹海峡的液化天然气运输前景依然不明朗——就在周二，又一艘满载卡塔尔燃料的油轮遭到袭击。壳牌在6月发布的《2026年液化天然气展望》中警告，自中东冲突爆发以来，全球每月约有五分之一的LNG供应被切断。
不过，得益于中东以外地区的产量，壳牌第二季度整体油气产量仍在预期范围内。上游业务产量预计为每日175万至185万桶油当量，与第一季度的184.3万桶基本持平。
降产缓冲：炼油利润率升至每桶20美元
不过，炼油业务同样受益于市场动荡。壳牌的指示性炼油利润率从第一季度的每桶17美元升至约20美元。化工利润率则从每吨139美元跃升至约240美元，近乎翻倍。
炼油产能利用率预计接近100%，高于第一季度的99%。壳牌及其同行一直在努力加工航空煤油和柴油等燃料，以弥补中东地区的供应中断。
然而，壳牌也谨慎提醒：由于市场错位，实际实现的炼油和化工利润率低于计算得出的指示性利润率，并已据此进行了调整。
营运资本逆转与现金流展望
在集团层面，壳牌预计第二季度营运资本将转为正值，区间为10亿至60亿美元，扭转第一季度112亿美元的资金流出局面。壳牌将第一季度的巨额流出归因于“大宗商品价格前所未有的剧烈波动”。
已缴税款预计为26亿至34亿美元，高于第一季度的23亿美元。在第一季度营运资本出现流失后，运营现金流将成为投资者关注的焦点。
壳牌定于7月30日发布完整的第二季度业绩。市场一致预期数据预计将于7月22日公布。壳牌上一次报告交易利润出现类似激增是在2022年第二季度——当时俄乌战争将能源盈利推至创纪录水平，该公司当季调整后盈利达到115亿美元。"
印度6月燃油需求同比下降3.1%,2026-7-6 20:41,https://cn.investing.com/news/commodities-news/article-93CH-3448014,Jaiveer Shekhawat,"Investing.com -- 据印度石油部石油规划与分析部门公布的数据，印度6月燃油消费量较去年同期下降3.1%。
作为石油需求替代指标的燃油总需求量，当月达到1,942万公吨。
汽油销量同比增长7.4%，达到378万公吨；柴油消费量增长6.2%，达到861万公吨。
液化石油气销量下降14.3%，至219万公吨；石脑油销量大幅下滑42.9%，至56万公吨。
用于道路建设的沥青销量当月下降18.3%；燃料油消费量则小幅增长0.2%。

本文由人工智能协助翻译。更多信息，请参见我们的使用条款。"
智通港股解盘 | 腾讯(00700)引领权重发力 极端天气催化两大板块,2026-7-6 20:47,https://cn.investing.com/news/stock-market-news/article-3448062,,"【解剖大盘】
周末消息面相对平静，港股因为结构和科技方向，因此今天继续走强，收盘涨1.14%。
已故伊朗最高领袖阿里·哈梅内伊的三个儿子周日现身其灵柩及另外四名亲属的灵柩旁祈祷，但哈梅内伊继任者、现任伊朗最高领袖穆杰塔巴·哈梅内伊未露面。这就避免了会发生意外，还是稳妥一点好。
华为半导体负责人何庭波于7月3日发布《面向多层级电子系统的时间缩微理论》(韬定律)V2版本，华为韬定律，首次放出麒麟2026量产实测数据，完成理论→工程实证闭环。记得上次华为发布韬定律V1版本，国产替代概念股全线上涨，但这次没啥动静，重要原因是时机不对，美、韩国科技股都在调整。
另外还有相关利空：据海外半导体分析Semi Analysis称，Kyber NVL144机架架构已推迟至2028年，原因是PCB背板在制造工艺上仍具挑战；还有一个，台积电首代copos不用玻璃基板，且从未考虑在硅中介层使用玻璃基板。市场两大龙头建滔积层板(01888)、长飞光纤(06869)均跌超12%。
好的方面是腾讯(00700)终于发力，7月6日发布混元Hy3模型，相比preview版本，它展现出显著强于同尺寸模型且比肩(参数规模2—5倍的)旗舰模型的智能水平，定价进一步降低，总体稳定性和性价比大幅提升。Hy3模型面向企业、小程序全面开放；同时落地企业端WorkBuddy、CodeBuddy AI工具，其他大厂Agent要么只有独立App、要么只有电商/政企单一场景，只有腾讯打通全民C端社交入口+万亿规模线上线下交易场景，AI Agent能直接拉动广告、小程序、云服务三大主营业务增量，商业化兑现预期远强于同行。收入预期打开空间，今天大涨近5%；
还有快手(01024)：近期发布公告称，拟分拆可灵AI，并引入外部融资。根据公告，可灵AI本轮融资金额近30亿美元，投后估值有望达到180亿美元。创下全球视频生成模型领域纪录的交易。认购的大机构涵盖BAT及国家级基金与地方国资、美元基金等，青睐的原因在于视频生成模型是少数中国仍具备全球领先优势的赛道之一，当视频模型头部集中度高且离商业场景更近，头部模型有望获取更大部分市场份额与毛利空间。大家均看好其在2031年前实现IPO，预计上市时间会提速，都想分一杯羹。今天大涨近8%；网易(09999)调入中华港股通精选100指数和中华沪深港300指数样本股，7月13日生效。近期也在走出底部。
美加墨世界杯如火如荼，零跑(09863)也开启北美市场拓展进程。2026年7月，零跑B10完成墨西哥本土化认证，零跑C10、C16将随后进入市场，截至2026年6月，零跑汽车全球累计交付量突破150万辆，从100万辆到150万辆仅用时8个月；6月单月交付量达到93376辆，持续刷新纪录。面向全球市场，零跑已在超40个国家与地区布局超2000家销售服务网点，海外销量占比进一步攀升。今天涨超6%；
另外一个，威胜控股(03393)发布公告，本公司于墨西哥成立的全资附属公司WASION,S.DER.L.DEC.V.于2026年度成功获得墨西哥联邦电力委员会(CFE)的年度智能电表招标中标通知。根据招标规则，本公司可在年度内获得最高总值逾人民币6.95亿元的订单。CFE是墨西哥电力工业中的主导者，由墨西哥政府建立和拥有，为约5000万用户提供服务。这无疑打开了墨西哥这个市场的大门，今天大涨近11%。
上周五板块聚焦提到充电桩投资商内流传4份充电模块企业的涨价函。今天类似概念的机器人充电直接走强，提到的挚达科技(02650)：已推出蛇形自动充电机器人“灵蛇SmartLink”、刀片式家用充电机器人“开拓者Robot”、无人公共充电机器人“灵象”三款核心充电机器人产品。海外这块拓展很快，在泰国、巴西这两个中国境外增长最快的电动汽车核心市场，公司是率先完成布局。截至2025年底，公司产品及服务已覆盖全球23个国家。今天大涨超37%。
极端天气概念催化了两大板块：1、养殖业，南方暴雨洪涝阻断调运、压制出栏、损耗远期产能，再加上生猪现货九连涨，重新站上了10元/kg上方，大肥猪库存清空，短期供需错配。德康农牧(02419)：自去年10月生猪养殖的完全成本进入12元/公斤后，在原材料价格上涨的基础上，德康农牧今年5月的完全成本仍保持在11.87元/公斤，属行业顶尖水平。公司董事长、核心股东王德根在2026年5月27日至6月25日期间，累计增持超223万股，增持总金额已突破1亿港元。今天涨近6%；悠然牧业(09858)、中粮家佳康(01610)均涨超5%；
2、欧洲空调爆单，5月下旬以来，西欧多次出现大范围高温，多地气温纪录被刷新，2026年5月，德国线上空调销售同比增长37%，发往西班牙和法国的空调数量同比翻倍。主要受益品种是TCL电子(01070)和美的集团(00300)，不过两者今天的涨幅差异较大，TCL电子(01070)大涨超13%，而美的(00300)涨幅不到2个点，原因是美的空调尽管总的销量大，但基数大，增速低，而且盘子也太大，反观TCL电子，2026 Q2西欧整体销量同比+27%；法国同比+300%、西班牙+100%，便携空调单品规模碾压同行，属于最纯正受益欧洲炎热天气概念股，另外，TCL电子与索尼拟成立合资公司承接索尼家庭娱乐业务，双方有望在渠道、品牌、技术、供应链全面协同，加速公司在全球高端彩电市场的扩张步伐。
国家药监局综合司日前发布《关于优化细胞与基因治疗药品审评审批有关事项的公告(征求意见稿)》，明确将符合条件的细胞与基因治疗(CGT)药品纳入创新药临床试验审评审批“30日通道”，大幅压缩审评等待期，被视为监管层持续鼓励源头创新的积极信号，再度催化板块情绪。今日创新药上涨主力是百奥赛图-B(02315)、信达生物(01801)、诺诚健华(09969)、中国生物制药(01177)、康哲药业(00867)、科伦博泰生物(06990)这些有商业化盈利、管线均衡的头部药企。
H&H国际控股(01112)发布中期盈喜，上半年收入双位数增长，经调整纯利预计翻倍。由于去年同期基数低，预计其将实现超过700%的高速增长。旗下核心品牌Swisse(斯维诗)，在抖音平台列出“618爆款必入榜”，包括蓝帽乳清蛋白、柠檬酸钙、儿童液体钙、女士复合维生素、男士复合维生素、胶原水光瓶等多款产品。今天大涨超19%；不过，也要注意，公司在营销端的高额开支，如2025年，健合的销售及分销成本比率为42.2%。
【板块聚焦】
据国泰海通研报：上周开始北方全面35度以上，西北更是直接冲击历史极端高温；今天华东体感温度也达到了35度(突然感觉炎热)，周末出梅雨后，全国也将全面进入夏季用电旺季，只是迟到并未缺席。且参考当下欧洲极端高温盛行，今年后续国内电力需求可能旺季更旺，煤价触底回升预计就在7月中旬左右。
另外，此轮安监对于供给深远影响市场仍在忽略，是另一行情的催化剂。市场在6月之后认为随着山西复产的加速，产量会快速恢复至事故前。但是我们深入市场调研及与头部企业交流，市场观点过于乐观。山西安监力度6月底以来甚至在加强，乐观预期产能利用率只能达到100%(事故前顶格110%还有部分超产及隐蔽工作面)；且参考神华5月产量同比下降4.1%(在山西几无产能)反应此轮安监全国性影响。一旦需求恢复旺季，供需平衡表会立即反应出来供给缺失问题，加速行情恢复。

港股主要煤炭个股：兖矿能源(01171)、中国神华(01088)、中煤能源(01898)、兖煤澳洲(03668)。
【个股掘金】
潍柴动力(02338)：新规对公司形成利好支撑 北美缺电海外数据中心订单持续落地
中国财政部等三部门公布，自2027年1月1日起，取消对节能汽车减半征收车船税政策，取消对纯电动商用车、插电式(含增程式)混合动力汽车、燃料电池商用车免征车船税政策。
点评：公司核心优势是高热效率柴油/天然气内燃机、大功率氢燃料电池重卡；税费优惠取消后，低价纯电商用车成本优势消失，公司氢燃料、天然气重卡、高效柴油机经济性凸显，市场份额向头部技术企业集中。
行业需求爆发，公司重卡发动机、变速箱国内市占率常年第一，自主研发的全球首款国六重型氢内燃机认证完成。高热效率柴油发动机全球领先，柴油机本体热效率四年四次打破世界纪录，天然气重卡发动机市占率51.8%，气价下行周期弹性极强。公司大缸径发电设备独家技术优势，AIDC数据中心柴发启动加载能力83%，较海外竞品高22%；9秒快速启动适配AI机房严苛供电标准，拿下OpenAI星际之门等全球顶级算力中心订单。
核心业务亮点，1)2025年发电业务销量10.4万台，AIDC专用机组1401台，同比暴涨259%；2026 Q1单季度突破500台，同比+240%。2)矿卡、农机、工程机械发动机打破海外垄断；12M25大吨位矿机发动机、甲醇非道路发动机国内市占率第一；矿山、海外基建持续拉动大额批量订单。
公司产能规模碾压同行，国内五大发动机基地，年产百万台发动机、两万台发电机组；大缸径产线扩建后产能翻倍，可承接全球批量AI机房大额订单，交付速度行业第一。全球并购技术协同，公司收购德国凯傲(叉车全球第二)、法国博杜安(大缸径发动机)、博杜安品牌切入北美高端市场，成功供货OpenAI德州超算中心；与北美PSI协同，打通欧美本土认证与渠道壁垒。
新能源全栈自研先发优势，氢燃料电池堆、空压机、电机电控全部自主；50-200kW全功率覆盖，氢内燃机、甲醇非道路发动机批量商用；动力电池业务2025年收入同比+97%，适配重卡、工程机械新能源转型需求。公司订单/全年收入比值2.05倍，充足锁定未来1-2年营收，业绩确定性极强。
另外，北美电力供应短缺，SOFC力争2026年内量产，适配数据中心不间断供电，发电效率超60%，属于算力能源稀缺标的；海外数据中心订单持续落地，发电机组海外高毛利业务放量。公司是传统重卡龙头，高分红、千亿级在手订单，周期底部防御属性充足。AIDC算力供电设备为估值核心增量，具备3-5年结构性成长赛道。"
赚了战争钱，伤了总统心？美国油企利润井喷，或引爆与白宫正面冲突,2026-7-3 21:27,https://cn.investing.com/news/stock-market-news/article-3446299,,"智通财经APP获悉，在美国独立250周年纪念日来临之际，美国驾车族并未迎来期待中的油价“节日礼包”，反而目睹了一场白宫与石油巨头之间日益激烈的公开角力。

美国总统特朗普公开施压加油站和炼油商，要求迅速降低汽油零售价，而与此同时，埃克森美孚(XOM.US)和雪佛龙(CVX.US)即将披露2022年以来最为亮眼的季度财报，预计利润将环比猛增逾两倍。高油价带来的民生痛感，正演变为共和党在11月中期选举前的棘手政治难题。
特朗普怒批“降得不够快”
当地时间周三，特朗普在其社交平台Truth Social上发文称：“正如我所承诺的，石油价格正在快速暴跌，加油站汽油价格也在下降，但降得还不够快。”他表示，在7月4日美国250周年国庆即将到来之际，一家“非常精明的零售商”正在东北地区采取行动，向费城人民送上“生日祝福”。
特朗普所称的“自由燃料网络(Freedom Fuel Network)”，预计将帮助费城地区25座加油站降低汽油价格，让更多家庭得以在假期驾车出行。他还配发了一张明显由人工智能生成的加油站图片，站顶和加油柱上均标有“自由燃料网络”字样。白宫尚未对该网络的实质作出进一步说明。
特朗普借机还向全行业喊话：“这家零售商正在带头，其他商家应当效仿……他们这样做是因为热爱美利坚合众国。”他同时警告，如果存在任何价格欺诈行为，“大问题就在前面”。
就在数日前，特朗普已对汽油价格居高不下表达不满。尽管美国与伊朗达成备忘录、暂停敌对行动60天并大体恢复霍尔木兹海峡通航，国际原油价格已明显回落，但加油站价格依然坚挺。特朗普周一曾抱怨，考虑到原油已跌至每桶68美元并继续走低，零售商必须“迅速作出反应”，“为了伟大的美国人民，把价格降下来!”
根据美国汽车协会的数据，7月3日全美汽油平均价格为每加仑3.84美元。目前WTI原油期货交易价约为每桶68美元，布伦特原油约为71美元。此前特朗普曾公开表示，希望全国平均汽油价格降至每加仑约2.50美元，这比目前水平低约35%，甚至比特朗普本届任期内创下的约2.81美元低点还要低约11%。
油企利润井喷与政治压力
特朗普的急迫呼吁，恰好撞上石油巨头即将展示的丰厚财季成绩单。据LSEG统计，分析师预计埃克森美孚第二季度调整后净利润将达约159亿美元，雪佛龙约99亿美元，均较第一季度增长超两倍，创下2022年俄乌冲突搅动全球能源市场以来的最高水平。
利润暴增部分源于一季度衍生品对冲产生的会计亏损在二季度回转，但核心动力来自市场基本面的显著走强。能源咨询机构TPH估算，第二季度美国汽油裂解价差平均约为每桶25美元，环比上涨约16美元;柴油裂解价差平均约每桶45美元，上涨约15美元，为2022年中期以来峰值。由于伊朗战争导致海外炼油能力受损，美国强劲的出口需求进一步放大了利润空间。
眼看石油巨头即将交出“令人眼红”的盈利报告，白宫与石油行业这一共和党传统金主之间的关系趋于紧张。汽油价格高企，正加剧希望夺回国会控制权的民主党对“生活负担危机”的抨击，也拖累了特朗普的民意支持——多数美国民众认为对伊朗开战“得不偿失”。
知情人士透露，白宫已敦促司法部调查可能存在的汽油价格操纵行为，财政部长贝森特更是直接向生产商和炼油厂发出警告：如果零售油价不大幅回落，不排除动用行政手段。
行业辩解：原油降，不代表汽油必须降
面对白宫的连番施压，石油行业加大游说力度，试图缓和批评声浪。多家行业组织和企业高管反复强调，加油站价格并非简单跟随原油价格同步波动。
美国石油协会发言人贝瑟尼·威廉姆斯表示：“汽油价格并不与原油价格同步变动，尤其是在重大全球冲击影响供应、炼油和库存的情况下。”
拉皮丹能源集团总裁鲍勃·麦克纳利指出，尽管国际基准油价已回落至战前水平，美国汽油价格仍比战前高出约22%，这种价格背离凸显了结构性供需压力——实物燃料市场供应偏紧，汽油库存受限。
美国燃料与石化制造商协会则将部分责任指向政策制定者本身，称监管成本同样推高了终端价格。该协会举例，美国《可再生燃料标准》要求零售商销售一定比例含乙醇或其他生物燃料的燃油，这也抬升了消费者支付的价格。
油企高管们私下坦言处境尴尬。一位匿名行业高管表示：“业内确实在相互沟通，也在思考对策，但我们清楚接下来会发生什么，也理解背后的政治考量。”另一名高管则直言：“被当成‘反派’并不好受，但我们必须让官员明白，这是周期性行业。市场下行、行业承担所有风险的时候，没人会关注我们。”
雪佛龙首席财务官艾米尔·邦纳也在近日采访中给快速降价预期泼了冷水，称汽油价格恢复正常“尚需时日”。
地缘阴影与选票博弈
令局势更趋复杂的是，霍尔木兹海峡的平静依然脆弱。伊朗近日重新强化了对海峡的控制，上周末美伊之间发生短暂交火，随后停火得以恢复。然而，伊朗“卡塔姆·安比亚”军事指挥部于周四警告，如果通过海峡的油轮不遵循批准路线，将面临“有力回应”。全球约20%的石油天然气经由该海峡出口，任何风吹草动都可能再次扰动供应神经。
白宫对外回应称，特朗普的首要任务仍是降低汽油价格，并强调自伊朗协议达成后油价已有所回落，政府在许可审批和监管方面也已加强与石油行业的协调。
不过，在汽油价格切实大幅回落之前，特朗普所感受到的政治灼烧感恐难消退。BMO Capital Markets分析师预计，油企将在2026年下半年加快股票回购步伐，延续疫情以来“重回报、轻增产”的策略。这种优先回馈股东的资本纪律，或将与白宫希望压低加油站数字的政治算盘，继续展开正面对撞。"
印度石油部长呼吁扩大燃料储存能力,2026-7-2 19:52,https://cn.investing.com/news/commodities-news/article-93CH-3444458,Vlad Schepkov,"Investing.com -- 印度石油部长哈迪普·辛格·普里（Hardeep Singh Puri）周四表示，趁当前油价处于低位，印度应抓紧扩大石油和燃料储存能力。
普里表示，目前印度在港口、码头、炼油厂及战略石油储备等各环节的原油库存合计可满足76至80天的供应需求。他同时指出，新德里""应当储备更多""。
普里在谈及海湾地区局势时表示：""这或许正是我们从中汲取的教训。我们已经认识到这一点，并将努力扩大储存能力。""
他还披露，今年4至6月季度，国有燃料零售商在汽油销售上录得1,990亿卢比的收入亏损，柴油销售亏损则接近1.45万亿卢比。
普里表示，6月季度柴油、汽油及液化石油气的销售总亏损达7,478.1亿卢比。
普里还强调，加强与双边合作伙伴的沟通协调，是印度能源安全战略的重要组成部分。

本文由人工智能协助翻译。更多信息，请参见我们的使用条款。"
巴西柴油补贴退出步伐将慢于汽油补贴,2026-7-3 04:26,https://cn.investing.com/news/world-news/article-93CH-3445198,Jaiveer Shekhawat,"Investing.com -- 巴西规划与预算部长布鲁诺·莫雷蒂（Bruno Moretti）周四表示，与汽油补贴相比，政府将以更为缓慢的节奏逐步取消柴油补贴。
政府计划在""较短""时间内取消每升0.44巴西雷亚尔（约合$0.0844美元）的汽油补贴，预计将在未来数日内完成。而每升1.12雷亚尔的柴油补贴则需要更长时间才能逐步退出。
莫雷蒂表示，对柴油补贴采取更为审慎的退出策略，旨在避免价格骤升或燃料供应短缺。他说：「柴油市场具备正常运转、保障社会供应所需的可预期性。」
这一渐进式退出方案与政府的财政中性目标相一致，相关成本将由国家石油公司尚未缴纳给财政部的超额石油收入加以抵消。
若快速取消柴油补贴，可能引发油价大幅上涨。目前，受美伊初步和平协议影响，国际油价近期有所回落，但这一降幅尚未完全传导至终端消费者。
布伦特原油价格在今年2月底中东战争爆发后一度涨至每桶$118美元以上，周四则交投于每桶$71.51美元。
此外，政府还在评估是否终止或下调3月份对原油征收的12%出口税。

本文由人工智能协助翻译。更多信息，请参见我们的使用条款。"
油价上涨+韩元疲软双重夹击！韩国6月CPI升至两年半高位 央行7月加息概率攀升,2026-7-2 11:50,https://cn.investing.com/news/stock-market-news/article-3443685,,"智通财经APP获悉，韩国6月通胀率升至2023年12月以来最快水平，进一步强化了市场对韩国央行最早可能于7月16日政策会议上加息的预期。周四公布的数据显示，韩国6月消费者价格指数(CPI)同比上涨3.2%，高于5月的3.1%，与经济学家的预测中值一致;剔除食品和能源等波动较大项目的核心通胀率维持在2.5%，显示潜在价格压力依然具有韧性。
韩国6月CPI升至两年半以来高位
韩国通胀加速主要受到国际油价高企推动，而油价上涨则与中东地区持续动荡有关。与此同时，韩元走弱进一步推高了进口原材料成本。
政策制定者认为，持续存在的通胀、经济增长韧性、韩元疲软以及房价快速上涨，都越来越支持收紧货币政策。韩国央行行长申铉松也多次警告称，蓬勃发展的半导体出口已经开始向消费、工资和投资等更广泛领域传导，提高了通胀固化的风险。
韩国央行最新货币政策会议纪要显示，在已有两名委员于5月政策会议上投票支持立即加息之后，政策委员会成员如今讨论的重点已经从“是否加息”转向“何时加息”。此外，在5月进行的一项调查中，约三分之二的受访经济学家预计韩国央行将在9月底前至少加息一次。
此外，韩国央行在上周进一步强化了其鹰派转向立场，指出鉴于房价上涨、家庭债务高企及杠杆投资加剧正威胁着金融失衡风险，当局将在适当时机需要进一步加息。
韩国央行在上周三发布的半年度《金融稳定报告》中表示，尽管国内外不确定性增加，但在经济增长增强、金融机构充满韧性以及外部支付状况强劲的支撑下，该国的金融系统总体上保持了稳定。尽管如此，报告警告称，随着首尔及周边地区房价上涨加速，以及投资者越来越依赖杠杆购买资产，金融失衡可能会进一步累积。央行还指出，尽管银行和其他金融机构保持着资本和流动性缓冲，但脆弱借款人和企业的信用风险正在上升。
报告称：“韩国银行自2025年下半年以来一直将基准利率维持在2.5%，但考虑到通胀压力、经济状况和金融稳定风险，认为有必要在适当的时候提高政策利率。”
法国巴黎银行经济学家Jeeho Yoon表示，鉴于政府实施燃油价格上限措施后燃料价格近期有所下降、航空燃油价格下跌带动燃油附加费减少，以及旅行团价格上涨出现逆转，整体通胀压力存在缓解空间。不过，他补充称：“即便未来通胀走势看起来趋于稳定，只要韩国央行仍认为当前通胀水平偏高，其政策基调仍可能维持鹰派。”他还表示，核心通胀很可能比整体通胀更加顽固，因为核心通胀通常滞后于整体物价走势，而近期工资谈判结果将成为决定未来通胀走势的关键因素。
经济学家Hyosung Kwon表示：“这份CPI报告进一步强化了韩国央行在高通胀固化之前启动货币紧缩的理由。我们预计韩国央行将在7月16日率先加息25个基点，随后10月份再次加息25个基点，并将在明年继续加息两次，使政策利率从目前的2.5%提高至2027年上半年的3.5%。”
尽管此次通胀回升仍主要反映能源成本高企，但政策制定者也将密切关注由半导体繁荣所带来的需求是否正在更广泛地传导至服务价格以及通胀预期。
数据显示，韩国6月出口延续强劲增长态势。经工作日差异调整后，6月份出口额同比增长59.5%，进口额增长30.1%，贸易顺差达361亿美元。未经调整的出口额同比增长70.9%，高于5月份修正后的53.4%。得益于人工智能和数据中心相关的强劲投资，半导体行业再次引领出口增长。芯片出货量同比增长199.5%，达到448亿美元。计算机相关产品和石油产品的出口也分别增长了308.8%和49.8%。
韩国6月出口数据凸显出支撑经济增长的半导体行业繁荣的持久性，进一步强化了市场对于韩国AI驱动型经济扩张依然完好的预期，尽管地缘政治不确定性依然存在。"
印度6月汽油和柴油销量同比上涨,2026-7-2 01:38,https://cn.investing.com/news/commodities-news/article-93CH-3443079,Jaiveer Shekhawat,"Investing.com -- 据印度联邦石油部石油规划与分析局发布的初步数据显示，印度6月汽油和柴油销量较去年同期均有所增长。
6月汽油销量同比增长7%，约达377万公吨。
柴油主要用于货运卡车，6月销量达855万吨，同比增长5.52%。
航空燃油销量则同比下滑0.6%，当月销量为72.6万吨。
液化石油气主要作为烹饪燃料使用，印度炼油商6月液化石油气销量下降16.7%，至218万吨。由于中东地区供应受阻，印度政府对该燃料的使用实施了管控措施。

本文由人工智能协助翻译。更多信息，请参见我们的使用条款。"
沙特阿美将7月液化石油气官方售价下调最高27%,2026-7-1 20:20,https://cn.investing.com/news/commodities-news/article-93CH-3442475,Jaiveer Shekhawat,"Investing.com -- 据交易商周三透露，沙特阿拉伯国家石油公司沙特阿美 (TADAWUL:2222) 将7月液化石油气（LPG）官方售价下调24%至27%，而阿尔及利亚国家石油公司Sonatrach（音译：索纳特拉克）也因全球供应增加，将售价下调2%至10%。
沙特阿美7月官方售价显示，丙烷价格每公吨下调$180，至每吨$580；丁烷价格每公吨下调$220，至每吨$600。
丙烷和丁烷均属于液化石油气，两者沸点不同。液化石油气主要用作车用燃料、供暖燃料，以及其他石化产品的原料。
Sonatrach将7月丙烷官方售价每吨下调$57，至$518；丁烷官方售价每吨下调$10，至$600。
沙特阿美的官方售价是中东地区向亚太地区供应液化石油气合同的重要参考基准。
Sonatrach的官方售价则是地中海及黑海地区（包括土耳其）的液化石油气定价基准。

本文由人工智能协助翻译。更多信息，请参见我们的使用条款。"
西北欧汽油裂解价差创四年新高,2026-7-1 01:27,https://cn.investing.com/news/commodities-news/article-93CH-3441157,Jaiveer Shekhawat,"Investing.com -- 周二，西北欧汽油炼油利润率上涨75美分，至每桶$35.43，达到自2022年中期以来的最高水平，供应担忧推动利润率持续走高。
Shell向埃克森美孚和瓦罗（Varo）出售了约6,000公吨的欧洲标准无铅汽油E10驳船货物。此外，另有1.4万吨欧洲标准无铅汽油E5驳船货物易手，由埃克森美孚分别出售给贡沃（Gunvor）和道达尔能源（TotalEnergies）。
美国财政部长斯科特·贝森特（Scott Bessent）周二呼吁汽油零售商在美国庆祝建国250周年之际降低油价，为总统唐纳德·特朗普的相关表态背书，并警告称：""我们正在密切关注。""
日本国内成品油销售量5月份同比下降5.2%，降至每日198万桶。其中汽油销售量下降0.9%，至每日700,436桶。
据俄罗斯《生意人报》（Kommersant）周一报道，俄罗斯可能允许企业临时生产和进口较低品质的汽油和柴油，以应对乌克兰袭击其炼油厂后引发的燃料危机。
据印度政府一份官方令显示，印度下调了柴油和航空涡轮燃料出口的暴利税，同时上调了汽油出口关税。

本文由人工智能协助翻译。更多信息，请参见我们的使用条款。"
大和证券上调霍尼韦尔评级，看好航空航天业务分拆,2026-6-30 16:18,https://cn.investing.com/news/analyst-ratings/article-93CH-3439561,,"Investing.com - 大和证券将霍尼韦尔国际（NASDAQ:HON）的评级从""中性""上调至""跑赢大盘""，并将目标价从$240上调至$255。根据InvestingPro的分析，该股目前处于低估状态，其公允价值显示股价具有较大上涨空间。
霍尼韦尔已于6月29日完成航空航天业务的分拆，将其独立为一家新公司。剩余业务部分更名为霍尼韦尔科技（Honeywell Technologies），并完成了1拆2的反向拆股。
大和证券针对霍尼韦尔科技发布了新的每股收益预测，预计2026年为$8.20，2027年为$9.50，2028年为$10.75，以反映航空航天业务分拆及反向拆股的影响。
霍尼韦尔科技的目标是在整体市场年均增速3%至4%的背景下，实现4%至6%的营收复合年均增长率。该公司市值达722亿美元，过去十二个月营收增长9%，展现出强劲的增长势头。想要获取更深入的分析？InvestingPro为HON提供超过8条专属ProTips，以及覆盖逾1,400只美股的综合专业研究报告。管理层预计，通过专注于数据中心、液化天然气、电网基础设施、生命科学、医疗健康及酒店业务，持续扩大占销售额60%的已安装基础，公司将实现超越市场的表现。
此外，公司还计划通过旗下Forge平台，提升目前占营收40%的软件与服务业务的渗透率，目标是将这一比例提升至45%。管理层认为，中期内可通过并购方式拓展工业自动化测量与传感器产品组合。
在近期其他动态方面，霍尼韦尔科技定于7月23日发布第二季度财务业绩，并将召开电话会议讨论业绩表现及2026年展望。霍尼韦尔航空航天公司股票近期已在纳斯达克正式挂牌交易，标志着霍尼韦尔战略重组迈出重要一步。航空航天部门的分拆已获霍尼韦尔董事会批准，计划于2026年6月29日完成。霍尼韦尔与麻省理工学院合作预测，人工智能赋能技术有望显著降低石油基燃料及液化天然气的生产成本，未来五年内每年最多可节省$550亿。此外，霍尼韦尔宣布参与为巴西Acelen Renewables生物燃料工厂提供技术支持，该工厂将生产可持续航空燃料及可再生柴油。上述进展体现了霍尼韦尔在各板块持续推进技术创新与业务拓展的战略方向。

本文由人工智能协助翻译。更多信息，请参见我们的使用条款。"
美国制裁参与卡特尔燃料走私的墨西哥公民及企业,2026-7-1 04:21,https://cn.investing.com/news/economy-news/article-93CH-3441247,Vlad Schepkov,"Investing.com -- 美国财政部周二宣布，对两名墨西哥公民及九家企业实施制裁，这些个人和企业均与一个毒品卡特尔旗下的燃料走私网络存在关联。
财政部将制裁矛头指向奥斯卡·纪尧姆·胡拉伊迪尼·席尔瓦（Oscar Guillermo Juraidini Silva）和J·雷富希奥·鲁伊斯·比利亚戈麦斯（J. Refugio Ruiz Villagomez）。两人名下拥有运输、金融服务及房地产企业，据称与卡特尔合谋，将燃料从美国走私至墨西哥。
财政部表示，两人均被指控通过与哈利斯科新生代卡特尔（Cartel del Jalisco Nueva Generación，简称CJNG）相关的第三方，在美国金融体系中转移数千万美元资金。
这一非法跨境燃料贸易每年导致美墨两国损失数百亿美元的税收。毒品卡特尔大量走私美国汽油和柴油入境墨西哥以逃避税款，此类活动已发展成为卡特尔仅次于毒品的最大收入来源。
胡拉伊迪尼被指控代表CJNG使用空壳公司，并通过伪报燃料进口品类来逃避墨西哥进口税。鲁伊斯则被指控旗下企业向掌控美墨口岸的犯罪分子行贿，以便非法进口燃料。
非法燃料走私去年导致墨西哥政府损失逾110亿美元的税收。墨西哥总统克劳迪娅·谢因鲍姆（Claudia Sheinbaum）近几个月来已扩大与美国相关机构的合作力度，共同应对这一问题。
墨西哥的原油产量超过大多数欧佩克成员国，但其老化的炼油设施无法满足国内对柴油和汽油的需求。该国国内消费所需燃料逾60%依赖进口，主要来源为美国。
据墨西哥最大的燃料经销商及加油站运营商行业协会估计，墨西哥市场上每售出三升燃料，就有约一升来源不合法。

本文由人工智能协助翻译。更多信息，请参见我们的使用条款。"
Akobo Minerals一季度产量创新高，预计二季度将刷新纪录,2026-6-30 16:37,https://cn.investing.com/news/transcripts/article-93CH-3439633,,"Akobo Minerals（音译：阿科博矿业）表示，2026年第一季度是其迄今为止表现最强劲的季度，黄金产量达到23公斤，并预计第二季度产量将提升至约35公斤。这家总部位于斯堪的纳维亚的矿业公司还表示，过去两个季度共偿还了约$4.1百万债务，期末现金余额为$4.2百万，目前正致力于扩大其在埃塞俄比亚Segele矿山的产能。公司股价上涨1.72%，报$1.48，较前收盘价$1.46有所上升。






Akobo Minerals表示，公司已从勘探阶段进入稳定生产阶段，连续运营18个月，矿石供应稳定。公司位于埃塞俄比亚的Segele矿山第一季度黄金产量为23公斤，截至2026年3月31日的年初至今产量达到96公斤金银合金（doré）。管理层表示，矿山品位依然异常优异，近几个季度平均品位为每吨20至30克，部分区段达到每吨22至40克。
公司的运营模式依托高品位矿体、重力选矿工艺以及拥有大量富余产能的选矿厂。管理层表示，选矿厂和提升系统每月可处理4,000吨矿石，在每吨20克的品位下，理论上每月最高可生产80公斤黄金。目前每月7至8公斤的产量远低于这一上限，若地下采矿区域按计划扩展，仍有较大增长空间。






本次季度运营更新未附带每股收益或营收预测，因此无法直接衡量业绩超预期幅度。本次电话会议传递的主要财务信号以运营为核心，而非基于会计数据：第一季度产量达23公斤，管理层预计第二季度将达35公斤，环比增幅约52%，即较第一季度多出12公斤。
对于一家初级黄金生产商而言，这种产量加速增长的意义，往往不亚于传统意义上的业绩超预期，尤其是在公司仍处于产能爬坡阶段、将产量转化为现金的关键时期。Akobo还表示，过去两个季度已偿还$4.1百万债务，这表明其现金生成能力强于许多处于开发阶段的矿业公司。


消息公布后，股价从$1.46上涨1.72%至$1.48。涨幅较为温和，表明投资者对产量进展持正面态度，但并未将其视为重大利好。目前股价仍远低于52周高点$2.70，高于52周低点$0.80，大致处于年度交易区间的下半段。
由于缺乏每股收益或营收超预期的数据支撑，此次市场反应更多反映了投资者对公司运营执行能力的信心，而非估值的大幅重估。此次上涨也发生在小盘矿业股的背景下，此类股票的交易往往波动不均，对产量里程碑、黄金价格及项目进度高度敏感。


管理层表示，2026年第二季度有望成为创纪录的季度，产量约为35公斤，其中6月份预计产出8公斤。截至本季度末，累计产量预计约为131公斤。公司还表示，在黄金价格约$4,000每盎司的情况下，当前产量基础每月可带来约$100万的收入。
近期最重要的增长驱动力是一条新建的120米垂直竖井。Akobo表示，竖井已完成约50%，距离抵达第一横向巷道（一级水平）还剩7至10米。InvestingPro给予该公司财务稳健度评分2.1，评级为""一般""，反映出其正处于从开发阶段向生产阶段过渡的转型期。尽管运营持续推进，公司股价在过去六个月内仍下跌了28.7%。管理层预计，一级水平巷道将于2026年9月或10月实现通达并开始初步提矿，随后在10月或11月进入产能爬坡阶段。
公司还表示，正在推进尾矿储存设施的建设工作，这是新增炭浸法（carbon-in-leach）处理工艺的前提条件，届时回收率有望从86%提升至90%以上。与此同时，Akobo正积极推进Gilo许可证的申请，该许可证已获当地批准，目前正等待最终坐标核实。


首席执行官表示：""第一季度是迄今为止最强劲的季度，我们生产了约23公斤黄金，""并指出公司的产量状况持续改善。他补充道，截至3月31日，年初至今的金银合金产量已达96公斤。
谈及前景，首席执行官表示：""我们预计第二季度产量约为35公斤，""尽管期间曾因埃塞俄比亚柴油及燃料供应问题导致短暂停产。他表示，团队在应对此次中断方面表现""出色""。
首席执行官还将公司的长期战略定位为超越短期产量故事。他表示：""这不仅仅是关于未来6个月或未来一年的事，这是一个将逐步创造价值的长期发展计划。""






电话会议中的大多数问题集中于垂直竖井的进展及其何时到达矿体。管理层重申，竖井每天都在推进，预计将于2026年9月或10月实现一级水平通达。公司表示，确切时间取决于岩石条件和安全限制，目前不存在采购或设备方面的问题。
首席执行官还表示，公司已在现有地质模型之外发现矿化迹象，他认为这是令人鼓舞的信号。他表示，一旦竖井投入使用，新竖井与现有小型竖井的合并产出应能支撑更高的现金流。
有一个问题涉及财务细节，首席执行官表示，由于上个月年报刚刚发布，本次电话会议时间有限，未能呈现现金流数据。

本文由人工智能协助翻译。更多信息，请参见我们的使用条款。"
Akobo Minerals一季度产量创新高，预计二季度将再破纪录,2026-6-30 16:39,https://cn.investing.com/news/transcripts/article-93CH-3439634,,"Akobo Minerals（音译：阿科博矿业）表示，2026年第一季度是其迄今为止表现最强劲的季度，黄金产量达到23公斤。公司预计第二季度产量将进一步提升至约35公斤。这家总部位于斯堪的纳维亚的矿业公司还表示，过去两个季度已偿还约$4.1百万债务，期末现金余额为$4.2百万。目前，公司正积极推进埃塞俄比亚Segele矿山的扩产计划。受此消息提振，公司股价上涨1.72%，报$1.48，较前收盘价$1.46有所上升。






Akobo Minerals表示，公司已从勘探阶段进入稳定生产阶段，连续运营18个月，矿石供应持续稳定。公司位于埃塞俄比亚的Segele矿山第一季度黄金产量达23公斤，截至2026年3月31日的年初至今产量达96公斤金锭（doré）。管理层表示，矿山品位依然异常优异，近几个季度平均品位为每吨20至30克，部分区段品位高达每吨22至40克。
公司运营模式依托高品位矿体、重力选矿工艺及具备较大富余产能的选矿厂。管理层表示，选矿厂及提升系统每月可处理4,000吨矿石，若品位维持在每吨20克，理论上每月可生产多达80公斤黄金。目前每月产量为7至8公斤，远低于上限，若地下采矿区域按计划扩展，增长空间较为可观。






本次季度运营更新未提供每股收益或营收预测，因此无法直接衡量业绩超预期幅度。本次电话会议传递的主要财务信号以运营为主，而非会计层面：第一季度产量达23公斤，管理层预计第二季度产量为35公斤，环比增幅约52%，即较第一季度多出12公斤。
对于一家初级黄金生产商而言，这种产量加速增长的意义，有时不亚于传统意义上的业绩超预期，尤其是在公司仍处于产能爬坡、将产量转化为现金流的阶段。Akobo还表示，过去两个季度已偿还$4.1百万债务，显示出其现金生成能力强于许多处于开发阶段的矿业公司。


消息公布后，股价从$1.46上涨1.72%至$1.48。涨幅较为温和，表明投资者对产量进展持欢迎态度，但并未将其视为重大利好。目前股价仍远低于52周高点$2.70，但高于52周低点$0.80，大致处于年度交易区间的偏低位置。
由于未有每股收益或营收超预期的数据支撑，市场反应更多反映出投资者对公司运营执行能力的信心，而非估值的大幅重估。此次上涨也发生在小盘矿业股的背景下，此类股票的交易往往波动不均，对产量里程碑、金价走势及项目时间表较为敏感。


管理层表示，2026年第二季度有望成为创纪录的季度，预计产量约35公斤，其中6月份预计产出8公斤。截至本季度末，累计产量预计约达131公斤。公司还表示，在黄金价格约每盎司$4,000的情况下，当前产量基础每月可产生约$100万收入。
近期最重要的增长驱动因素是一条新建的120米垂直竖井。Akobo表示，竖井已完成约50%，距离到达第一横向巷道（Level 1）还剩7至10米。InvestingPro给予该公司财务稳健度评分2.1，评级为""一般""，反映出公司正处于从开发阶段向生产阶段过渡的转型期。尽管运营持续取得进展，该股过去六个月仍下跌了28.7%。管理层预计，Level 1将于2026年9月或10月实现通达并开始初步提矿，随后于10月或11月进入产能爬坡阶段。
公司还表示，正在推进尾矿库设施建设，这是增设碳浸出（carbon-in-leach）处理工艺的前提条件，该工艺有望将回收率从86%提升至90%以上。与此同时，Akobo正在推进Gilo许可证申请，目前已获得地方批准，正等待最终坐标核实。


首席执行官表示：""第一季度是迄今为止最强劲的季度，我们产出了约23公斤黄金，""并指出截至3月31日，公司年初至今已累计生产96公斤金锭。
谈及前景，首席执行官表示：""我们预计第二季度产量约为35公斤，""尽管期间曾因埃塞俄比亚柴油及燃料供应问题导致短暂停产。他表示，团队在应对此次中断方面表现""出色""。
首席执行官还将公司的长期战略定位为超越短期产量故事。他表示：""这不仅仅是关于未来6个月或未来一年的事情，这是一个将逐步创造价值的长期发展计划。""






电话会议中大多数问题聚焦于垂直竖井的进展及其何时到达矿体。管理层重申，竖井每日持续推进，预计2026年9月或10月可实现Level 1通达。公司表示，具体时间取决于岩石条件和安全限制，目前不存在采购或设备方面的问题。
首席执行官还表示，公司已在现有地质模型之外发现矿化迹象，他认为这是令人鼓舞的信号。他表示，一旦竖井投入使用，新竖井与现有小井筒的合并产出应能支撑更高的现金流。
有提问者涉及财务细节，首席执行官表示，由于上月年报已发布，本次电话会议时间有限，因此未在会议中呈现现金流数据。

本文由人工智能协助翻译。更多信息，请参见我们的使用条款。"
Raízen 2026财年第四季度亏损收窄，但营收未达预期,2026-6-30 21:02,https://cn.investing.com/news/transcripts/article-93CH-3440491,,"巴西燃料与糖业生产商雷曾公司（Raízen S.A.）公布2026财年第四季度业绩，调整后每股亏损收窄至预期以内，但营收未能达到华尔街预测水平。公司在大宗商品价格波动、高融资成本以及大规模债务重组的多重压力下艰难前行。调整后每股亏损为-$0.1018，优于分析师预期的-$0.105；营收达到$51.8亿，低于$53.13亿的市场预测。盘后交易中，该股下跌2.44%至$0.40，仍接近其52周区间$0.33至$1.72的低端。公司市值为$8.19亿，过去一年股价累计下跌76%。InvestingPro数据显示，该股目前相对于其公允价值估算存在低估，已被纳入平台最被低估股票名单。






雷曾表示，公司刚刚走完一个艰难的2025/26作物年度，期间大宗商品价格剧烈波动、天气条件不利、利率高企、信贷环境收紧。管理层将这一阶段定性为：巴西燃料分销业务取得结构性进展，而糖、乙醇及生物能源板块仍承压的时期。
巴西燃料分销部门表现突出，成为整体业务中的亮点。公司表示，在零售和企业对企业渠道均实现了市场份额提升，连续第四个季度盈利能力改善，高端产品及润滑油销量增长加速。管理层还指出，库存管理改善以及市场竞争环境趋于健康，部分得益于打击非正规燃料市场的相关举措。
糖、乙醇及生物能源业务则经历了较为艰难的一年。产量和销量下滑、糖价走软以及固定成本摊销减少带来的成本压力共同拖累了盈利表现。乙醇价格在年内大部分时间维持在有利水平，但管理层表示，随着供应量上升，2026/27年度市场竞争可能趋于激烈。
雷曾同时持续推进资产组合重塑。公司表示已宣布总额达120亿巴西雷亚尔的资产剥离计划，其中约50亿巴西雷亚尔已以现金形式收回，另有约70亿巴西雷亚尔预计来自阿根廷资产出售。公司还缩减了运营规模，目前糖与乙醇业务组合中共有24座工厂。






雷曾调整后每股亏损-$0.1018，略优于分析师预期的-$0.105，超预期幅度约为3.05%。营收表现则相对逊色：$51.8亿的销售额低于市场一致预期13.3亿美元，差距约为2.5%。
每股收益的小幅超预期并未从根本上改变整体格局。雷曾仍处于业务转型阶段，投资者更可能将目光集中于营收趋势、现金创造能力和杠杆水平，而非每股收益的微幅改善。此外，公司大额非现金减值拨备也使得账面亏损看起来远比实际经营表现更为严峻。
此次业绩延续了一贯格局——燃料分销业务持续改善，而糖与乙醇业务仍面临大宗商品价格波动和天气不确定性的双重考验。在此背景下，每股收益的小幅超预期显得不如营收缺口和公司持续推进的资产负债表修复工作来得重要。


财报发布后，雷曾股价在盘后交易中下跌2.44%至$0.40。从绝对幅度来看，跌幅尚属温和，但该股整体仍处于深度低迷状态，交易价格接近52周区间低端。
市场反应表明，投资者并未因每股收益小幅超预期而完全释怀。营收未达预期、225亿巴西雷亚尔的减值拨备以及持续推进的债务重组，共同令市场情绪保持谨慎。与大宗商品和燃料分销相关的公司股价，往往对杠杆水平、现金流及资产负债表风险的反应更为敏感，而非对微小的盈利惊喜。
由于未提供异常交易量数据，目前无法判断此次股价波动是由机构大规模交易驱动，还是源于盘后交易流动性不足。


管理层表示，预计将继续压缩资本支出，在已实现33亿巴西雷亚尔削减的基础上，下一作物年度计划再减少10亿巴西雷亚尔。公司表示将持续投入燃料分销业务增长，同时在糖、乙醇及生物能源领域保持严格的支出纪律。
雷曾还表示，正在推进一项庭外重组计划，涉及约651亿巴西雷亚尔的债务。管理层称，超过80%的债权人诉求已获保障，预计法院批准将于2026年9月前完成。该计划基于保守假设制定，包括糖价225巴西雷亚尔/吨、乙醇价格3巴西雷亚尔/升。
公司表示，将继续聚焦核心业务：巴西燃料及润滑油分销，以及以糖和生物能源为原料的乙醇生产。管理层同时表示，将以有序方式持续剥离非核心资产，而非急于求成。


首席执行官Nelson Gomes表示，公司正在""打造一家更为精简的企业，专注于核心业务，并在资本配置上保持更严格的纪律""。他的表态凸显了雷曾在缩减和简化资产组合的同时保护投资回报的战略意图。
Gomes还表示，雷曾能源（Raízen Energia）的最佳路径是找到""理想规模""，从而成为""市场上最具竞争力的参与者""。这意味着公司将持续推进资产剥离和组合优化，而非寻求扩张。
首席财务官Lorival Luz表示，公司正以审慎态度应对周期波动，并指出""大宗商品就是大宗商品""，大宗商品业务需要""极低的杠杆水平""和较长的债务期限结构。他还表示，公司目前的现金储备远高于最低运营需求。






分析师的提问主要集中于现金状况、资本支出及资产剥离进度。其中一个问题涉及公司在作物年度末现金储备下降的情况，以及资本支出削减究竟反映的是短期压力还是更为长远的资产组合重置。管理层表示，现金减少与重组谈判及供应商付款时间安排有关，并非流动性不足所致。
另一个问题涉及未来两个作物年度的预期效率提升空间。管理层表示，目标并非依赖大宗商品价格上涨，而是通过降低运营成本、提升农业生产效率和强化资本纪律来提升业务竞争力。
分析师还就雷曾能源资产剥离的规模和紧迫性进行了提问。管理层表示，公司正在寻求该业务的""理想规模""，将继续以有序方式出售资产，不会操之过急。高管们强调，重组计划的成功并不依赖于额外的资产出售。
针对燃料分销业务的提问聚焦于近期盈利能力及现金使用情况。管理层表示，该部门已连续四个季度实现盈利改善，受益于销量增长、库存管理优化及市场环境趋于健康。同时表示，进口燃料价格影响已被其他运营改善措施所抵消。

本文由人工智能协助翻译。更多信息，请参见我们的使用条款。"
Vantage Corp就其股票异常交易活动发表声明,2026-6-30 04:15,https://cn.investing.com/news/company-news/article-93CH-3438878,,"新加坡 — 船舶经纪公司Vantage Corp（NYSE American：VNTG）今日发表声明称，公司目前不知晓任何可能导致近期普通股出现异常交易活动的重大进展。该股过去一周下跌17%，目前交易价格为$0.71，较52周高点$7.66累计下跌82%。
这家专注于油轮市场的船舶经纪公司提供经纪、咨询及运营支持服务，公司确认其业务或事务中不存在任何未披露的重大进展。尽管股价大幅下挫，InvestingPro的分析显示，该股在当前价位可能已被低估，且公司整体财务健康评分维持在""良好""水平。公司表示，不会就市场猜测或股价波动发表评论。
Vantage Corp表示，公司将继续专注于执行其长期业务战略，并将依据美国证券法及NYSE American相关规定，及时披露任何重大信息。
公司在油轮市场提供船舶经纪服务，业务涵盖清洁石油产品、石化产品、污油产品、生物燃料及植物油等多个领域。Vantage Corp成立于2012年，通过其子公司Vantage（BVI）Corporation开展业务，并在新加坡、阿联酋、上海及香港设有区域办事处。
Vantage Corp于2025年6月12日在NYSE American挂牌上市。

本文由人工智能协助翻译。更多信息，请参见我们的使用条款。"
阿法拉伐股价上涨，斩获巴西生物燃料史上最大订单,2026-6-29 17:02,https://cn.investing.com/news/stock-market-news/article-93CH-3437447,Senad Karaahmetovic,"Investing.com -- 瑞典工业设备制造商阿法拉伐（Alfa Laval）宣布获得有史以来规模最大的单笔订单，总价值达11亿瑞典克朗，将为巴西一个生物精炼厂项目提供生物燃料技术，消息提振公司股价上涨1%。
根据合同，阿法拉伐将为巴西Acelen公司的新建生物精炼厂提供氢化植物油（HVO）预处理技术，整个订单将分阶段执行，预计于2029年前完成交付。
此次合同是阿法拉伐迄今为止金额最大的单笔订单，具有重要里程碑意义。氢化植物油（HVO）是一种以植物油及其他可再生原料为基础生产的可再生柴油燃料。
花旗分析师对此评论称：""根据我们的敏感性测算，阿法拉伐第二季度集团订单总额预计将达到193亿瑞典克朗，较市场普遍预期高出7%（其中食品及制药业务订单预计为74亿瑞典克朗，高出市场预期15%）。""
该订单预计将对阿法拉伐第二季度业绩产生积极贡献，分析师预测集团订单总额将达193亿瑞典克朗，超出市场预期7%。

本文由人工智能协助翻译。更多信息，请参见我们的使用条款。"
传美伊停止互袭并重启谈判 国际油价涨幅收窄,2026-6-29 08:10,https://cn.investing.com/news/stock-market-news/article-3436854,,"智通财经APP获悉，据报道，美国和伊朗已同意停止互相袭击，双方将于6月30日(周二)在卡塔尔首都多哈继续谈判，聚焦霍尔木兹海峡问题。此前，一艘装载卡塔尔原油的超级油轮在霍尔木兹海峡附近遭到袭击，导致两国关系再次紧张。受此消息影响，油价上涨。
布伦特原油价格一度上涨1.9%，至每桶73.39美元，随后回吐部分涨幅;WTI原油价格接近每桶70美元。周末期间，美伊双方相互袭击，美军以伊朗攻击霍尔木兹海峡附近海域商船为由，再次对伊朗境内多个目标实施打击。伊朗伊斯兰革命卫队则表示，已对近日美国“侵略”行径作出“果断回应”。不过，据媒体最新报道，双方已同意于周二在多哈举行会晤。
据报道，遇袭的超大型油轮“Kiku ”号载有约200万桶原油，最后一次发出信号的位置在阿曼湾的富查伊拉港附近，其航行状态显示为“失控”。目前尚不清楚此次冲突对经由霍尔木兹海峡的石油运输造成了何种影响，此前，在美伊达成临时协议后，该海峡的石油运输已有所恢复。
油轮遇袭后，油价上涨
Karobaar Capital LP首席投资官Haris Khurshid表示：“市场越来越倾向于将这些波动视为战术性而非结构性行情。在根本性因素发生改变之前，交易员乐于逢高做空、逢低做多。”
尽管航道通行船只数量有所回升，且美国中央司令部周六表示商船仍可继续通过该海峡，但已有部分油轮放弃出航尝试。数百艘船舶仍滞留波斯湾内，船东们可能仍会对穿越这一咽喉要道保持谨慎。
据报道，在周末紧张局势期间，一架沙特阿美运营的直升机在波斯湾沿岸、沙特能源重镇拉斯塔努拉坠毁，官方暂未披露事故起因。目前尚不清楚这起周日发生的坠机事件是否波及任何能源设施。
另外，俄罗斯总统普京承认，俄罗斯面临燃料供应问题，包括加油站排长队。他确认，全面禁止柴油出口是正在讨论的缓解供应紧张的措施之一。
截至发稿，8月交割的WTI原油期货价格上涨0.64%，至每桶69.67美元;9月交割的布伦特原油期货价格上涨0.43%，报每桶72.91美元;"
易瑞亚克拓展美国线上零售渠道，强化电力产品市场布局,2026-6-29 20:39,https://cn.investing.com/news/company-news/article-93CH-3438182,,"中国温州——易瑞亚克电力解决方案集团股份有限公司（纳斯达克：RAYA）周一宣布，其旗下产品现已通过更多美国线上零售渠道上架销售，包括亚马逊、沃尔玛官网市场以及谷歌产品搜索发现渠道，相关信息来自公司发布的新闻稿。此次渠道扩张之际，该公司市值仅为273万美元，正努力扭转过去12个月营收下滑24.6%的颓势。
该公司主要生产便携式逆变发电机、家用备用电源系统及房车电力解决方案。此次扩大的销售渠道除上述第三方平台外，还包括公司自营的直销官网。
易瑞亚克此次向市场推出了6800PD和6800PT系列逆变发电机。其中，6800PD支持双燃料运行，而6800PT则兼容汽油、丙烷和天然气三种燃料。两款机型均定位于家用备用电源、房车应用及120V/240V供电需求场景。
公司表示，目前正在开发更多逆变发电机平台，包括大功率三燃料系统及集成UPS功能的电力解决方案，同时也在评估便携式储能电站和电池类产品的市场前景。
易瑞亚克董事长兼首席执行官孔令毅表示：""此次渠道扩张不仅仅是增加更多线上商品列表，更体现了我们持续致力于在美国市场建立更具公信力、更易触达、更具韧性的品牌形象的努力。""然而，对于投资者而言，当前形势颇为严峻——公司股价过去一年已累计下跌99.9%。InvestingPro分析显示，该股目前处于低估状态，但平台同时指出公司现金消耗速度较快。如需深入了解RAYA的财务健康状况及获取逾10条专业投资建议，请访问InvestingPro。
公司产品组合涵盖正弦波逆变器及离网逆变器、逆变发电机及汽油发电机、电池充电器及智能充电器、以及电池储能系统。相关产品广泛应用于农业及工业车辆、休闲车辆、家用电器、户外生活产品、移动电源及应急供电等多个领域。
公司强调，此次渠道扩张仅反映产品在相关平台的上架情况及搜索可见性，不涉及任何第三方平台的独家合作安排、背书认可或线下实体门店陈列。
易瑞亚克通过旗下子公司及关联运营实体，在美国市场分销其自有品牌产品。

本文由人工智能协助翻译。更多信息，请参见我们的使用条款。"
隔夜美股 | 美国与伊朗周日达成协议 纳指涨超2% 西部数据(WDC.US)涨11%,2026-6-30 08:59,https://cn.investing.com/news/stock-market-news/article-3439020,,"智通财经APP获悉，周一，三大指数上涨，纳指涨超2%，美国与伊朗周日达成协议，暂停敌对行动并允许商业船舶自由通过霍尔木兹海峡。此前一个周末双方发生军事交火，一度威胁到旨在结束冲突的谈判进程。一名美国官员表示关于谅解备忘录所有领域的技术性会谈将按计划继续，双方目前都将保持克制，船舶可以自由通行。
【美股】截至收盘，道指涨306.33点，涨幅为0.59%，报52182.44点；纳指涨522.53点，涨幅为2.07%，报25820.14点；标普500指数涨86.36点，涨幅为1.18%，报7440.38点。西部数据(WDC.US)涨11%，Strategy(MSTR.US)涨12.6%，希捷科技(STX.US)涨超7%，SpaceX(SPCX.US)涨7%，美光科技(MU.US)涨1%，英伟达(NVDA.US)涨1%。纳斯达克中国金龙指数收涨1.4%，百度(BIDU.US)涨超7%。




【美元指数】彭博美元即期指数下跌0.1%；该指数在上周走高0.5%。日元兑美元跌至1986年以来最低水平，引发市场对日本当局可能入市支撑日元的猜测。美元指数回落。花旗宏观策略师结束了5月提出的做多日元建议，理由是日本财务省未能就可能干预汇市支撑疲弱日元“发出明确信号”。
【加密货币】比特币涨超2%，截至发稿报60331美元；以太坊涨超3.8%，报1617.98美元。
【原油】原油价格本周初上涨，交易员评估停火能否维持以及能否缓解能源供应中断的担忧。国际布伦特原油上涨1.2%至每桶72.87美元，西得克萨斯中质原油期货上涨1.7%至70.38美元。Vital Knowledge分析师Adam Crisafulli指出，双方都不愿全面恢复敌对行动，整体进程仍可能朝着持续缓和的方向发展。


【宏观消息】
伊副外长强调船只须按“伊朗线路”通过霍尔木兹海峡。伊朗外交部副部长加里巴巴迪当地时间29日晚间在接受采访时强调，所有船只均须按照“伊朗线路”通过霍尔木兹海峡，否则伊朗将对相关船只采取应对措施。加里巴巴迪在采访中表示，伊朗和阿曼两国代表团在当天早些时候的霍尔木兹海峡问题联合工作组首次会议中已就海峡未来管理等议题进行了讨论，伊方愿与阿曼方面就海峡的“新安排”开展协商，但反对在“伊朗路线”之外设置通过霍尔木兹海峡的其他任何路线，并已将自身立场明确告知阿方，如果阿曼“无意参与新安排”，伊朗方面将自行决定霍尔木兹海峡的管理方式。
美国战储石油库存降至1983年以来的最低水平。据美国能源部数据，美国战略石油储备(SPR)中的原油库存减少了550万桶，降至3.257亿桶，创下自1983年5月以来的最低水平。此次库存减少是美国达成的一项协议的一部分，该协议规定从储备库中释放1.72亿桶原油，以填补伊朗冲突后全球库存的缺口，并帮助压低燃料价格。由于美国原油出口和炼油需求强劲，近几周美国原油库存迅速下降。自2月底冲突爆发以来，截至6月19日，包括商业库存和战略石油储备在内的美国总库存已减少1.114亿桶，降至7.433亿桶，创下1984年以来的最低水平。
美银：预计标普500指数将出现“三浪回调”。美国银行技术研究主管保罗·齐亚纳近日表示，投资者应对标普500指数的进一步反弹保持对冲，并为未来数月可能出现的“三浪回调”做好准备。齐亚纳写道，标普500指数自3月低点以来已上涨近17%，但自6月2日该美股基准指数触及近期峰值以来，涨势已显露出疲态。他表示，标普500指数可能跌至6850点，较当前水平下跌约7.6%。齐亚纳称：“随着回调风险累积，美伊停火后的反弹正变得愈发波动。”他表示，价格走势看起来“过于拉伸”，动能正在恶化，因此应在7月至9月期间采取“防御性立场”。
美联储理事库克：对最高法院的裁决感到欣慰 将捍卫美联储独立性。美联储理事库克表示：“此事（抵押贷款欺诈指控）绝非关乎我在出任美联储理事之前签署的抵押贷款文件。这纯粹是一场企图将我解职的阴谋，其借口完全是捏造的；之所以针对我，是因为我拒绝屈服于政治压力，坚持仅基于最有利于美国人民的考量来制定利率政策。而这正是美联储理事最根本的职责所在。今天的裁决重申了一项支撑世代稳健经济管理的原则：美联储必须在不受政治干预的情况下，依据证据和独立判断来制定所有政策决策。”“最高法院决定维持下级法院的命令，并确认了必须遵循正当程序及具备正当理由的必要性；这一决定认可了美联储的独立性对于实现国会赋予的‘物价稳定’与‘充分就业’目标至关重要。我对这一裁决深感欣慰。只要我还在美联储任职，就将继续捍卫政治独立原则，竭诚为全体美国人民服务。”
【个股消息】
SpaceX(SPCX.US)助力美国上半年股票发行总额创下新纪录。在SpaceX和谷歌母公司Alphabet(GOOG.US,GOOGL.US)创纪录的发行活动带动下，华尔街银行家们情绪高涨，这同时也提振了对2026年剩余时间交易活动的预期。彭博汇编的数据显示，截至今年6月26日，美国IPO（首次公开募股）和股票发行总额达到创纪录的2510亿美元（不包括空白支票公司及其他投资工具）。数据显示，这一数字已超过了2021年发行热潮期间创下的半年最高纪录。更多交易正在酝酿之中，包括未来几周将持续进行的IPO，以及人工智能初创公司Anthropic PBC可能最早于10月进行的超大规模融资交易。可转债等其他形式的融资势头也有望延续，因为所谓的“超大规模人工智能企业”（AI hyperscalers）正持续向投资者寻求资金，以建设支持技术繁荣所需的数据中心及其他基础设施。
Strategy(MSTR.US)或套现至多12.5亿美元比特币保卫现金流。塞勒旗下的比特币财库公司Strategy公布了对其比特币战略支柱，融资模型的全面改革。随着多年来推动其激进囤币的这一结构面临日益沉重的压力，该公司赋予了自己更广泛的权力来出售这种加密货币、回购证券并保持流动性以进行适应。该公司表示，可能会出售至多12.5亿美元的比特币以充实其现金储备，并针对普通股和优先股分别设立了至多10亿美元的回购计划。Strategy 还表示，在发行普通股时将变得更加自律，特别是当其股价处于或接近其持有的比特币价值时。"
普京称无人机袭击导致俄罗斯多地出现燃料短缺,2026-6-29 02:35,https://cn.investing.com/news/stock-market-news/article-3436778,Jaiveer Shekhawat,"Investing.com - 俄罗斯总统弗拉基米尔·普京周日表示，燃料供应问题已在俄罗斯多个地区造成短缺，相关工作组正全力运转，以确保全国各地的燃料供应充足。
普京在一次燃料供应与分配高级官员会议上发表讲话，指出俄罗斯需要尽量降低乌克兰无人机袭击石油设施所带来的影响，这些袭击正是导致当前短缺局面的重要原因。




普京呼吁采取措施确保农业板块的燃料供应，并表示当局正在考虑禁止柴油出口。
据俄罗斯各大新闻机构报道，普京在会议上表示：「大家都清楚，司机和企业面临的问题依然存在。遗憾的是，加油站排队现象仍未消除。」
近期，乌克兰持续加大对俄罗斯境内及俄控乌克兰领土上工业目标的中远程打击力度，重点集中在石油领域。
普京表示，目前汽油储备正在动用，现有库存为170万公吨。他还表示，7月份的产量应会超过6月份的水平。
普京告诉与会者：「是否全面禁止柴油出口，目前正在研究之中。」
据俄罗斯国际文传电讯社此前报道，俄罗斯副总理亚历山大·诺瓦克曾表示，俄罗斯没有必要禁止柴油出口。
普京表示，燃料供应工作组正在全天候运转，并强调当前形势需要采取「与挑战规模相匹配的系统性措施」，以扩大供应并将价格维持在合理水平。
本文由人工智能协助翻译。更多信息，请参见我们的使用条款。"
5年超20万亿元，新型能源体系建设投向哪？,2026-6-27 16:47,https://cn.investing.com/news/stock-market-news/article-3436502,,"本文来源：时代周报 作者：黎广
《中国网络视听发展研究报告（2026）》显示，2025年，我国用AI生成累计超20亿条视/音频，较2024年增长了14倍以上。
AI的背后是算力，算力的背后是电力。在6月26日国务院新闻办公室召开的“开局起步‘十五五’”系列主题新闻发布会上，国家能源局局长王宏志表示，倘若用人工智能生成5秒高清视频，用电量相当于充满10部手机。
随着新能源汽车进一步普及、人工智能产业的快速发展，将给“十五五”期间的能源供应带来新的挑战。
对此，国家发展改革委、国家能源局在近日印发《新型能源体系建设“十五五”规划》（以下简称《规划》），其主要目标是在2030年初步建成清洁低碳安全高效的新型能源体系。
发布会上，王宏志表示，我国目前电力装机规模已经突破40亿千瓦，预计2030年将达到54亿千瓦。其中，新能源装机比重超过50%，成为电力装机主体；非化石能源发电量比重达到50%，成为电量主体；煤炭和石油消费达峰。
国新办新闻发布会现场 图源：国新办官网
作为全球首个发电装机迈上40亿千瓦台阶的国家，中国如何让这一庞大的电力网络保持安全及经济高效地运转，成为接下来能源布局的重点工作。
投资规模超20万亿元

为了实现2030年电力装机规模达到54亿千瓦，国家能源局预计“十五五”时期能源重点项目和新业态投资总规模超过20万亿元。
具体会投去哪些地方？王宏志在会上表示，要强化工程项目带动支撑，实施一批重大战略工程。高质量推进雅下水电等重大项目，建设“沙戈荒”新能源基地、水风光一体化基地、海上风电基地等，积极安全有序推进沿海核电建设。统筹推进油气“全国一张网”、新型电网等基础设施建设。
同时，积极建设新产业新业态项目。推动电动汽车充电设施网络提质升级，布局建设风光氢氨醇一体化基地，建设光热发电工程，推进绿电直连和智能微电网发展，建成一批零碳园区。
相关投资既可以成为拉动投资增长的“新引擎”，也为能源转型发展打开“新空间”。
“风电农场”（图源：时代周报 黎广/摄）
巨额投资之外，还要依靠市场化机制，破解国内能源资源与消费地空间错位的难题。王宏志也强调了市场和价格机制在能源市场的重要性。他表示，“十五五”期间，要基本建成全国统一电力市场，并将优化这一市场空间布局的统筹，优化能源布局和流向。
以煤炭为例，中国煤炭资源呈现“西多东少、北富南贫”的分布格局，70%以上的储量集中在晋陕蒙新等华北、西北地区，而能源消费核心区却位于东部沿海、华南及华中地区。资源与消费市场空间错位，造就了长期存在“西煤东运、北煤南运”的运输格局。
现实层面，运输费用也是不容小觑。据中国能源网测算，新疆5000大卡动力煤价格按约300元/吨，运至环渤海港口后含运费超700元/吨，至长三角或珠三角则价格更高。若以公路运输，从新疆哈密（吐哈煤田）至青海西宁，每公里运价按0.3元/吨计，运费达348元，叠加煤价成本高达648元/吨。
然而，从印尼进口同等热值的动力煤，船运至珠三角，叠加运费和关税等，综合到岸成本不到500元/吨。
巨大的价差，暴露了传统长途输煤模式的成本短板，也让就地转化输电方案凸显优势。而这正是西电东送的经济性体现，即在储量丰富的西部地区建设发电站，通过超高压的输变电技术将电力送往资源相对匮乏、但能源需求密集的长三角和珠三角等地。
对此，王宏志表示，将优化建设五大煤炭生产基地。聚焦骨干通道布局优化，加强西电东送、西气东输等能源输送“大动脉”建设。
多元化能源国际合作保供应

对内依托跨区域能源通道平衡供需，对外则需要依靠多元化进口对冲地缘油气风险。
当前，国际地缘冲突持续扰动油气供应链，国内风电、光电占比快速提升，在一定程度上降低了能源供应风险。为进一步增强能源安全保障能力，全方位提升能源自给与系统抗风险韧性，我国将构建立体多元的能源国际合作体系。
王宏志在发布会上表示，特别是今年2月底以来，全球能源市场出现剧烈波动，很多国家出现不同程度的能源短缺、油价暴涨、供应紧张，而我国能源体系经受住了冲击，供需总体平衡、价格总体稳定，展现了强大韧性。国际媒体评论，中国不仅成功抵御了外部冲击，还为稳定全球能源市场作出重要贡献。
对此，广东省石油学会负责人姚达明向时代周报记者分析，我国在石油和天然气方面，多元化是主基调，除了部分国产，进口方面，石油以中东和俄罗斯为主，天然气则以澳大利亚为主，此举是为了增强供应链弹性。
正在为油轮添加燃料的成品油船。（图源：时代周报 黎广/摄）
海关总署、中石油经济技术研究院、Kpler、EIA等机构数据显示，2025年全年，在中国进口的原油中，有41.1%（237.5百万吨）来自中东，17.43%来自俄罗斯/欧亚地区，剩余大约42%来自南美、非洲等地。
在今年霍尔木兹海峡受阻期间，直达中国东北的西伯利亚-太平洋（ESPO）管道及其支线，化解了中东石油出口的部分压力，成为地缘局势下可靠的基本盘。
此外，巴西也成为中国多元化能源布局中的重要来源，2025年进口量达到47.08百万吨，占我国进口比例的8.14%。
目前，我国原油进口国已发展超过40个，这为中国应对外部局势变幻提供了更多的缓冲空间。
发布会也因此强调扩大能源合作朋友圈。“大家都知道，目前我国油气很大比例来自国际市场。我们将坚持能源进口多元化，加强与重点能源资源国的互利合作，与各国一道维护好能源运输通道安全，保障开放条件下的能源安全。”王宏志说。"
国家统计局：1—5月份全国规模以上工业企业利润增长18.8%,2026-6-27 10:03,https://cn.investing.com/news/stock-market-news/article-3436423,,"智通财经APP获悉，6月27日，国家统计局数据显示，1—5月份，全国规模以上工业企业实现利润总额31439.6亿元，同比增长18.8%。1—5月份，规模以上工业企业中，国有控股企业实现利润总额10486.6亿元，同比增长19.6%；股份制企业实现利润总额24348.1亿元，增长24.1%；外商及港澳台投资企业实现利润总额6957.2亿元，增长4.2%；私营企业实现利润总额7726.5亿元，增长10.7%。1—5月份，规模以上工业企业实现营业收入56.55万亿元，同比增长5.5%；发生营业成本48.04万亿元，增长4.7%；营业收入利润率为5.56%，同比提高0.63个百分点。
1—5月份，全国规模以上工业企业实现利润总额31439.6亿元，同比增长18.8%。
1—5月份，规模以上工业企业中，国有控股企业实现利润总额10486.6亿元，同比增长19.6%；股份制企业实现利润总额24348.1亿元，增长24.1%；外商及港澳台投资企业实现利润总额6957.2亿元，增长4.2%；私营企业实现利润总额7726.5亿元，增长10.7%。
1—5月份，采矿业实现利润总额4795.2亿元，同比增长33.5%；制造业实现利润总额23285.2亿元，增长20.0%；电力、热力、燃气及水生产和供应业实现利润总额3359.2亿元，下降2.7%。
1—5月份，主要行业利润情况如下：有色金属冶炼和压延加工业利润同比增长117.1%，计算机、通信和其他电子设备制造业增长103.9%，化学原料和化学制品制造业增长71.6%，煤炭开采和洗选业增长33.5%，石油和天然气开采业增长17.2%，纺织业增长11.7%，通用设备制造业下降0.2%，电力、热力生产和供应业下降4.1%，专用设备制造业下降5.5%，农副食品加工业下降13.3%，电气机械和器材制造业下降13.7%，汽车制造业下降19.8%，黑色金属冶炼和压延加工业下降37.4%，非金属矿物制品业下降48.9%，石油、煤炭及其他燃料加工业由亏转盈。
1—5月份，规模以上工业企业实现营业收入56.55万亿元，同比增长5.5%；发生营业成本48.04万亿元，增长4.7%；营业收入利润率为5.56%，同比提高0.63个百分点。
5月末，规模以上工业企业资产总计193.55万亿元，同比增长5.8%；负债合计112.69万亿元，增长6.5%；所有者权益合计80.87万亿元，增长5.0%；资产负债率为58.2%，同比上升0.3个百分点。
5月末，规模以上工业企业应收账款28.17万亿元，同比增长7.7%；产成品存货7.14万亿元，增长8.8%。
1—5月份，规模以上工业企业每百元营业收入中的成本为84.95元，同比减少0.59元；每百元营业收入中的费用为8.39元，同比持平。
5月末，规模以上工业企业每百元资产实现的营业收入为71.1元，同比减少0.1元；人均营业收入为188.0万元，同比增加11.3万元；产成品存货周转天数为21.6天，同比增加0.6天；应收账款平均回收期为72.6天，同比增加1.3天。
5月份，规模以上工业企业利润同比增长21.1%。
本文编选自“国家统计局官网”，智通财经编辑：张金亮。"
美联储政策空间再遭挤压！美国5月商品贸易逆差意外创一年新高，二季度GDP恐遭拖累,2026-6-26 21:51,https://cn.investing.com/news/stock-market-news/article-3435844,,"智通财经APP获悉，美国商务部普查局周五(6月26日)公布的数据显示，美国5月商品贸易逆差较上月大幅扩大27.4%，达到1058亿美元，创下逾一年以来的最大规模。这一数字远超经济学家预估中值的850亿美元，反映出美国贸易失衡状况在5月出现剧烈恶化。
从结构上看，进出口走势的严重背离是逆差急剧扩大的直接推手。5月美国商品出口环比下降5.4%，减少118亿美元至2077亿美元;与此同时，进口环比上升3.6%，增加109亿美元至3134亿美元。出口端的收缩与进口端的扩张同步发生，导致贸易缺口迅速走阔。
美国商品贸易逆差扩大至一年多来最大
出口骤降：石油红利退潮与全球需求走弱
5月出口的大幅下滑，与4月的历史性增长形成了鲜明对比。受伊朗冲突及霍尔木兹海峡近乎关闭影响，中东原油供应受阻，国际油价一度突破每桶100美元，美国能源业者趁势填补市场缺口。4月原油出口大增60%，推动整体出口额增长2.6%至创纪录水平。
工业用品(含石油产品)领跌7.0%至827亿美元，成为拖累出口的最大单项因素。4月，由于伊朗战争严重扰乱了中东贸易，美国石油出口曾飙升至历史新高。但随着美伊和平谈判取得进展、经霍尔木兹海峡的石油流量逐步恢复，油价有所回落;与此同时，亚洲燃料生产商因运输成本高企也在减少对美国石油的进口量，共同压低了5月的能源出口。
消费品(除汽车外)暴跌9.2%至207亿美元，资本货物下降5.0%至668亿美元。仅食品饮料与汽车实现小幅增长，但体量远不足以对冲其他品类的下滑。此前4月资本货物出口曾创下历史新高，5月的大幅回落进一步凸显了出口动能的脆弱性。
进口激增：AI设备涌入与预防性囤货双重驱动
与出口的全面疲软形成鲜明对比的是，进口端所有主要品类均录得增长。消费品进口增长5.7%至595亿美元，升至六个月来最高水平。周四发布的另一份报告显示，尽管物价上涨速度创三年多来最快，美国5月个人消费支出环比仍增长0.7%，显示内需依然稳固。汽车进口增长6.3%至369亿美元，工业用品增长4.8%至559亿美元，杂项商品更大幅增长11.5%至154亿美元。
最值得关注的是资本货物进口的持续攀升。近几个月来，用于数据中心建设的设备源源不断地流入美国。5月资本货物(包括计算机及配件、半导体和电信设备)进口持续增长，较上年同期增长近42%。明尼阿波利斯联储的一项分析显示，截至2026年1月，AI相关商品进口的名义金额已比2023年的月均水平高出111%。AI资本开支正从芯片采购向电力、散热、网络、数据中心工程及电网基础设施等领域扩散，成为推动美国进口结构变化的一股持久力量。
经济学家指出，企业为规避中东冲突引发的供应短缺与价格上涨风险，提前拉高进口备货，也是此次逆差急速扩大的重要推手。随着供应链延误日益普遍，公司一直在囤积商品和材料。5月零售库存增长0.6%，批发库存环比增长0.3%、同比增长4.3%，创下三年来最佳的12个月增幅。但增幅均较前月放缓，暗示库存周期可能接近阶段性高点。
宏观冲击：二季度GDP面临显著拖累
贸易逆差的急剧扩大，对美国宏观经济构成直接压力。此前一季度美国GDP终值上修，部分得益于进口下修带来的正面贡献。而5月逆差的显著扩大，意味着净贸易对二季度GDP的贡献大概率转为负向，贸易分项或将成为当季经济增长的拖累因素。贸易对GDP的拖累效应已连续两季出现。
目前市场对第二季度GDP年化增长率的预估集中于2.5%左右，部分经济学家表示可能因此下修预测值。美国经济第一季年化增长率为2.1%，去年第四季度则仅为0.5%。PNC Financial高级经济学家Abbey Omodunbi指出：""即便5月有所收窄，商品贸易逆差自3月以来已扩大逾10%，贸易很可能成为二季度经济增长的拖累因素。""
市场分析指出，后续需重点关注逆差扩大是否伴随库存的被动积累，以及是否触发国内生产对进口的替代效应——这将是判断美国贸易失衡是否具有持续性的关键变量。
同日出炉的库存数据显示了企业对供应链不确定性的应对姿态。美国5月零售库存环比增长0.6%，高于市场预期的0.5%，但较前值0.7%有所放缓。批发库存环比增长0.3%，与市场预期持平，较前值0.6%明显回落。
从同比角度看，批发库存较上年同期增长4.3%，创下三年来最佳的12个月增幅。这一数据印证了企业自伊朗冲突爆发以来持续积累库存的趋势——随着供应链延误现象日益普遍，各公司一直在囤积商品和材料，加剧了人们对价格进一步上涨的担忧。
零售库存与批发库存增幅均较前月放缓，暗示库存周期可能接近阶段性高点。后续需重点关注逆差扩大是否伴随库存的被动积累，以及是否触发国内生产对进口的替代效应。
包含服务贸易收支平衡在内的更完整的5月贸易数据，将于7月7日公布。
在当前宏观环境下，这份远超预期的贸易数据进一步加剧了市场对美国经济前景和政策路径的博弈。贸易逆差扩大叠加进口价格的持续上涨，进一步加剧了美国经济的通胀压力。美国劳工统计局数据显示，5月进口价格指数环比上涨1.9%，出口价格指数环比上涨1.3%，能源品类成为拉动价格上行的核心动力。截至2026年5月的12个月内，燃料类进口价格大涨45.1%，石油、天然气进口价格同比分别走高48.1%和35.3%。
在""有胀无滞""的叙事下，美联储的政策空间正被持续压缩。尽管5月核心通胀有所放缓，市场降息预期一度修复，但贸易逆差扩大所反映的进口需求韧性与进口价格上涨，为通胀前景增添了新的不确定性。目前，市场预计美联储今年将至少加息一次，9月加息25个基点概率为48.4%。
而进口的持续攀升反映了内需的韧性，但也意味着贸易对增长贡献的持续弱化;出口的疲软则折射出全球需求走弱与能源格局变化的双重压力。逆差数据公布后，市场对美联储政策走向的讨论料将进一步升温——强劲的消费支出与扩大的贸易逆差之间的矛盾，正是沃什领导下的美联储需要面对的现实拷问。"
巴西5月税收同比增长10.69%，创历史新高,2026-6-25 23:19,https://cn.investing.com/news/economy-news/article-93CH-3434049,Jaiveer Shekhawat,"Investing.com -- 据官方数据显示，巴西5月税收收入较去年同期实现实际增长10.69%，达到2,667.93亿雷亚尔（约合510亿美元），创下该国5月份税收的历史最高纪录。
巴西税务局将这一增长归因于多项因素：其中，企业所得税贡献了约70亿雷亚尔的异常增量；此外，针对石油和燃料征收的临时出口税带来了额外10亿雷亚尔的收入。该出口税的设立旨在抵消燃料补贴的财政压力，而这些补贴的初衷是在美以与伊朗冲突期间，缓解国际油价上涨对巴西消费者的冲击。
自总统路易斯·伊纳西奥·卢拉·达席尔瓦（Luiz Inácio Lula da Silva）于2023年就任以来，政府支出大幅攀升，尤其是社会福利方面的开支显著增加。为此，卢拉政府一直依赖税收增长来维持公共财政的平衡。
5月份的亮眼数据延续了今年以来各月税收屡创新高的趋势。

本文由人工智能协助翻译。更多信息，请参见我们的使用条款。"
Integra Resources上调佛罗里达峡谷矿山寿命及储量预期,2026-6-25 18:35,https://cn.investing.com/news/company-news/article-93CH-3433124,,"加拿大不列颠哥伦比亚省温哥华——Integra Resources Corp.（TSXV:ITR）（NYSE American:ITRG）今日发布了其位于内华达州的佛罗里达峡谷矿山（Florida Canyon Mine）最新可行性研究报告，显示已探明及可能矿产储量大幅增加74%，矿山服务年限延长至2033年。
根据技术报告，已探明及可能储量从2024年矿产储量报告中的68.5万盎司黄金增至119万盎司。矿山开采计划较此前预定的2030年目标延长了三年。
预计年均黄金产量将提升17%，在八年运营周期内平均达到8.2万盎司，高于此前的7万盎司。矿山预计在整个生命周期内共生产68.5万盎司可销售黄金，其中包括自2033年起两年的残余堆浸阶段。
该公司于2024年底以6,800万美元收购了佛罗里达峡谷矿山。Integra目前股价为$2.37，市值约为4.8亿美元，尽管过去一年累计上涨56%，但过去六个月股价已下跌43%。根据InvestingPro的分析，该股在当前价位存在低估，已被纳入平台的最被低估股票名单。最新研究报告显示，按基准金属价格计算，税后净现值为6.01亿美元，矿山全生命周期内预计税后自由现金流约为8亿美元。InvestingPro将该公司财务状况评级为""优秀""，流动比率高达4.96，且资产负债表显示公司持有现金高于债务——这在其推进9,200万美元成长性资本投资之际，构成重要的财务优势。
矿山全生命周期的场地级全维持成本估计为每盎司$2,331。公司将2026年场地级全维持成本指引上调至每盎司$3,300至$3,500，高于此前的$2,750至$2,950，原因包括采矿及处理吨位增加、柴油燃料和炸药的通胀压力上升，以及特许权使用费提高。公司维持2026年产量指引不变，仍为7万至7.5万盎司。
Integra计划投入约9,200万美元用于成长性资本支出，其中5,500万美元用于堆浸垫扩建，3,700万美元用于设备机队现代化改造。矿山计划在八年内总物料移动量达2.112亿吨。
以上信息来源于公司新闻稿。如需深入分析，Integra Resources已被纳入InvestingPro综合专业研究报告，该平台共提供逾1,400份报告，将复杂的华尔街数据转化为可操作的投资参考。平台还为ITR提供了除本文所提及内容之外的14条额外专业投资提示。

本文由人工智能协助翻译。更多信息，请参见我们的使用条款。"
智通港股早知道 | 美光(MU.US)公布炸裂财报盘后大涨16% 苹果将于7月下旬量产首款可折叠iPhone,2026-6-25 09:04,https://cn.investing.com/news/stock-market-news/article-3432153,,"【今日头条】
美光(MU.US)公布炸裂财报盘后大涨16% 存储芯片行业增长迅猛
美东时间周三盘后，AI存储龙头美光科技公布第三财季（3-5月）财报。财报显示，美光继续受益于人工智能热潮带来的旺盛需求，第三财季营收增长高达346%，毛利率更是高达惊人的84.9%，远超市场预期。在盘后交易时段中，其股价上涨逾16%。
晨星分析师李旭阳在一份报告中表示，领先存储芯片制造商的资本支出在今年和明年可能进一步增加。资本支出的扩大是由与客户新谈判的长期供应协议推动的，晨星认为这些协议具有支持利润率稳定的有利条款以及客户的重大财务承诺。该分析师指出，因此，存储芯片产能的增长可能会非常迅猛，尤其是DRAM和HBM。他指出，消费级DRAM的高价格也可能使中国存储芯片资本支出重新加速。
财通证券认为，在全球半导体行业景气上行、海外AI产能挤占、成熟制程订单回流、国内晶圆厂产能扩张的背景下，晶圆代工环节有望持续受益。摩根士丹利基金权益投资基金经理陈修竹表示，AI仍然是这个时代最大的投资主题，但在AI里赚钱的方式，正在换挡。她认为，价值量正在沿产业链向上游迁移，2026-2027的边际价值增量在存储、光模块、PCB，以及它们的上游材料，可能就是今年AI投资alpha的所在。
【大势展望】
隔夜美股三大股指涨跌不一
隔夜美股截至收盘道琼斯工业平均指数比前一交易日上涨182.06点，收于51848.9点，涨幅为0.35%，创收盘历史新高；标准普尔500种股票指数下跌7.24点，收于7358.22点，跌幅为0.1%；纳斯达克综合指数下跌110.4点，收于25476.64点，跌幅为0.43%。
芯片股继续回调，西部数据、希捷科技跌超4%，高通跌超3%，美光科技盘后业绩超预期，一度大涨超16%，美股芯片股盘后全线上涨。纳斯达克中国金龙指数下跌1.77%，热门中概股涨跌互现，恒生指数ADR上涨，按比例计算，收报23478.87点，较香港收市升66.69点或0.28%。
纽约商品交易所WTI原油期货当月连续合约下跌3.34美元，收于每桶69.87美元，跌幅为4.56%。COMEX黄金期货当月连续合约下跌133.00美元，跌幅3.21%，报4016.4美元/盎司。
【热点前瞻】
消息称苹果将于7月下旬量产首款可折叠iPhone
供应链人士透露，苹果已最终确定可折叠iPhone的关键规格，包括显示屏、外壳和机械部件，并已进入量产准备阶段。苹果将于7月下旬开始量产其首款可折叠iPhone。尽管近期有传言称，该机型由于铰链问题可能会推迟发布，但据了解，苹果仍将按原计划于9月发布。涉及港股苹果产业链企业。
中国信通院：5月国内市场手机出货量2763.9万部 同比增长16.5%
6月24日，中国信通院公布数据显示，2026年5月，国内市场手机出货量2763.9万部，同比增长16.5%，其中，5G手机2622.4万部，同比增长23.8%，占同期手机出货量的94.9%。
战略矿产两用物项出口管制
据商务部网站，为充分发挥社会监督作用，打击战略矿产两用物项出口管制违法违规行为，根据《中华人民共和国出口管制法》《中华人民共和国对外贸易法》等法律法规，商务部决定进一步完善战略矿产两用物项出口管制违法违规行为举报处理工作，任何组织和个人有权举报涉嫌违反相关法律法规出口战略矿产两用物项的行为。涉及小金属及稀土概念板块。
海螺水泥(00914)拟斥资约5.616亿元收购海螺设计院100%股权
海螺水泥公布，于2026年6月24日，公司(作为受让方)、海螺集团(作为转让方)及海螺设计院(作为目标公司)签订了股权转让协议，据此，该公司拟收购海螺集团持有的海螺设计院 100%股权，收购代价为约人民币5.616亿元。收购事项完成后，海螺设计院将成为公司的直接全资附属公司。
海螺设计院是国家高新技术企业，拥有建材行业甲级资质等多项工程设计与咨询资质，业务涵盖水泥工程、非金属矿山、新型建材、新能源发电、生态环保及工业民用建筑等领域，是一家集研发、设计、工程总承包为一体的综合型工程服务商。
壳牌到访中远海能(01138)
6月24日，壳牌到访中远海能，双方围绕油气运输等领域业务协同开展交流。壳牌对双方近期高效达成LNG运输船期租合作表示高度肯定，并期待双方未来在油气运输、船舶燃料供应等方面进一步拓展合作空间。此外，双方还就全球LNG贸易与运输市场发展、供应链多元化等话题进行了交流。双方共同表示，将基于现有良好合作基础，不断深化战略协同，持续挖掘油气运输、LNG加注等全产业链领域的合作机遇。
嘉利国际(01050)2026财年收入创近年新高 经调整净利同比上升48.3%至3.03亿港元 全年每股派息6港仙
嘉利国际公布截至2026年3月31日止年度业绩，实现收入约34.7亿港元，同比增长7%;净利约2.71亿港元，同比增长32%;经调整净利约3.03亿港元，同比增长48.3%;每股基本溢利13.3港仙，同比增长32%;每股末期股息4.5港仙，同比增长50%，全年每股股息合计6港仙。集团收入创近年新高，主要受惠于人工智能相关伺服器产品需求增加，尤其是ASIC相关伺服器产品于本财政年度下半年开始批量交付，并逐步反映于集团业绩。
耀才证券金融(01428)发布年度业绩 股东应占溢利6.7亿港元 同比增加8.52%
耀才证券金融发布截至2026年3月31日止年度业绩，该集团取得收入10.08亿港元，同比增加3.7%;权益股东应占溢利6.7亿港元，同比增加8.52%;每股盈利39.49港仙。
携程集团-S(09961)一季度净营业收入同比上升17%达162亿元
携程集团-S发布2026年第一季度业绩，净营业收入为162亿元(人民币，下同)，同比上升17%;归属于携程集团股东的净利润为25亿元，相比2025年同期为43亿元人民币;经稀释的每股普通股和每股存托凭证收益为3.67元。2026年第一季度，携程集团净营业收入同比上升17%，主要得益于旅游需求的韧性。2026年第一季度净营业收入环比上升5%，主要归因于季节性因素。
【个股点晴】
天数智芯(09903)：传字节拟采购5万颗AI芯片 超过公司去年所有的GPU出货量
近日有媒体报道称，字节跳动正与国产GPU厂商天数智芯洽谈采购AI芯片，预计今年至少交付5万颗，主要用于支撑旗下AI聊天机器人豆包的推理运算。而据IT时报报道，阿里也在接触天数智芯，很可能成为它的下一个客户。
值得注意的是，此次传闻中，字节采购的体量已经超过天数智芯去年所有的GPU出货量。按照国信证券的测算，天数智芯2025年推理芯片单颗售价1.17万元，若以此计算，上述订单落地后，公司将从字节处入账近6亿元，相当于去年一整年收入的60%。"
国家发改委、国家能源局发布《新型能源体系建设“十五五”规划》,2026-6-25 17:38,https://cn.investing.com/news/stock-market-news/article-3433022,,"智通财经APP获悉，6月25日，国家发改委、国家能源局发布《新型能源体系建设“十五五”规划》，其中提到，加快氢能与绿色燃料产业发展。统筹氢能制储输用全链条发展。因地制宜发展绿电直连制氢、可再生能源离网制氢等模式，2030年可再生能源制氢规模达到200万吨。加强工业副产氢的提纯与高效利用。合理布局绿色氢氨醇生产基地和基础设施，加强输氢管网布局引导，探索负荷率不足的存量油气管网规模化输送绿色甲醇。推动氢氨醇在发电、交通运输、化工冶金、规模储能等领域应用。统筹布局氢能实证实验平台，开展绿色燃料技术攻关和产业化试点，建立绿色燃料可持续性认证体系。
规划还提到，推动油气田和炼化产业转型。规模化开展陆上油气田与新能源融合发展，探索海洋油气田和海上风电协同开发，推动 CCUS 区域产业集群建设，提高油气田生产电气化率，打造低碳零碳油气田。坚持 “减量置换” 原则，严格控制炼油产能规模，引导大型企业、重点区域炼油能力优化重组。加快炼油行业节能降碳改造，稳步提升石化行业绿电绿氢使用比例，推进核电与石化行业耦合发展试点。提高化工用油、特种油品、高端新材料等收率。
原文如下：
国家发展改革委 国家能源局关于印发《新型能源体系建设“十五五”规划》的通知
发改能源〔2026〕884号
各省、自治区、直辖市人民政府，国务院有关部委、直属机构，有关中央企业：
  《新型能源体系建设“十五五”规划》已经国务院同意，现印发给你们，请认真贯彻实施。
国家发展改革委
国 家 能 源 局
2026年6月13日
新型能源体系建设 “十五五” 规划
“十五五” 时期，我国能源发展进入安全风险叠加演变期、低碳转型加力推进期、能源创新加速突破期、体制改革深度攻坚期、国际合作调整重塑期。为科学引领能源高质量发展，加快建设新型能源体系，根据《中华人民共和国国民经济和社会发展第十五个五年规划纲要》，制定本规划。
一、总体要求
坚持以习近平新时代中国特色社会主义思想为指导，深入贯彻党的二十大和二十届历次全会精神，认真落实四中全会部署，坚持稳中求进工作总基调，完整准确全面贯彻新发展理念，以能源高质量发展为主题，以碳达峰碳中和为牵引，聚焦建设能源强国战略目标，深入践行 “四个革命、一个合作” 能源安全新战略，更好统筹发展和安全，以安全充裕为前提、经济可行为基础、科技创新为引领、体制改革为动力，加快建设清洁低碳安全高效的新型能源体系，确保能源的饭碗牢牢端在自己手里。
主要目标是：2030 年初步建成清洁低碳安全高效的新型能源体系。能源综合生产能力达到 58 亿吨标准煤，电力系统互补互济和安全韧性水平全面提升，能源进口多元可控；煤炭和石油消费达峰，非化石能源消费比重达到 25%，风电和太阳能发电装机比重超过 50%、成为电力装机主体，非化石能源发电量比重达到 50%、成为电量主体；坚强韧性、绿色低碳、集成融合、智能高效的新型能源基础设施体系加快建设，新型电力系统初步建成；能源产业链关键技术装备实现总体自主可控，迈入世界能源科技创新国家前列；适应新型能源体系的市场和价格机制加快健全，全国统一电力市场体系基本建成。
空间布局是：坚持 “全国一盘棋”，统筹能源和经济、总量和结构、全国和区域、国内和国际，推动非化石能源供应形成五大增长板块，巩固优化化石能源生产基地，加强能源开发与用能产业布局协同，统筹优化能源骨干通道布局，不断拓展多元化进口通道。
二、构建先进适配的新型能源基础设施体系
(一)持续扩大非化石能源供给规模
推动新能源集成融合发展。坚持集中式与分布式、发电与非电并举，加强新能源多品种互补开发、空间集约复合利用、一体化聚合运营，推进陆上风电、光伏发电大规模平稳发展，海上风电向深远海发展，光热发电、海洋能规模化发展。推进 “风光 + 生物质” 一体化项目建设。提升新能源涉网性能，建设一批系统友好型新能源电站。积极推进地热能、氢能和绿色燃料发展，新能源非电利用规模实现倍增。建立完善新能源消纳综合评价指标体系，2030 年新能源发电量占比达到 30%。
以水风光一体化为重点推进水电开发建设。高质量建设雅鲁藏布江下游水电工程，有序推进茨哈峡、龙盘、岗托等重大工程，研究论证怒江流域水电规划。加快推动主要流域水风光一体化基地规划建设。统筹推进主要流域水电规划调整，推动水电扩机和机组增容改造。组织实施长江流域水电高质量发展方案。实施小水电绿色改造提升。2030 年常规水电装机达到 4.1 亿千瓦左右。
积极安全有序发展核电。以三代压水堆技术为主，保持核电平 稳建设节奏。积极稳妥推进先进堆型研发和示范工程建设。因地制宜推进核能综合利用。2030 年在运核电装机达到 1.1 亿千瓦左右。
(二)构建适配高比例新能源的新型电力系统
加快新型电网建设。推动清洁能源基地外送输电通道建设，优化送端电源结构，提升通道输送能力、利用效率和清洁电量占比。加强华中 - 南方、华中 - 华东、华北 - 华东、华中 - 西北等地区间电网互济，提升互补互济能力 4000 万千瓦左右。巩固完善以区域同步电网为基础、区域间异步互联的全国电网主网架格局。推动配电网向源网荷储资源高效配置平台转变，2030 年力争具备承载 9 亿千瓦分布式新能源接入能力。加快建设智能电网，建设智能化调度体系，提高新能源消纳水平。因地制宜发展智能微电网和绿电直连。
推动火电转向支撑调节性电源。优化火电布局，合理控制煤电装机规模和发电量。实施新一代煤电改造升级，提升深度调峰、快速爬坡等高效调节能力，鼓励采用零碳低碳燃料掺烧、碳捕集利用与封存 (CCUS) 等技术实现清洁降碳。持续推动煤电机组关停和延寿工作。合理规划建设天然气电站，加大国产化燃机示范及推广应用。
优化储能建设和调用。合理布局、积极有序开发建设抽水蓄能电站。大力发展新型储能，加力发展长时储能，鼓励多种储能技术路线发展，拓展新型储能在电源协同运行、电网稳定支撑及微电网、虚拟电厂等领域应用。推动新型储能调控方式创新，合理提升利用水平。2030 年抽水蓄能装机达到 1.6 亿千瓦左右，新型储能装机达到 3 亿千瓦。
构建灵活弹性的电力负荷生态。充分挖掘用户侧调节潜力，依托新型电力负荷管理系统，提高电力需求响应比例。充分利用电动汽车储能资源，开展车、桩、站、网融合互动探索，全面推广智能有序充电，扩大车网互动规模化应用范围，2030 年车网互动聚合可调充电规模达到 5000 万千瓦左右。加快推进虚拟电厂规模化发展，2030 年虚拟电厂调节能力达到 5000 万千瓦以上。
(三)推动化石能源生产供应转型升级
打造现代化煤炭供应链产业链。因地制宜推广煤炭绿色开采，分类分级开展智能化煤矿建设。加强煤炭洗选加工，健全商品煤质量标准体系。深化煤炭与煤矿瓦斯共采，推动矸石、矿井水等资源化生态化利用，稳步推进煤炭行业甲烷控排。加快煤炭与新能源融合发展，充分利用采煤沉陷区等场地开发风电和光伏发电。加强煤炭生产储运设施更新改造。加强煤炭清洁高效利用，推进富油煤分质利用，鼓励发展煤基特种燃料、煤基新材料等创新产品。
推动油气田和炼化产业转型。规模化开展陆上油气田与新能源融合发展，探索海洋油气田和海上风电协同开发，推动 CCUS 区域产业集群建设，提高油气田生产电气化率，打造低碳零碳油气田。坚持 “减量置换” 原则，严格控制炼油产能规模，引导大型企业、重点区域炼油能力优化重组。加快炼油行业节能降碳改造，稳步提升石化行业绿电绿氢使用比例，推进核电与石化行业耦合发展试点。提高化工用油、特种油品、高端新材料等收率。
三、构建坚强韧性的能源安全保障体系
(四)筑牢极端情形下的能源战略安全底线
加大油气增储上产力度。大力推进油气勘探开发，加大投入强度，加强传统大型油气田和页岩油气等新型资源勘探开发。围绕深地、深海、非常规、老油气田四大领域，促进 “稳油增气”，推动海域、非常规领域成为原油稳产主力。实现原油年产量稳定在 2 亿吨水平，天然气产量稳步增长。
健全完善油气储备体系。持续优化储备布局，形成更加灵活的储备管理机制，健全政府储备和企业社会责任储备有机结合、互为补充的石油储备体系。坚持 “大库大站、集约布局”，打造若干个地下储气库群，有序推动既有沿海液化天然气 (LNG) 接收站扩建。
持续完善油气 “全国一张网”。加强干线管道及互联互通工程建设，2030 年天然气管网一次管输能力达到 5000 亿立方米 / 年。依托国家干线管网因地制宜、优化布局建设省级管网，有序扩大管网覆盖面。统筹炼化基地与港口布局、海陆外运和内陆输送，优化原油、成品油管道布局与流向。加强与沿海港口相连的原油管网互联互通。统筹考虑煤制油气及煤层气产能布局，配套建设外输管道。
大力推进石油消费替代。加强多种替代燃料战略布局。加强煤制油气产能和技术储备，推进内蒙古鄂尔多斯、陕西榆林、新疆准东、新疆哈密等煤制油气战略基地建设。因地制宜布局非粮生物燃料乙醇、生物柴油、生物天然气、可持续航空燃料、绿氨绿醇等绿色燃料产能。推进新能源重卡和船舶等规模化应用。
(五)夯实能源转型安全基础
加强新能源关键矿产资源供给。深入实施新一轮找矿突破战略行动，加强新能源产业链上游关键矿产资源勘探开发。构建规模适度的战略性矿产资源储备，科学制定储备品种、规模与建设时序。推进退役风电机组、光伏组件、锂电池等废旧资源循环利用。
强化煤炭兜底保障作用。持续加强煤炭资源勘探和战略接续，科学安排煤炭产能建设，重点建设五大煤炭供应保障基地，2030 年 产量占全国比重达到 80% 以上。稳慎有序推进深部煤炭资源安全开发。完善煤炭产品储备布局，加强储备运行管理，推动政府储备与企业储备互补联动。完善煤炭产能储备政策，扩大产能储备规模，2030 年形成 1 亿吨 / 年以上的产能储备。完善煤炭集疏运体系，推动有条件的地区建设煤炭等能源大宗商品资源配置枢纽。
(六)提升能源安全风险管控能力
强化监测预警和应急管控。健全能源安全风险监测预警体系。加强灾害监测研判和防范应对，提升能源系统防灾抗灾能力。深化电力安全风险分级管控，加强大电网安全指标、风险、隐患、事故一体化管理。完善能源应急管理体制，加快推进国家、省、市、县四级电力应急力量建设。完善分层级分领域应急预案。
加强能源基础设施安全防范。强化能源领域重要目标防护。加强源网荷储各环节安全风险管控，强化重要输电通道安全管理。加强石油、天然气管道保护。加强煤炭运输骨干铁路通道、重点港口等安全运行保障。强化重大能源基础设施数据安全防护、关键信息基础设施安全防护，推动国家级电力网络安全仿真验证环境建设。强化城市能源基础设施保护与安全管理。
四、构建绿色低碳的能源消费体系
(七)更大力度推进节能降碳
强化重点领域节能和清洁替代。加强工业领域节能高效生产工艺和技术应用，优化能源清洁替代路径，稳步压减燃煤自备电厂规模。加强建筑能效管理，推动超低能耗建筑、低碳建筑规模化发展，促进建筑可再生能源集成应用，推动光伏建筑一体化发展。积极发展多式联运，建设低碳零碳运输走廊，加强铁路、公路、港口、航道、枢纽场站等清洁能源开发利用。加强算力等新型高载能产业节能提效。深化公共机构节能降碳改造。加快推进新增用电量由新增清洁能源电量覆盖。提高终端用能电气化水平。
加强节能降碳管理。全面实施碳排放双控制度，严格节能降碳审查评价，强化重点用能项目规划布局和产能调控。加快推进全国碳市场建设，对碳排放总量相对稳定的行业优先实施配额总量控制。稳妥有序推动能源领域自愿减排项目开发。建立健全能源行业碳排放核算机制和基础能源产品碳足迹管理政策，推动非化石能源电力消费核算认定。大气污染防治重点区域持续实施煤炭消费总量控制，新建、改建、扩建用煤项目实行煤炭等量或减量替代。
(八)提升绿色能源消费水平
推动热力系统绿色低碳转型。积极发展非化石能源供热，加大余热回收利用力度，因地制宜加大热泵推广应用。推动建设面向城市、园区的区域热力系统，加强非化石能源热源与既有热力系统有机融合，加快热网改造升级，积极推进 “智慧供热” 应用。提升热负荷柔性调节能力。合理布局建设多尺度储热储冷设施。推动偏远地区积极发展分布式绿色低碳供热。支持热电厂热电协同改造，推动热力系统与电力、燃气系统联合优化调度。深入推进散煤替代。
加强民生清洁用能服务保障。统筹规划城镇电力、热力、燃气等能源基础设施，推进城镇燃气管道、供热管道、非电网直供小区更新改造。提高民生用能电气化水平，2030 年人均年生活用电量达到 1500 千瓦时。完善快慢互补、智能开放的充电基础设施，2030 年充电基础设施达到 4000 万个、实现倍增发展。推进北方地区多元化清洁供暖。加强城市燃气供应保障。深入推进农村能源革命，创新农村清洁能源开发利用方式。
培育能源消费新场景新业态。推动多能融合互补发展，引导传统能源企业向综合能源生产服务商转型，建设一批电、气、热、氢等综合能源站。因地制宜发展适应新能源特性的用能产业，培育能源产消融合新模式，促进源网荷储深度融合。鼓励分布式光伏、分散式风电、生物质能、地热能等多场景多元化利用。推动零碳工厂和园区建设。利用市场机制聚合电动汽车、空调负荷等用户侧资源，引导虚拟电厂、智能微电网等新型经营主体创新发展。
五、构建自立自强的能源科技创新体系
(九)加强能源技术装备和产业创新
推动全产业链技术自主可控。加强重点领域技术攻关和装备研发，增强能源产业基础支撑能力。前瞻布局未来能源技术，适度超前开展前沿性、颠覆性技术研究，推动突破一批标志性技术，推进工程化应用，抢占发展制高点。
巩固拓展新能源等产业竞争优势。加强风电光伏技术装备创新，强化标准引领和知识产权保护，打造全球新能源产业创新高地。统筹优化新能源产业链布局，促进产业链供需平衡，形成良性竞争格局。推动新型储能、氢能制造业提质升级，巩固关键技术、应用生态等优势，减少低水平重复建设。培育核电等高端装备产业集群。深入实施 “人工智能 +” 能源行动，统筹能源资源配置与算力设施建设，推动算电协同一体化发展。
加快氢能与绿色燃料产业发展。统筹氢能制储输用全链条发展。因地制宜发展绿电直连制氢、可再生能源离网制氢等模式，2030 年可再生能源制氢规模达到 200 万吨。加强工业副产氢的提纯与高效利用。合理布局绿色氢氨醇生产基地和基础设施，加强输氢管网布局引导，探索负荷率不足的存量油气管网规模化输送绿色甲醇。推动氢氨醇在发电、交通运输、化工冶金、规模储能等领域应用。统筹布局氢能实证实验平台，开展绿色燃料技术攻关和产业化试点，建立绿色燃料可持续性认证体系。
(十)健全能源科技创新协同机制
筑牢能源科技创新基础能力。完善能源科技创新投入机制，激励企业加大能源科技研发投入。强化创新资源统筹和力量组织，加强能源领域国家实验室、国家科研机构、高水平研究型大学、科技领军企业统筹布局。高质量实施智能电网、煤炭、油气等能源领域国家科技重大专项。加强能源领域全国重点实验室、国家技术创新中心、研发创新平台等建设。推进能源领域教育科技人才一体发展。
推动科技创新与产业创新深度融合。按照前沿引领、关键共性、工程验证等分类推进重点技术研发应用，重点围绕新能源、新型储能、先进核电、智能电网、车网互动等领域，推动建立一批中试验证平台，加强重大科研成果试点示范应用。完善首台 (套)、首批次、首版次应用政策，鼓励自主创新产品规模化应用，引导产业赛马争先。
六、构建协同高效的现代化能源治理体系
(十一)深化能源市场化改革
构建全国统一能源市场体系。构建现货、中长期、辅助服务和容量市场有机衔接的全国统一电力市场体系，推动跨省跨区和省内电力交易衔接，合理扩大省间市场化送电规模。深化油气勘查开采体制改革，加强矿业权出让管理。持续推进省级管网以市场化方式融入国家管网，压缩管输及配气层级。推广天然气多年期合同制度。统一煤炭市场基础制度规则，健全电煤保供中长期合同制度。优化能源价格形成和传导机制，深化竞争性环节价格市场化改革，强化自然垄断环节价格监管。
优化能源基础设施投资和运行机制。完善民营企业参与能源重大项目建设长效机制，鼓励多元主体参与清洁能源基地、能源输配网络、油气储备设施等投资建设。完善基于市场交易结果的电力调度机制。建立健全公共电网与新模式新业态协调发展机制。优化油气管网调度运行机制，鼓励上游供气企业与城镇燃气企业、大用户开展直购直销。探索电力与天然气协同调度运行机制。
(十二)完善能源治理制度
加强能源治理基础建设。推动出台能源法配套法规政策，推进电力法、可再生能源法、节约能源法和电力调度管理条例、天然气管理条例等制修订，健全新型电力系统安全法规。建立健全绿色能源消费促进机制，完善可再生能源电力消纳责任权重制度，实施可再生能源消费最低比重目标制度。建立可再生能源非电利用统计和考核体系。健全能源标准体系，推动政府主导标准与市场自主标准协同发展，深化标准国际合作。
健全科学高效的能源监管体系。完善能源自然垄断环节监管体制机制，健全基础设施接入和使用机制，加强电网、油气管网公平开放监管，推动省级管网运销分离。全面推广过程监管、数字化监管、穿透式监管、跨部门协同监管。建立电力市场评价体系和信用制度。持续整治地方政府不当干预电力市场行为。持续提升全国 “获得电力” 服务水平，全面打造现代化用电营商环境，开展供电质量提升专项行动。强化电力建设运行安全生产管理。

七、构建立体多元的能源国际合作体系
(十三)强化开放条件下的能源安全
增强能源多元进口和安全保障能力，坚持能源进口多元化，加强海外主要油气产区合作。顺应国内煤炭供需形势变化，充分发挥进口煤对国内市场的补充调剂作用。积极稳妥参与全球能源勘探开发与投资运营。
(十四)参与引领全球能源治理变革
积极拓展绿色合作和对外投资空间。有序推进新能源产业链国际合作，加强技术和标准体系国际对接，推动产品、技术、标准、服务等一体化 “走出去”。高质量打造能源重大标志性工程。优先开展 “小而美” 项目合作，围绕风电、光伏、氢能、储能等重点领域，推动建成一批经济效益好、示范效应强的绿色能源最佳实践项目。
提升能源治理话语权和影响力。高质量开展能源主场外交，建设运营好 “一带一路” 能源合作伙伴关系和全球清洁能源合作伙伴关系等合作平台。加强区域能源合作平台建设，发挥中国与上海合作组织、阿盟、东盟、非盟、中东欧及亚太经合组织可持续能源中心等区域平台作用。深度参与多边框架下的能源合作，加强与相关国际组织交流合作。开展可再生能源领域南南合作。推动在华建立核电领域非政府国际组织。
八、保障措施
坚持党中央集中统一领导，在国家能源委员会统筹指导下，各有关方面要结合实际抓好本规划贯彻落实。国家发展改革委、国家能源局要加强规划组织实施，确定年度目标并做好年度综合平衡。各地区、各有关部门要密切协调配合，共同推动落地见效。加强规划实施用地用草用林用海等要素保障，做好能源矿区规划、项目建设水资源论证和环境影响评价，落实促进能源绿色低碳发展的财税、金融、投资、价格、科技、环保等政策。
本文编选自“国家发改委”官网，智通财经编辑：徐文强。"
美国原油库存降至1984年以来最低水平,2026-6-24 23:12,https://cn.investing.com/news/economy-news/article-93CH-3431727,Vlad Schepkov,"Investing.com -- 据美国能源信息署（EIA）周三发布的数据显示，截至6月19日当周，包含战略石油储备（SPR）在内的美国原油总库存减少逾1,500万桶，降至7.433亿桶，创下自1984年10月以来的最低水平。
EIA数据还显示，剔除战略石油储备后的商业原油库存降至2025年1月以来的最低点。
俄克拉荷马州库欣枢纽的原油储量上周降至约1,900万桶，为2014年10月以来的最低水平。
数据显示，美国中西部地区原油库存亦跌至2014年11月以来的最低点。
此外，EIA报告指出，美国东海岸馏分燃料油库存降至2022年5月以来的最低水平，东海岸炼油厂开工率也跌至2025年4月以来的最低点。

本文由人工智能协助翻译。更多信息，请参见我们的使用条款。"
霍尼韦尔与麻省理工合作研究：AI技术有望大幅降低燃料生产成本,2026-6-24 20:18,https://cn.investing.com/news/company-news/article-93CH-3431210,,"北卡罗来纳州夏洛特——霍尼韦尔（NASDAQ:HON）今日联合麻省理工学院可持续发展科学与战略中心发布研究报告，预测人工智能技术有望显著降低石油基燃料及液化天然气的年度生产成本。据InvestingPro数据显示，霍尼韦尔是工业综合企业行业的重要参与者，市值达1,410亿美元，过去十二个月营收为376.6亿美元。
这份题为《加速能源扩张》的报告估计，AI技术在应用五年内可将全球传统石油基燃料的年度生产成本降低最多550亿美元，到2050年则有望累计降低最多2,250亿美元。
在液化天然气（LNG）领域，研究预测，AI技术应用五年后，全球LNG生产成本每年可降低150亿美元，到2050年最多可降低800亿美元。报告指出，若仅在美国推广应用，到2050年LNG价格可下降1.1%；若在全球范围内推广，则长期LNG价格有望下降4.5%。
霍尼韦尔过程技术总裁兼首席执行官肯·韦斯特表示：「满足全球日益增长的能源需求，既需要投资新技术以拓宽原料来源，也需要更高效地利用现有能源基础设施。」目前，该公司市盈率为35.73倍，InvestingPro分析显示，该股目前相对其公允价值存在高估。
报告聚焦三大核心议题：扩大能源供应、高效管理能源需求，以及实现能源资源与原料多元化。该研究于霍尼韦尔2026年能源未来峰会上正式发布。
报告还探讨了现场发电与储能技术作为应对AI基础设施增长需求的扩容手段。霍尼韦尔指出，与传统燃气轮机方案相比，燃料电池系统或可实现更快速的部署，因为后者目前面临审批许可及设备供应方面的延误。
此外，研究还涵盖替代燃料的应用——包括可持续航空燃料——以及利用生物质、废弃油脂和非食用作物等本地原料构建区域性能源基础设施的发展路径。对于希望深入了解霍尼韦尔财务状况与增长前景的投资者，该公司是InvestingPro独家提供的专业研究报告所覆盖的逾1,400家美国上市公司之一。

本文由人工智能协助翻译。更多信息，请参见我们的使用条款。"
中东原油“洪流”来袭！三轮抢购后亚洲炼油商已“吃不消” 国际石油巨头及贸易商吸收过剩供应,2026-6-24 18:38,https://cn.investing.com/news/stock-market-news/article-3430947,,"智通财经APP获悉，亚洲炼油商对中东原油的需求在经历了过去三周的一轮抢购潮后开始放缓，国际石油巨头和贸易商出手承接了部分过剩供应。据熟悉内情的交易商称，在连续三轮招标之后，亚洲炼油商从阿布扎比国家石油公司(Adnoc)的采购量已经有所减少，而本周截止的第四轮招标预计也将呈现类似趋势。他们补充称，包括壳牌(SHEL.US)和摩科瑞能源集团在内的国际石油巨头和贸易公司购买了更多原油。
据悉，Adnoc在前三轮招标中共售出约6000万桶原油，这些原油将于6月至8月期间装船交付，其中大部分将流向亚洲市场。此次出售的原油品种均在波斯湾地区装载，不过买家也可以通过在霍尔木兹海峡以外进行船对船转运的方式提取货物。
上述交易商表示，在Adnoc最新一轮招标中出售的部分原油预计将流向欧洲市场。这将延续近期的一个趋势——随着亚洲买家减少采购，一波中东原油正转而流向欧洲。
此前为了弥补中东原油供应中断，亚洲炼油商曾争相采购替代货源，并已经为本月和下个月准备了充足供应。与此同时，由于高油价抑制燃料需求，炼油商也下调了加工负荷。
这一局面与中东战事爆发初期形成鲜明对比——当时市场普遍警告可能出现严重供应短缺。交易商表示，这波来自波斯湾的原油供应规模之大，已经促使亚洲炼油商考虑将原油存入运营储油罐、或者提高炼油加工负荷以消化额外供应。交易商指出，目前运费成本仍然过高，使得利用油轮进行海上浮式储油缺乏经济性，但拥有陆上储油设施的国家，则应能够较为容易地吸纳这些过剩原油供应。
交易商补充称，由于大多数炼油商已经完成了本月和下个月的采购计划，如果要刺激进一步买盘，可供出售的原油必须提供大幅折扣。此外，Adnoc还要求签有长期合同的客户立即恢复提货，这也压缩了现货市场需求。
随着美国和伊朗释放出结束战争谈判取得进展的信号，越来越多船舶正开启卫星信号通过霍尔木兹海峡这一关键水道，表明船东信心正在增强。国际海事组织(IMO)也表示，已收到安全保障，使数百艘船只得以驶离波斯湾。过去一周霍尔木兹海峡通行量有所上升，尽管仍明显低于冲突爆发前平均每天约135艘船只的水平。据海事追踪网站MarineTraffic数据，6月19日至21日，霍尔木兹海峡船只活动明显增加，共记录71次通行，其中6月20日达到单日35次高峰。
包括阿拉伯联合酋长国在内的波斯湾产油国正迅速恢复出口。根据国际能源署(IEA)的数据，阿联酋原油产量已恢复至战前水平的近85%，凸显出该地区迅速提升供应能力的实力。科威特已撤销不可抗力声明，而伊拉克也在提高产量。
在供应快速恢复的情况下，结果便是中东原油价格大幅下跌。该地区两大基准原油——迪拜原油和穆尔班原油——的远期曲线目前已转为看跌的“正价差市场”结构。
美国临时豁免部分伊朗原油采购限制，也进一步增加了市场供应选择。作为外交进程的一部分，美国在美伊谅解备忘录框架下举行的首轮高级别会谈结束后宣布暂时解除对伊朗的原油制裁。美国财政部发布了一份为期60天的一般许可，允许伊朗原油的生产、交付和销售，期限至2026年8月21日。不过，由于货物融资和保险安排仍然存在复杂问题，对于部分炼油商而言，采购伊朗原油的风险可能依然过高。"
俄罗斯议会通过税法修正案，应对燃料短缺危机,2026-6-24 20:45,https://cn.investing.com/news/economy-news/article-93CH-3431308,Jaiveer Shekhawat,"Investing.com -- 俄罗斯议会于周三通过了税法修正案，旨在解决乌克兰无人机袭击炼油厂所引发的燃料短缺问题。此次修正案还引入了基于印度交货成本和价格的燃料进口补贴政策。
近几周来，俄罗斯多个地区相继出现汽油和柴油短缺的情况，导致油价上涨，加油站排起长龙。
据俄罗斯议会官网披露，此次税法修正案允许在将直馏汽油与其他成分混合时使用较低品质的燃料。
俄罗斯财政部副部长阿列克谢·萨扎诺夫（Alexei Sazanov）在向议员发表讲话时表示：「这是一部非常重要的法律，旨在稳定国内市场形势，通过扩大国内生产和进口双渠道来增加汽车燃料供应。」他进一步指出：「最终，市场燃料供应的充裕将推动价格趋于稳定。」
此外，修正案还包括推迟炼油厂部分设备升级计划，同时保留部分税收优惠政策。
俄罗斯副总理亚历山大·诺瓦克（Alexander Novak）周二表示，俄方已就禁止柴油出口一事进行研究讨论。目前，俄罗斯已对汽油和航空燃油的出口实施禁令。

本文由人工智能协助翻译。更多信息，请参见我们的使用条款。"
XCF Global推进里诺可再生燃料设施迈向投产阶段,2026-6-24 18:40,https://cn.investing.com/news/company-news/article-93CH-3430914,,"休斯顿 — XCF Global, Inc.（纳斯达克：SAFX）今日发布新闻稿，宣布其旗下New Rise Renewables里诺设施正朝着初步投产目标稳步推进。
该设施目前正在完成最终调试工作，包括系统验证及运营准备等环节。XCF预计，该设施将在启动和优化阶段首先生产可再生柴油，并具备在后续运营中转产可持续航空燃料的能力，这也是其既定运营规划的一部分。
New Rise Renewables里诺设施的核准铭牌产能约为每年3,800万加仑，设计上可支持多品类低碳燃料的生产。
根据InvestingPro的分析，XCF Global市值约为$1.5185亿，公司背负较重债务压力，债务股本比高达10.06。截至2026年第一季度，公司过去十二个月的营收为$2,116万。
XCF Global首席执行官Chris Cooper表示：""通过优先生产可再生柴油，同时保留转产可持续航空燃料的灵活性，我们希望在短期内实现创收，并在市场条件变化时灵活调整产品结构。""
公司指出，2026年航空燃油价格同比上涨约70%，美国柴油价格涨幅也达到约50%甚至更高，折射出全球供应链所受的冲击。公司在新闻稿中将上述价格上涨归因于持续的地缘政治动荡对原油供应及炼油产能造成的影响。
XCF Global是一家总部位于美国的可再生柴油及可持续航空燃料生产商，公司表示正积极推进在内华达州、北卡罗来纳州及佛罗里达州的潜在扩张机会。
公司股票在纳斯达克资本市场上市，股票代码为SAFX。尽管过去一年股价累计下跌73%，但年初至今已反弹67%，目前交易价格为$0.46。InvestingPro订阅用户可获取关于SAFX的13条独家投资提示及全面的财务数据。

本文由人工智能协助翻译。更多信息，请参见我们的使用条款。"
埃克森美孚将于2026年7月1日完成迁址至德克萨斯州,2026-6-22 21:39,https://cn.investing.com/news/company-news/article-93CH-3427293,,"德克萨斯州斯普林——埃克森美孚日前发布新闻稿称，公司注册地从新泽西州迁至德克萨斯州的工作预计将于2026年7月1日正式生效。这家能源巨头目前在油气及可消耗燃料行业占据重要地位，市值约为5,756亿美元。
迁址完成后，ExxonMobil Holdings Corporation将取代新泽西州的埃克森美孚公司，成为新的上市母公司。公司股票将继续在纽约证券交易所以NYSE:XOM为代码进行交易，股东无需采取任何行动。
股东已在公司2026年年度股东大会上批准了这一迁址计划。埃克森美孚表示，迁址完成后将向美国证券交易委员会提交8-K表格。对于希望深入了解相关投资信息的投资者，InvestingPro提供全面的分析服务，包括公允价值估算以及涵盖XOM在内的逾1,400只美股的专属专业研究报告。

本文由人工智能协助翻译。更多信息，请参见我们的使用条款。"
电动车销量激增挑战石油需求前景，高盛发出警示,2026-6-22 22:03,https://cn.investing.com/news/stock-market-news/article-3427373,Sam Boughedda,"Investing.com - 随着电动汽车普及步伐加快，全球石油需求面临新的下行压力。高盛预计，近期电动车销量的大幅增长，可能在2027年12月前令全球石油日需求量减少多达32万桶。




高盛分析师亚历山德拉·保卢斯（Alexandra Paulus）指出，自今年2月以来，全球电动车销量渗透率已上升3.4个百分点，上月更创下26.1%的历史新高（剔除2025年9月因美国税收抵免到期所引发的短暂峰值）。
高盛数据显示，在全球15大电动车市场中，已有12个市场的渗透率出现提升，其中中国涨幅最为显著，电动车渗透率大幅攀升11.4个百分点。
高盛就需求影响构建了两种情景模型。在""短暂加速""情景下，假设各地区电动车渗透率维持在2026年5月的水平，则到2027年12月，全球石油日需求量将减少13万桶。
而在""持续加速""情景下，若渗透率继续按当前趋势推进，届时日需求损失将扩大至32万桶。
保卢斯还指出，上述分析实际上低估了电动车对石油需求的完整冲击，因为模型仅考虑了乘用车队的新增电动车，并未纳入两轮和三轮电动车的影响——后者在印度占全部电动车销量的92%，在越南则占80%。此外，约55%的全球石油需求与道路燃料并无直接关联，同样未被计入。
高盛表示，电动车加速普及使其石油价格下行情景更具可信度——在该情景下，布伦特原油价格可能于2027年底跌至每桶50美元中段水平。不过，高盛同时警告称，""霍尔木兹海峡潜在的持续性流量受阻，将构成显著的油价上行风险。""
本文由人工智能协助翻译。更多信息，请参见我们的使用条款。"
中金：油价回落 买什么 卖什么？,2026-6-22 08:01,https://cn.investing.com/news/stock-market-news/article-3425903,,"智通财经APP获悉，中金发布研报称，当前美伊已签署第一阶段谅解备忘录，局势呈现阶段性缓和。当前市场对地缘不确定性的反应或逐渐钝化，外部风险下降有助于投资者信心修复。上周A股已回归基本面与成长主线，7-8 月中报期业绩有望对市场形成支撑。不过，谅解备忘录并非最终协议，后续多方谈判仍有较多不确定性因素，此前已多次出现局势反复，仍需关注地缘局势的阶段性扰动。此外，AI赛道当前拥挤度较高，全球AI产业链波动共振，若后续海外风险事件再度发酵，或通过情绪渠道传导至A股。
中金主要观点如下：
伊美和谈迎重大进展，油价近期明显回落
近期伊美达成谅解备忘录，全球资产迅速积极反应。布伦特原油和WTI原油6月16日双双跌破80美元/桶。全球风险资产方面，亚太市场反应尤为积极，6月15日当日，日经225指数大涨5.0%，韩国综合指数大涨5.2%，纳斯达克上涨3.1%。美联储6月17日议息会议维持利率不变，但点阵图及新任美联储主席沃什的表态被市场解读为偏鹰派，短端美债收益率和美元走强，美股在当日小幅回调，但次日迅速收复跌幅。
A股情绪亦快速修复，6月15日沪指收涨1.6%，创业板指收涨5.3%，科创50收涨5.1%，且6月15日-18日连续四个交易日单日成交额突破3万亿元，两融余额持续攀升，资金活跃度提升。从风格表现来看，科创风格显著领涨，周内科创50和创业板指分别以14.9%、11.0%领涨主要指数，电子、通信行业涨幅分别达17.5%与14.9%;建筑材料、机械设备等顺周期板块同样受益于风险偏好改善与供需预期回暖而有所表现;煤炭、石油石化、银行等传统能源与红利板块表现偏弱。
从截至6月21日的最新情况来看，尽管原定于6月19日举行的美伊会谈被取消，但据媒体报道双方于18日签署了谅解备忘录，美军随即解除对伊朗的海上封锁。另据媒体报道，21日美伊谈判代表抵达瑞士，将于当日展开后续谈判。
地缘风险下行及油价回落短期有助于提振A股市场风险偏好
回顾2000年以来，因核心产油国地缘冲突引发油价上行，随后油价随地缘降温或流动性收紧显现回落的阶段，持续时间较短的地缘冲突对油价和资本市场的冲击通常较为短暂，如2003年伊拉克战争和2025年以伊冲突，油价往往先于冲突提前计入风险溢价，一旦冲突正式打响或进行中，油价便已快速回落，至冲突结束时基本回归此前水平。而部分对供给端形成实质性冲击的冲突，如2011年中东局势动荡和2022年俄乌冲突，因产能实际受损、运输风险加剧等，油价虽从峰值回落，但可能仍在相对高位持续震荡较长时间。
短期而言，地缘风险消退、油价回落通常有助提升全球投资者风险偏好;中长期市场往往回归基本面与景气赛道，而若通胀居高不下迫使全球主要国家央行调整货币政策，则相应资本市场表现仍或承压。从过去20多年全球地缘冲突相应的资产表现来看：
2003年伊拉克战争正式打响前，油价已计入明显的冲击溢价，3月7日布伦特原油上行至34.1美元/桶的年内高点，随后于3月12日触及33.91美元/桶的次高点后开始见顶回落。油价走弱初期，A股能源、消费板块承压。3月20日战争打响后，油价已基本回落至战前中枢水平，持续保持低位震荡，A股经历约一周震荡整理后，重新回归此前的结构性行情，以钢铁、汽车、金融、石化、电力为代表的“五朵金花”表现突出，成为市场主线。
2011年中东局势动荡，利比亚的原油生产和出口大幅下滑，全球原油供应出现明显缺口，布伦特油价由此前约80美元/桶的中枢快速攀升至126美元/桶。此后，地缘摩擦不断，直至2014年上半年，油价持续在100-120美元/桶区间高位震荡。
2011年从国内情况看，受地缘及国内环境综合影响，央行年内六次上调存款准备金率、三次加息，流动性持续收紧，叠加欧洲主权信用评级遭下调、全球二次衰退担忧升温，上证指数于4月18日触及年内高点后震荡下跌，各行业普遍回调。食品饮料行业，尤其是白酒板块，因其稳定且较高的业绩增速获得股价支撑，成为油价回落阶段少有的亮点。
2014年下半年，地缘风险逐步消退、全球石油需求走弱、美元走强，油价开启长达半年的单边下跌模式，年底布伦特油价跌至57.33美元/桶，随后在50美元/桶上下低位震荡。与此同时，国内政策也转向宽松(央行创设PSL、定向降准、降息)，资本市场改革预期升温，A股市场经历2013年结构市后迎来普涨行情。
2022年2月底俄乌冲突爆发大幅推升油价，布伦特原油一度冲高至近140美元/桶。6月10日，美国公布的5月CPI同比上涨8.6%，再创1981年12月以来最大增幅，令市场对美联储激进加息的担忧升温。不过随后2022年二季度全球石油库存自2020年同期以来首次出现季度性盈余，供给端的“短缺预期”和缓，担忧情绪开始释放。6月16日，美联储一次性加息75个基点，7月继续加息75bp，向市场释放了明确的控制通胀信号。6月17日，情绪集中宣泄，油价加速下跌，布伦特原油当日跌幅达4.6%，报113.61美元/桶，自此开启了一轮持续半年的下行通道，到2022年12月跌至80美元/桶以下，回吐了俄乌冲突爆发以来的全部涨幅，并开始在80美元/桶偏高位震荡。此外，A股非金融盈利与ROE于2021年二季度触及高点后步入下行周期，其中或不乏油价长期处于高位对企业盈利造成的实质性影响。
2025年6月，以伊冲突对油价造成了短暂冲击，对A股扰动有限。冲突期间，油价冲高回落，高点出现在6月19日，布伦特原油盘中最高反弹至79.04美元/桶。到6月24日双方达成停火协议时，油价已基本回归冲突前水平。期间A股表现以国内环境影响为主，消费板块压力较大;通信、电子、电力设备板块表现突出。
从历史规律来看，地缘冲突缓和、油价回落通常会在短期内提升市场风险偏好，带动股市表现，成长风格一般弹性更强，煤炭、石油石化等传统能源板块表现多较弱。同时，油价回落会缓解航空、运输、部分油头化工、高耗能行业的成本压力，橡胶、塑料、玻璃玻纤、电子化学品等行业在短期往往获得相对表现，3个月内亦多录得正收益。中长期来看，若货币政策未受通胀掣肘，市场往往会回归基本面与景气赛道主线。
本轮冲击不同于2011年和2022年，国内通胀压力和政策约束更弱，上市公司基本面更好
当前地缘冲突阶段性缓和、油价回落，相较2011年，更有利的背景在于国内通胀压力与政策约束明显更弱;与2022年相比，A股产能周期改善的行业越来越多，更多企业盈利已步入修复通道，ROE底部有望出现，同时科技成长主线更为清晰。4月规上工业企业利润增速达24.7%，较3月(+15.8%)进一步增长，利润率也持续改善，显示出企业盈利修复的积极态势。不过，受中东冲突引发的能源供给冲击影响，5月化学原料及化学制品制造业的工业增加值同比增速由4月的5.3%回落至0.3%，部分行业盈利下修风险可能在二、三季度逐步显现。高油价的影响虽在PPI数据上有所体现，但在当前内需偏弱的背景下，暂时不会制约适度宽松的货币政策取向。作为原油净进口国，油价回落有助于改善我国贸易条件、降低相关企业成本，并对中下游企业利润率形成支撑，后续关注中报与三季报企业盈利情况。
油价中枢可能不会很快回落至冲突前水平。冲突期间，全球各国石油库存持续消耗，冲突中受损的炼油设施、油田产能需要时间修复重启，价格回落期间的补库需求与供应链修复可能对油价中枢形成一定支撑，因此，油价短期内持续下行空间有限，可能在高于冲突前中枢上方震荡，但其对宏观经济与企业成本的冲击已较冲突高峰期明显减弱。
当前风险或主要在于美联储政策路径。一般而言，地缘冲突缓和、油价回落会降低通胀压力，缓解加息担忧，但当前美国通胀仍然高于目标水平，6月FOMC会议点阵图偏鹰、新任美联储主席沃什反复强调美联储通胀目标，市场读出了偏“鹰派”信号，需关注后续美联储政策演绎。
从中期来看，地缘与能源价格波动甚至中枢抬升对全球供应链和宏观环境的实质影响仍将持续。AI基建和部分主要国家再工业化进程将强化全球缺电趋势，油价的波动也仍将继续催化能源转型。
短期关注油价中枢回落受益领域，慎“估”择“优”，把握业绩准绳
当前美伊已签署第一阶段谅解备忘录，局势呈现阶段性缓和。当前市场对地缘不确定性的反应或逐渐钝化，外部风险下降有助于投资者信心修复。上周A股已回归基本面与成长主线，7-8 月中报期业绩有望对市场形成支撑。不过，谅解备忘录并非最终协议，后续多方谈判仍有较多不确定性因素，此前已多次出现局势反复，仍需关注地缘局势的阶段性扰动。此外，AI赛道当前拥挤度较高，全球AI产业链波动共振，若后续海外风险事件再度发酵，或通过情绪渠道传导至A股。
中期来看，成长行情的决定因素在于高景气的产业趋势和盈利兑现，其重要性往往超出宏观、估值、资金等其它因素。如果景气上升趋势较为明确，分子端的增长动能有望对冲分母端利率和风险溢价上行。924 以来的A股震荡上行趋势仍在延续，积极配置进行时，当下市场“稳”好于“快”。国际秩序重构与我国产业创新趋势共振是推动本轮市场上行、中国资产重估的核心驱动力，这两大条件未发生动摇，当前市场较以往更加具备长期、稳进条件。
配置上，短期关注油价中枢回落受益领域，慎“估”择“优”，把握业绩准绳。建议关注三条主线：1)油价回落背景下关注短期受益领域，重点关注以原油为直接原料，或对燃料、物流成本高度敏感的行业，如航空、运输、部分油头化工及高耗能制造业等。中期来看，AI基建和部分主要国家再工业化将强化全球电力供需紧张格局，油价的波动也将持续催化能源转型。2)AI产业链“精挑细选”：AI产业链商业化取得重要突破后，板块空间已随着基本面预期上修，结合估值、供需关系紧张程度，首选光通信、电子元件等海外供应链的基础设施环节，部分领域如算力前期估值抬升速度高于基本面，需更注重业绩预期匹配。3)周期反转：结合产能周期位置和需求回升信号，建议关注供需问题临近改善拐点，如工程机械、细分化工品、光学光电子、部分创新药等。此外，当前泛消费领域可能处于偏底部位置，趋势回稳仍需内需改善信号;高股息或仍为阶段性、结构性机会。
图表1：地缘冲突期间的A股与油价
资料来源：Wind，中金公司研究部
图表2：油价长期处于高位或对A股非金融板块盈利带来压力
资料来源：Wind，中金公司研究部
图表3：四次地缘冲突油价回落阶段A股表现
注：以油价进入回落通道为起始点，计算前后7天、30天、90天及180天窗口期表现
资料来源：Wind，中金公司研究部"
伊朗协议达成致原油下跌，菜籽油期货随之走低,2026-6-19 04:07,https://cn.investing.com/news/commodities-news/article-93CH-3424828,Jaiveer Shekhawat,"Investing.com -- 周四，ICE菜籽油期货随豆油走低，原因是美国主导的伊朗冲突达成临时协议，推动原油价格跌至3月初以来的最低水平。
7月菜籽油期货RSN6下跌$10.10，收于每公吨$728.90。11月期货RSX6下跌$11.80，报$734.30。
本周以来，受原油价格持续下跌影响，菜籽油及其他植物油价格整体走低。全球石油需求的减少直接导致生物燃料需求下降，进而拖累植物油市场。
周四，原油价格跌至2月底伊朗冲突爆发以来的最低点。各方就停止敌对行动、重开霍尔木兹海峡并放宽对德黑兰制裁达成临时协议，全球供应前景随之改善。
加拿大皇家银行道明证券（RBC Dominion Securities）大宗商品期货主管托尼·特里胡克（Tony Tryhuk）表示，若原油价格继续下行，且大宗商品基金持续平仓离场，菜籽油价格仍有进一步下探的空间。

本文由人工智能协助翻译。更多信息，请参见我们的使用条款。"
能耗成本节约50%！新能源商用车逆势增长，甲醇电动成绿色交通“最优解”？,2026-6-18 19:37,https://cn.investing.com/news/stock-market-news/article-3424253,,"本文来源：时代周报 作者：曹杨、宋然
受多重因素叠加影响，今年5月国内整体汽车市场同比出现两位数下滑。但商用车市场的销量，却呈逆势稳步增长，其中新能源商用车增长势头则更为迅猛。
中国汽车工业协会数据显示，5月，商用车产销分别完成37.5万辆和37.6万辆，同比分别增长11.8%和12.5%；新能源商用车国内销量10.3万辆，环比增长7.8%，同比大幅增长58.4%，新能源商用车国内销量占商用车国内销量比例达40.1%。
行业高速增长的背后，离不开各大车企在产品布局、场景落地层面的持续深耕与加码。
工信部披露的《道路机动车辆生产企业及产品公告》第403批至408批新产品公示显示，新能源商用车申报占比持续走高，并超过传统能源商用车，整体占比突破50%。
企业表现方面，5月，北汽福田新能源商用车销量达12354辆，同比增长52.6%；东风股份新能源车型销量3355辆，同比暴涨164.2%，增长态势十分突出。
渗透率快速攀升的同时，技术路线的争议并未平息。
6月17日，由车百会研究院主办、全球甲醇电动生态联盟承办的“绿色交通转型论坛（香港）暨甲醇电动汽车发展论坛2026”（下称：论坛）正式召开。论坛主题是“促进绿色交通闭环 推动甲醇电动破局”，讨论主要围绕甲醇电动技术在交通场景里的实际落地。商用车是其中一个重点方向。
远程新能源商用车集团CEO范现军在论坛上表示，目前，吉利远程已形成覆盖全球64个国家与地区的全球化销售服务网络。
图源：吉利远程新能源
不过在行业快速扩容的同时，新能源商用车转型短板也愈发凸显。场景适配不均衡、重载长途工况适配性差等诸多现实问题，依旧是制约行业全面新能源化转型、亟待突破的核心难题。
新能源商用车渗透率持续攀升，行业头部优势凸显
拉长行业时间维度可以发现，我国新能源商用车的销量增长与渗透率提升早已呈现明确的上升趋势。
中国汽车工业协会数据显示，2025年我国新能源商用车国内销量达87.1万辆，同比增长63.7%，占商用车整体国内销量的26.9%。其中9-12月单月市场渗透率分别达到30%、30.9%、33.9%、38.3%，连续四个月稳定突破30%关口，行业渗透速度持续加快。
业内主流观点认为，新能源商用车渗透率突破30%，标志着行业正式迈入以市场驱动为主的转型关键阶段，行业发展进入全新周期。
与多数制造业发展规律相似，新能源商用车市场规模快速扩容，头部企业竞争优势不断凸显，市场集中度稳步提升。
KERUI智库发布的《新能源VAN市场竞争格局剖析与标杆企业洞察》报告显示，2024年至2026年1-4月，新能源VAN市场CR3、CR5、CR10（前三、前五、前十企业市场集中度）持续走高。
从企业排位来看，近三年五菱、远程、长安稳居行业前列，整体位次保持稳定；而行业4-10名企业竞争激烈，位次更迭频繁。其中大通、江铃、福田市场排名持续上行，瑞驰、奇瑞、鑫源、东风股份则呈现位次下滑态势，行业中端梯队竞争格局动态变化显著。
6月18日，吉利远程相关负责人在香港车博会上表示，目前远程新能源商用车已完成重卡、轻卡、小微卡、LCV、客车等全品类商用车产品布局，可全面覆盖各类商用运营场景，品牌累计销量已突破50万辆，市场规模化优势初步成型。
但在行业整体渗透率稳步走高的背景下，市场场景分化的痛点也日益凸显。
有业内相关人士指出，新能源商用车的渗透表现呈现明显的场景差异化：短途城区配送场景适配性最佳，渗透率已突破50%；300-500公里中短途运输场景渗透率大幅回落；而500公里以上长途干线运输场景，渗透率不足5%。
行业转型痛点突出，甲醇成商用车最优解？
客观来看，场景适配难题是商用车新能源化进程滞后于乘用车的核心原因之一。
究其本质，长途运输场景若采用纯电动技术路线，需搭载大容量电池，电池自重会大幅增加车辆载重负担，直接影响运输效率与运营经济性。
与此同时，纯电动车型在低温环境下续航大幅衰减的问题，在500公里以上长途干线运输场景中被进一步放大，难以满足高频、高效的商用运输需求。
论坛上，车百会研究院副理事长、车百智库研究院院长师建华直言，商用车作为交通运输的核心载体，其电动化进程面临重载长途、低温适配、补能效率等现实痛点，技术路线多元化已成为行业共识。
车百会研究院副理事长、车百智库研究院院长师建华
师建华指出，“甲醇电动技术兼具清洁低碳、储运便捷、补能高效、经济可靠等核心优势，可全面覆盖公交、重卡、矿卡、船舶等多元场景，是保障国家能源安全、落实‘双碳’目标、推动交通产业可持续发展的重要路径。”
范现军补充表示，甲醇是适配交通领域的优质清洁能源，具备续航里程长、运营成本低的核心优势，且甲醇冰点低至-97℃以下，彻底规避了低温环境下动力衰减的行业痛点。
伴随甲醇电动技术的持续迭代升级，该技术不仅解决了商用车续航焦虑，其经济价值与实用价值也进一步凸显。
范现军介绍，目前甲醇电动技术已迭代至3.0版本。依托3.0代甲醇电动技术，远程新能源已实现技术场景的全域拓展，应用范围从传统商用车，延伸至工程机械、船舶、农业机械、发电设备等多个领域，技术落地场景持续丰富。
“经济效益来看，甲醇电动轻卡单公里燃料成本仅0.5元，相较传统燃油轻卡，能耗成本节省50%以上。”
论坛上，中国工程院院士、香港理工大学杰出讲座教授、香港大学荣誉教授陈清泉表示，绿色交通能源要闭环，闭环离不开甲醇，汽车里面的动力系统一定是多元的动力系统，最主要是太阳能、风能，还有氢能。光氢能不行，氢能运输很困难，还要加甲醇。
“汽车动力系统多元化，还有汽车能源的多元化，这个才能闭环。”
中国汽车技术研究中心首席专家、中国汽车战略与政策研究中心副主任方海峰则认为，未来五年中国甲醇汽车产业将加速发展，逐步成为推动交通领域系统性脱碳的重要技术路线。"
霍尼韦尔将为巴西Acelen生物燃料工厂提供技术支持,2026-6-17 20:16,https://cn.investing.com/news/company-news/article-93CH-3421951,,"北卡罗来纳州夏洛特——霍尼韦尔（NASDAQ:HON）今日宣布，将为Acelen Renewables位于巴西巴伊亚州的生物燃料工厂提供工艺技术及自动化系统。这家市值1,450亿美元的工业集团今年以来股价累计上涨近19%，目前报价$229.49。
该工厂将采用霍尼韦尔的Ecofining工艺技术，以及泵、压缩机和集成控制与安全系统，用于生产可持续航空燃料（SAF）和可再生柴油。据新闻稿显示，Acelen计划使用巴西本土原料——澳洲坚果棕榈油（macaúba oil）作为生产原料。
霍尼韦尔UOP Ecofining工艺由霍尼韦尔与Eni SpA联合开发，可将废弃油脂转化为可再生柴油和可持续航空燃料。该公司表示，根据国际民航组织CORSIA默认生命周期排放值，上述燃料与传统航空燃油混合使用时，可将温室气体排放量减少最高达80%。
霍尼韦尔的模块化交付模式旨在与传统建设方式相比缩短施工周期、降低成本。目前，该公司已在全球范围内交付逾1,500套模块化工艺装置，涵盖多项技术领域。
Acelen Renewables首席运营官马塞洛·科尔达罗（Marcelo Cordaro）表示：""巴西正通过这一在经济、社会和环境层面均具可持续性的项目，迈向生产未来燃料的新时代。霍尼韦尔的工艺技术与自动化专业能力，将帮助我们工厂最大化生产低排放燃料，满足全球对可再生燃料日益增长的需求。""
霍尼韦尔工艺技术总裁兼首席执行官肯·韦斯特（Ken West）表示，技术与集成自动化在降低可再生燃料成本方面发挥着重要作用，并指出公司技术的持续进步已有效降低了可持续航空燃料的生产成本。
集成控制与安全系统将嵌入Experion PKS平台中运行。

本文由人工智能协助翻译。更多信息，请参见我们的使用条款。"
油价在伊朗协议提振供应预期之际维持在近三个月低位附近,2026-6-17 08:23,https://cn.investing.com/news/commodities-news/article-3420777,Ayushman Ojha,"Investing.com - 油价周三小幅走高，此前连续多日下跌已将原油价格拖至三个月低位，投资者正在权衡美伊初步和平协议可能带来的全球供应增加前景。
截至美国东部时间上午9:21（北京时间21:21），全球原油基准布伦特原油期货上涨1.2%，报每桶$79.90，而美国西德克萨斯中质原油（WTI）期货上涨0.7%，报每桶$76.60。
两大基准油价在过去两个交易日均累计下跌约10%，其中布伦特原油更是自3月初以来首次跌破每桶$80关口。
订阅InvestingPro，获取大宗商品市场深度洞察

交易员持续关注中东和平框架协议的潜在影响。该协议若落实，可能为霍尔木兹海峡逐步重新开放铺平道路，并推动更多原油供应回归全球市场。
据媒体报道，根据协议内容，美国将解除对伊朗港口的封锁，而德黑兰方面则将恢复霍尔木兹海峡的海上通行。该协议预计于周五正式签署，届时伊朗可在签署后立即出售其石油。
国际能源署（IEA）在其月度报告中预测，随着霍尔木兹海峡关闭局面逐步恢复，全球石油市场明年将出现显著供应过剩。
不过，协议的落实仍存在诸多不确定性。有报道显示，航运公司对于派遣船只通过该海峡持审慎态度，尤其是在安全安排和运营条件尚待明确的情况下。
分析人士警告称，油流全面恢复正常可能需要比市场目前预期更长的时间，这或将持续对油价形成上行压力。尽管当前油价低于战时峰值，但仍高于冲突爆发前的水平。
油价上涨引发通胀持续高企的担忧，这也给各国央行的政策走向带来压力。美联储预计将于周三维持利率不变，官员们正密切关注美国通胀走势——5月份通胀率加速升至三年高位，主要原因是汽油价格大幅攀升。
上周，欧洲央行宣布加息，并警告能源价格上涨引发通胀浪潮所带来的冲击。
从理论上看，持续高企的利率将抑制整体经济活动，进而可能对石油需求造成拖累。
CMC Markets全球市场主管劳伦斯·布斯（Laurence Booth）表示：「对投资者而言，更值得关注的或许是市场从地缘政治风险溢价向’长期高利率’环境的转变。市场目前似乎已对中东局势降温有所消化，但可能低估了若通胀持续超预期，货币政策将保持多大程度收紧的风险。」
（Ayushman Ojha对本文亦有贡献）"
北水动向|北水成交净卖出32.22亿 建滔积层板(01888)年内第五次提价 北水全天抢筹超38亿港元,2026-6-17 17:45,https://cn.investing.com/news/stock-market-news/article-3421563,,"智通财经APP获悉，6月17日港股市场，北水成交净卖出32.22亿港元。其中港股通(沪)成交净卖出10.37亿港元，港股通(深)成交净卖出21.85亿港元。
北水净买入最多的个股是建滔积层板(01888)、建滔集团(00148)、智谱(02513)。北水净卖出最多的个股是阿里巴巴-W(09988)、中海油(00883)、腾讯(00700)。
港股通(沪)活跃成交股
港股通(深)活跃成交股
北水继续抢筹建滔系，建滔积层板(01888)、建滔集团(00148)分别获净买入38.74亿、18.21亿港元。据报道，6月16日，建滔积层板再发布涨价函，由于目前铜价高企，玻璃布价格持续上涨且供应十分紧张，导致覆铜板成本急剧上升，公司对所有FR-4、PP提价15%。值得注意的是，此次为建滔年内第五次提价，产品累计涨幅超50%。花旗此前指，将建滔集团2026至2028年盈利预测上调34%至53%，主要受惠于建滔积层板电子玻纤布价格超预期上涨。
智谱(02513)获净买入8.39亿港元。智谱推出最新一代旗舰模型GLM-5.2。麦格理认为，GLM-5.2的推出带来正面影响，并可能加强该公司在随后订阅计划中的定价能力，这应会继续推动强劲的年度经常性收入增长势头。中金表示，由于智谱模型能力快速迭代并且超市场和我们预期，对公司远期API加速释放较为乐观。
兆易创新(03986)获净买入6143万港元。汇丰前海证券发布研报称，DDR4/LPDDR4供应仍然不足。凭借与长鑫存储的稳定关系，公司是少数几家在2026-2028年能够扩大DDR4产能的公司之一。同时，该行认为公司汽车和AI应用定制化DRAM产品有望在2026年下半年实现盈利贡献，巩固公司在高价值利基DRAM市场的战略布局，并支撑产品均价持续增长。
腾讯(00700)、阿里巴巴-W(09988)分别遭净卖出14.44亿、20.85亿港元。中金发布研报称，线上平台板块今年以来相对低迷，消费属性赛道面临短期压力，且市场AI叙事进一步聚焦硬件、模型，板块估值已回落到历史估值25分位以下。在低估值背景下，该行认为不必过于悲观，应自下而上精选基本面依然有亮点的个股。
中海油(00883)遭净卖出14.89亿港元。美伊协议达成，油价连续下跌。霍尔木兹海峡有望恢复通航，国际油价承压下行。但排雷以及受损产量恢复均需一定时间，油价下方存在支撑。据报道，在美国与伊朗本周签署谅解备忘录后，伊朗即可对外销售其石油和燃料。
此外，长飞光纤光缆(06869)、华虹宏力(01347)分别获净买入5778万、5513万港元。"
谢展寰：港府推多项措施应对燃料价格 含柴油补贴及隧道费减免,2026-6-10 13:49,https://cn.investing.com/news/stock-market-news/article-3410078,,"智通财经APP获悉，6月10日，香港环境及生态局局长谢展寰在回复议员提问时表示，专责组已经推出了包括柴油补贴计划、减免所有商用车辆隧道费、液化石油气燃料补贴、设立公共交通服务特别申请工作组等措施以应对燃料价格。
第一，柴油补贴计划（补贴计划）由今年四月三十日起实施至六月二十九日，为期两个月，支援以柴油为燃料的公用或商用车辆及船只和相关工商业。在补贴计划下，在香港本地使用柴油的用户在购买柴油时可获得每公升港币三元的补贴，从而令每公升柴油售价下调港币三元。相关补贴措施预计需约18亿港元。
第二，五月十七日起，减免所有商用车辆使用香港政府收费隧道百分之五十的隧道费，为期两个月，直至七月十六日。临时措施旨在减轻商用车辆的营运成本，因此措施的受惠对象是商用车司机和营办商。预计约165000辆商用登记车辆会受惠，香港政府的隧道费收入预计减少约1.6亿港元。
第三，五月三十一日起，香港政府向的士、公共小巴及学校私家小巴提供每公升港币0.5元的液化石油气燃料补贴，为期两个月，直至七月三十日。临时措施旨在减轻以液化石油气为主要燃料的本地客运商用车辆的营运成本，以减低其加价压力，预计措施可惠及约16900辆液化石油气（包括液化石油气混能）的士、约3440辆石油气公共小巴（包括绿色专线小巴及红色小巴），以及约170辆石油气学校私家小巴。
第四，设立公共交通服务特别申请工作组（工作组），协助公共交通营办商（包括公共巴士和渡轮）灵活应对燃油成本上升的申请。工作组已于四月十六日召开首次会议，听取专营巴士营办商目前的经营环境和营运情况，以及他们应对燃油成本上升的措施。工作组会考虑具针对性的临时措施，协助营办商节省能源和提升营运效率，以应对油价变动。
谢展寰指出，香港车用燃油的零售价一向是个别油公司按市场原则和营运成本而厘定，香港政府明白香港各行业对车用燃油价格的关注，密切监察香港本地车用燃油零售价有否跟随国际成品油价的升降走势变动，并且和油公司保持联络，敦促他们在国际成品油价回落时应尽快调低其零售价格。
为协助公众监察本地车用燃油价格的变化，香港环境及生态局由2026年四月一日起，每周发布各油公司无铅汽油和柴油在门市折扣后的七天移动平均零售价，与同期国际成品油的市场指标价格走势，提升市场和价格的透明度。竞争事务委员会（竞委会）亦已与油公司会面，强调市场公平竞争和资讯透明的重要性。竞委会将继续密切注视市场有否出现合谋定价或不公平竞争的行为，确保市场公平运作。
香港有着背靠祖国的优势，在全球不少地区和城市都出现能源供应短缺下，得以能够维持供应稳定，只是香港的燃油价格仍然是按市场原则厘定。
谢展寰表示，目前并未打算引用《石油（保存及管制）条例》（第264章）第6条。香港政府会继续动态评估，密切留意国际局势和能源价格走向，统筹各政策局和部门做好应对预案，并作前瞻性部署，亦会研究不同的举措，适度缓解油价上升对社会民生带来的影响。"
需求遭战争“摧毁”、供应即将井喷！IEA预警：2027年油市将滑向“显著过剩”,2026-6-17 17:11,https://cn.investing.com/news/stock-market-news/article-3421511,,"智通财经APP获悉，国际能源署(IEA)周三发布报告称，由伊朗战争引发的石油供应冲击已在一定程度上削弱了全球原油需求，而若冲突能达成持久解决，供应量或将大幅反弹，并可能在明年造成显著的石油过剩局面。

在其最新月度石油市场报告中，IEA将2026年全球日均需求增长预期大幅下调至110万桶，较上月预测减少了70万桶/日。报告指出，今年第二季度全球石油交付量骤降500万桶/日，是此次下调的主要原因。
与此同时，5月全球石油产量降至每日9450万桶，环比减少60万桶/日，较战前水平大幅缩水1360万桶/日。
IEA预计，2026年全球日均供应量将同比减少390万桶，降至约1.024亿桶，但到2027年将强劲反弹至1.103亿桶。
该机构指出，需求下滑反映了燃料价格高企和成品油短缺的双重压力，并强调此次地缘冲突的影响早已不再局限于单纯的供给端冲击。
“显著过剩”即将来临
然而，IEA同时表示，到2027年，全球供应量预计将大幅增加约800万桶/日，达到约1.1亿桶/日，远超届时日均需求仅增长200万桶、至1.053亿桶的温和复苏水平。
IEA在报告中指出：“我们对2027年供需平衡的首次评估显示，明年市场将出现明显的供应过剩。”
这份报告发布之际，投资者正密切关注美国与伊朗之间旨在结束中东冲突的协议进展，以及霍尔木兹海峡可能重新开放对能源市场的影响。
随着三艘装载近500万桶原油的伊朗油轮突破美国海军在霍尔木兹海峡的封锁线，加之周五美伊双方将在日内瓦签署协议的消息传出，国际油价已跌至三个月以来的低点。
周三，国际基准布伦特原油价格报收于每桶78.44美元，微跌0.7%;美国WTI原油7月交割期货价格则下跌近1.1%，报收于75.18美元。
IEA在报告中写道：“若协议得以维持，海湾地区的石油出口和生产应会逐步恢复——尤其是随着美国封锁解除，伊朗原油出口有望全面重启。”
供应正常化或需数月时间
报告撰稿人提及，本月早些时候，得益于阿曼湾海域的船对船转运作业，霍尔木兹海峡的通航量已出现明显回升，总流量从5月低点的960万桶/日回升至约1200万桶/日。
不过，IEA警告称，全面恢复可能不会一蹴而就。报告补充道：“主航道上的水雷需清除，供应链的重建也需要时间。”
IEA还对全球石油库存压力表达了谨慎看法。
数据显示，5月全球已观测石油库存减少1.43亿桶，较4月7400万桶的降幅进一步扩大。自2月28日冲突爆发以来，全球库存已累计减少约380万桶/日。
IEA指出：“尽管原油和成品油需求已大幅下降，但系统中的缓冲库存仍在以创纪录的速度被消耗。未来几个月库存的进一步下降，可能会在全球供需平衡在年底前转为盈余之前，将全球石油库存推至历史低位。”
PVM Oil Associates分析师塔马斯·瓦尔加表示，尽管库存大幅下降，但目前油价已“逼近”2月底冲突爆发前的水平。
瓦尔加分析称：“当前市场的基本假设是，霍尔木兹海峡将重新开放，船舶将恢复双向通航。无论恢复进程多么缓慢，石油流通的逐步恢复都将对市场平衡产生实质性影响。关键问题在于，这种影响的程度会有多大。”"
美股前瞻 | 三大股指期货涨跌不一 美联储利率决议今夜来袭,2026-6-17 20:03,https://cn.investing.com/news/stock-market-news/article-3422013,,"盘前市场动向
1. 6月17日(周三)美股盘前，美股三大股指期货涨跌不一。截至发稿，道指期货跌0.02%，标普500指数期货涨0.05%，纳指期货涨0.41%。
2. 截至发稿，德国DAX指数涨跌0.15%，英国富时100指数跌0.05%，法国CAC40指数涨0.09%，欧洲斯托克50指数涨0.35%。
3. 截至发稿，WTI原油涨0.83%，报76.68美元/桶。布伦特原油涨0.80%，报79.59美元/桶。
美联储6月会议料按兵不动，为新主席沃什任内首次决策。美联储在2026年6月会议上预计将维持联邦基金利率在3.50%-3.75%不变，为连续第四次按兵不动，因政策制定者需应对持续的通胀以及价格压力缓解速度的不确定性。此次会议为新任主席凯文·沃什上任后的首次决策。其任命之初市场曾预期偏向降息和政策宽松，但目前市场预期已转向更偏鹰派的立场。尽管美国和伊朗已达成临时和平协议，但油价仍高于冲突前水平，而近期劳动力市场数据指向就业持续走强。投资者将密切关注美联储更新的经济预测，包括“点阵图”，以寻找未来利率路径的信号。不过，许多分析师预计新任主席沃什不会参与此次点阵图预测。今年3月，美联储曾预测2026年降息一次、2027年再降息一次。
城堡证券预警：市场严重误判!美联储9月连续加息风险骤升，年内或累计紧缩75基点。城堡证券指出，随着通胀压力日趋顽固且范围扩大，美联储最早于9月启动连续加息的可能性正在上升。该机构宏观策略主管弗兰克·弗莱特在给客户的报告中表示，尽管美伊达成临时和平协议后油价有所回落，但地缘冲突期间累积的通胀压力已变得根深蒂固。他进一步指出，金融条件持续宽松、供应链瓶颈尚未完全修复、劳动力市场再度加速，以及人工智能投资热潮的涌现，多重因素叠加，共同支撑价格压力居高不下。在此背景下，弗莱特预计，美联储主席沃什将在本周三的首场政策会议上释放更为鹰派的信号，加息风险正逐步向9月、12月及2027年3月的时间节点积聚。这一展望较当前市场定价更为激进——利率互换合约显示，市场预期9月加息的概率仅为约三分之一。
华尔街激辩美股前路!乐观派看高标普500至9000点，空头警告涨势面临多重考验。投行Evercore ISI维持其对美国股市的积极展望。该机构认为，投资者持有的大量现金储备有望继续为美股上涨提供支撑，并预计在乐观情景下标普500指数到今年年底可能涨至9000点。“华尔街老兵”亚德尼、摩根大通资管公司则都认为，强劲的企业盈利增长将继续为股市提供支撑。但与此同时，包括城堡证券、PGIM等在内的越来越多华尔街机构开始对风险资产未来走势发出警告。在中东地缘政治风险暂且退场的情况下，美股可能将迎来真正的考验。
美伊本周五签署协议，特朗普称海峡永久免费开放，美伊协议文件数日内公布。美国总统特朗普最新表示，霍尔木兹海峡将于周五(6月19日)全面重新开放，并将永久保持免费航行。他称船只将开始顺利通行，石油开始流通，油价正在迅速下降，股市将快速上涨。特朗普还重申，伊朗不会拥有核武器。美国与伊朗将于周五在瑞士正式签署谅解备忘录。签署后，双方将启动为期60天的会谈，重点讨论尚未解决的问题，包括伊朗核问题。特朗普表示，即使在60天谈判结束后，霍尔木兹海峡也将继续免费开放。特朗普承诺将在数日内向媒体公布与伊朗达成的和平协议文件，并可能召开新闻发布会逐字宣读。他不排除之后会将伊朗核协议提交国会审批。不过，关于海峡是否“永久免费”，美伊双方说法不一。伊朗方面表示，仅同意给予船舶60天的免费通行期，之后计划通过提供航行安全等服务获取收益。伊朗还强调，霍尔木兹海峡的未来管理将由伊朗和阿曼共同决定。
季度现金消耗超营收一半! OpenAI业绩揭示企业AI应用爆发势头，也暴露算力成本重压。有媒体援引一份向股东披露的文件报道称，ChatGPT开发商OpenAI2026年第一季度烧掉37亿美元(即第一季度合计现金消耗37亿美元)，超过该期间57亿美元季度营收的大约一半。而就在此前一天据报媒体道，随着这家ChatGPT开发商为美股市场公开上市做准备，其2025年支出约为340亿美元，这些最新的经营数据无疑令投资者们对这家全球估值最高人工智能应用公司的财务可持续性以及该公司基本面增长前景产生疑问。但是从积极角度来看，OpenAI强劲营收增长数据凸显出全球AI应用需求确实呈现出大爆发，但头部AI大模型公司的商业模式已经进入“强劲营收增长速度、高资本消耗、高折旧压力”并存的重资本AI军备竞赛阶段，即所谓的“营收狂飙与亏损黑洞”并存阶段。
需求遭战争“摧毁”、供应即将井喷!IEA预警：2027年油市将滑向“显著过剩”。国际能源署(IEA)周三发布报告称，由伊朗战争引发的石油供应冲击已在一定程度上削弱了全球原油需求，而若冲突能达成持久解决，供应量或将大幅反弹，并可能在明年造成显著的石油过剩局面。在其最新月度石油市场报告中，IEA将2026年全球日均需求增长预期大幅下调至110万桶，较上月预测减少了70万桶/日。报告指出，今年第二季度全球石油交付量骤降500万桶/日，是此次下调的主要原因。与此同时，5月全球石油产量降至每日9450万桶，环比减少60万桶/日，较战前水平大幅缩水1360万桶/日。IEA预计，2026年全球日均供应量将同比减少390万桶，降至约1.024亿桶，但到2027年将强劲反弹至1.103亿桶。该机构指出，需求下滑反映了燃料价格高企和成品油短缺的双重压力，并强调此次地缘冲突的影响早已不再局限于单纯的供给端冲击。然而，IEA同时表示，到2027年，全球供应量预计将大幅增加约800万桶/日，达到约1.1亿桶/日，远超届时日均需求仅增长200万桶、至1.053亿桶的温和复苏水平。
微软(MSFT.US)30亿美元甲骨文算力租约因安全合规告吹， 高盛警告：AI基建“脆弱时刻”到了。据报道，出于安全考量，微软放弃了一份价值30亿美元、租赁甲骨文云算力的合作协议。对此，甲骨文周二回应称，报道内容不准确。 微软拒绝置评。知情人士此前透露，微软近期曾与甲骨文就租用后者云基础设施展开谈判，但因安全和合规问题，该交易最终告吹。知情人士表示，这笔交易的价值可能超过30亿美元。受此影响，截至周二美股收盘，甲骨文下跌2.24%，微软下跌1.48%。值得注意的是，市场近期对此类AI基础设施消息高度敏感。此前一周，AI基础设施公司Crusoe应客户要求暂停怀俄明州1.8GW数据中心项目，引发相关股票大跌。高盛合伙人Rich Privorotsky对此警告称，随着市场仓位、杠杆与AI资本支出深度绑定，AI生态循环风险“已难以忽视”。即使是零星的延误、推迟或优先事项变更，也足以迫使投资者重新审视对未来需求的假设。
AI太烧钱，微软也扛不住了：考虑引入DeepSeek V4“平替”昂贵模型。据报道，微软正在考虑将DeepSeek V4的微调版本引入其企业AI工具Copilot Cowork，作为目前所使用的Anthropic和OpenAI模型的低成本替代选项。微软透露，公司正在对DeepSeek V4的微调版本及其他开源模型进行深度评估，预计将在未来数周内推出这一低成本模型选项，届时将确认最终选择。微软强调，若最终选择DeepSeek，该模型将仅作为客户的可选方案，并且完全托管于微软Azure云平台。这意味着客户数据将全程留在微软云环境内，并继续受到Azure企业级的安全、合规和数据驻留保护。
英特尔(INTC.US)18A-P进入风险生产阶段，分析师称其为复苏“关键里程碑”。英特尔周二在檀香山VLSI研讨会上宣布，其新一代18A-P制程节点已正式进入风险生产阶段，即芯片制造从研发走向量产的早期阶段，分析人士将此举称为英特尔复苏的""关键里程碑""。英特尔正式启动其最先进制程节点的生产，距离有望为苹果设备代工部分芯片的目标也更近一步。
谷歌(GOOGL.US)推出Android 17系统，AI功能将分阶段上线，Wear OS与XR生态同步升级。谷歌周二正式发布Android 17操作系统。虽然新系统已开始向Pixel设备推送，备受关注的多项Gemini人工智能(AI)功能将在未来数月陆续上线。根据谷歌公布的信息，Android 17率先向Pixel系列设备开放，其他安卓手机品牌将在未来数月陆续获得更新。与以往版本相比，Android 17此次升级重点围绕多任务处理、内容创作、游戏体验、安全隐私以及人工智能能力展开，同时也为谷歌未来更高级别的代理型AI(Agentic AI)功能铺路。业内人士认为，在苹果(AAPL.US)近期发布新一代AI版Siri之后，谷歌正在通过Android 17进一步强化其Gemini生态，以巩固其在移动AI领域的竞争优势。
苹果(AAPL.US)2027年放大招!计划推出AI版AirPods、折叠屏及20周年纪念版iPhone。据知情人士透露，苹果正在筹备近年来规模最大的产品升级计划。未来两年内，公司计划陆续推出首款折叠屏iPhone、iPhone诞生20周年纪念版机型、搭载摄像头的AI版AirPods以及智能眼镜等多款重磅产品，全面加码人工智能(AI)硬件生态布局。市场分析认为，这不仅将成为苹果新任首席执行官特納斯上任后的首个重大产品周期，也可能决定苹果能否在AI时代重新掌握消费电子行业的创新主动权。
股价坐上火箭!SpaceX(SPCX.US)上市三日暴涨49%，市值超越亚马逊(AMZN.US)跻身全球前五。SpaceX连续第三个交易日上涨，市值超过亚马逊，成为全球第五大上市公司。截至周二美股收盘，SpaceX收涨4.8%，上市后累计上涨49%，市值达到2.65万亿美元，比亚马逊市值高出约80亿美元。周二盘中，埃隆·马斯克旗下这家火箭和人工智能公司市值一度超过微软(MSFT.US)，短暂成为全球第四大上市公司。周三美股盘前，SpaceX继续上涨约2%。
重要经济数据和事件预告
北京时间20:30：美国5月零售销售月率。
北京时间22:00：美国5月季调后成屋签约销售指数月率。
北京时间22:30：美国截至6月12日当周EIA原油库存变动。
北京时间次日02:00：美联储FOMC公布利率决议和经济预期摘要。
北京时间次日02:30：美联储主席召开货币政策新闻发布会。
周四盘前：埃森哲(ACN.US)、克罗格(KR.US)"
中东停火协议推动原油价格下跌，ICE菜籽油期货随之走低,2026-6-17 04:47,https://cn.investing.com/news/commodities-news/article-93CH-3420526,Jaiveer Shekhawat,"Investing.com -- 周二，由于中东冲突临时停火协议的达成导致原油价格下跌，ICE菜籽油期货随之走低。
7月菜籽油期货RSN6收于每公吨$748.90，下跌$3.20。11月期货RSX6下跌$6.50，收于$753.90。
菜籽油价格通常与原油价格走势密切相关，因为全球石油需求下降会带动生物燃料需求减少。
周二，原油价格大跌约5%，触及三个月低位。此前有消息称，各方达成临时协议，旨在结束中东战争并重开霍尔木兹海峡。该协议还包含允许伊朗出售石油的相关条款。
7月豆油期货BON26下跌$1.45，报每磅74.37美分。
泛欧交易所油菜籽期货COMc1下跌1.12%。

本文由人工智能协助翻译。更多信息，请参见我们的使用条款。"
XCF Global推进里诺可再生燃料设施启动工作,2026-6-16 20:50,https://cn.investing.com/news/company-news/article-93CH-3419888,,"休斯顿 — XCF Global, Inc.（纳斯达克：SAFX）今日发布新闻稿，宣布旗下New Rise Renewables里诺设施在本月初完成工艺催化剂装填后，正积极推进调试工作。
该设施目前正在开展催化剂活化所需的重整炉启动作业。公司表示，调试步骤包括系统验证、化学品分级准备以及加氢处理装置就绪检查，设施正稳步迈向初步可再生燃料生产阶段。
按照规划，该设施将首先在系统上线后生产可再生柴油，随后逐步过渡至可持续航空燃料的生产。New Rise里诺设施已获批的铭牌产能为每年3,800万加仑。
在调试工作取得进展的同时，XCF Global也面临较大的财务压力，公司市值约为1.1347亿美元。过去一年，该股股价累计下跌84.56%，但InvestingPro分析认为，该公司目前股价可能存在低估。InvestingPro订阅用户可获取SAFX逾16条额外投资提示及全面的财务指标数据。
XCF Global首席执行官克里斯·库珀（Chris Cooper）表示：""我们的团队在调试过程中取得了显著进展，始终将安全、运营准备就绪以及为可靠生产奠定基础作为核心工作重点。""
里诺设施是XCF的旗舰生产基地。公司定位为美国本土可再生柴油及可持续航空燃料生产商。
XCF Global目前正积极推进在内华达州、北卡罗来纳州及佛罗里达州的扩张计划，公司股票在纳斯达克资本市场上市交易。

本文由人工智能协助翻译。更多信息，请参见我们的使用条款。"
瑞银重申Plains All American股票买入评级，看好增长资本支出计划,2026-6-16 22:16,https://cn.investing.com/news/analyst-ratings/article-93CH-3420164,,"Investing.com — 在Plains All American Pipeline（纳斯达克：PAA）宣布上调2026年资本支出计划后，瑞银（UBS）重申对该股的买入评级，目标价维持在$25.00。该股年初至今已累计上涨27%，过去六个月更录得30%的强劲涨幅。
Plains All American表示，预计2026年增长资本支出将从约3.5亿美元升至4亿至4.5亿美元（按PAA净额计算）。维护性资本支出今年预计维持在约1.85亿美元（按PAA净额计算）。
此次预算上调，源于公司在二叠纪长途运输、加拿大集输以及二叠纪集输业务板块推进的多个增长项目。Plains指出，石油宏观环境自年初以来已有所改善，客户活跃度和需求的提升，使公司得以加速推进多个高回报项目。作为油气及可消耗燃料行业的重要参与者，该公司市值达155亿美元，同时以7.6%的股息收益率回馈股东。
瑞银认为，增长资本支出的提升是一个积极信号，将以具吸引力的回报率推动盈利增量。该行还指出，部分对Plains All American持看空态度的投资者，此前将缺乏有机增长机会列为其悲观立场的原因之一。
瑞银认为，Plains All American正以实际行动证明空头判断有误，展示出自身具备有机增长的能力。根据InvestingPro的分析，该股在当前价位似乎被低估。有意深入研究的投资者可查阅完整的Pro研究报告，目前该报告已覆盖PAA及其他逾1,400只美国股票。
在近期其他动态方面，Plains All American Pipeline公布了2026年第一季度业绩，每股收益（EPS）为$0.39，略高于市场预期的$0.38，超出分析师预测。公司营收达124.9亿美元，亦高于预期的116.1亿美元，带来显著的营收惊喜。此外，Plains All American上调了2026年增长资本支出指引，从约3.5亿美元提高至4亿至4.5亿美元，维护性资本支出预计维持在约1.85亿美元不变。与此同时，高盛将Plains All American的股票评级从卖出上调至中性，理由是原油宏观环境趋于改善，以及公司战略方向更加聚焦。此次上调发生在公司近期出售加拿大天然气液体资产之后。在人事方面，Plains All American宣布，Russ Montgomery将于2026年9月1日起晋升为副总裁、会计主管兼首席会计官，接替即将退休的Chris Herbold。Montgomery自2002年起加入公司，拥有丰富的从业经验。

本文由人工智能协助翻译。更多信息，请参见我们的使用条款。"
隔夜美股 | 投资者等待美联储新任主席沃什首秀 三大指数涨跌不一 美、布油均跌超5%,2026-6-17 09:05,https://cn.investing.com/news/stock-market-news/article-3420647,,"智通财经APP获悉，周二，三大指数涨跌不一，油价大幅下跌。日本央行加息至31年来高位后，投资者将注意力转向本周密集的央行政策决议。美联储本周会议将是沃什任内首次会议。市场普遍预计美联储将于周三维持利率不变，但关注点将集中在沃什如何在会后新闻发布会上应对通胀压力与能源通胀回落之间的政策平衡。
【美股】截至收盘，道指涨328.64点，涨幅为0.64%，报51999.67点；纳指跌307.60点，跌幅为1.15%，报26376.34点；标普500指数跌42.94点，跌幅为0.57%，报7511点。SpaceX(SPCX.US)盘中一度涨约17%，最终收涨4.8%。迈威尔科技(MRVL.US)跌近10%，美光科技(MU.US)跌6%。纳斯达克中国金龙指数跌2.5%，小鹏汽车(XPEV.US)跌超4%。




【美元指数】衡量美元对六种主要货币的美元指数当天下跌0.09%，在汇市尾市收于99.540。截至纽约汇市尾市，1欧元兑换1.1610美元，高于前一交易日的1.1595美元；1英镑兑换1.3429美元，高于前一交易日的1.3419美元。1美元兑换160.44日元，高于前一交易日的160.31日元；1美元兑换0.7931瑞士法郎，低于前一交易日的0.7940瑞士法郎；1美元兑换1.3993加元，高于前一交易日的1.3987加元；1美元兑换9.3618瑞典克朗，低于前一交易日的9.3913瑞典克朗。
【加密货币】比特币跌0.67%，报65765.67美元；以太坊涨0.33%，报1795.82美元。
【原油】纽约商品交易所7月交货的轻质原油期货价格下跌4.70美元，收于每桶76.05美元，跌幅为5.82%；8月交货的伦敦布伦特原油期货价格下跌4.21美元，收于每桶78.96美元，跌幅为5.06%。


【宏观消息】
伊朗副总统：德黑兰将维持对霍尔木兹海峡的控制权。据报道，伊朗第一副总统穆罕默德·礼萨·阿里夫表示，德黑兰将保留对霍尔木兹海峡的控制权，并指出使用这一战略水道的船舶应当为伊朗提供的安全保障服务支付费用。据总统办公室发布的声明，阿里夫周二在与官员会晤时指出：“霍尔木兹海峡属于伊朗，其管理仍将由伊朗负责。”他进一步表示，伊朗在其历史上为保障在海峡地区的权利作出了重大牺牲，如今正试图充分享有这些权利。伊朗提供的重要服务有助于保障船舶在航道上的安全通行，若缺乏此类措施，船只可能面临风险，包括遭遇水雷以及（由此）造成环境危害。
美国5月进口价格创近四年最大同比涨幅。美国5月进口价格大幅上涨，计算机设备、塑料制品和航空旅行成本飙升，进一步显示出伊朗战争和数据中心建设热潮带来的通胀影响。美国劳工统计局周二公布的数据显示，5月进口价格指数上涨1.9%，与4月涨幅相同。进口价格同比上涨6.7%，创近四年来最快增速。作为众多消费品关键原材料、由化石燃料副产品生产的进口塑料材料价格上涨6.5%，创有记录以来最大单月涨幅之一。直接计入美联储首选通胀指标的进口航空客运票价类别也出现大幅上涨。与此同时，进口计算机、外围设备及半导体价格5月上涨3.6%，为自1994年有月度数据以来第二大涨幅。周二公布的报告及近期一系列经济数据均显示伊朗战争正在对美国经济造成冲击。随着通胀压力开始从最初的石油价格冲击向更广泛领域扩散，近几个月消费者价格和生产者价格均明显上涨。
美国五月新屋开工降至六年来最低水平。美国新屋开工增速放缓至六年来最弱水平，主要受公寓项目大幅下滑拖累。美国政府周二公布的数据显示，5月新屋开工数下降15.4%，经季节性调整后的年化开工率为118万户，低于市场预期。此次下滑主要由多户住宅项目开工量暴跌40.2%所致。独栋住宅开工量也下降1.9%，年化开工率降至88.2万户。报告显示，在住房需求疲弱的背景下，建筑商仍保持谨慎，继续消化待售新房库存。许多开发商通过降价和补贴购房者按揭利率来吸引买家，同时也减少了“投机性住房”的建设，即在尚未签订销售合同情况下提前建造的房屋。反映未来建设活动的建筑许可总数5月下降0.7%，折合年化141万户。

报道称美国将允许伊朗立即恢复石油出口销售。据报道，知情人士表示，根据协议，美国将允许伊朗立即恢复石油和燃料出口销售，为德黑兰提供一项提前兑现的经济激励，以推动冲突降温。协议中有关豁免石油销售制裁的条款将在本周协议签署后立即生效。同时，银行、运输和保险等为石油销售提供支持的必要服务也将获得豁免，以确保相关交易能够顺利进行。“反核伊朗联盟”（UANI）表示，一艘装载伊朗原油的超级油轮已离开恰巴哈尔港，穿越美国的封锁线，并于周二在开启船舶定位系统的情况下驶出阿曼湾。这是自美国今年4月实施海上封锁以来首次出现此类情况。一名美国高级官员周二表示，尽管伊朗将就石油销售获得前期制裁豁免，但长期和持续性的制裁缓解将取决于伊朗在美国的要求上是否履约，包括开放海峡以及核计划相关问题。该官员补充称，伊朗仍不会立即获得被冻结在海外的数十亿美元资金。
【个股消息】
苹果2027年将推出搭载摄像头的AirPods 智能眼镜最早明年末推出。苹果(AAPL.US)计划在2027年底推出全新搭载摄像头的AirPods，同期还有多款新品一同亮相，包括新一代折叠手机以及20周年纪念版iPhone。这款全新AirPods是苹果首款主打人工智能的可穿戴设备，配备计算机视觉摄像头作为传感组件，为Siri提供实景视觉信息。苹果还在为旗下后续设备研发多款新一代制程工艺打造的芯片，并最早计划于明年年末推出首款智能眼镜。
SpaceX期权交易火爆 成为美股期权最热门标的之一。SpaceX(SPCX.US)期权周二成为美国市场交易最活跃的品种之一，推动公司在上市第三个交易日早盘一度上涨17%。截至纽约时间上午10时35分，SpaceX期权成交量已超过60万张合约，成为全美公司第三大期权交易标的。Susquehanna International衍生品策略联席主管Chris Murphy表示：“期权波动率明显向上倾斜，投资者愿意支付更高价格参与上市后的进一步逼空行情。”根据Murphy的数据，衡量期权需求的重要指标隐含波动率开盘即处于高位，三个月期隐含波动率早盘已达到约110%至115%。交易最活跃的期权合约为周四到期、行权价220美元的看涨期权，成交量达2.5万张，对应250万股股票。Optiver美国单一股票期权主管Jake Taylor表示：“鉴于投资者兴趣异常高涨，我们预计机构和散户投资者都会积极参与，市场交易活动和波动率都将维持高位，因为市场仍在形成对公司估值和前景的判断。”"
美伊达成协议致油价下跌，ICE菜籽油期货随之走低,2026-6-16 04:44,https://cn.investing.com/news/commodities-news/article-93CH-3418439,Jaiveer Shekhawat,"Investing.com -- 周一，由于美国与伊朗达成初步协议以结束中东战争，原油价格随之下滑，ICE菜籽油期货亦出现下跌。
7月菜籽油期货下跌$5.10，收于每公吨$752.10。11月期货则下跌$5.50，报$760.40。
菜籽油及其他植物油价格通常与原油走势保持联动，原因在于全球石油需求下降会进一步压低生物燃料的需求。
周一，原油期货收跌每桶$4，触及三个月低位。此前，美国总统唐纳德·特朗普宣布，美国与伊朗签署了一份谅解备忘录，旨在终结伊朗战争并重新开放霍尔木兹海峡。
7月大豆油期货上涨0.09美分，报每磅74.37美分。泛欧交易所菜籽油期货则下跌1.72%。

本文由人工智能协助翻译。更多信息，请参见我们的使用条款。"
美国与伊朗达成停战协议，霍尔木兹海峡重开，油价暴跌逾4%,2026-6-15 08:15,https://cn.investing.com/news/commodities-news/article-3416536,Ayushman Ojha,"Investing.com - 周一，美国与伊朗就结束中东冲突、重开霍尔木兹海峡达成临时和平协议，国际油价随即大幅下挫逾4%。
美国东部时间上午6:33（北京时间18:33），全球原油基准布伦特原油期货下跌5.0%，报每桶$82.98，而美国西德克萨斯中质原油（WTI）期货则下跌5.3%，报每桶$80.35。
此次跌势延续了上周的下行走势，两大基准油价均跌至2022年3月10日以来的最低水平。
订阅InvestingPro，获取大宗商品市场深度分析

美国与伊朗已就结束这场持续逾三个月、对全球经济构成严重威胁的战争达成临时和平协议。
据多次在此次冲突中充当调停方的巴基斯坦透露，双方将于本周五在瑞士正式签署一份谅解备忘录。
巴基斯坦总理谢赫巴兹·谢里夫表示，两国已""宣布在所有战线上立即、永久停止军事行动""，并指出这一停火范围也涵盖黎巴嫩。此前，美国盟友以色列在周末对伊朗支持的黎巴嫩真主党武装发动袭击，令外界对协议前景产生担忧，美国总统唐纳德·特朗普也因此对以色列总理本雅明·内塔尼亚胡提出严厉批评。
目前，美伊双方均未公布协议的具体细节，伊朗方面则表示协议须待正式签署后方可生效。
特朗普表示，此次协议将终止敌对行动，并解除对霍尔木兹海峡的封锁。霍尔木兹海峡是伊朗南部海岸附近的重要航运通道，战争爆发前约有全球五分之一的石油经此运输，而战争于今年2月下旬爆发。
特朗普在社交媒体上发文称，该海峡将于本周五重新开放，延迟原因在于需要进行扫雷作业。他还补充表示，美国对伊朗港口长期实施的海上封锁也将随之解除。
由于航运受阻、保险成本大幅攀升以及市场对长期供应短缺的担忧，布伦特原油价格在危机最严峻时期一度突破每桶$120，而战前价格约为每桶$70。
尽管如此，部分分析师对中东协议能否使油价回落至战前水平仍持怀疑态度，理由是市场已内嵌地缘政治风险溢价，且供应链恢复需要一定时间。
荷兰国际集团（ING）分析师在一份报告中指出：""金融市场再度对中东潜在和平协议及海湾地区能源恢复供应的可能性感到振奋，但这是否真能带来能源价格的大幅下降，仍是一个值得质疑的问题。""
（Scott Kanowsky对本文亦有贡献）"
加拿大制造业销售额大涨4.2%，石油及食品板块领涨,2026-6-15 21:17,https://cn.investing.com/news/economy-news/article-93CH-3417804,Luke Juricic,"Investing.com - 加拿大统计局周一公布数据显示，今年4月加拿大制造业总销售额增长4.2%，达到771亿美元，延续了3月份3.4%的增长势头。在21个子板块中，有17个录得销售额增长，其中石油和煤炭产品板块涨幅最为突出，大涨22.6%；食品产品板块紧随其后，增长2.9%。初级金属板块销售额则下滑4.6%，跌幅居各子板块之首。
4月份石油和煤炭产品销售额创下118亿美元的历史新高，增长主要由销量提升驱动——以不变价格计算的销售额上涨17.5%。多家炼油厂在3月份完成维护停产后相继恢复并扩大生产。与此同时，霍尔木兹海峡的持续封锁令国际市场供应忧虑加剧，对4月份能源及石油产品价格形成持续上行压力。包括液态生物燃料在内的精炼石油能源产品出口环比大幅增长56.3%。
食品产品销售额同样创下历史新高，达到139亿美元，增幅为2.9%，以不变价格计算的销售额上涨2.4%，其中谷物和油籽加工产品销售额的提升贡献最大。初级金属子板块销售额下滑4.6%至63亿美元，除铸造业外，各初级金属行业均出现不同程度的下降。
从各省表现来看，阿尔伯塔省增幅最大，4月份销售额增长16.7%，达到105亿美元的历史新高。魁北克省销售额增长4.2%，达到200亿美元的历史新高，主要受石油和煤炭产品板块带动，该板块增幅达24.8%。马尼托巴省降幅最大，销售额下滑6.1%至23亿美元，主要原因是航空航天产品及零部件产量下降。
4月份制造业总库存增长0.5%至1,250亿美元，21个子板块中有13个库存上升。库存与销售比率从3月份的1.68降至4月份的1.62，为2023年1月以来的最低水平。未完成订单则创下历史新高，增长1.3%至1,232亿美元，主要由交通运输设备及初级金属子板块拉动。

本文由人工智能协助翻译。更多信息，请参见我们的使用条款。"
美伊和平协议缓解通胀担忧 经济学家：最严重能源冲击或已过去 但美国消费者仍面临挑战,2026-6-16 06:00,https://cn.investing.com/news/stock-market-news/article-3418547,,"智通财经APP获悉，随着美国与伊朗接近达成和平协议，市场开始押注持续数月的能源价格冲击正在逐步缓解。多位经济学家认为，由战争引发的通胀高峰或已出现，但美国消费者和整体经济前景仍存在不少不确定性。
在美国总统特朗普宣布双方即将签署谅解备忘录后，国际油价明显回落，美股同步上涨，市场普遍将此视为中东局势缓和的重要信号。
不过，分析人士提醒，即便协议最终落地，霍尔木兹海峡恢复正常贸易运输、全球能源供应链重新稳定以及美国消费者真正感受到价格回落，仍需要时间。
花旗集团(C.US)首席美国经济学家Andrew Hollenhorst表示，过去几个月能源市场波动极大，准确预测油价走势并不容易，但整体方向已经比较明确。“如果过去几个月有什么经验教训的话，那就是能源市场和石油市场非常难预测。但至少在方向上，我认为大家都认同未来趋势是向下的。”
数据显示，美国5月CPI同比上涨4.2%，创下三年多来最高水平，也是近年来首次重新突破4%。其中，能源价格上涨是推动通胀升温的最主要因素。
统计显示，5月份消费者价格上涨中超过一半来自能源成本上升。随着近期国际油价回落，美国汽油价格也已经从5月底高点逐步下降，经济学家普遍预计未来几个月整体通胀水平将有所回落。
经济学家Anna Wong指出，战争带来的第二轮通胀效应也正在逐步减弱。她表示，此前受到油价冲击影响的多个行业，包括航空燃油、化肥、塑料、聚合物、天然气以及铝等大宗商品价格，目前大多已经见顶回落。“除了钢铁之外，大多数与能源相关的商品通胀都已经开始下降。”
尽管协议尚未正式签署，市场显然已经提前作出反应。特朗普此前表示，美伊双方已就协议框架达成一致，正式签署仪式预计将在本周举行。
受此影响，国际油价大幅下跌，美股持续走高。不过，也有经济学家提醒投资者保持谨慎。Santander US Capital Markets首席美国经济学家Stephen Stanley表示：“市场似乎已经直接假设协议一定会成功，并且中东局势将迅速恢复到冲突前状态。从资产价格来看，目前市场几乎已经在交易最乐观的情景。”
Stanley形容霍尔木兹海峡恢复正常运营的过程，就像大型机场遭遇暴风雪后的恢复过程。“即使暴风雪结束，也需要时间让飞机回到正确位置，恢复正常运行。”
同样，即使战争结束，全球能源运输体系也需要时间恢复。
对于美联储而言，和平协议也可能成为一个积极信号。此前由于能源价格上涨推动通胀重新升温，市场一度大幅提高对美联储年内加息的预期。
如今随着油价回落，政策制定者面临的压力有所减轻。虽然本周美联储议息会议已无法受到协议消息影响，经济学家认为，这可能为未来重新讨论降息提供空间。部分市场人士认为，如果未来几个月通胀持续回落，美联储对进一步加息的必要性将明显下降。
对于特朗普而言，通胀走势同样具有重要政治意义。
特朗普在竞选期间曾承诺上任后迅速降低物价，而过去数月持续上涨的汽油价格也成为拖累其支持率的重要因素之一。
根据美国汽车协会(AAA)数据，目前全美平均汽油价格约为每加仑4.07美元。虽然已经明显低于5月份创下的4.56美元高点，仍远高于特朗普重返白宫时约3.13美元的水平。因此，即便油价继续回落，消费者对高物价的敏感度短期内仍难完全消失。
值得注意的是，美国消费者在本轮能源冲击中的表现依然具有韧性。
过去几个月，即便油价和生活成本持续上涨，美国居民消费支出整体仍保持增长。
不过，高通胀已经开始侵蚀居民实际收入。数据显示，美国通胀率已经连续两个月高于工资增长速度，这意味着居民购买力正在下降。
Renaissance Macro Research经济学主管Neil Dutta表示，即便战争结束，也不意味着消费者会立刻增加支出。“我不认为消费会迅速反弹。但油价下降能够帮助家庭重新积累储蓄缓冲，因为实际收入有望逐步恢复增长。”
事实上，部分积极变化已经体现在消费者信心数据之中。
密歇根大学最新调查显示，美国消费者信心指数6月初出现四个月来首次回升，而推动改善的重要原因正是汽油价格下降。
不过，巴克莱银行(BARC.US)首席美国经济学家Marc Giannoni认为，消费增长放缓的大趋势并未改变。“即使通胀压力有所缓解，我们仍预计美国消费者支出将在今年剩余时间内持续放缓。”
尽管市场对美伊协议抱有较高期待，经济学家普遍认为，现在判断风险完全解除仍为时尚早。
诺特丹大学能源经济学教授Christiane Baumeister表示，即使一切按照计划推进，霍尔木兹海峡的运输量也可能要到今年年底才能恢复到战前水平。与此同时，部分基础设施损坏仍可能导致未来数月能源库存补充速度受限，从而对油价形成支撑。
总体来看，随着美伊和平协议逐步推进，战争带来的通胀冲击可能已经接近尾声。但对于美国经济而言，更关键的问题已经从能源价格转向消费者收入增长放缓、消费动能减弱以及经济增速降温。
未来几个月，美国经济能否实现“通胀回落而增长保持稳定”的软着陆目标，仍将是市场关注的核心焦点。"
乌克兰无人机袭击俄罗斯港口，致1人死亡并引发火灾,2026-6-13 16:44,https://cn.investing.com/news/economy-news/article-3416192,Simon Mugo,"Investing.com - 据路透社周六援引俄罗斯克拉斯诺达尔边疆区州长韦尼亚明·孔德拉季耶夫的消息报道，乌克兰发动无人机袭击，造成俄罗斯克拉斯诺达尔地区捷姆留克港一处海运码头1人死亡并引发火灾。




孔德拉季耶夫表示，此次袭击以这座南部港口城市为目标，导致码头发生火灾。俄罗斯当局尚未就损失情况提供详细说明。
捷姆留克此前曾于5月下旬遭到袭击，乌克兰安全部门当时宣称对该港口一处天然气码头实施了打击。
同样在周六，俄罗斯伏尔加格勒州当局报告称，科托沃区一处工业区在遭受无人机袭击后发生火灾。
该州州长安德烈·博恰罗夫证实了火灾的发生，但未透露受影响设施的具体情况及损失程度。
此轮袭击发生之际，乌克兰正持续加大对俄罗斯能源、燃料及物流基础设施的打击力度，背景是停火努力破裂、和平谈判陷入僵局。近期乌克兰的军事行动已波及俄罗斯多个地区的炼油厂、燃料储存设施、输油泵站及出口码头。
本周早些时候，乌克兰军方宣称对俄罗斯克拉斯诺达尔边疆区的阿菲普斯基炼油厂发动了袭击，导致该设施起火。俄罗斯官员承认当地发生火灾，但将其归因于无人机残骸坠落所致。
乌克兰针对俄罗斯能源基础设施的打击行动今年以来显著升级，多个地区（包括克里米亚）的炼油厂运营及燃料供应均受到冲击。
与此同时，俄罗斯持续对乌克兰城市及基础设施发动导弹和无人机袭击，冲突局势仍未见缓和迹象。
本文由人工智能协助翻译。更多信息，请参见我们的使用条款。"
印度5月燃料需求同比下降6.5%,2026-6-11 18:12,https://cn.investing.com/news/economy-news/article-93CH-3412740,Vlad Schepkov,"Investing.com -- 据印度石油部石油规划与分析部门发布的数据，印度今年5月的燃料消费量较去年同期下降6.5%。
作为衡量石油需求的重要参考指标，印度5月份燃料总消费量达到1,993万公吨。
汽油销量同比增长3.4%，达到391万公吨；柴油消费量增长1.6%，达到873万公吨。
液化石油气销量同比下滑20.5%，至213万公吨；石脑油销量则大幅下降29.4%，至67万公吨。
用于道路建设的沥青销量下降39.4%。燃料油消费量则在5月份录得24.0%的增长。

本文由人工智能协助翻译。更多信息，请参见我们的使用条款。"
历史性巨变！美国超越沙特俄罗斯登顶全球最大石油出口国，产量翻三倍重塑全球能源版图,2026-6-12 11:40,https://cn.investing.com/news/stock-market-news/article-3414425,,"智通财经APP注意到，美国已超越沙特阿拉伯和俄罗斯，成为全球最大的石油出口国，这与数十年来依赖中东石油的局面形成了解构性的惊人逆转。
在船舶追踪服务机构 Vortexa 的数据支持下，得益于伊朗战争导致沙特石油出口受阻以及乌克兰无人机袭击导致俄罗斯石油出口受挫，美国在 5 月份连续第三个月位居全球第一大出口国。
在上月产量强劲以及释放战略储备的推动下，美国原油和燃料的出口量飙升至约 1050 万桶/日；而俄罗斯的出口总量为 700 万桶/日，沙特的出口量则下滑至 590 万桶/日。
根据 Vortexa 的数据，2025 年，沙特阿拉伯的出口量约为 810 万桶/日，而美国的出口量为 660 万桶/日，俄罗斯的出口总量约为 580 万桶/日。
虽然美国能源企业可能是霍尔木兹海峡关闭的主要受益者，但在中东战争爆发很久之前，沙特阿拉伯和俄罗斯在产量增长方面就已经远远落后于美国企业。
自 2000 年以来，美国的原油和液体燃料产量几乎增长了三倍，达到约 22000 万桶/日;而在 2000 年至 2026 年期间，沙特的原油和液体燃料产量在很大程度上取决于欧佩克(OPEC)的配额，在 1000 万至 1200 万桶/日的范围内波动;俄罗斯的产量则基本停滞不前，并在 2020 年后降至 1000 万桶/日以下。
美国在 2015 年废除了自 1973 年阿拉伯石油禁运以来实施了 40 年的出口禁令，向更广泛的世界打开了其石油繁荣的大门，如今已领跑全球，反击了那些曾警告随着油田枯竭这种增长将转瞬即逝的怀疑论者。
周四，在特朗普总统取消了计划对伊朗进行的军事打击后，原油期货收盘走低。特朗普表示，谈判已推进到伊朗最高领导层以及广泛的中东国家联盟。
瑞穗银行分析师罗伯特·雅格在报告中表示：“市场的表现就好像它认为协议迟早会达成一样。”
纽约商品交易所(Nymex)7 月交割的近月原油期货暴跌 2.6%，至 87.71 美元/桶；8 月交割的近月布伦特原油期货大跌 2.9%，至 90.38 美元/桶，分别创下 5 月 29 日和 4 月 17 日以来的最低收盘价。同时，Nymex 7 月交割的近月天然气期货下跌 3.1%，至 3.087 美元/百万英热单位。
由于特朗普在白宫表示美国与伊朗“达成了一项重大和解”，并可能在几天内签署，美油价格在收盘后交易中跌幅进一步扩大了约 2 美元/桶。
此外，欧佩克下调了对今年石油需求的预测，目前预计全球需求将增加 97 万桶/日，低于此前预测的 117 万桶/日。
欧佩克的需求前景比其他预测机构更为乐观，后者预计伊朗战争对消费的冲击要大得多。美国能源信息署(EIA)预计今年需求将减少 110 万桶/日，而国际能源署(IEA)则预测需求将萎缩 42 万桶/日。"
印度5月CPI升至3.93%，仍低于央行目标,2026-6-12 19:35,https://cn.investing.com/news/economy-news/article-93CH-3415160,Louis Juricic,"Investing.com -- 据印度官方周五公布的数据显示，印度5月消费者价格指数（CPI）同比上涨3.93%，继续低于印度储备银行（RBI）设定的4%目标。这一数据也低于经济学家此前预测的4.02%。
4月份，印度通胀率为3.48%。
数据公布后，债券市场延续涨势，10年期国债收益率下滑3个基点至6.89%。
此次通胀数据发布于印度储备银行宣布维持利率不变后的一周。央行表示，将等待通胀走势进一步明朗后再考虑调整货币政策。
印度当局近期宣布了多项措施，旨在吸引外资流入并遏制卢比贬值。这些举措在一定程度上减轻了央行通过调整利率来支撑本币的压力。
印度高度依赖进口原油和燃料。伊朗战争推高了能源价格，对整体经济造成影响。国有炼油商在5月份上调了燃油价格，但涨幅仍低于自2月底冲突爆发以来国际原油价格的累计涨幅。
印度政府周五还采取了额外措施，以缓解国有燃油零售商的经营压力。由于国有零售商在以低于市场价格销售燃油的同时面临需求激增的困境，印度对柴油销售实施了为期90天的限制。
高企的能源价格以及与天气相关的风险持续对通胀构成压力。印度储备银行上周将截至2027年3月财年的通胀预测从4.6%上调至5.1%。
食品通胀方面，食品在印度消费篮子中约占37%的权重，5月份食品通胀率同比上升至4.78%，高于4月份的4.20%。

本文由人工智能协助翻译。更多信息，请参见我们的使用条款。"
美军协助护送油轮夜间穿越霍尔木兹海峡,2026-6-12 22:03,https://cn.investing.com/news/economy-news/article-3415541,Vlad Schepkov,"Investing.com - 美国内政部长道格·伯格姆（Doug Burgum）周五表示，美军正在协助油轮在夜间穿越霍尔木兹海峡，运输数百万桶原油，部分夜晚有超过20艘船只通过该水道。
伯格姆周五在接受CNBC采访时表示，在清除海上水雷之后，该行动已经实现了""某些夜晚超过20艘船只驶出""的目标。
他补充说，由于部分超大型油轮的载油量可达200万桶，""大量原油已经从海峡运出""。
立即订阅 InvestingPro，享受5折优惠，获取机构级实时资讯。
此次行动旨在解救自今年2月底美国和以色列对伊朗发动攻击以来被困于海峡的油轮及商船。
特朗普总统周三表示，此次行动有助于压低原油价格。他在社交媒体上发文称，已有逾200艘商船和10亿桶原油在这一""秘密任务""的护送下安全驶出霍尔木兹海峡。特朗普周三还向记者透露，美军曾""在深夜、关闭灯光""的情况下，将22艘船只秘密引导出海峡，以避免被发现。
霍尔木兹海峡此前承载着全球约五分之一的原油运输量。海峡封锁导致每日数百万桶原油无法进入市场，引发全球油价和燃料价格大幅上涨。
周五，西德克萨斯中质原油（WTI）期货价格约为每桶$85.5。本月迄今，非伊朗原油经由该海峡的流量已激增约50%，与此同时，美国仍维持对伊朗石油出口的封锁。
伯格姆表示：""我认为市场比部分媒体更早意识到了这一点，因为油价已经开始出现回落。""
根据能源数据机构沃泰克萨（Vortexa Ltd.）的数据，6月前10天，每天至少有180万桶原油从波斯湾驶出。
本文由人工智能协助翻译。更多信息，请参见我们的使用条款。"
为期三年！香港海事处将推出两项绿色船用燃料优惠计划 助航运绿色转型,2026-6-12 15:32,https://cn.investing.com/news/stock-market-news/article-3414681,,"智通财经APP获悉，6月12日，香港海事处宣布，将于6月16日推出“绿色船用燃料相关船只港口费优惠计划”及“绿色船舶注册优惠计划”，为期三年，以鼓励更多船舶在港加注绿色船用燃料和加速香港船队绿色转型。
为把握国际航运业脱碳的趋势，香港特区政府于2024年11月公布《绿色船用燃料加注行动纲领》，承诺透过多项财政鼓励，以助降低航运业转用绿色船用燃料的成本，并加快把香港建设成绿色港口。香港特区政府在本年度《财政预算案》拨款约3400万元落实相关措施，减免使用或运载绿色船用燃料船舶的港口费，并向在港注册的绿色燃料动力船舶提供优惠。
据悉，“绿色船用燃料相关船只港口费优惠计划”为绿色船用燃料相关船舶提供优惠，包括在香港使用或进行加注指定绿色船用燃料的远洋船舶，以及运载绿色船用燃料供应本地需要的远洋船舶。计划涵盖的绿色船用燃料包括液化天然气、甲醇、氨、氢及生物柴油(至少混有20%生物燃料)。在访港期间进行指定操作的合资格远洋船舶可申请退还按《船舶及港口管制规例》(第313A章)缴付的港口费(包括港口设施及灯标费、锚地费、浮标费及出港证收费)，优惠金额相等于已缴付港口费的25%或50%。
合资格船东或代理人须于船只在香港进行上述操作，并于离开香港后三个月内，向香港海事处提交申请表及所需证明文件，获批申请的优惠金额一般会于30个工作天内发放。此外，“绿色船舶注册优惠计划”为香港船舶注册处现有或新注册的绿色燃料动力船舶提供优惠，以吸引及维持绿色船舶在香港注册。
香港海事处发言人表示：“继去年推出‘绿色船用燃料加注奖励计划’，新计划进一步提供诱因鼓励业界采用一般较传统燃料昂贵的绿色船用燃料，及早在香港建立对绿色船用燃料加注服务的需求，从而吸引绿色船用燃料加注供应链上的不同参与者，如燃料供应商、加注营运商及交易商，来港设立并扩展业务。我们预期新计划可吸引超过1000船次的绿色船用燃料相关船舶访港。”
在计划下，所有使用绿色船用燃料作为主要推进燃料的香港注册船舶均可提交申请。合资格的绿色船用燃料包括液化天然气、甲醇、氨及氢，但不涵盖传统燃料及生物柴油。在计划推行的三年期间，每艘合资格船舶每年可获发一次60,000港元的注册优惠，并视乎该船舶在香港船舶注册处的注册时间及长短，享有一年或最多三年的优惠，每艘船舶最高可获发总额18万港元。批核程序及优惠发放将于收到申请及相关证明资料后约三个月完成，而于发放优惠当日该船舶必须仍维持香港注册船舶的身份。
发言人表示：“此计划鼓励使用绿色船用燃料的船舶在香港注册，同时促进香港船队绿色转型，进一步提升香港船舶注册处的整体竞争力。预计计划可吸引约100艘绿色船用燃料动力船舶在香港船舶注册处注册，连同现有香港注册的绿色船用燃料动力船舶，预期计划推出的三年内将有约170艘使用绿色船用燃料的香港注册船舶受惠。”
发言人续称：“低碳、脱碳是航运业未来发展的必然主轴。香港目前的船用燃料加注量位居粤港澳大湾区第一、全国第二及全球第七，我们定必秉持固有优势，全力发展绿色船用燃料加注能力，以期把香港建设为首屈一指的高质素绿色船用燃料加注及交易中心。”"
美伊冲突升级！霍尔木兹海峡再次关闭：油价突破90美元，金价三连跌,2026-6-11 08:58,https://cn.investing.com/news/stock-market-news/article-3411950,,"智通财经APP注意到，由于美国对伊朗发动新一轮袭击，导致脆弱的停火协议面临更大压力，并可能延长这场颠覆全球市场的中东冲突，原油价格随之飙升。
WTI原油继上一交易日收盘上涨超 2% 后，盘中一度暴涨 2.7% 至每桶 92.45 美元。布伦特原油则收于 93 美元附近。在美国总统特朗普指责伊朗拖延中期和平协议谈判后，美国军方表示已连续第二天对“多个”目标发动袭击。
伊朗方面则表示，将坚决抵抗任何威胁。当地时间11日凌晨，伊朗武装部队哈塔姆·安比亚中央司令部发表声明称，鉴于本地区安全局势动荡，霍尔木兹海峡即日起对包括油轮和商船在内的所有类型船只关闭，任何试图通过该海峡的船只都将受到攻击。
自 2 月下旬战争爆发以来，该海峡的关闭已经切断了原油、燃料和天然气的供应。
美国对伊朗发动新一轮打击，油价飙升
咨询公司睿咨得能源地缘政治分析主管豪尔赫·莱昂表示：“未来几天将是决定外交手段能否重新发挥作用，还是冲突走向更持续升级周期的关键时期。在有更明确的证据表明停火得以维持之前，油价波动可能会保持在高位。”
美国中央司令部表示，已开始实施“追加的自卫打击”，以回应伊朗“无端且持续的侵略”。针对美军周二因直升机被击落而发动的袭击，伊朗此前采取了报复行动，袭击了美军在巴林、约旦和科威特的军事设施。
周三晚些时候，特朗普在社交媒体上发帖称，美国军队已护送“200多艘商船”通过霍尔木兹海峡，从而让“超过1亿桶石油”成功进入市场。他接着声称，控制该海峡的是美国，“而非伊朗”。
目前已有少量石油在夜色掩护下驶离波斯湾，现货市场也显示出一些供应充足的迹象。尽管如此，中东物流的受阻依然推高了能源价格(包括美国的汽油价格)，并引发了对经济增长放缓的担忧。
另外，美国政府周三公布的数据显示，上周美国原油库存减少了 720 万桶，连续第七周下降。俄克拉荷马州库欣地区的供应量也略有下降。
黄金遭恐慌抛售
与此同时，黄金价格连续第三天开盘下跌。最新的冲突有可能延长这场扰乱全球市场并引发通胀担忧的战争。
现货黄金在盘初交易中一度下跌 0.9%，至每盎司 4,036 美元附近，而上一交易日已下跌了 4.4%。
最新发生的袭击突显出特朗普对双方未能达成协议正变得越来越没有耐心。这场已进入第四个月的战争扰乱了经由霍尔木兹海峡的能源流动，导致油价上涨，并随着各国央行试图抑制通胀，加大了加息的可能性。
美国劳工统计局周三公布的数据显示，由于战争推高了能源价格，导致美国 5 月通胀率创下三年多来的最快增速，超过了美国人的薪资增幅。消费者价格指数(CPI)环比 4 月上涨 0.5%，同比去年上涨 4.2%，创下 2023 年初以来的最大涨幅。
目前金价比 2 月底伊朗战争爆发前的交易价格低了五分之一以上。金价近期跌破了 200 日移动平均线(一个被广泛关注的长期走势指标)，由于该线被机构投资者视为重要关口，这引发了更多的抛盘。
截至发稿，现货黄金下跌 0.9%，报每盎司 4036.66 美元。现货白银下跌 1.4%，至每盎司 62.46 美元。铂金和钯金亦纷纷走低。"
国信证券：钾肥价格维持坚挺 储能用磷需求提升 草铵膦价格上涨,2026-6-11 09:33,https://cn.investing.com/news/stock-market-news/article-3412087,,"智通财经APP获悉，国信证券发布研报称，全球钾肥行业寡头垄断，资源稀缺性突出，中长期供需格局持续优化，同时钾肥需求有望受益于高油价下生物燃料需求增长，产品价格有望温和上行。磷化工以磷矿石为起点，下游以农化制品为主，具有刚需属性。随着全球进入新一轮库存周期，看好中国农药产业的系统性竞争优势，全球原药产量占比仍有提升空间，行业资本开支放缓及反内卷工作推进后农药价格有望触底反弹。
国信证券主要观点如下：
国内氯化钾市场价格维持坚挺，供应端偏紧依旧主导行情
我国是全球最大的钾肥需求国，而钾肥资源供给不足，进口依存度接近70%，2025年我国氯化钾产量582万吨，同比降低6%，进口量1261.4万吨，同比基本持平。5月底百川盈孚氯化钾市场均价为3288元/吨，环比上月涨幅为0.49%，同比上年涨幅11.23%。库存方面，5月下旬国内氯化钾港存总量约为237万吨左右（含保税区），同比增加约26.43%，5月港口到货节奏平稳且增量逐步显现，港口库存量持续攀升，但货源集中度依旧较高，市场整体流通货源并未因库存增加而大幅放宽。进出口方面，4月氯化钾进口量约122.5万吨，同比增加9.97%，环比减少19.34%，主要从俄罗斯、白俄罗斯、老挝等国进口到北京、湖北、内蒙等省市；国际市场方面，5月2026年印度标准氯化钾合同价格终于确定，为383美元/吨CFR，180天信用期，供下半年交货，价格水平基本符合预期，对中国市场影响较为有限。印尼将追加氯化钾采购，发出大规模招标。孟加拉国目标采购近100万吨氯化钾，设定标准氯化钾最低进口量为95万吨，其中25-30万吨由私营部门采购，其余通过政府间交易完成。
储能需求持续向好，看好磷矿石长期价格中枢维持较高水平
据高工产研储能研究所（GGII）统计，2026年一季度中国储能锂电池出货量达215GWh，同比增长139%，头部企业订单普遍已排产至2026年底至2027年Q2，产能饱和且开始优先承接高利润订单。储能装机的快速增长正带来大量的磷酸铁锂需求，据百川盈孚，2026年4月我国磷酸铁锂产量49万吨，同比增加23万吨，环比增加3万吨。假设全球储能电池出货量在2025-2027年分别增至600/800/983 GWh，对应磷矿石需求将升至600/800/983万吨，占我国磷矿石预测产量比重分别达到4.7%/5.9%/7.0%，磷资源在新能源电池领域的消费比重将持续提升。磷矿石供给端，我国可开采磷矿品位下降，开采难度和成本提升，而新增产能投放时间周期较长，磷矿的资源稀缺属性日益凸显，30%品位磷矿石市场价格在900元/吨的高价区间运行时间已超3年。截至2026年5月29日，湖北市场30%品位磷矿石船板含税价1080元/吨，环比上月持平，看好磷矿石长期价格中枢维持较高水平。
草甘膦等农药出口数量回落，草铵膦价格上涨
3月以来，受美伊冲突影响，原材料价格大幅上涨，草甘膦生产成本提升，4月下旬华东地区草甘膦最高涨至3.45万元/吨，6月9日回落至2.8万元/吨。2026年1月，财政部、税务总局发布公告自2026年4月1日起，取消草铵膦、精草铵膦等多款农药原药产品的出口退税，受此影响草铵膦市场价格开始上涨，截至2026年6月10日，华东地区草铵膦市场价格为4.9万元/吨，较年初上涨5100元/吨。我国的草甘膦/草铵膦主要用于出口，2025年我国其他非卤化有机磷衍生物累计出口数量62.82万吨，同比增长4.36%，出口数据较2023年行业低点大幅改善，上一轮全球的农药去库周期已结束。2026年1-4月，我国其他非卤化有机磷衍生物累计出口数量23.99万吨，同比增长12.26%，其中出口到北美数量同比下降8.07%，出口到拉丁美洲数量同比增长18.69%，出口到亚洲数量同比增长24.28%。往年每年的年末至下一年1月是我国除草剂出口到北美的季节性旺季，6-8月是我国除草剂出口到南美的季节性旺季。考虑美国将元素磷及草甘膦等关键除草剂纳入关键战略物资，海外孟山都面临诉讼问题尚存不确定性，以及中国草甘膦的性价比优势，该行看好2026年中国草甘膦/草铵膦出口数量继续提升，也将对全年价格形成有效支撑。
投资建议
1）钾肥：国内钾肥存在供需缺口，对外进口依赖度较高。重点推荐【亚钾国际】，公司拥有老挝甘蒙省263.3平方公里钾盐矿权，折纯氯化钾储量约10亿吨，并全面迎来氯化钾产能投放周期，长期成长空间广阔。
2）磷化工：近几年来随着含磷新能源材料等新应用领域不断扩展，而国内磷矿石因多年无序开采面临品位下降问题，新增产能及进口磷矿石短期内难以放量，磷矿石的资源稀缺属性日益凸显，该行看好磷矿石长期价格中枢维持较高水平；该行重点推荐磷矿产能扩张规划清晰的【川恒股份】、磷矿储量丰富的磷化工全产业链龙头企业【云天化】、【兴发集团】，建议关注磷矿石产能不断提升的【湖北宜化】、【云图控股】。
3）农药：重点推荐综合性农药供应商【扬农化工】、国内草甘膦产能第一的【兴发集团】，建议关注国内植物生长调节剂行业细分龙头【国光股份】。同时，随着草铵膦等一批农药取消出口退税，农药企业的生产成本增加，落后产能将加速出清，该行看好草铵膦后市价格进一步上涨，建议关注具有草铵膦产能的上市公司【利民股份】。
风险提示：安全生产和环境保护风险；农化产品需求不及预期的风险；产能扩张导致的市场风险；原材料价格波动的风险；国际贸易风险等。"
美国通胀率三年来首次重返4%以上 美联储高利率或维持更久,2026-6-10 21:26,https://cn.investing.com/news/stock-market-news/article-3411207,,"智通财经APP获悉，在中东战争引发能源成本上涨的推动下，美国整体通胀在5月再次加速，但衡量潜在通胀压力的核心指标升幅则低于预期。美国劳工统计局周三公布的数据显示，美国5月消费者价格指数(CPI)环比上涨0.5%、同比上涨4.2%，均符合市场预期。其中，4.2%的同比涨幅不仅高于4月的同比涨幅3.8%，也是自2023年4月以来的最高水平，同时也意味着美国通胀率三年来首次重返4%以上。
不过，剔除波动较大的食品和能源价格后，5月核心CPI环比上涨0.2%，同比上涨2.9%。其中，核心CPI同比涨幅与市场预期一致，但环比涨幅低于市场预期的0.3%，显示基础通胀压力虽有所回升，但升温程度低于市场此前担忧。
能源价格飙升是美国5月整体通胀加速的关键推手——能源指数贡献了当月整体CPI涨幅的60%以上。数据显示，美国5月季调后能源通胀环比增长3.9%(4月为3.8%)。其中，能源大宗商品通胀环比增长6.7%(4月为5.6%)，汽油通胀环比增长7%(4月为5.4%)，燃料油通胀环比增长3.8%(4月为5.8%)。在同比涨幅方面，5月能源通胀同比增长23.5%(4月为17.9%)。其中，能源大宗商品通胀同比增长40.6%，汽油通胀同比增长40.5%，燃料油通胀同比增长58.9%。
尽管报告细节展现出相对温和的一面——运输服务、医疗保险以及新车价格均出现下降，但这对于消费者而言并不足以带来太多安慰。经济学家预计未来价格仍将进一步上涨，这可能使美联储官员继续将年内加息的可能性纳入政策讨论范围。
这份最新的通胀数据预计将强化美联储将政策利率在更长时间内维持在高位的立场，尽管整体CPI数据符合预期以及核心CPI环比涨幅低于预期稍微缓解了华尔街对美联储加息前景的担忧。美国5月CPI数据公布后，黄金、白银价格短线上扬，国际油价涨幅收窄;美股三大期指跌幅收窄，道指期货跌0.55%，标普500指数期货跌0.58%，纳指期货跌0.89%，此前均一度跌超1%。
今日公布的CPI数据以及明日将公布的PPI数据预计将影响美联储的政策立场。目前，市场认为美联储下周会议几乎不可能加息，7月加息的概率略高于10%。短期内的焦点在于，美联储在即将举行的会议上是否会明确地从宽松偏好的立场转向中性或紧缩偏好的立场。
Annex Wealth Management首席经济学家Brian Jacobsen表示，通胀数据符合预期并不意味着这就是一份好的报告。他表示，整体通胀数据并未显示出太多证据表明能源大宗商品的上涨正在渗透到核心价格中。无论是通过武力还是实现停火，打开霍尔木兹海峡的时钟正在大声滴答作响。美联储不会去猜测这何时会发生，因此美国总统特朗普需要在美联储开会之前给他们带来确定性。
但目前几乎没有迹象表明霍尔木兹海峡短期内有望恢复正常通行，这意味着能源成本上涨带来的通胀压力将持续。况且，即便冲突能够很快得到解决，在原油产量恢复正常之前，较高的能源成本水平仍可能持续存在。而除了能源价格冲击之外，化肥市场受到扰动最终可能导致食品杂货价格上涨，运输成本上升则可能推高各类消费品的价格。
值得一提的是，美国通胀率已连续第二个月超过工资增长，这可能对整体经济增长造成不利影响。纽约消费金融公司Bankrate高级经济分析师Mark Hamrick预计，由于中东供应链中断，短期内通胀将保持高位，这意味着通胀超过工资增长的趋势可能会持续下去。Zip Recruiter经济学家则指出，工资增长低于通胀水平给中等收入家庭带来了经济压力。生活成本的急剧上涨对正试图在11月的中期选举中保住国会控制权的特朗普及其政党而言无疑是一大政治负担。
太平洋投资管理公司经济学家Tiffany Wilding指出，关键问题在于当前通胀究竟是由负面的供给冲击驱动，还是由经济中的强劲需求所推动。她认为，整体通胀数据更倾向于指向供给端压力，尤其是中东局势发展及汽油价格上涨所带来的影响。然而，核心通胀数据则引发了更多疑问，使得整体形势变得不那么清晰。
SD Ventures首席投资官Alexander Lis表示，美国5月CPI数据整体符合市场预期，无论是同比涨幅还是核心数据都基本与预期一致。虽然数据不算强劲，但也不足以让市场感到安心。他补充称，这是本月美联储货币政策委员会会议前的最后一次通胀数据的发布，因此目前最重要的是美联储的反应。市场即将知道通胀是否高到足以促使美联储发出可能加息的信号，而这可能会决定数月后的市场走势。"
原油出口激增对冲AI基建进口潮 美国4月贸易逆差意外收窄,2026-6-9 21:24,https://cn.investing.com/news/stock-market-news/article-3408822,,"智通财经APP获悉，美国贸易逆差在4月份有所收窄，原因是原油出口激增，帮助抵消了为数据中心建设提供动力的设备进口持续增长所带来的影响。美国商务部周二公布的数据显示，4月份商品和服务贸易逆差较前一个月收窄1.2%，至559亿美元，低于经济学家的预估中值561亿美元。其中，4月份出口额较前一个月增长2.6%，主要受原油出口增长60%的推动，同时燃料油和其他石油产品出口也有所增加;进口则增长2%，主要由计算机和半导体进口带动。
中东战争导致的霍尔木兹海峡航运中断抑制了该地区的原油出口并推高了油价。在此背景下，美国油气生产商则试图填补供应缺口。根据美国能源信息署(EIA)的数据，4月份美国原油出口量创下历史新高，同时汽油、柴油和航空燃油的出口也大幅增长。油价上涨为美国能源生产商带来的意外收益，帮助抵消了与美国数据中心建设热潮相关的资本货物进口持续激增的影响——计算机、计算机配件、电信设备以及半导体的进口均继续增长。
中东战争进一步加剧了2025年以来美国贸易数据的波动。过去一年中，由于美国总统特朗普不断调整关税政策，每月贸易数据频繁出现大幅波动。尽管其中许多关税措施在今年2月被美国最高法院推翻，但特朗普政府此后又提议对来自60个贸易伙伴的进口商品征收至少10%的新关税。
近期采购经理人调查显示，美国企业正在囤积商品，以抢在战争引发的相关价格上涨之前提前备货。这与去年企业赶在特朗普所谓“解放日”关税生效前抢先进口商品的情况如出一辙。
周二公布的这份报告还将为即将展开的《美国-墨西哥-加拿大协定》(USMCA)谈判提供参考。该协定的延期谈判预计将错过7月1日的最后期限。数据显示，美国对墨西哥的商品贸易逆差有所收窄，而对加拿大的贸易逆差则扩大。
美国对中国的商品贸易逆差有所收窄。对越南的贸易逆差则进一步扩大——自特朗普首个总统任期内中美贸易紧张局势爆发以来，越南一直是供应链转移的主要受益者之一。与此同时，旅游服务出口——即外国游客在美国的消费支出——在4月份下降，从而拖累了整体服务出口表现。"
意大利提高航空燃料产量以减少高成本进口,2026-6-10 18:10,https://cn.investing.com/news/economy-news/article-93CH-3410513,Vlad Schepkov,"Investing.com -- 据意大利全国燃料生产商协会UNEM负责人周三表示，意大利各炼油厂在今年前四个月加大了航空燃料产量，以降低对进口的依赖——中东危机导致进口成本大幅上升。
UNEM负责人贾尼·穆拉罗（Gianni Muraro）表示，今年1月至4月期间，意大利国内航空燃料产量已达到本国消费量的70%，而去年同期这一比例仅为50%。
根据该协会的数据，意大利目前主要从美国和土耳其采购航空燃料。
穆拉罗表示，国内产量的提升是对价格上涨的直接回应。霍尔木兹海峡实际上的封闭改变了石油产品的价格结构，使航空燃料的价格超过了柴油和汽油。
他补充道，意大利在今年夏季期间很可能不会出现航空燃料短缺的情况。

本文由人工智能协助翻译。更多信息，请参见我们的使用条款。"
RBC Capital上调Casey’s General Stores目标价，第四季度业绩强劲,2026-6-10 18:07,https://cn.investing.com/news/analyst-ratings/article-93CH-3410500,,"Investing.com - RBC Capital将Casey’s General Stores（纳斯达克：CASY）的目标价从$792上调至$794，同时维持""行业表现""评级。
该机构指出，Casey’s General Stores以强劲表现收官2026财年，第四季度每股收益达$4.37，同比增长66%，超出市场普遍预期32%。受此强劲业绩推动，该股股价升至$761.18，过去一年累计回报率达55.87%，各项关键绩效指标均超预期。
公司对2027财年的展望预计EBITDA（税息折旧及摊销前利润）区间为16.02亿至16.32亿美元，高于RBC Capital发布前预估的约15.64亿美元及市场普遍预期的15.86亿美元。Casey’s General Stores计划于6月24日举办投资者活动，届时将披露其多年期发展规划。
RBC Capital认为，公司估值溢价源于其具有吸引力的店内商品结构、门店扩张势头、地理集中布局以及严格的运营成本管控。该股目前市盈率为43.67倍，InvestingPro分析显示，相对于其公允价值而言，该股目前似乎存在高估。投资者可通过Casey’s完整的Pro研究报告获取更深入的分析，该报告是Investing.com为美股提供的逾1,400份报告之一。RBC Capital将2027财年EBITDA预估上调了3.3%。
该机构对2028财年的EBITDA预估基本维持不变。
在近期其他动态方面，Casey’s General Stores公布的第四季度业绩超出分析师预期。公司调整后每股收益为$4.37，高于市场普遍预期的$3.31，超出$1.06。本季度营收达45.7亿美元，超过预期的42.1亿美元，较上年同期的39.9亿美元增长14.5%。此次强劲表现主要得益于燃油利润率的大幅提升，从上年同期的每加仑37.6美分升至46.9美分。此外，公司店内总毛利润同比增长10.5%，达6.434亿美元。店内同店销售额同比增长5.5%，主要由熟食及非酒精饮料的强劲销售带动。燃油同店销售量也较上年同期增长1.5%。上述表现充分体现了Casey’s General Stores持续增长的势头与稳健的运营实力。

本文由人工智能协助翻译。更多信息，请参见我们的使用条款。"
Stephens维持Casey’s General Stores超配评级，业绩超预期表现亮眼,2026-6-10 19:33,https://cn.investing.com/news/analyst-ratings/article-93CH-3410739,,"Investing.com - 在Casey’s General Stores（纳斯达克：CASY）公布第四季度业绩后，Stephens重申对该股的增持（Overweight）评级，目标价维持$900.00。
Casey’s General Stores公布2026财年第四季度调整后每股收益为$4.37，大幅超越Stephens此前预估的$3.03及市场普遍预期的$3.31。业绩亮点涵盖燃油业务与店内运营两大板块。受强劲表现驱动，该股过去一年累计上涨56%，目前市盈率为43.67倍，市值达281亿美元。
店内可比销售额增长5.5%，毛利率提升约120个基点至42.4%。燃油销售加仑数增长1.5%，燃油利润率扩大至每加仑46.9美分。2026财年EBITDA增长23.6%，接近15亿美元。
公司发布2027财年EBITDA指引，预计增长8%至10%。Stephens指出，该指引与其分析框架基本一致——Casey’s有望通过低个位数店内可比销售增长、适度利润率提升以及燃油利润率小幅扩张，实现高个位数的EBITDA增长。
Stephens表示，其盈利预测及目标价正在审查中。根据InvestingPro的分析，该股目前相对于其公允价值存在高估。对于希望深入了解的投资者，平台提供全面的专业研究报告，将复杂的华尔街数据转化为可操作的投资参考，覆盖该股及逾1,400只美国股票。
在近期其他动态方面，Casey’s General Stores公布了亮眼的第四季度业绩，大幅超越分析师预期。公司宣布调整后每股收益为$4.37，超出市场普遍预期$3.31达$1.06。营收同样表现出色，达到45.7亿美元，高于预期的42.1亿美元，较上年同期的39.9亿美元增长14.5%。强劲业绩主要得益于燃油利润率的大幅提升——每加仑46.9美分，高于上年同期的37.6美分——以及店内总毛利润增长10.5%至6.434亿美元。店内同店销售额同比增长5.5%，主要由熟食及非酒精饮料品类带动，燃油同店销售加仑数则增长1.5%。
此外，加拿大皇家银行资本市场（RBC Capital）将Casey’s General Stores的目标价从$792上调至$794，维持行业表现（Sector Perform）评级。该机构指出，各项关键绩效指标均全面超出预期。上述最新进展充分体现了Casey’s稳固的盘坚态势与出色的运营效率。

本文由人工智能协助翻译。更多信息，请参见我们的使用条款。"
"康菲石油董事夏米拉·穆里根出售价值$234,906的普通股",2026-6-11 04:05,https://cn.investing.com/news/insider-trading-news/article-93CH-3411685,,"康菲石油（NASDAQ:COP）董事夏米拉·穆里根（Sharmila Mulligan）于2026年6月10日出售了该公司1,974股普通股，成交价格为每股$119.00，交易总金额达$234,906。目前，康菲石油股价报$119.92，市值约为1,462.3亿美元，是石油、天然气及消耗性燃料行业的重要企业。
此次出售后，穆里根女士不再直接持有康菲石油普通股的所有权。根据InvestingPro的分析，该股票在当前价位似乎被低估。投资者若希望深入了解，可查阅康菲石油的完整专业研究报告，该报告是Investing.com覆盖的1,400余家美股中的一份，提供专家分析与可操作的投资参考。
在近期其他重要动态方面，康菲石油有多项值得关注的进展。公司公布了好于预期的2026年第一季度业绩，加拿大皇家银行资本市场（RBC Capital）维持其""跑赢大市""评级，目标价为$152.00，认为较高的大宗商品价格抵消了卡塔尔业务的产量影响。在阿拉斯加，康菲石油与Glenfarne Alaska LNG LLC签署了一份为期30年的天然气销售先决协议，将从阿拉斯加北坡供应天然气，以支持阿拉斯加液化天然气项目的第一阶段建设。与此同时，康菲石油联合道达尔能源（TotalEnergies）及卡塔尔能源（QatarEnergy），与叙利亚石油公司签署协议，共同勘探叙利亚拉塔基亚附近海域的Block 3区块。此外，康菲石油与卡塔尔合资项目的液化天然气产能扩张预计将出现延误，但预计延误时间以月计而非以年计。最后，康菲石油首席执行官瑞安·兰斯（Ryan Lance）就委内瑞拉近期石油法律修订发表评论，认为相关条款因政府收益比例过高，不足以吸引外国投资。

本文由人工智能协助翻译。更多信息，请参见我们的使用条款。"
凯西连锁便利店股价今日为何大涨？,2026-6-10 22:18,https://cn.investing.com/news/stock-market-news/article-93CH-3411359,Vlad Schepkov,"Investing.com -- 凯西连锁便利店（Casey’s General Stores Inc）股价今日早盘大涨15.4%，此前这家便利店运营商公布了创纪录的季度业绩。2026财年第四季度每股收益达$4.37，较华尔街普遍预期的约$3.31高出约32%；营收达$45.7亿，同样大幅超出市场预期。净利润同比增长65.5%，EBITDA（息税折旧摊销前利润）增长33.2%至$3.503亿，主要受益于店内同店销售额增长5.5%——其中熟食及非酒精饮料表现尤为突出——同时燃油利润率大幅提升，从去年同期的每加仑37.6美分升至46.9美分。2026完整财年稀释每股收益达$19.16，同比增长约31%，EBITDA接近$150亿。
除亮眼的业绩数据外，公司还进一步提升了投资吸引力，宣布授权10亿美元股份回购计划，并将季度股息提高14%至每股$0.65，这也是公司连续第27年提升年度股息。在分析师方面，Stephens维持其""增持""评级，目标价$900，理由是第四季度业绩大幅超越其自身及市场一致预期；Evercore ISI则将目标价上调至$915，并维持""跑赢大市""评级。即便是相对谨慎的机构如瑞银（UBS）和加拿大皇家银行资本市场（RBC Capital），也在业绩公布后维持评级并小幅上调目标价。管理层对2027财年的展望同样积极，预计EBITDA增长8%至10%，店内同店销售增长2%至5%，为投资者在消化早间业绩电话会内容之余提供了额外的前进动力。
当日美国股市整体表现平淡，几乎未能提供任何支撑——标普500指数基本持平，下跌0.1%；道琼斯指数小幅下滑0.3%；纳斯达克指数下跌0.1%。这充分说明CASY今日的大涨完全是公司自身因素驱动，而非板块或宏观因素带动的整体上涨。便利店同业如Murphy USA所处的市场整体低迷，更凸显了凯西此次涨幅的突出表现。
创纪录的业绩超预期、大规模资本回报计划、乐观的前瞻性指引，以及早间业绩电话会上管理层对强劲业绩的详细阐述，多重催化剂共同形成合力，推动CASY股价涨至$878.61，逼近52周高点$901，也令2026财年成为这家总部位于爱荷华州安肯尼（Ankeny, Iowa）的连锁企业发展史上具有里程碑意义的一年。

本文由人工智能协助翻译。更多信息，请参见我们的使用条款。"
中国5月通胀数据「出炉」！CPI不及预期，同比升1.2%，PPI升3.9%,2026-6-10 10:35,https://cn.investing.com/news/economic-indicators/article-3409839,Phyllis Li,"英为财情Investing.com -周三，6月10日，国家统计局今日公布5月居民消费价格指数（CPI）和工业生产者出厂价格指数（PPI），數據显示居民消费市场运行总体平稳。
受国际油价传导影响，5月CPI环比下降0.1%，同比上升1.2%，不及预期的1.3%，扣除食品和能源价格的核心CPI同比上升1.1%。
受国内部分行业需求增加以及国际大宗商品价格波动传导等因素影响，5月PPI环比上升0.5%，升幅比上月回落1.2个百分点，同比上升3.9%，与预期一致，升幅比上月扩大1.1个百分点。
以下内容来自国家统计局：
国家统计局城市司首席统计师董莉娟解读2026年5月份CPI和PPI數據
 
　　5月份，居民消费市场运行总体平稳，居民消费价格指数（CPI）环比下降0.1%，同比上升1.2%，扣除食品和能源价格的核心CPI同比上升1.1%。受国内部分行业需求增加以及国际大宗商品价格波动传导等因素影响，工业生产者出厂价格指数（PPI）环比上升0.5%，同比上升3.9%。
 
　　一、CPI总体平稳
 
　　从环比看，全国CPI下降0.1%，上月为上升0.3%，主要是受能源和服务价格变动影响。受国际油价传导影响，国内汽油价格由上月上升12.6%转为下降0.3%，带动能源价格由上月上升5.7%转为下降0.1%，对CPI环比的影响由上月上拉0.39个百分点转为下拉0.01个百分点。受「五一」节后出行季节性回落影响，服务价格由上月上升0.5%转为下降0.1%，对CPI环比的影响由上月上拉0.22个百分点转为下拉0.03个百分点。其中，交通工具租赁和飞机票价格分别由上月上升8.6%和29.2%转为下降6.8%和6.3%，合计影响CPI环比下降约0.04个百分点。夏装换季上新带动服装价格上升0.6%，AI相关需求旺盛带动移动电话机和平板计算机价格分别上升1.6%和1.1%，上述三项合计影响CPI环比上升约0.05个百分点。食品价格下降0.4%，降幅比上月收窄1.2个百分点，影响CPI环比下降约0.07个百分点。食品中，应季蔬菜大量上市，鲜菜价格下降3.6%，影响CPI环比下降约0.06个百分点；猪肉供应充足，价格下降1.6%，降幅比上月收窄4.1个百分点，影响CPI环比下降约0.03个百分点；阶段性供给偏紧迭加夏季高温产蛋率下降、端午节前集中备货等因素影响，鸡蛋价格上升6.1%，影响CPI环比上升约0.03个百分点。
 
　　从同比看，全国CPI上升1.2%，升幅与上月相同。其中，工业消费品价格上升3.9%，升幅比上月扩大0.4个百分点，影响CPI同比上升约1.18个百分点。工业消费品中，受上年同期对比基数较低影响，汽油价格升幅继续扩大至23.5%，影响CPI同比上升约0.66个百分点；黄金饰品价格升幅继续回落至39.0%，影响CPI同比上升约0.17个百分点；家用器具和服装价格分别上升3.4%和1.5%，合计影响CPI同比上升约0.12个百分点。服务价格上升0.8%，升幅比上月回落0.1个百分点，影响CPI同比上升约0.40个百分点。服务中，出行服务价格上升2.8%，升幅比上月回落0.9个百分点；其他服务价格升幅总体稳定。食品价格下降1.7%，降幅比上月扩大0.1个百分点，影响CPI同比下降约0.30个百分点。食品中，猪肉价格下降16.1%，降幅比上月扩大0.9个百分点，影响CPI同比下降约0.31个百分点；鲜果价格下降2.2%，影响CPI同比下降约0.04个百分点；鸡蛋、羊肉、牛肉、禽肉类、水产品和鲜菜价格均有上升，升幅在0.6%—8.4%之间，合计影响CPI同比上升约0.13个百分点。
 
　　二、PPI继续上升
 
　　从环比看，全国PPI上升0.5%，升幅比上月回落1.2个百分点。本月PPI环比运行的主要特点：一是产业结构优化升级带动部分行业价格上行。制造业设备更新持续推进，黑色金属冶炼和压延加工业价格环比上升1.2%。电气化进程加快，人工智能与各领域深度融合，算力需求增长等带动有色金属、电气机械和计算机相关行业价格上升，有色金属冶炼和压延加工业价格上升1.1%，其中锡冶炼、铜冶炼价格分别上升4.8%和3.1%；计算机通信和其他电子设备制造业价格上升0.6%，其中集成电路封装测试系列、外存储设备及部件价格分别上升2.9%和1.9%；电气机械和器材制造业价格上升0.5%，其中光纤制造、电线电缆制造价格分别上升8.0%和1.2%。二是季节性需求增加带动部分行业价格上升。「迎峰度夏」备煤和非电用煤需求增加，煤炭开采和洗选业价格环比上升3.2%。进入5月气温逐渐升高，家用空气调节器制造、家用制冷电器具制造价格分别上升0.9%和0.3%，电力供应价格上升0.4%。三是国际原油价格波动传导影响国内相关行业价格由升转降或升幅回落。石油开采价格环比由上月上升24.1%转为下降1.8%，精炼石油产品制造价格由上升19.0%转为下降0.3%，化学原料和化学制品制造业、化学纤维制造业、橡胶和塑料制品业价格分别上升2.0%、1.5%和1.5%，升幅比上月分别回落6.3个、4.1个和0.2个百分点。
 
　　从同比看，全国PPI上升3.9%，升幅比上月扩大1.1个百分点。分行业看，价格上升的行业中，有色金属矿采选业同比上升36.5%，有色金属冶炼和压延加工业上升24.0%，煤炭开采和洗选业上升10.0%，电气机械和器材制造业上升4.5%，计算机通信和其他电子设备制造业上升2.1%，黑色金属冶炼和压延加工业上升1.0%，上述6个行业合计影响PPI同比上升约2.56个百分点，上拉影响较上月增加0.51个百分点；石油和天然气开采业、石油煤炭及其他燃料加工业、化学原料和化学制品制造业分别上升35.7%、18.4%和12.7%，合计影响PPI同比上升约1.96个百分点，上拉影响较上月增加0.46个百分点。价格下降的行业中，非金属矿物制品业下降5.1%，电力热力生产和供应业下降4.4%，汽车制造业下降2.0%，农副食品加工业下降1.4%，合计影响PPI同比下降约0.75个百分点，下拉影响比上月增加0.01个百分点。"
人事风波暂歇 英国石油(BP.US)新CEO力推改革：重组管理架构 聚焦油气主业,2026-6-9 21:40,https://cn.investing.com/news/stock-market-news/article-3409013,,"智通财经APP获悉，英国石油(BP.US)新任首席执行官Meg O’Neill对管理层与汇报架构进行了重组。此次改革巩固公司聚焦油气主业的方向，并试图摆脱近期的高层人事动荡。英国石油周二发布声明称，自7月1日起，Gordon Birrell将出任上游业务执行副总裁;Richard Harding 临时担任下游业务执行副总裁。本次架构调整未涉及裁员。
重组管理架构 聚焦油气主业  
O’Neill上任后不久便向员工透露了此次重组计划。此前两周，英国石油经历了人事动荡，时任董事长Albert Manifold突遭解职。此次重组推翻了前首席执行官Bernard Looney在2020年推行的结构性变革，当时他将公司业务重心转向低碳投资，并逐步减少对化石燃料的依赖。此次重组也使英国石油的运营模式更加接近其他大型石油公司。
O’Neill在周二的声明中表示，新架构将业务划分为两大板块，分别负责资源开发生产、客户与市场相关业务，“这将明确责任，并实现更快、更有效的决策”。
O’Neill面临着巨大的压力。多年来，英国石油的股价表现一直逊于竞争对手，这吸引了激进投资者Elliott Investment Management入局，后者推动了公司的重组。
英国石油表示，由副首席执行官Carol Howle领导的庞大交易业务将横跨两个业务板块，“连接投资组合，优化资金流动，并带来实质性的价值提升”。
Birrell负责的上游业务部门将负责油气勘探、开发与生产，上游合资企业，以及可再生天然气、碳捕获与封存业务。
Harding负责的下游业务部门将负责炼油、码头、管道、零售加油站、生物燃料、航空、氢气和润滑油等业务。
除了上游和下游两大业务外，还将有若干辅助部门。
包括太阳能和海上风能在内的可再生能源将隶属于技术执行副总裁 Emeka Emembolu 领导的技术部门。
人事风波暂歇 新CEO力推全面改革
此次架构重组之前，英国石油于5月下旬解雇了上任八个月的Manifold，理由是其存在与“公司治理标准、监督和行为”相关的严重问题。此次人事震动发生在O’Neill上任仅数周之后。
Manifold遭解雇是英国石油领导层持续动荡的最新事件。在过去的几年里，英国石油已经更换了三位首席执行官。在该公司正试图扭转多年来业绩不佳的局面之际，Manifold的离职再次引发了人们对公司内部运作机制的质疑。此前，Manifold曾被视为加速英国石油战略重启的关键人物。
不过，解雇Manifold的决定巩固了新任首席执行官O’Neill的领导权。她是 Manifold 去年聘请的。
她上任之初就迎来了顺风。伊朗战争造成的能源市场动荡推动英国石油交易业务利润飙升。
与此同时，该公司正继续推进其战略转型，重回石油和天然气领域。其优先事项包括出售业绩不佳的资产、偿还债务以及降低成本。在O’Neill上任之前，英国石油已于2月份暂停了股票回购计划。
英国石油周二表示：“此次组织变革建立在英国石油正在采取的具体行动之上，这些行动旨在简化产品组合、降低成本、保持严格的资本支出纪律并加强资产负债表，从而为股东创造更大价值和回报。”
周二美股盘初，截至发稿，英国石油跌超1%。"
凯西综合商店第四季度业绩超预期，燃油利润率强劲,2026-6-10 04:47,https://cn.investing.com/news/earnings/article-93CH-3409478,Rachael Rajan,"爱荷华州安肯尼——凯西综合商店（NASDAQ:CASY）公布的第四季度业绩超出分析师预期，调整后每股收益为$4.37，高于市场普遍预期的$3.31，超出幅度达$1.06。季度营收达45.7亿美元，高于预期的42.1亿美元，并较去年同期的39.9亿美元增长14.5%。消息公布后，该公司股价于周二盘后上涨2.2%。
此次业绩亮眼的核心驱动力在于强劲的燃油利润率——每加仑46.9美分，较上年同期的37.6美分大幅提升——以及门店内部毛利润同比增长10.5%，达到6.434亿美元。门店内部同店销售额同比增长5.5%，其中熟食及非酒精饮料表现尤为突出。燃油同店销售量较上年同期增长1.5%。
总裁兼首席执行官达伦·雷贝莱斯（Darren Rebelez）表示：""凯西再度创下创纪录的财年业绩，我们的团队以极为出色的表现完成了三年战略规划，实现净利润7.14亿美元，EBITDA（税息折旧及摊销前利润）接近15亿美元。""
展望2027财年，凯西预计EBITDA将增长8%至10%，中间值约为9%，略低于部分分析师基于第四季度强劲表现所作出的预期。公司预计门店内部同店销售额增长2%至5%，内部利润率维持在42%以上，同店燃油销售量则预计在负1%至正1%之间波动。运营费用预计增长5%至7%。
公司计划在2027财年通过收购及新建方式，新开至少120家门店。今年6月，凯西将季度股息提高14%至每股$0.65，这也是公司连续第27年提高年度股息。

本文由人工智能协助翻译。更多信息，请参见我们的使用条款。"
纳斯达克给予XCF Global 180天宽限期以满足最低出价要求,2026-6-10 06:10,https://cn.investing.com/news/company-news/article-93CH-3409577,,"休斯顿 — XCF Global Inc.（纳斯达克：SAFX）今日发布新闻稿，宣布已获得纳斯达克180天的宽限期，以重新满足交易所的最低出价规则要求。
纳斯达克上市资格部门在审查公司的合规计划后，批准将宽限期延长至2026年12月7日。纳斯达克认定，XCF Global符合纳斯达克资本市场关于公众持股市值的持续上市要求，以及除最低出价要求之外的所有其他初始上市适用条件。
该股目前交易价格为$0.37，过去一年累计下跌99%，仅过去一周便下跌32%。根据InvestingPro的分析——该平台追踪逾1,400项指标，并为订阅用户提供独家投资建议——公司现金消耗速度较快，且背负沉重债务。尽管如此，InvestingPro的公允价值评估显示，该股在当前价位可能存在低估。
XCF Global主要生产可再生柴油和可持续航空燃料，旗下运营位于内华达州雷诺市的New Rise Renewables Reno工厂，该工厂获批的铭牌产能为每年3,800万加仑。
XCF Global首席执行官Chris Cooper表示，此次宽限期为公司提供了额外时间，以推进替代燃料平台战略，并在运营、商业及财务表现方面取得进展。
目前，公司正积极探索在内华达州、北卡罗来纳州和佛罗里达州的潜在扩张机会。XCF Global在纳斯达克资本市场以股票代码SAFX进行交易。
若公司未能在宽限期内满足纳斯达克最低出价要求，且在适用的补救期内仍未达标，则可能面临从交易所摘牌的风险。

本文由人工智能协助翻译。更多信息，请参见我们的使用条款。"
国投证券：印度钾肥大合同超预期上涨 全球钾肥供需或延续趋紧,2026-6-8 11:19,https://cn.investing.com/news/stock-market-news/article-3405344,,"智通财经APP获悉，国投证券发布研报称，印度2026年度钾肥大合同在长期胶着谈判后终于在5月18日正式敲定，价格为383美元/吨CFR，较去年上涨34美元/吨，较中国在2025年11月提前签署的钾肥大合同高出35美元/吨，远高于2016—2025年间印度对中国保持的平均8美元/吨溢价。该行认为，全球钾肥长期需求刚性凸显，供给侧众多增量项目存在延期可能，叠加印度作为亚洲钾肥市场最重要的价格锚之一，最新大合同对东南亚区域乃至全球钾肥价格均存在提振作用，钾肥有望迎来全面景气。
国投证券主要观点如下：
脆弱供应链与多元调节机制共同塑造钾肥弹性
钾肥长期价格由供需周期主导，而事件是引发短期波动的关键催化，如2022年俄乌冲突及制裁导致供应链恐慌，现货价格最高突破5000元/吨的历史高位。此外，主动调控是平滑波动、实现“软着陆”的核心机制，国内通过保供稳价政策平抑2021年短期脉冲式上涨，亦通过年度大合同锚定价格底部，使其回归合理区间。长期来看，钾肥价格始终围绕供需基本面在2000-5000元/吨的宽幅区间内波动，通过产能、库存和贸易流的再调整趋向长期平衡。因此，钾肥价格的弹性本质上是脆弱供应链与多元调节机制共同作用的结果，未来仍将受地缘局势、产能投放节奏及粮食安全政策博弈的深刻影响。
钾肥需求长期稳定增长，高油价环境有望抬升钾肥需求
化肥产品需求和全球农作物种植面积高度相关，据美国农业部(USDA)数据，全球主要粮食作物播种面积稳步提升，带动化肥需求稳定增长。而钾肥是促进农作物生长增产的基础性肥料，不易替代。以氯化钾为例，据阿格斯，预计2026年全球氯化钾需求净增量约123.6万吨，后续2030年起每年需求净增量稳定在约80万吨/年，刚需性质突出。此外能源安全重要性不断凸显，高油价提升了生物燃料经济性，带动大豆油/棕榈油、玉米等作物需求，从而对化肥需求形成正反馈。同时在“减氮控磷增钾”与高标准农田建设路径下，中国钾肥施用比例有望提升、需求稳步增长，而中国长期占全球消费约四分之一，作为刚性大国需求侧的边际抬升亦具备持续性。
地缘扰动下钾肥供给或不及预期，26年实际供需或更偏紧
2024年全球已探明可采钾盐矿储量超48亿吨(折K2O)，加拿大、老挝、俄罗斯、白俄罗斯合计约37.7亿吨、占比约78.2%，为典型寡头格局，少数主产区具有较强定价权。氯化钾方面，2019-2025年名义产能增速CAGR为+2.3%，2026年，全球名义产能增速将达到+7.7%的阶段峰值，2027-2028年分别+4.4%和+3.2%，包括俄罗斯Usolskiy二期、老挝XDL等项目先后投产，但此后预计增速逐渐收敛，直至2030年或首度出现收缩。硫酸钾方面，名义产能增速在2025年达峰，为+3.8%，2026年预计增速+3.1%，此后预计增速收敛至+1%左右。供给侧存量角度，本次美伊以冲突以来，中东航线海运费上涨30%-50%，战争险保费飙升300%-400%，单柜额外增加费用约3000美元，运费上涨已严重影响全球钾盐贸易流，若后续局势反复，中东地区钾盐生产装置进而再受影响，供给侧存量紧缩或进一步超预期。供给侧增量角度，赣锋锂业刚果(布)200万吨氯化钾项目、加拿大BHP 200万吨氯化钾项目均存在延期可能。因此，实际钾肥供应增长或可能低于名义产能增速，后续全球钾肥供需平衡表或更趋紧张，风险溢价或成为支撑价格的关键因素。
建议关注：亚钾国际、东方铁塔、盐湖股份等。
风险提示：宏观经济下行风险;原料价格大幅波动;下游需求不及预期;产能大幅扩张风险。"
油飙金溃！伊朗导弹炸碎停火梦 霍尔木兹危局再临,2026-6-8 08:57,https://cn.investing.com/news/stock-market-news/article-3405149,,"智通财经APP获悉，中东局势再度升级，伊朗向以色列发射导弹，令刚现曙光的停火协议再度摇摇欲坠。这一变化推动国际油价大幅飙升，而黄金则因美元走强和加息预期升温继续承压。

原油：地缘风险重燃，布伦特原油冲高96美元
周一亚洲早盘，原油期货价格跳涨。布伦特原油一度飙升3.6%，触及每桶96.47美元，WTI原油则逼近94美元关口，随后涨幅有所收窄。市场情绪紧绷，源于伊朗在上周日向以色列发射了数轮导弹。
伊朗方面称，此举是对以色列的警告，要求其“停止在黎巴嫩的敌对行动”。据以色列军方消息，所有来袭导弹均被拦截，未造成人员伤亡。但这一袭击是以色列与伊朗支持的黎巴嫩真主党之间持续交火的最新升级，彻底动摇了此前达成的脆弱停火框架。
美国总统特朗普在袭击发生后敦促伊朗重返谈判，并对以色列上周日空袭贝鲁特提出批评。据报道，特朗普在与以色列总理内塔尼亚胡的通话中表示，将向其施压，要求以色列不要采取报复行动。他随后在接受采访时强硬表态：“我才是拍板的人……内塔尼亚胡说了不算。”
过去一周，中东敌对行动急剧升温，已导致关键的霍尔木兹海峡再次关闭，全球原油、燃料及天然气的正常供应被严重阻断。美国中央司令部上周日证实，在霍尔木兹海峡附近击落了两架威胁国际航运的伊朗攻击无人机，而就在上周五，还有六枚弹道导弹射向巴林和科威特。作为回应，美军摧毁了伊朗的岸基雷达站。
“上周末以色列与伊朗的升级再次向我们表明，停火是多么不堪一击，”Lipow Oil Associates总裁Andy Lipow表示，“地缘政治风险显著升高，不仅海峡可能关闭得比预期更久，伊朗在红海进一步限制航运的几率也在上升。”
芝加哥Karobaar Capital LP首席投资官Haris Khurshid指出，市场此前的定价过于乐观。“市场始终在‘协议将成’的定价和‘双方根本立场未变’的现实之间摇摆。每当乐观情绪稍稍脱离事实，油价就会猛烈反弹。”
事实上，和平前景仍面临多重症结。伊朗要求以色列和黎巴嫩必须先达成停火，否则不会达成最终协议。尽管上周以色列与黎巴嫩一度传出同意休战，但前提是真主党停止敌对行动，而该伊朗支持的武装力量已明确拒绝停火，周末双方交战仍在持续。
即使美伊奇迹般达成和平协议，原油供应回归正常也非一日之功。霍尔木兹海峡的水雷需要清除，大量关停的油田可能耗时数月才能复产，此前无人机和导弹袭击造成的能源基础设施损坏也亟待修复。
在供给侧另一端，欧佩克+已同意在7月再度将日产量配额提高18.8万桶。然而，由于波斯湾出口通道实际受阻，多数成员国根本无法落实这一增产计划。
黄金：强势美元与加息预期施压，金价低位整理
与原油的凌厉涨势不同，避险资产黄金未能获得有力提振。伊朗的袭击虽加剧了地缘不确定性，但市场对全球通胀重燃及央行鹰派立场的担忧，牢牢压制着贵金属表现。
现货黄金在上周累计重挫近5%、完全回吐了年内涨幅后，周一交投于每盎司4345美元附近，日内微涨0.3%。白银同步小幅反弹0.3%至68.07美元，但上周暴跌近10%。铂金和钯金也录得小幅上涨。
黄金承压的直接推手来自宏观层面。上周五公布的美国5月非农就业数据全面超越市场预期，新增就业人数远超预估。这一亮眼数据迅速点燃市场对美联储将在2026年加息的押注，推动美债收益率和美元大幅走高。彭博美元现货指数周一续涨0.1%，此前一周已攀升1.1%，对以美元计价的黄金构成沉重打击。
中东战事已进入第四个月，能源运输的中断持续抬升油价，加剧全球通胀隐忧。这使得各大央行更倾向于在更长时间内维持高利率甚至重启加息，对无息资产黄金形成逆风。
不过，市场上的长期买盘力量依然活跃。数据显示，中国央行上月再度购入约10吨黄金，创下2024年以来最高的月度增幅，并将连续增持的纪录延长至19个月，突显中国作为全球最大买家之一对黄金的持续战略需求。
StoneX Group市场分析主管Rhona O’Connell在报告中写道，中东冲突的关键问题依然“悬而未决”，“我们对于金价偏向下行的判断目前正得到印证，但会密切关注任何抄底买盘的迹象。”
当前，两大商品市场正共同紧盯着同一核心变量：中东危局将走向何方。特朗普能否迫使以色列收敛军事行动、伊朗会否进一步封锁航运要道，以及即将到来的美联储利率决议预期，都将决定油价和金价的下一步剧烈摆动。"
花旗：美伊谈判陷僵局，油价料将持续攀升,2026-6-4 18:59,https://cn.investing.com/news/commodities-news/article-3401642,Vahid Karaahmetovic,"Investing.com - 本周布伦特原油从每桶$91的近期低点反弹，原因是美伊即将达成协议的希望逐渐破灭。花旗分析师因此维持其近期看涨价格预测，并警告称全球关键库存已严重吃紧。




此次反弹恰逢中东局势持续紧张——伊朗对科威特机场发动袭击，美军也在霍尔木兹海峡附近实施打击行动，令持续数周的停火协议岌岌可危。
华盛顿与德黑兰之间的谈判目前仍陷入僵局，争议焦点集中在对霍尔木兹海峡的控制权、伊朗高浓缩铀的处置问题，以及黎巴嫩是否应纳入停火协议范围等方面。
周三宣布的以色列与黎巴嫩单独停火协议为更广泛的交割带来了一线希望，在一定程度上抑制了油价涨势。周四，布伦特原油和WTI原油合约分别报每桶$94.88和$96.65。伊朗已将任何协议的达成部分设定为以色列与真主党停止交战的前提条件。
然而，花旗的判断倾向于谈判将旷日持久。该行基准情景预计，霍尔木兹海峡的石油流量将在第三季度逐步恢复，但低库存的重建过程将是一个漫长的尾部效应，这将使油价在更长时间内维持高位。
花旗预测布伦特原油第三季度均价为$110，第四季度回落至$90，并在2027年进一步降至$80，期间预计现货升水结构将持续存在。
花旗的判断在很大程度上基于全球石油库存分布不均的现实。尽管全球液态能源总库存的表面数据看似处于历史正常区间，但花旗指出，截至5月底，中国以外的亚洲地区原油及主要成品油库存已跌破五年历史区间下限。
分析师写道：「库存持续下降将使库存水平降至近年来前所未有的低点，届时市场将争相从供应较为充裕的地区调货，即便海峡重新开放后，为补充低库存而形成的强劲现货升水结构也将持续存在。」
Two大因素迄今阻止了实物市场像供应损失规模所暗示的那样急剧收紧——自海峡中断以来，估计损失已超过10亿桶。
2月至5月间，中国原油进口量大幅下降，日均降幅约为430万桶；与此同时，国际能源署（IEA）的紧急储备释放在4月和5月估计以每日330万桶的速度持续进行。花旗警告称，一旦该释放行动结束（可能在7月底前后），实物市场将显著收紧。
成品油库存是当前的核心隐忧——即便近期原油价格有所回落，成品油库存已跌破五年历史区间下限。柴油、汽油及残余燃料油库存均处于或低于历史区间底部，持续支撑炼油利润率维持高位。
国际能源署本周再度警告称，若当前的库存消耗态势持续，全球库存可能在夏季需求高峰到来之前降至临界低位。
本文由人工智能协助翻译。更多信息，请参见我们的使用条款。"
能源冲击撕裂欧洲经济！PMI跌至18个月低位 欧元区坠向“滞胀”深渊,2026-6-3 16:49,https://cn.investing.com/news/stock-market-news/article-3399044,,"智通财经APP获悉，标普全球(S&P Global)最新公布的2026年5月欧元区综合PMI数据报告显示，欧元区经济正在进入典型的“类滞胀压力”区间，即经济活动继续收缩、需求走弱、就业降温，但投入成本与产出价格再度上行。PMI数据显示欧元区5月私营部门活动指数以18个月来最低迷数据萎缩，主要因商品和服务需求减弱——这是衡量经济健康状况的关键指标，连续两个月拖累综合PMI产出下降，同时成本压力升至三年多来最高水平。
5月欧元区综合PMI产出指数(Composite PMI Output)从4月的48.8降至48.5，创18个月以来的最低位，并连续两个月低于50点位这一至关重要荣枯线，意味着私营部门活动收缩速度加快;标普全球首席商业经济学家Chris Williamson据此判断，若6月没有明显改善，PMI所指向的是二季度GDP环比约 -0.2% 的经济收缩风险。
欧元区滞胀警报拉响!中东地缘政治冲突或拖累二季度GDP
S&P Global欧元区综合PMI产出指数从4月的48.8降至5月的48.5，创2024年11月以来最低读数，但高于47.5的初值。总体服务业PMI从47.6小幅升至47.7，表现好于46.4的初值。低于50.0荣枯线的读数均表明经济活动陷入收缩状态。
首席商业经济学家Chris Williamson表示：“随着欧元区商业活动在5月连续两个月下降，经济在第二季度陷入收缩的可能性看起来越来越大。除非6月出现任何重大变化，否则PMI数据表明季度GDP将呈现出下降0.2%。”
总体新订单数据则连续三个月下降，降幅为2024年11月以来第二大。海外需求构成更大拖累，出口订单以今年迄今最快速度下滑。
恶化集中在欧元区两大经济体。德国和法国的私营部门活动均录得收缩，而意大利和西班牙则实现小幅扩张。
投入成本以三年半来最快速度上升，而向客户收取的价格升至38个月高位——这是产出价格通胀连续三个月加速。此前，周二公布的数据显示，5月欧元区通胀率意外跃升至3.2%，远高于欧洲央行2%的目标;随着中东地缘政治战争大幅推高全球石油与天然气等能源价格，并且霍尔木兹海峡仍然处于封锁状态，预计欧元区通胀还将进一步上升。
根据国际能源署(IEA)的统计数据，伊朗关闭霍尔木兹海峡迄今可能已使市场损失大约10亿桶石油供给，这是历史上最大规模的石油供应中断。
自2月底伊朗战争开始以来，霍尔木兹海峡实质上处于封锁状态，已经切断了向全球客户供应原油、天然气和成品燃料油的最核心航运通道之一，大幅推高了能源价格，并加剧了全球投资者们的通胀担忧情绪。
华尔街金融巨头花旗发布研报表示，如果美国与伊朗之间的长期和平谈判仍然显得棘手，导致霍尔木兹海峡长期处于封锁与管控状态，国际油价基准——布伦特原油价格可能从近日明显回落后的100美元附近点位进一步上涨，甚至有可能再创阶段性新高。
欧洲央行已经指出，通胀上行风险和增长下行风险均已加剧，这使政策制定者处于艰难境地。一些经济学家表示，欧洲央行6月会议将值得关注，可能宣布加息25个基点，将基准利率提高至2.25%;不过也有其他经济学家表示，在经济似乎陷入停滞且消费者信心减弱之际，欧洲央行在加息前应谨慎行事。
随着PMI数据报告显示欧元区新业务下降，企业报告称闲置产能可能持续增加。就业岗位流失速度加快至五年半来最快，尽管裁员幅度仍然温和。与此同时，积压订单以14个月来最快速度被消化，说明企业并不是因为产能扩张而完成更多工作，而是因为新增订单不足导致未完成业务快速减少。
调查报告还显示，商业信心较4月温和恢复，但按历史标准衡量仍然疲弱，并且远低于中东战争爆发前的水平。
增长熄火+通胀回潮，能源冲击撕裂欧洲经济
尤其值得注意的是，欧元区劳动力市场也开始出现松动迹象。欧元区私营部门就业人数在5月进一步下降，裁员速度为 五年半以来最快，虽然总体幅度仍然温和，但方向已经非常关键：过去服务业就业韧性一直是欧元区通胀粘性的主要支撑之一，如今就业降温意味着工资压力未来可能回落，但也会进一步压制居民收入预期和消费意愿。服务业就业自2021年1月以来首次下降，这对欧洲央行而言是一个复杂信号：它有助于抑制中期通胀，却也意味着若继续加息，经济下行风险会被放大。
价格端是整份报告最具政策冲击力的部分。5月投入成本涨幅进一步加快，达到三年半以来最高水平;产出价格通胀升至 38个月高位，且连续第三个月加速。S&P数据报告称，投入成本压力仍是 2022年末以来最强，Chris Williamson甚至警告，这可能暗示未来几个月通胀接近4%。这与Eurostat最新数据相互印证：欧元区5月整体通胀率预估从4月3.0% 升至3.2%，能源价格仍是主要推手之一。
需求端数据也愈发疲弱。报告显示，欧元区商品与服务新订单连续第三个月下降，虽然降幅较4月有所放缓，但仍为2024年11月以来第二快降幅;海外新订单则构成更明显拖累，私营部门出口订单以今年以来最快速度下滑。这说明中东冲突、能源价格冲击、全球贸易不确定性和外部需求减弱正在通过出口渠道打击欧元区企业订单簿。
宏观政策含义上，这份PMI把欧洲央行推入“增长下行与通胀上行并存”的两难境地。欧洲央行(ECB)在4月会议中维持三大利率不变，并明确表示上行通胀风险与下行增长风险均已加剧;但如果PMI所显示的成本压力继续向终端价格传导，市场会进一步押注ECB需要以加息阻止通胀预期脱锚。问题在于，PMI同时显示需求、就业、订单和商业信心均偏弱，若政策过度紧缩，可能等同于“在经济下行阶段加息”。因此，欧元区资产无疑将继续受到“滞胀折价”约束，债市继续面临通胀风险与期限溢价上升，欧股则更偏向防御型、能源转嫁能力强、现金流稳定的板块;周期消费、出口制造和高杠杆行业仍将承压。"
XCF Global任命首席执行官Chris Cooper担任董事会主席,2026-6-5 21:30,https://cn.investing.com/news/company-news/article-93CH-3403991,,"休斯顿 - XCF Global, Inc.（纳斯达克：SAFX）今日发布新闻稿，宣布首席执行官Chris Cooper已于5月28日起正式出任董事会主席。
Cooper将在继续担任首席执行官的同时兼任董事会主席一职。该公司主要生产可再生柴油和可持续航空燃料。
此次领导层调整之际，XCF Global市值约为1.46亿美元，正面临严峻的财务压力。公司股价过去一年累计下跌97.68%，但年初至今已反弹61.25%。根据InvestingPro的分析，该股目前交易价格低于其公允价值估算，存在被低估的迹象。
自2025年11月7日起担任临时董事会主席的Wray Thorn将继续留任董事会，并出任财务委员会主席。Thorn是Focus Impact Partners的合伙人及联合创始人，此前曾担任Two Sigma Investments, LP的董事总经理兼私募投资首席投资官。
Si’Yeon Kim将在继续担任治理委员会主席的同时，出任首席独立董事。Kim曾在美国运通全球商务旅行部门及摩根大通担任高级领导职务。
Cooper表示：「谨代表董事会，感谢Wray在XCF重要发展阶段担任临时主席期间所展现出的领导力与稳健指引。他继续出任财务委员会主席，将对推动XCF实现各项战略目标发挥关键作用。」
XCF Global旗下运营New Rise Renewables雷诺工厂，该设施获批的铭牌产能为每年3,800万加仑。公司目前正积极探索在内华达州、北卡罗来纳州及佛罗里达州的潜在扩张机会。
该公司在纳斯达克资本市场上市，股票代码为SAFX。

本文由人工智能协助翻译。更多信息，请参见我们的使用条款。"
澳大利亚4月贸易顺差大幅回升，大宗商品出口强劲增长,2026-6-4 09:48,https://cn.investing.com/news/economic-indicators/article-3400805,Ayushman Ojha,"Investing.com — 澳大利亚统计局周四公布的数据显示，受铁矿石、矿产品及煤炭出口大幅增长提振，澳大利亚4月贸易顺差显著回升，抵消了燃料采购增加所带动的进口温和上涨。
澳大利亚4月商品贸易顺差达到A$17.9亿（约合$12.8亿），而3月份经修正后为逆差A$10.2亿。此数据超出经济学家预期的A$12.3亿顺差。
4月出口环比增长7.2%，扭转了3月份2.7%的跌幅，创下近一年来最强单月增幅。
使用InvestingPro获取关键经济指标的深度洞察

出口增长主要由非农业类出口拉动，其中金属矿石及矿产品出口大涨18.5%，煤炭出口亦上升15.2%。
当月，澳大利亚向最大贸易伙伴中国的铁矿石出口显著增加，对韩国、印度及荷兰的煤炭出口也有所上升。
4月进口环比增长0.8%，较3月份14.1%的大幅增长明显放缓。此次进口上涨主要受燃料及润滑油进口激增41.4%推动，全球能源价格走高抬升了石油相关产品的采购成本。
上述数据表明，尽管中东局势存在不确定性，外部需求依然保持韧性。强劲的大宗商品出口有效缓冲了国内经济活动放缓及消费支出疲软对澳大利亚经济的冲击。
数据公布后，澳元兑美元（AUD/USD）汇率变动不大，市场焦点仍集中于利率前景。
此次数据发布之际，澳大利亚储备银行维持货币政策鹰派立场——该行于5月将基准利率上调25个基点至4.35%，为今年以来连续第三次加息。
本文由人工智能协助翻译。更多信息，请参见我们的使用条款。"
霍尔木兹海峡梗阻严重冲击成品油市场！高盛警告：2026年炼油利润率将维持显著高位,2026-6-2 13:54,https://cn.investing.com/news/stock-market-news/article-3396529,,"智通财经APP获悉，高盛周一在一份报告中表示，由于霍尔木兹海峡航运中断对成品油市场的冲击大于对原油市场的影响，炼油利润率预计将在整个2026年维持显著高位。高盛预计，在2026年剩余时间内，炼油利润率将维持在2013年至2019年平均水平的2至3倍。其中，柴油利润率将较中东冲突爆发前的预测水平高出每桶19至26美元。
高盛还预计，到2026年第四季度，美国和欧洲柴油利润率将分别达到每桶50美元和37美元;同期汽油利润率则分别达到每桶22美元和14美元。该行补充称，到2027年，美国和欧洲柴油利润率平均将分别达到每桶41美元和29美元。
当前，全球炼油体系正面临日益严峻的挑战，包括中东地区约250万桶/日与战争相关的炼油产能停运、原油供应结构并非最优，以及针对俄罗斯炼油基础设施的持续袭击。由于波斯湾地区成品油出口减少以及亚洲炼油厂产量下降，全球成品油出口量同比减少400万桶/日。
美国与伊朗之间的和平谈判陷入僵局导致霍尔木兹海峡迟迟未能恢复正常通行。据周一晚的报道，鉴于以色列在黎巴嫩的持续军事行动，伊朗谈判团队暂停通过中间人同美国的对话。伊朗官员表示，以色列必须立即停止在黎巴嫩和加沙地带的军事行动，并从黎巴嫩撤出。在此要求得到满足前，伊朗不会举行任何谈判。
此前，伊朗外交部发言人巴加埃6月1日说，伊美谈判在高度猜疑和不信任的氛围中进行，通过中间人的信息传递也在同样的不信任氛围中进行。美方不断改变立场，提出新的或相互矛盾的要求，并通过媒体释放相互矛盾的信息，谈判进程在这种情况下自然会被拖延。巴加埃还称，黎巴嫩地区的停火，是任何潜在的旨在结束与美国战事的美伊谅解备忘录不可或缺的一部分。伊朗外交部长阿拉格齐6月1日也在社交媒体上发文说，任何一条战线上的停火遭到破坏，等同于所有战线上的停火遭到破坏。
此外，伊朗媒体还报道称，伊朗和“抵抗阵线”计划彻底封锁霍尔木兹海峡，并在曼德海峡等其他“战线”开启行动。据悉，曼德海峡连接红海和亚丁湾，是连通大西洋、地中海和印度洋的咽喉要道。该海峡处于也门胡塞武装控制范围内。美国能源信息局数据显示，美以伊战事爆发前，约有12%的全球原油运输通过曼德海峡。若中东局势恶化导致霍尔木兹海峡与曼德海峡均被封锁，无疑将加剧本就紧张的全球石油市场供应，并进一步推高原油及成品油价格。
不过，美国总统特朗普随后的表态在一定程度上缓解了市场的担忧。特朗普当地时间6月1日在接受采访时表示，他认为在“未来一周内”将与伊朗达成协议，以延长停火期限并重新开放霍尔木兹海峡。被问及何时能最终敲定并签署关于重新开放霍尔木兹海峡的谅解备忘录时，特朗普表示，“应该会在未来一周内完成”，目前“还需要争取落实几个关键的细节条款”。
特朗普称，“今天出现了一点小插曲，但我很快就扭转了局面”。“插曲”的起因是伊朗对以色列袭击黎巴嫩感到不满，他分别与以色列总理内塔尼亚胡、黎巴嫩真主党方面通电话，促使双方同意停止交火。
实际上，早在5月初，高盛就指出，由于中东战事久拖不决导致供应持续受阻，5月全球原油及成品油库存以创纪录的速度下降。高盛曾指出，当前成品油市场遭受的冲击核心在于波斯湾地区对全球炼油体系的结构性重要性——该地区中重质原油出口占全球供应的关键比例，而这类原油恰恰是生产柴油、航煤和燃料油等成品油的主要原料。霍尔木兹海峡航运近乎全面中断不仅切断了原油流通，更直接打击了依赖中东炼厂的全球成品油供应链。
即便市场在一定程度上对美伊达成协议将促使霍尔木兹海峡重新开放抱有希望，但高盛表示：“我们预计，在霍尔木兹海峡重新开放初期，汽油尤其是柴油库存将进一步下降，因为需求恢复速度可能快于成品油供应恢复速度。”该行预计，随着需求增长而产能扩张跟不上步伐，到2026年底，全球炼油厂产能利用率将升至历史最高水平附近。"
ARA地区石油库存降至2014年11月以来最低水平,2026-5-28 22:59,https://cn.investing.com/news/commodities-news/article-93CH-3390692,Jaiveer Shekhawat,"Investing.com -- 据荷兰咨询机构Insights Global周四发布的数据显示，阿姆斯特丹-鹿特丹-安特卫普（ARA）炼油及储油枢纽的独立石油产品总库存在截至本周的统计期内下降约1%，触及2014年11月以来的最低点。
目前该地区石油产品总库存为442万公吨，库存下降主要由大多数产品库存减少所驱动，汽油是唯一例外。
Insights Global分析师拉尔斯·范·瓦赫宁根（Lars van Wageningen）表示，由于该地区调和活动明显加剧，汽油库存上升7.5%至111万公吨。
瓦赫宁根指出，受内陆需求走弱、进口量增加影响，柴油及瓦斯油库存下降1%至183万公吨。
他表示，由于对英国出口增加、进口减少，航空煤油库存下滑4.6%至56.3万公吨。
受出口增加影响，燃料油库存下跌3.1%至53.9万公吨，创下2014年11月以来的最低水平。

本文由人工智能协助翻译。更多信息，请参见我们的使用条款。"
中国5月服务业活动扩张速度创三个月新高——财新PMI,2026-6-3 10:03,https://cn.investing.com/news/economic-indicators/article-3398678,Ayushman Ojha,"Investing.com——周三公布的一项私营部门调查显示，受国内需求改善及新客户拓展推动，中国5月服务业活动扩张速度创下近三个月来最快水平。
财新服务业PMI从4月的52.6升至5月的54.4，不仅超出分析师预期的52.3，也继续稳守代表扩张与收缩分界线的荣枯线（50）上方。
通过InvestingPro获取关键经济指标的深度洞察

调查显示，新业务增长在过去五个月中第四次提速，背后是市场环境改善、业务创新以及新项目落地的共同支撑。新出口订单在3月和4月小幅收缩后，5月也重返增长区间。
由于未完成业务量以2024年6月以来最快速度攀升，服务业企业四个月来首次增加用工人数，折射出需求持续走强、积压订单不断增加的市场态势。
然而，成本压力有所加剧。受油价及燃料成本上涨、采购支出增加以及薪资水平提升等因素影响，投入价格通胀率加速至2024年10月以来的最高水平。尽管成本上升，企业大多选择自行消化，平均销售价格基本保持稳定。
综合制造业与服务业活动的综合产出指数从4月的53.1升至5月的54.0，创下今年2月以来整体业务增长的最快步伐。
本文由人工智能协助翻译。更多信息，请参见我们的使用条款。"
埃及非石油板块连续五个月萎缩，成本压力在5月持续攀升,2026-6-3 13:43,https://cn.investing.com/news/economic-indicators/article-93CH-3398861,Maria Ponnezhath,"Investing.com -- 标普全球（S&P Global）今日发布的采购经理人指数（PMI）数据显示，受成本上涨抑制需求影响，埃及非石油私营板块在5月份连续第五个月出现萎缩。
5月份PMI指数从4月份的46.6升至47.1，但仍低于荣枯分界线50.0。该数据表明，与2025年底相比，第二季度GDP增速进一步放缓。
新订单连续第五个月下滑，降幅与4月份创下的37个月低点相近。受访企业表示，高通胀令客户望而却步，下单意愿明显减弱。
投入成本以2023年1月以来最快速度上涨，近半数受访企业反映支出增加。成本上涨的主要来源包括柴油及燃料价格、电力费用、货币贬值以及工资水平——其中工资涨幅为2018年1月以来最高。
为保护利润空间，企业将销售价格的涨幅推升至该调查历史上第二高水平。相比之下，3月和4月的产出价格涨幅则较为温和。
裁员步伐加快至2020年6月以来最快水平。企业表示，在销售下滑、成本攀升的双重压力下，既有职位空缺未予填补，同时也在主动裁减人员。
供应链问题持续恶化，交货时间延误程度创下近四年来最严重水平。企业将此归因于航运路线受阻，以及受中东冲突引发的价格波动影响，供应商普遍持观望态度。
企业采购活动小幅收缩，但为应对未来价格上涨，库存积累速度达到近三年来最快。由于劳动力削减和供应困难，积压工作量以2023年9月以来最快速度增加。
企业信心改善至2024年8月以来最高水平。受访企业对经济环境好转及货币回稳抱有期望，但通胀方面的担忧依然存在。
本次调查于5月12日至20日期间收集了约400家私营板块企业的数据。

本文由人工智能协助翻译。更多信息，请参见我们的使用条款。"
8000万桶原油被困海上：伊朗出口“归零”冲击全球能源市场,2026-6-3 17:10,https://cn.investing.com/news/stock-market-news/article-3399134,,"智通财经APP获悉，据美国一家非营利性咨询机构透露，伊朗上月试图突破美国海军封锁以出口能源，但未能成功，约有8000万桶石油与石化产品滞留在封锁线后的水域中。

根据一份由“联合反对伊朗核组织”(UANI)发布的报告，伊朗在5月份没有任何原油出口能够穿过美国对该国设立的海上封锁线。不过，报告指出，伊朗确实成功发运了四批石脑油，总计200万桶，以及少量液化石油气。相比之下，在今年2月、俄乌冲突爆发之前，伊朗的石油与燃料出口量曾高达5900万桶以上。
UANI的统计标准是船只是否穿越美国设立的封锁线——该线自阿曼最东端延伸至伊朗与巴基斯坦边境，而非仅仅通过霍尔木兹海峡。
伊朗无法出口石油，凸显了美国封锁行动的有效性。多年来，伊朗依赖一个庞大的船只网络，采用隐蔽手段将原油与石油制品主要运往其他市场。然而，据美国中央司令部周二在社交媒体上发布的消息，自4月13日启动的海上封锁行动已成功瘫痪六艘商业船只，并迫使122艘船只改道。
UANI在报告中指出：“伊朗曾经颇为强大的反制裁运输网络，如今已被削弱至只能进行少量、高风险的航行，而大部分石油则闲置在海上。”
该组织还表示，目前约有69艘大小不一的油轮，装载着约8000万桶伊朗石油与石化产品，停留在封锁线内的波斯湾或阿曼湾。大量船只集中在哈尔克岛附近——伊朗主要原油出口地——以及靠近巴基斯坦边境的伊朗港口恰巴哈尔附近。
根据UANI的数据，伊朗今年4月出口了约3000万桶石油与燃料，3月出口了约3600万桶。
8000万桶对市场的冲击
从总量看，滞留海上的8000万桶石油虽不足全球一天的消耗量，但在高度紧平衡的原油市场中，价格是由“边际变量”决定的。伊朗此前每日稳定输出约200万桶原油，5月出口“归零”意味着全球现货市场每天凭空蒸发了200万桶的流动性。这迫使原本极度依赖伊朗廉价原油的亚洲独立炼厂（如地方“茶壶”炼厂）不得不涌入国际公开市场抢购替代水源，直接推高了布伦特原油等基准油价的现货升水，并向主要消费国传导剧烈的输入性通胀压力。
69艘油轮滞留恐引发伊朗油田“被动封井”目前69艘巨型油轮满载8000万桶原油漂浮在波斯湾，不仅带来了高昂的滞期费成本，更让伊朗的“浮动仓储”（Floating Storage）逼近物理极限。由于原油无法运出，一旦国内岸上与海上的总库容彻底爆满，伊朗将不得不采取最极端的手段——强行关闭上游油田。鉴于地层压力和技术特性的改变，油田一旦因库容危机被迫封井，其未来复产的经济与技术成本将呈指数级上升，这无疑是对伊朗经济命脉的“连根拔起”。
地缘政治保费飙升与航道风险溢价这8000万桶原油出不去，其本质是美军中央司令部通过物理拦截，彻底瘫痪了由“幽灵船队”、公海秘密转运（STS）和离岸洗钱网络构成的地下灰色产业链。在美伊冲突加剧的背景下，69艘满载原油的油轮密集聚集在哈尔克岛等敏感海域，无异于一个巨大的“海上火药桶”。任何一次无人机误炸或海上擦枪走火，都会瞬间点燃波斯湾的航道安全危机，这种极高的地缘政治风险溢价，才是近期让全球能源交易员和保险巨头最保持高度警惕的隐形推手。"
埃克森美孚警告石油库存逼近历史最低位! 霍尔木兹海峡再不开，油价或踏向新一轮狂飙,2026-5-29 09:51,https://cn.investing.com/news/stock-market-news/article-3391356,,"智通财经APP获悉，美国最大规模油气巨头埃克森美孚(XOM.US)周四警告称，石油库存将在未来数周降至创纪录历史低位状态，迫使油价开启新一轮飙升态势并抑制需求。华尔街的最顶级大宗商品分析师们近日纷纷警告，霍尔木兹海峡现在已经不是“最好尽快开放”，而是接近“必须尽快恢复稳定通行”的阶段，一旦商业库存与战略库存接近“最低运营库存”，石油价格就会从线性上涨转为非线性跳涨。
埃克森高级副总裁Neil Chapman在纽约举行的伯恩斯坦投资者会议上表示：“我们正接近前所未有的库存水平。”Chapman警告称：“我的意思是，石油库存真的、真的非常低。你可以争论这会在两周还是三周内触及那些真正低的水平。一旦达到那个点，你就会看到价格飙升。”
这位油气行业资深高管表示，当未来数周库存触及历史低点时，布伦特原油货物的现货交易价格则将飙升至每桶150美元至160美元。他表示：“当价格达到某一水平时，需求破坏会使其重新恢复供需平衡。”
国际能源署表示，这场地缘政治冲突导致的霍尔木兹海峡供给中断正在造成人类社会有史以来最大规模的供应端冲击。
交割月份最近的7月布伦特期货周四收于每桶94美元下方，主要因交易员们再度寄望美国与伊朗将达成长期和平协议，从而重新开放霍尔木兹海峡。
10亿桶供给被吞噬!油价新一轮涨势蓄势待发
根据国际能源署(IEA)的统计数据，伊朗关闭霍尔木兹海峡迄今可能已使市场损失大约10亿桶石油供给，这是历史上最大规模的石油供应中断。
瑞士跨国投资银行瑞银(UBS)上周五曾表示，随着经由霍尔木兹海峡的运输持续中断、库存继续下降，全球石油市场正显示出越来越多的库存与供给紧张迹象。该机构的研究报告表示，3月和4月观察到的全球石油库存合计下降2.46亿桶，而到5月底，累计产量损失可能超过10亿桶。
瑞银表示，库存大幅下降表明市场仍然“严重供应不足”;该研究机构指出，即便由于美国出口改道亚洲导致油轮上储存的石油略有增加，陆上原油和成品油库存仍在快速下降。
自2月底伊朗战争开始以来，霍尔木兹海峡实质上处于封锁状态，已经切断了向全球客户供应原油、天然气和成品燃料油的最核心航运通道之一，大幅推高了能源价格，并加剧了全球投资者们的通胀担忧情绪。
华尔街金融巨头花旗发布研报表示，如果美国与伊朗之间的长期和平谈判仍然显得棘手，导致霍尔木兹海峡长期处于封锁与管控状态，国际油价基准——布伦特原油价格可能从近日明显回落后的100美元附近点位进一步上涨，甚至有可能再创阶段性新高。
Chapman在会议上表示，全球石油库存迄今缓冲了冲击，但这种情况“无法永远持续下去”。
国际能源署本月早些时候警告称，库存正以创纪录速度被消耗。该组织成员国此前已经在3月同意释放创纪录的4亿桶石油，以减轻供应中断的影响。
过去两个月，石油行业高管们一直警告称，原油期货交易市场并未反映中东战争引发的实际供应中断规模。
Chapman 表示：“我不知道，是两到三周，还是三到四周。我真正想说的是，一旦你达到最低库存水平和历史最低库存水平，价格只有一个方向可走。这就是当前的严峻局面。”
霍尔木兹堪称油价命门!期货市场还在赌和谈，实货市场已逼近临界点
霍尔木兹海峡现在已经不是“最好尽快开放”，而是接近“必须尽快恢复稳定通行”的阶段。如果未来两到四周内看不到稳定通航、海湾出口恢复和库存消耗放缓，那么国际油价基准——布伦特原油交易价格重返 100美元上方可能只是第一阶段，120至150美元区间会重新成为华尔街压力测试的核心情景。
原因在于，这场冲击已经从地缘政治风险溢价，演变为真实的库存消耗问题。美国能源信息署(EIA)此前数据显示，2024 年经由霍尔木兹海峡运输的石油及石油产品约为每日 2000万桶，相当于全球石油液体消费量约 20%，同时约五分之一全球液化天然气贸易也经由该海峡。也就是说，霍尔木兹不是普通航道，而是全球能源系统的“主动脉”。一旦持续受阻，市场无法靠其他航线或短期增产完全替代。
在油气行业高管们看来，期货价格仍在交易停火希望，但实货市场和库存系统正在接近临界点。IEA 5月油市报告显示，在霍尔木兹油轮运输仍受限的情况下，海湾产油国累计供应损失已经超过 10亿桶，超过每日 1400万桶供应被迫中断;IEA 还称，3月和4月全球石油库存下降 2.46亿桶，创纪录速度消耗。库存的作用是缓冲冲击，但库存不是无限蓄水池，一旦商业库存与战略库存接近“最低运营库存”，价格就会从线性上涨转为非线性跳涨。
近期美伊局势也强化了库存接近底部以及霍尔木兹海峡必须尽快恢复稳定通行的这一判断。美国在5月28日继续对伊朗军事石油销售施加新制裁，目标包括多艘涉嫌参与伊朗原油和石油产品出口的船只以及相关实体，这说明即便存在停火或谈判信号，美国对伊朗能源收入的压制并未停止。与此同时，市场当天仍围绕美伊停火延长、重新开放霍尔木兹海峡和潜在外交安排反复波动，说明所谓“停火协议”仍处在极脆弱状态：但凡再度交火、制裁升级或通航谈判破裂，油价风险溢价会迅速回到前台。
如果霍尔木兹海峡未来几周仍无法稳定开放，新一轮油价涨势大概率会出现，而且可能不是温和上涨，而是由库存、保险、运费、实货抢购和炼厂补库共同驱动的快速上冲。最容易先被冲击的不是普通汽油，而是航空燃料、柴油、石化原料和亚洲进口商长期合约之外的现货采购。欧盟也警告，如果霍尔木兹局势没有改善，欧洲航空燃料市场会进一步收紧，虽然终端层面尚未出现实体断供，但价格压力已经显现。"
布鲁克推出timsMRMS系统，助力能源研究领域突破,2026-6-2 23:39,https://cn.investing.com/news/company-news/article-93CH-3398089,,"圣地亚哥——布鲁克公司（NASDAQ:BRKR）在ASMS年会上宣布正式推出其最新timsMRMS系统。据InvestingPro数据显示，这家市值860亿元的科学仪器制造商过去一年股价累计回报率达60%，目前股价接近52周高点，但该平台同时指出，该股在当前价位似乎已被高估。
该系统将捕获离子淌度质谱技术与磁共振质谱技术相结合，专为化石燃料及能源材料分析而设计。据公司介绍，该平台质量分辨率超过1000万，质量精度达到百万分之一以下。
timsMRMS主要面向两大应用领域：在锂离子电池方面，该系统可分析电解质配方、固态电解质界面层的降解过程，以及充放电循环中的分子变化；在生物燃料方面，则可对热解油和生物质衍生油进行分子式测定及化合物类别分析。
布鲁克全球MRMS业务高级副总裁Paul Speir博士表示：""能源研究领域的许多应用场景面临极高的化学多样性挑战，分析难度极大。timsMRMS为能源研究人员提供了一款独一无二的完整工具，能够以更高的清晰度和可信度，对下一代电池和替代燃料中极为复杂的化学成分进行表征。""
该系统专为从事石油组学、可持续燃料及储能应用研究的科研人员而设计。布鲁克致力于为生命科学研究、应用及生物制药、显微镜学以及工业研究领域提供科学仪器和分析解决方案。如需深入了解布鲁克的财务状况及增长前景，投资者可访问InvestingPro获取完整的专业研究报告。

本文由人工智能协助翻译。更多信息，请参见我们的使用条款。"
荷兰通胀率攀升至3.4%，能源与服务价格双双承压,2026-6-2 17:35,https://cn.investing.com/news/economic-indicators/article-93CH-3396988,Maria Ponnezhath,"Investing.com -- 根据统一消费者价格指数（HICP）数据，荷兰5月整体通胀率同比升至3.4%，高于4月的2.5%，创下2025年3月以来的最高水平。
5月能源及燃料通胀率从4月的8.0%上升至10.1%。服务业通胀率则从3.2%大幅跳升至5.2%，为2025年4月以来的最高水平，也是此轮整体通胀上行的最主要驱动因素。
服务业通胀的反弹，打破了此前受薪资增速放缓影响而持续六个月的降温趋势。核心通胀率同样从4月的2.1%显著攀升至5月的3.4%。
以国内消费者价格指数（CPI）衡量，5月通胀率同比加速至3.5%，高于4月的2.8%。境外消费通胀率升至5.6%，这可能与跟团游及客运交通价格上涨有关——多家航空公司已相继实施燃油附加费。
剔除燃料和能源后，工业品通胀率从4月的0.4%小幅上升至5月的0.7%。食品、饮料、酒精及烟草类通胀率则从4月的1.5%回落至5月的0.4%。
据荷兰消费者与市场管理局数据，目前荷兰有54%至57%的家庭签订了固定价格能源合同。多家能源供应商已计划分别于7月1日和10月1日上调价格。

本文由人工智能协助翻译。更多信息，请参见我们的使用条款。"
OPEC+分析师会议研判：即便霍尔木兹迅速复航 原油供应中断仍将持续至年末,2026-6-2 08:19,https://cn.investing.com/news/stock-market-news/article-3396273,,"智通财经APP获悉，石油行业专家向OPEC+表示，即便霍尔木兹海峡迅速恢复通航，该海峡封锁带来的原油供应中断问题仍将延续至今年年底。
据两名不愿具名的参会人士透露，本周一，多家咨询机构与分析师齐聚OPEC维也纳总部参加技术研讨会。这些专家们警告称，石油产量恢复至战前水平需要数月时间。
此前全球20%的石油和天然气经由霍尔木兹海峡运输，但2月28日美以与伊朗爆发战争后，这条航运要道被封锁。海峡关闭导致汽油、柴油和航空燃油等主要燃料价格飙升，给消费者带来了新一轮通胀冲击。
上述专家们的观点与阿布扎比国家石油公司首席执行官Sultan Al Jaber的看法一致。Jaber表示，即使伊朗冲突立即结束，中东的石油产量也要到 2027 年才能完全恢复。
据悉，OPEC定期邀请分析师到其秘书处向成员国官员和代表进行情况介绍。参会人士并未具体说明是哪些公司就霍尔木兹海峡关闭的影响发表了评论。
此次技术研讨会的预定演讲嘉宾包括标普全球、FGE NexantECA、Vortexa、Kpler Ltd. 和 Energy Aspects。
周二，OPEC将召开经济委员会会议，该委员会由一批技术专家组成，他们代表部长们对市场状况进行分析。部长们将于6月7日以线上方式举行会议。据报道，在阿联酋意外退出OPEC+之后，该组织极有可能在6月再次进行象征性增产，但由于霍尔木兹海峡通航受阻，这一增产实际上难以落实。
值得注意的是，美伊和谈的不确定性仍在扰动市场，油价在创下约一个月最大单日涨幅后企稳。周一，有报道称伊朗因以色列袭击黎巴嫩暂停与美方谈判，油价应声大涨;随后美国总统特朗普表示谈判仍在进行，油价涨幅收窄。
高盛在5月31日的报告中再度对油价双向风险发出警告：“中东供应可能持续减少，这将带来显著的价格上涨风险;但需求疲软也会带来相当大的价格下跌风险。油价走高对终端用油需求的压制作用超出了此前预期。”该行早在4月中旬就表示，单边做多原油逻辑弱化，油价进入双向博弈阶段。
周二，WTI原油价格接近每桶92美元，前一交易日涨幅超5%;布伦特原油价格略低于每桶95美元，前一交易日上涨4.2%。"
炼油能力受袭后俄限制航空燃油出口 全球市场影响料有限,2026-6-1 16:05,https://cn.investing.com/news/stock-market-news/article-3394550,,"智通财经APP注意到，在乌克兰对俄罗斯炼油厂加大袭击力度后，俄罗斯已禁止在11月底前出口航空煤油，以避免国内出现短缺。
这一决定对国际燃料市场几乎不会产生影响。在此之前，无人机对炼油厂的袭击已将俄罗斯的原油加工率推至16年多来的最低水平。为了遏制石油美元流入俄罗斯政府，乌克兰瞄准了包括海港和管道在内的广泛能源资产。
俄罗斯政府在其网站上表示：“该决定的目标是确保国内燃料市场的稳定形势。”
俄罗斯并不是全球航空煤油市场的主要参与者。分析公司 Vortexa Ltd. 的数据显示，去年俄罗斯平均每天出口 3 万桶航空煤油，占全球供应量的不到 2%。数据还显示，2026年前四个月，日均出口量下滑至2.8万桶，其中土耳其是主要买家。
俄罗斯正进入夏季休假季节，届时对燃料的需求通常会上升。俄罗斯能源部此前已从4月1日起重新实施了对大多数汽油出口的禁令，为国内市场保留了更多燃料。
加油站价格上涨可能会引发官方的担忧，因为高昂的汽油价格在过去曾引发过抗议，最近的一次发生在2018年。"
Medline完成20亿美元票据发行及定期贷款再融资,2026-6-2 20:22,https://cn.investing.com/news/sec-filings/article-93CH-3397503,,"Medline Inc.（纳斯达克股票代码：MDLN）周二宣布，其子公司合计发行了20亿美元优先有担保票据，并对现有定期贷款安排完成再融资。上述信息来源于该公司近期向美国证券交易委员会（SEC）提交的文件。
5月28日，Medline Inc.的间接子公司Medline Borrower, LP与Medline Co-Issuer, Inc.联合发行了12.5亿美元、利率5.000%、于2031年到期的优先有担保票据，以及7.5亿美元、利率5.250%、于2033年到期的优先有担保票据。上述票据以发行人及其担保方的资产作为抵押，并由Medline Intermediate, LP及其若干全资境内子公司提供无条件担保。
本次票据发行所得款项，连同新设的27.5亿美元、2033年到期的优先有担保定期贷款融资，以及公司自有现金，共同用于偿还2028年到期定期贷款项下全部未偿债务、对2030年定期贷款约7.24亿美元进行再融资、赎回约5亿美元利率6.250%、2029年到期的优先有担保票据，并支付相关费用及开支。
新发行票据的利息将于2026年12月15日起每半年支付一次。票据设有可选赎回条款，并包含限制特定行为的契约条款，涵盖设立留置权、合并及资产出售等事项。
与此同时，Medline对现有信贷协议进行了修订，以设立上述新定期贷款安排。该贷款将按季度等额摊还，每年摊还金额合计为原始本金的1%，剩余本金于2033年5月28日到期时一次性偿还。该安排下的借款利率为基准利率或定期SOFR利率加上一定利差，并适用相应利率下限。
此外，5月28日，与黑石集团（Blackstone Inc.）、赫尔曼与弗里德曼（Hellman & Friedman LLC）及阿布扎比投资局（Abu Dhabi Investment Authority）旗下子公司相关联的部分股东，以每股$37.00的价格完成了7,255.4594万股Medline A类普通股的承销公开发行。承销商享有30天期权，可额外购买最多1,088.3189万股。
公司披露，黑石集团及凯雷集团（Carlyle）的关联方各自持有Medline已发行普通股逾10%的股份，且部分关联方从本次股权发行净收益中所获金额超过5%。鉴于上述关联关系，本次发行依据FINRA第5121条规则合规进行。
以上信息均来源于Medline Inc.近期SEC文件中所含的新闻稿声明。
在其他近期动态方面，Medline Inc.已完成7,260万股A类普通股的二次发行，发行价为每股$37。本次发行由黑石集团、赫尔曼与弗里德曼及阿布扎比投资局旗下相关股东主导，认购倍数达数倍，显示出强劲的市场需求。与此同时，Barclays将Medline的目标股价从$50下调至$45，理由是对主要原材料成本的担忧，尤其是燃油价格对销售成本的影响。尽管如此，Barclays维持对该股的""增持""评级。此外，Medline加拿大部门与Mohawk Medbuy签署了首份主要供应商协议，这也是Medline在美国以外达成的首个此类合作。根据协议，Medline加拿大将负责为Mohawk Medbuy旗下附属医院管理仓储及供应链物流。上述近期进展凸显了Medline在运营与财务层面的重要动向。

本文由人工智能协助翻译。更多信息，请参见我们的使用条款。"
中信建投：算力需求引发MLCC缺货潮 PTFE有望打开电子领域新需求市场,2026-6-2 07:48,https://cn.investing.com/news/stock-market-news/article-3396245,,"智通财经APP获悉，中信建投证券发布研究报告称，新质生产力驱动与国产替代提速，中国化工新材料正处于”高景气赛道扩容+技术壁垒抬升”的共振期。在全球产业链转移趋势下，国内部分新材料行业如新能源材料、机器人材料、消费电子材料、合成生物学等逐渐走向全球前列，引领产业技术迭代。半导体材料、特种工程塑料等也在国产替代的背景下加速升级，中国化工新材料大有可为。
算力等高频高速需求快速增长，电子级PTFE有望大规模应用
PTFE材料因其主要特性包括优异的热稳定性、耐化学性、介电性能被称为""塑料王”。PTFE下游军工+服务器高速线缆+高速板三大需求均有望高速增长，随着英伟达新一代服务器Rubin ultra量产节点临近，产业内积极讨论使用PTFE材料作为正交背板的可能性，国内生益科技配合积极做验证。中信建投认为，随着算力基建等引领的高频高速传输需求的持续增长，PTFE的下游领域有望被重新定义。
AI快速发展引MLCC缺货潮
随着人工智能产业快速发展，AI服务器因功耗巨大，其MLCC搭载量较普通服务器大幅提升，据中国证券报，增幅约在3倍以上，需求激增导致供应紧张局面加剧。电动化、智能化、网联化已成为汽车产业的发展趋势，随着控制模块的增加，单车MLCC的用量也明显提升。
算力等高频高速需求快速增长，电子级PTFE有望大规模应用。PTFE材料因其主要特性包括优异的热稳定性、耐化学性、介电性能被称为""塑料王”。PTFE下游军工+服务器高速线缆+高速板三大需求均有望高速增长，随着英伟达新一代服务器Rubin ultra量产节点临近，产业内积极讨论使用PTFE材料作为正交背板的可能性，国内生益科技配合积极做验证。中信建投认为随着算力基建等引领的高频高速传输需求的持续增长，PTFE的下游领域有望被重新定义。
AI快速发展引MLCC缺货潮。随着人工智能产业快速发展，AI服务器因功耗巨大，其MLCC搭载量较普通服务器大幅提升，据中国证券报，增幅约在3倍以上，需求激增导致供应紧张局面加剧。电动化、智能化、网联化已成为汽车产业的发展趋势，随着控制模块的增加，单车MLCC的用量也明显提升。
受原料无水氢氟酸价格上涨支撑，近期电子级HF报价上涨，韩国SOLBE、ENF Technology、Husung等氢氟酸厂商自本月起，采购的中国产无水氢氟酸价格已较年初上涨约40%。此外，电子级HF近期在半导体领域订单走俏，电子级HF主要用于半导体清洗，纳米制程的提升将增加清洗步骤，从而对电子级HF的需求倍增。目前电子级HF国内产能约15万吨，近期开工率有所上行，表明需求订单正快速增长。在成本推动及需求订单快速增长驱动下，后续价格有望大幅上涨。
SEMI表示，尽管受中东危机、贸易不确定性及原材料短缺影响，半导体需求激增势头仍将持续。受AI数据中心推动，今年全球半导体销售额预计达1万亿美元，2035年将翻倍至2万亿美元。地缘政治风险今年难抑行业繁荣，但原材料短缺可能影响长期前景，各国正解决关键矿物及溴、氦等关键气体的短缺问题，其中氦气因中东局势3月价格大幅上涨，溴也面临短缺风险。
氦气主要供应来源受阻，下游对涨价接受度高，价格弹性值得期待。1)供应端当前中东和俄罗斯主要进口来源几乎完全”清零”，中东气源即使立刻完全恢复通航，考虑到货源运输时间+装置重启时间也需要数月时间；俄罗斯预期回补气源受阻，4月14日起对氦气实施出口管制；2)需求端，核磁共振、半导体等主要终端应用中，氦气在整体成本中的占比并不高，对涨价接受度尚可；3)库存端：冲突至今已经接近2月有余，国内库存已经快速下降。中信建投认为氦气价格继续上涨动力充足，弹性巨大。
根据全国氢能信息平台统计，截至2026年3月底，全国建成和在建可再生能源制氢产能规模超过100万吨/年。其中，建成投运超25万吨/年较2024年底增长超1倍。在建超90万吨/年。电解水制氢为主要技术路线。分地域来看，东北地区已投运可再生能源电解水制氢项目产能规模占全国45.7%，华北地区占30%，西北地区占21.8%，其他地区占2.5%左右。从规模来看，建成投运项目以小型试点示范为主，平均产能约4900吨/年，单体项目年产能规模1000吨及以下的占比超过一半。
规划风、光装机超930GW，21省市”十五五”新能源重点规划公布。截至2026年4月，全国31省市中，已有内蒙古、山西、北京、天津、黑龙江、吉林、山东、上海、安徽、浙江、江苏、湖南、海南、贵州、云南、四川、甘肃、宁夏、陕西、青海、西藏21省市公布第十五个五年规划纲要。根据各省市新能源建设目标及截至2025年底装机情况，21省市规划风、光新增规模超930GW。其中，内蒙古规划新增规模最大，近155GW。青海其次，约102GW。山西、甘肃、江苏、山东、四川五省规划新增规模在50GW及以上。
2026年固态电池量产加速。2026年开始，固态电池持续火热行情，超16个固态电池及材料项目投产、开工及签约。江苏、浙江、广东等多地超16个固态电池及材料项目密集开工、投产或签约，其中投产开工8个、签约8个，覆盖核心电解质材料与固态电池两大核心环节，其中半固态电池技术成熟度更高，是当前行业推动落地的量产主力，而全固态电池则处于”量产试点、商用探索”阶段。技术端，在已经投产、开工的项目中，氧化物电解质路线在量产及商用进程上更快一筹；材料端，投产、开工的固态电池项目有2个，分别是紫金矿业固态电池锂电新材料项目和台州清陶固态电池原材料项目(一期)。目前固态电池行业景气度持续攀升，头部企业正推进中试线搭建与产品试制验证，预计2026年下半年将有更多重量级全固态产品面世。
Repsol目标2028年将可再生燃料年产量提高到150万吨。近日，总部位于西班牙的跨国能源公司 Repsol 宣布，计划到2028年向其工业运营投资最高 100亿欧元(约116亿美元)，重点推动低碳能源转型，其中可再生燃料和氢能将成为核心投资方向。公司预计未来三年将在工业业务领域投入 39亿至41亿欧元 的净投资，其中约40%将用于低排放项目，包括可再生柴油、可持续航空燃料(SAF)以及可再生氢气的生产。雷普索尔计划到 2028年将可再生燃料年产量提升至150万吨。其中，位于西班牙普埃托利亚诺的可再生燃料项目预计将在 2026年第二季度投产，届时该工厂的可再生燃料产能将 新增约20万吨/年。
新疆石河子发文：绿氢项目不需危化品安全生产许可。近日，新疆第八师石河子市发改委发布《氢能产业发展管理办法(试行)(征求意见稿)》。该文件明确区分了作为能源使用的”氢能产品”与作为工业原料使用的氢气。核心突破点在于：允许在化工园区外建设可再生能源电解水制氢项目及制氢加氢站；同时明确规定，此类项目不需取得危险化学品安全生产许可，但化工企业的氢能生产仍需该许可。"
【早报】丁向群任国家金融监管总局党委书记；上证50、科创50等重要指数调整样本,2026-5-30 07:00,https://cn.investing.com/news/stock-market-news/article-3393087,,"宏观新闻
1、据国家金融监督管理总局网站，2026年5月29日下午，中央组织部有关负责同志出席国家金融监督管理总局领导干部会议，宣布中央决定：丁向群同志任国家金融监督管理总局党委书记。
2、市场监管总局近日在全国范围内部署开展打击劣质低价专项行动，此次专项行动坚持问题导向、目标导向，坚决打击恶意低价、无序竞争行为，依法开展成本调查和价格检查，查处网络不正当竞争行为，强化直播电商监测监管；坚决整治质量低劣、制假售假等乱象，加强产品质量监督抽检，强化缺陷产品召回监管，打击虚假检测认证行为。
3、外交部发言人毛宁昨日主持例行记者会。记者提问称，欧盟将推出措施“保护欧洲工业”。毛宁表示，希望欧方全面客观地看待中欧经贸关系，恪守自由贸易。中方也在密切关注有关动向，将采取必要措施维护自身的正当权益。
4、财政部发布数据，1-4月，全国国有及国有控股企业营业总收入262700.9亿元，同比下降0.5%。1-4月，国有企业利润总额13741.7亿元，同比增长1.9%。
行业新闻
1、中证指数决定调整上证50、上证180、上证380、科创50等指数样本，于2026年6月12日收市后生效。其中，上证50指数样本调入特变电工、兆易创新等5只个股；科创50指数样本调入华虹公司、源杰科技、摩尔线程、沐曦股份4只个股。同日，深交所发布关于沪深300、中证A50等指数定期调整结果的公告，定期调整方案将于6月12日收市后正式生效。其中，沪深300指数调入华工科技、江波龙等19只个股。
2、多股周五尾盘集合竞价大幅异动，生益电子、佰维存储、中微公司、金山办公、广合科技、江波龙等多股快速拉升超2%，欧菲光、石头科技、公牛集团下挫超2%。北京时间5月13日早间，全球知名指数编制公司MSCI公布5月审议结果。本次调整于5月29日收盘后生效。指数方面，本次调整新纳入光库科技、长飞光纤、长芯博创、百利天恒等19只A股标的。与此同时，剔除石头科技、首创证券、中国通号等16只A股标的。
3、由于三星电子、SK海力士股价屡创新高，已经触及了一些基金单只股票持仓比例上限10%的限制，迫使这些基金抛售这两只股票。截至周四，全球投资者净抛售了价值636亿美元的韩国股票。其中，三星和SK海力士今年合计净流出资金达586亿美元。
4、上海国际能源交易中心公告，调整原油、低硫燃料油期货合约的涨跌停板幅度为17%，套保持仓交易保证金比例为18%，一般持仓交易保证金比例为19%；调整原油、低硫燃料油期货相关合约交易限额。
5、中央网信办等四部门联合印发《2026年提升全民数字素养与技能工作要点》，其中提到，提升全民人工智能素养 包括强化人工智能赋能教育、加快人工智能人才培育、深化人工智能普及应用。
6、中央网信办发布关于开展“清朗·优化营商网络环境整治恶意炒作涉企信息”专项行动的通知。5月29日起，在全国范围内启动为期2个月的“清朗·优化营商网络环境 整治恶意炒作涉企信息”专项行动。专项行动聚焦恶意炒作涉企信息、诋毁抹黑企业、牟取非法利益、侵犯企业家个人权益等四类突出问题。
7、国家网信办等五部门联合公布《互联网信息内容多渠道分发服务管理规定》，《规定》鼓励生产传播正能量信息内容，规定违法和不良信息管理义务，明确禁止实施混淆视听、误导公众等行为，扰乱互联网信息服务秩序或者谋取不正当利益。
8、今年一季度，我国集成电路出口724.7亿美元，同比增长77.5%，其中存储器产品出口459.9亿美元，同比增长174.2%。存储器产品出口激增也传导至供应链服务环节。一家物流企业负责人表示，今年以来公司内存出口相关的业务订单量翻了一倍，单笔货值过亿元的大单明显增多。
9、中证协最新发布《证券公司风险数据管理示范实践》，目前正向行业征求意见。新规要求，香港子公司数据入境需符合当地法规及大湾区个人信息跨境流动指引；向香港子公司传输数据，需按实际情况适用安全评估、标准合同备案、个人信息跨境处理安全认证等不同出境路径。
公司新闻
1、鼎际得公告，公司及实控人因涉嫌信披违规被证监会立案。
2、华虹公司回复上交所问询函，重组完成后，上市公司与华力微之间在65/55nm、40nm的同业竞争得到实质性解决。
3、*ST天宜公告，涉嫌信息披露违法违规，被证监会立案。
4、方正证券公告，股东中国信达拟减持不超1%股份。
5、绿城水务公告，副总经理李家龙因涉嫌犯罪被取保候审。
6、众鑫股份公告，加拿大对华热成型模制纤维餐具“双反”终裁出炉，公司及子公司反倾销税率分别为111%和120.5%。
7、中国巨石公告，拟对巨石淮安增资8亿元，加快推动电子级玻纤项目建设。
8、大族数控发布投资者关系活动记录表公告，CCD六轴独立机械钻孔机已通过下一代AI服务器PCB认证并在多家龙头企业量产。
9、杭电股份公告，一季度光通信业务营收占当期总营收的8.47%，股东富春江通信集团5月28日至29日合计减持738万股。
10、中国建筑公告，近期获得113.6亿元高速公路项目，且与子企业联合体中标159亿元高速公路特许经营项目。
11、恒宇信通公告，终止发行股份及支付现金购买资产并募集配套资金事项。
12、*ST高斯公告，自6月2日起撤销退市风险警示及其他风险警示，股票简称变更为“高斯贝尔”。
13、生益科技公告，董事长陈仁喜拟减持不超33.58万股。
14、亨通光电公告，拟分拆子公司亨通华海至科创板上市。
15、*ST创兴公告，收到股票终止上市决定，6月8日起进入退市整理期。
16、精测电子公告，控股子公司签订5.16亿元半导体量检测设备销售合同，应用场景为先进存储等领域。
17、鼎泰高科公告，股东浙江太鼎创业投资合伙企业拟询价转让2.5%公司股份。
18、红相股份公告，涉嫌欺诈发行证券案等，公司、实际控制人收到《移送起诉告知书》。
环球市场
美股三大股指全线收涨，续创新高。道琼斯指数涨0.72%，本月累涨2.78%；标普500指数涨0.22%，本月累涨5.15%；纳斯达克综合指数涨0.20%，本月累涨8.36%。AI服务器制造商涨幅居前，戴尔大涨近33%，创最大单日涨幅；超微电脑涨超11%，慧与科技涨近13%。SaaS板块延续强势表现，ServiceNow涨超14%，赛富时涨超8%，Adobe涨超7%，微软涨超5%。太空概念股回调，AST SpaceMobile跌近15%，Rocket Lab跌3%，回声星通信跌超1%。此外，IBM涨近13%，Palantir涨超9%，甲骨文涨近11%。
据美国《纽约时报》29日援引一名不愿透露姓名的政府高级官员的话报道，美国总统特朗普当天在白宫战情室同其助手们的会议持续约两个小时，但并未就与伊朗的协议作出“最终决定”。
当地时间5月29日，美国中央司令部警告称，将在霍尔木兹海峡附近开展军事行动，并以自卫名义打击参与或支持布设水雷的船只。美国中央司令部通过联合海事信息中心发布通告称，伊朗仍在试图阻碍霍尔木兹海峡的扫雷行动和安全通航，任何被发现参与布雷活动的船只都可能成为美军打击目标。与此同时，美军表示仍在执行针对伊朗的海上封锁措施。截至5月29日，已迫使115艘商业船只改变航向。"
沙特阿美上调液化石油气价格，阿尔及利亚国家石油公司下调价格,2026-6-1 18:43,https://cn.investing.com/news/commodities-news/article-93CH-3394854,Vlad Schepkov,"Investing.com -- 据交易商周一透露，沙特阿拉伯国家石油公司沙特阿美上调了液化石油气（LPG）的官方销售价格，而阿尔及利亚国家石油公司Sonatrach则因地中海市场供应增加而下调了相关价格。
沙特阿美将6月份丙烷官方销售价格每公吨上调$10，至每吨$760；丁烷价格每吨上调$20，至每吨$820。此次涨幅介于1%至3%之间。
丙烷和丁烷均属于液化石油气，但两者沸点不同。液化石油气主要用作汽车燃料、供暖用途，以及作为其他石化产品的原料。
Sonatrach将6月份丙烷官方销售价格每吨下调$125，至$575；丁烷价格每吨下调$270，至$610。此次降幅介于18%至31%之间。
沙特阿美的官方销售价格通常作为中东地区向亚太地区供应液化石油气合同的参考基准。
Sonatrach的官方销售价格则是地中海及黑海地区（包括土耳其）的定价基准。

本文由人工智能协助翻译。更多信息，请参见我们的使用条款。"
高盛预警：油价正面临双向风险 供应减少和需求下降的影响相互博弈,2026-6-1 15:56,https://cn.investing.com/news/stock-market-news/article-3394499,,"财联社6月1日讯（编辑 周子意）高盛集团认为，当前油价正面临双向风险：一方面，由于伊朗战争导致中东地区石油供应减少；另一方面，全球石油需求也出现下滑。这两方面因素相互作用，共同影响着油价走势。
该行分析师Daan Struyven等人在周日（5月31日）的一份报告中指出，来自中国和西欧的4月份石油销售数据共同表明，该行对当月石油需求“本已偏低”的预期还将面临约200万桶/日的下行风险。这使得其今年第四季布伦特原油价格每桶90美元的预测值面临每桶约10美元的下行风险。
伊朗战争彻底改变了全球石油市场格局，波斯湾产油国通过霍尔木兹海峡的石油运输量大幅减少，几乎降至零，导致数百万桶石油产量被迫停产。
自2月下旬冲突爆发以来，布伦特基准油价已上涨逾四分之一，这引发了需求萎缩，尤其是对航空燃油和石化原料的需求。
高盛的分析师表示，“我们预计，中东地区供应持续中断可能会带来显著的油价上涨风险，而需求减弱也会导致油价出现明显下跌。石油的实际终端使用需求可能因高昂油价而下降的幅度，比预期的还要大。”
值得一提的是，高盛早在今年4月中旬就已对油价双向风险发出明确预警，当时正值霍尔木兹海峡“重开”推动原油大跌。
高盛Daan Struyven团队当时指出，市场风险结构已从此前的“显著净上行”转为双向风险：油价既有因流量长期受阻而大幅上冲的可能，也有因需求超预期疲软、和平谈判快速推进而显著下行的压力。当时高盛就已提示，单边做多原油的逻辑正在弱化，油价进入双向博弈阶段。
周一（6月1日），布伦特原油期货价格接近每桶93美元。在上周五（5月29日），布油期货价格曾创下六周以来的新低，原因是市场对美伊达成和平协议抱有乐观预期。"
警惕暴涨暴跌！高盛再次预警油价双向风险,2026-6-1 15:16,https://cn.investing.com/news/stock-market-news/article-3394407,,"智通财经APP获悉，高盛集团认为，当前油价面临双向风险：一方面，伊朗战争导致中东地区石油供应减少;一方面，全球石油需求也出现下滑。
包括Daan Struyven在内的高盛分析师在5月31日的报告中表示，中国与西欧4月石油销售数据表明，该行对当月石油需求“本已偏低”的预期将面临约200万桶/日的下行风险。这使得其第四季度布伦特原油价格每桶90美元的预测值面临每桶约10美元的下行风险。
伊朗战争扰乱了全球石油市场，波斯湾产油国经霍尔木兹海峡的石油运输量锐减，导致数百万桶石油停产。自2月底冲突爆发以来，基准布伦特原油价格已上涨超过四分之一，这引发了需求萎缩，尤其是对航空燃油和石化原料的需求。
高盛分析师表示：“我们认为，中东供应可能持续减少，这将带来显著的价格上涨风险;但需求疲软也会带来相当大的价格下跌风险。油价走高对终端用油需求的压制作用超出了此前预期。”
伊朗战争推高油价

值得注意的是，高盛早在今年 4 月中旬就已对油价双向风险发出明确预警，当时正值霍尔木兹海峡“重开”推动原油大跌。高盛 Daan Struyven 团队当时指出，市场风险结构已从此前的 “显著净上行” 转为双向风险：油价既有因流量长期受阻而大幅上冲的可能，也有因需求超预期疲软、和平谈判快速推进而显著下行的压力。彼时高盛已提示，单边做多原油逻辑弱化，油价进入双向博弈阶段。
周一，布伦特原油期货价格接近每桶 93 美元。上周五，该期货价格创下六周以来的新低，原因是市场对美国与伊朗达成和平协议抱有乐观预期。"
德国制造业板块5月陷入停滞，需求持续走弱,2026-6-1 17:14,https://cn.investing.com/news/economic-indicators/article-93CH-3394645,Maria Ponnezhath,"Investing.com -- 德国制造业板块5月几乎陷入停滞。标普全球德国制造业采购经理人指数（PMI）从4月的51.4下滑至50.1，创下四个月以来的最低水平。
该指数用于衡量制造业板块的整体商业状况，荣枯分界线为50.0，目前读数仅略高于该线，显示行业扩张势头几近停滞。
新订单在2026年首次出现下滑，当月小幅走低。尽管部分企业反映，客户为规避预期涨价及中东冲突可能带来的供应扰动而提前下单，但地缘政治不确定性加剧以及价格持续高企，仍对整体需求形成明显压制。
产出增速连续第二个月放缓，降至今年1月本轮扩张启动以来的最低水平。部分制造商表示正在消化积压订单——此前连续三个月积压量持续攀升，5月则出现回落；另有企业将产量放缓归因于需求疲软。
出口销售也小幅下滑，为今年1月以来首次录得负增长。
投入成本大幅攀升至2022年6月以来的最高水平，主要受能源、燃料、运输及石油相关产品价格上涨推动，大宗商品价格普遍上行也是重要因素。制造商普遍将成本压力归因于中东战争的外溢影响。
出厂价格随之上涨，但通胀速度仍接近4月创下的39个月高位，部分企业对客户流失表示担忧。
霍尔木兹海峡实际封闭的局面持续扰乱供应链，交货时间连续第九个月延长。延误情况较4月略有恶化，为2022年6月以来最为严峻。
制造商5月削减采购活动，此前三个月采购量持续增加。生产前库存与生产后库存均出现温和下降。
就业人数以2025年2月以来最快的速度下滑，企业纷纷应对需求走弱并推行降本措施。此轮裁员潮始于近三年前，当前的岗位流失速度已超过该时期的平均水平。
制造商对未来一年产出的预期从4月的18个月低位小幅回升，重返正值区间，但整体信心仍明显低于2月的水平。
本次数据采集时间为5月12日至21日。

本文由人工智能协助翻译。更多信息，请参见我们的使用条款。"
XCF Global完成催化剂交付，里诺炼油厂商业化生产在即,2026-6-1 18:40,https://cn.investing.com/news/company-news/article-93CH-3394843,,"休斯顿 — XCF Global Inc.（纳斯达克：SAFX）今日发布新闻稿，宣布已完成向旗下New Rise Renewables里诺炼油厂交付工艺催化剂。
此次催化剂交付标志着炼油厂关键升级工程的全面完工，并正式启动商业化生产前的最后调试阶段。公司预计，在完成最终调试工作及标准启动程序后，将于2026年6月初正式投入商业生产。
本次升级工程涵盖催化剂更换、设备改造及热交换系统优化。催化剂装填是该设施从调试阶段过渡至正式运营前最后一项重大物料需求。
XCF Global首席执行官Chris Cooper表示：「里诺New Rise炼油厂成功完成工艺催化剂的交付与接收，是公司现代化改造进程中的重要里程碑。随着催化剂装填工作的全面展开，我们已进入商业化生产前的最终调试阶段，整体进度与此前对外公布的时间表保持一致。」
与此同时，公司在运营取得进展的背后，也面临较大的财务压力。根据InvestingPro数据，XCF Global的债务股权比率高达10.06，总债务为$2.5466亿，而市值仅为$1.6498亿。该股过去一周上涨8.53%，表现出一定的短期动能，但与52周高点$45.90相比，过去一年累计跌幅仍高达97%。
New Rise Renewables里诺工厂的核准铭牌产能为每年3,800万加仑，主要设计用于生产可再生柴油和可持续航空燃料。InvestingPro分析显示，该股目前估值略显偏高，订阅用户可获取另外13条专业投资建议。
XCF Global是一家总部位于休斯顿的企业，专注于可持续航空燃料的生产，在纳斯达克资本市场以SAFX为股票代码进行交易。

本文由人工智能协助翻译。更多信息，请参见我们的使用条款。"
中金点评5月PMI：需求重回收缩区间，行业分化扩大,2026-5-31 19:56,https://cn.investing.com/news/stock-market-news/article-3393854,,"智通财经APP获悉，中金发布研报称，5月中采制造业PMI环比下降0.3ppt至50.0%，符合市场预期；5月非制造业商务活动指数环比上升0.7ppt至50.1%；综合PMI环比上升0.4ppt至50.5%。需求重回收缩区间，行业分化扩大。背后有多重因素推动：一是能源供给冲击持续；二是外需、AI产业趋势等因素持续驱动新兴行业；三是内需层面仍然偏弱。
中金主要观点如下：
需求重回收缩区间，行业分化扩大。5月新订单分项环比下降0.7个百分点至49.9%，重回收缩区间。生产分项环比下降0.3个百分点至51.2%，保持一定韧性。需求与供给缺口扩大。行业分化程度也进一步扩大。高技术制造业、装备制造业PMI环比上升0.7、0.3个百分点至52.9%、52.1%，绝对水平继续维持在扩张区间；消费品、高耗能行业则环比下降1.0、0.8个百分点至49.7%、47.1%，绝对水平也处于收缩区间。细分行业也体现了这种分化，统计局 表示：“医药、铁路船舶航空航天设备、计算机通信电子设备等行业生产指数和新订单指数均高于53.0%，相关行业产需两端较为活跃；石油煤炭及其他燃料加工、化学纤维及橡胶塑料制品、非金属矿物制品等行业两个指数持续低于临界点，供需两端仍显不足。”
行业分化背后有多重因素推动：
一是能源供给冲击持续。5月中东冲突持续，对能源供给造成持续影响。从原材料购进价格分项来看，虽然环比涨速有所回落，但是仍然处于较高水平。5月原材料购进价格、出厂价格皆环比下降3.2个百分点至60.5%、51.9%，出厂价格继续弱于购进价格，能源供给冲击对中下游行业利润的挤压持续。能源供给冲击的负面影响也会通过全球产业链放大，5月供应商配送时间环比下降0.3个百分点至49.2%，显示供应商配送时间进一步延长。当然对比5月美国、欧元区、日本制造业PMI供应商配送时间，中国凭借产业链优势所受冲击相对较小。能源供给冲击对石油煤炭及其他燃料加工、化学纤维及橡胶塑料制品、非金属矿物制品等高耗能行业产生了一定供给侧负面影响。
二是外需、AI产业趋势等因素持续驱动新兴行业。5月新出口订单环比下降1.7个百分点至48.6%，我们认为背后一方面是由于4月海外短期补库存影响下的高基数效应，而5月补库存可能边际有所放缓，5月原材料库存分项环比下降0.7个百分点至48.6%；另一方面，当前外需也呈现行业结构性效应，AI、新能源等品类景气度较高，支撑了高技术和装备制造业，尤其是计算机通信电子设备制造业，而传统品类受高油价影响偏弱。
三是内需层面仍然偏弱。5月服务业商务活动指数环比上升0.7个百分点至50.3%，但绝对水平仍然较低，且五一假期消费的季节性推动作用较大。实际消费需求或仍然偏弱，压制了5月消费品制造业PMI。除了房地产周期调整持续以外，高油价可能也对需求有所压制。5月服务业投入品价格分项环比上升0.8个百分点至52.0%。统计局[1]表示：“航空运输、房地产等行业商务活动指数低于临界点，相关行业景气水平偏低。”5月建筑业商务活动指数环比上升0.8个百分点至48.8%，但绝对水平仍然处于历史同期最低水平，呈现较低绝对水平上的边际改善，这也部分压制了5月高耗能行业PMI。"
乌克兰无人机袭击俄罗斯港口、油轮及储油设施,2026-5-30 16:03,https://cn.investing.com/news/economy-news/article-3393243,Simon Mugo,"Investing.com - 据路透社报道，俄罗斯地方官员周六表示，乌克兰无人机在夜间袭击了俄罗斯塔甘罗格港口的一艘油轮，并对南部城市阿尔马维尔的一处储油设施发动了攻击。




罗斯托夫州州长尤里·斯柳萨尔表示，油轮及塔甘罗格港口的火情已被扑灭，目前未有漏油报告。他还透露，此次袭击造成Two人受伤。
塔甘罗格是位于亚速Sea Ltd沿岸的港口城市，人口约24万。自5月27日起，该市已进入地方紧急状态。市长斯韦特兰娜·坎布洛娃表示，紧急状态措施已延期执行。
在毗邻的克拉斯诺达尔边疆区，当局表示阿尔马维尔工业区一处储油设施的火势已得到控制，目前无人员伤亡报告。
此次袭击是乌克兰持续针对俄罗斯能源及物流基础设施发动无人机攻势的最新事件。冲突期间，炼油厂、燃料储存设施及港口的运营已多次因此受到干扰。
斯柳萨尔表示，当晚罗斯托夫州共击落近50架无人机。该州与乌克兰顿巴斯地区接壤，目前仍是战事最为激烈的地区之一。
据地方当局称，塔甘罗格周边地区仅报告了轻微损失。
目前，油轮受损程度及其对燃料运输可能造成的影响尚不明朗。
近几个月来，俄乌双方均加大了远程无人机攻击力度，能源基础设施持续成为双方的重点打击目标。
市场持续关注该地区局势动态，研判其对能源供应、交通运输网络及大宗商品流通可能带来的影响。
截至目前，乌克兰官方尚未就上述袭击事件作出回应。
此次事件是一系列针对俄罗斯南部储油设施、炼油厂及燃料储存基地的无人机行动的延续，再次凸显了能源基础设施在跨境攻击面前的持续脆弱性。
本文由人工智能协助翻译。更多信息，请参见我们的使用条款。"
雪佛龙公司任命Scott Keller出任总法律顾问，Pate宣布退休,2026-5-29 21:11,https://cn.investing.com/news/company-news/article-93CH-3392541,,"休斯顿 — 雪佛龙公司（纽约证券交易所代码：CVX）今日发布新闻稿，宣布任命Scott A. Keller为总法律顾问，任命自7月1日起正式生效。
现年44岁的Keller最初将向公司现任首席法务官R. Hewitt Pate汇报。Pate在雪佛龙任职17年后，计划于2027年中退休。Keller预计将于2027年1月1日正式接任首席法务官一职，届时将直接向董事长兼首席执行官Mike Wirth汇报。
此次领导层交接之际，雪佛龙公司市值达3,619亿美元，持续为股东创造丰厚回报。该股过去一年累计上涨38%，目前股价为$183。据InvestingPro数据显示，公司当前股息收益率为3.89%，并已连续38年提高股息——这是订阅用户可获取的逾15条专属ProTips之一。
Keller是Lehotsky Keller Cohn LLP律师事务所的联合创始人，曾担任德克萨斯州首席检察官。他曾在美国最高法院及德克萨斯州最高法院出庭辩护逾十起案件。他毕业于普渡大学，并获得德克萨斯大学法学院法律博士学位。
Pate于2009年加入雪佛龙，此前曾在华盛顿特区的Hunton & Williams律师事务所担任合伙人，主持该所全球竞争业务。他还曾担任美国司法部反垄断司助理司法部长。
在雪佛龙任职期间，Pate主导了与收购赫斯公司（Hess Corporation）相关的国际仲裁事宜，并领导公司应对厄瓜多尔的诉讼，最终依据《反腐败组织法》（RICO法规）在美国联邦法院赢得胜诉。
雪佛龙公司主营原油和天然气生产，同时生产交通燃料、润滑油、石油化工产品及添加剂。

本文由人工智能协助翻译。更多信息，请参见我们的使用条款。"
美国液化石油气对亚洲出口激增 但高昂运费正在破坏这一势头,2026-5-29 10:16,https://cn.investing.com/news/stock-market-news/article-3391436,,"财联社5月29日讯（编辑 马兰）由于美伊冲突引发的霍尔木兹海峡航运中断，中东的原油和天然气难以出口到亚洲市场，导致全球陷入供应短缺之中。这也推动美国对亚洲的能源出口激增。
标普全球数据显示，4月，美国向中国出口了45.7万桶/日的液化石油气，向日本出口了46万桶/日的液化石油气。此外，印度计划在今年进口220万吨液化石油气，但其92%的供应依赖于波斯湾，这迫使该国转向其他供应方获得供应。
液化石油气主要由丙烷和丁烷组成，区别于主要成分为甲烷的液化天然气。印度以液化石油气为主要烹饪燃料，中国大型工厂则用液化石油气来生产塑料。
Vortexa的副市场分析师Anna Zhminko在3月底曾表示，由于中东海湾液化石油气生产和出口持续存在不确定性，美国液化石油气至少在5月至6月期间在亚洲市场保持稳固地位。
然而，由于持续走高的运费，美国的液化石油气出口面临着新的问题。知情人士周四透露，买家迄今已取消了至少两批液化石油气货物的订单，这两批货物原定于6月从美国墨西哥湾沿岸启航。
利润承压 消息人士透露，由于高昂的运费侵蚀了液化石油气进口商的利润，买家们正在讨论取消更多货物的订单。
据数据显示，从美国墨西哥湾到亚洲的航运费用已经升至6年来新高，液化石油气运费超过300美元/吨，较冲突前翻了近一倍。
自墨西哥湾处罚经由巴拿马运河运往亚洲的货物，要么排比冲突前更长时间的队，要么需要支付高昂的插队费用。另一种选择是经由好望角，但这会导致船舶长时间滞留，加剧油轮运输紧张，并推高运费。
与此同时，稍有放松的霍尔木兹海峡也在流出少量供应。随着商船暗船活动增多，越来越多的船只驶离霍尔木兹海峡咽喉要道，开往印度的液化石油气油轮已开始在部分航道上关闭应答器，以悄悄运出货物。"
科尔士2026财年第一季度每股亏损好于预期，盘前股价飙升18%,2026-5-28 22:22,https://cn.investing.com/news/transcripts/article-93CH-3390598,,"科尔士百货公司（KSS）公布了2026财年第一季度业绩，表现优于市场预期，带动股价大幅上涨。公司每股亏损（EPS）为$0.13，明显好于预期的$0.21亏损。营收方面同样略超预期，实际录得30亿美元，高于预期的29.9亿美元。受此提振，科尔士股价在盘前交易中大涨18.87%，报$15.37。




科尔士在2026财年第一季度展现出较强韧性，每股亏损窄于预期，营收亦略超预测。尽管可比销售额下滑1.1%，但这一表现仍创下逾四年来最佳季度可比销售表现。公司持续聚焦自有品牌，推动毛利率同比提升4个基点。




科尔士每股亏损为$0.13，大幅优于预期的$0.21亏损，正向惊喜幅度达38.1%。营收方面，实际录得30亿美元，略高于市场预期的29.9亿美元。
受业绩超预期提振，科尔士股价在盘前交易中飙升18.87%，报$15.37，较前收盘价$12.93大幅走高，充分反映出投资者的乐观情绪。
科尔士对2026年剩余时间保持审慎态度，预计由于促销投入加大及燃料成本上升，毛利率将持平或小幅下降。就2027财年而言，公司预测每股收益为1.3美元，营收为147.1亿美元。
首席执行官Michelle Gass表示：「我们对自有品牌的专注以及战略性库存管理，使我们在充满挑战的零售环境中保持了良好的竞争地位。」首席财务官Jill Timm补充道：「我们对现金状况的改善感到满意，并将继续坚守严格的资本配置原则。」




在业绩电话会议的问答环节中，分析师就自有品牌表现对未来增长的影响、公司应对燃料成本上涨的策略，以及拓展数字销售渠道的计划等议题进行了提问。管理层强调，公司将持续加大品牌建设投入，并推进战略性成本管控。

本文由人工智能协助翻译。更多信息，请参见我们的使用条款。"
中东局势持续紧张，西北欧汽油炼油利润率下滑,2026-5-28 02:03,https://cn.investing.com/news/commodities-news/article-93CH-3388629,Jaiveer Shekhawat,"Investing.com -- 周三，西北欧汽油炼油利润率跌至每桶$21.25，尽管中东冲突持续引发市场对燃料供应的担忧。
周三交易时段，约2.4万公吨E5汽油驳船在Argus窗口易手，英国石油公司和埃克森美孚向道达尔能源出售。本次交易时段内无E10汽油驳船成交。
据路透社分析，美国总统唐纳德·特朗普签发的豁免令允许外国船旗船只在美国各港口之间运输石油和燃料，但这一举措对国内高企的汽油价格影响有限。影响不显著的主要原因在于运费高昂，且豁免令下运输的燃料量相对较小。
日本经济产业省宣布，由于布伦特原油与迪拜原油之间的价差收窄，从下周起，用于计算汽油价格补贴的基准将由布伦特原油价格恢复为迪拜原油价格。
道达尔能源宣布，鉴于中东危机持续，将继续在其法国加油站实施燃料价格上限措施，该政策将延续至6月。
据Kpler数据显示，本月迄今欧盟27国及英国的汽油和调和组分出口量日均为78.8万桶，低于4月份的96.1万桶/日。

本文由人工智能协助翻译。更多信息，请参见我们的使用条款。"
埃科佩特罗尔推迟CEO无薪休假，原因为医疗健康,2026-5-28 22:30,https://cn.investing.com/news/company-news/article-93CH-3390617,,"哥伦比亚波哥大 — 哥伦比亚国家石油公司埃科佩特罗尔（BVC:ECOPETROL）（NYSE:EC）今日发布公告称，其董事会已批准推迟首席执行官里卡多·罗亚·巴拉甘（Ricardo Roa Barragán）无薪休假的开始时间。
该CEO于5月26日获批医疗假，为期30个日历天。原定于今日开始、为期30个日历天的无薪休假，现将推迟至2026年6月27日开始，届时医疗假及剩余年假均已结束。此次无薪休假最初于2026年4月6日对外披露。
在此领导层过渡期间，埃科佩特罗尔股价接近52周高点，报$14.95，过去一年累计涨幅达81%。根据InvestingPro的分析，该股目前仍处于低估状态，公允价值为$16.46，显示出一定的上涨空间。
董事会决定，在此期间继续由首席执行官第一候补人胡安·卡洛斯·乌尔塔多·帕拉（Juan Carlos Hurtado Parra）担任代理首席执行官。
埃科佩特罗尔是哥伦比亚规模最大的企业，作为一家综合性能源公司在美洲地区开展业务，员工总数逾1.9万人。该公司负责哥伦比亚逾60%的油气产量，并在石油化工及天然气分销领域均有布局。InvestingPro将其列为石油、天然气及可消耗燃料行业的重要参与者，订阅用户可获取另外13条专业投资建议。

本文由人工智能协助翻译。更多信息，请参见我们的使用条款。"
财联社汽车早报【5月28日】,2026-5-28 08:47,https://cn.investing.com/news/stock-market-news/article-3389072,,"郑州“十五五”规划纲要：推动氢能“制运储加用”一体发展 支持固态电池、钠离子电池等技术突破和产业化
5月27日，郑州市国民经济和社会发展第十五个五年规划纲要发布，其中提到，培育引进人工智能头部企业，打造具有全国影响力的人工智能创新策源地、发展先行区、应用示范区。探索发展前沿制造。大力发展具身智能产业，加强运动控制、感知认知等核心技术开发和关键部件配套，打造人形机器人、工业机器人等多产品体系，形成一批示范应用。鼓励纳米、石墨烯、增材制造、先进复合、新一代半导体等材料研发和产业化。发挥郑州国家通用航空产业综合示范区平台作用，支持开展无人机整机及核心零部件、动力电池和飞行控制技术等核心技术攻关和成果转化，完善低空飞行器制造维修产业配套。围绕燃料电池汽车示范应用，推动氢能“制运储加用”一体发展，支持固态电池、钠离子电池等技术突破和产业化。
财联社汽车：郑州加码氢能、新型电池及智能产业布局，为区域汽车及未来产业发展明确方向。
乘联分会：5月1-24日全国乘用车市场零售98.9万辆 同比下降24%
5月27日，乘联分会发布数据，5月1-24日，全国乘用车市场零售98.9万辆，同比下降24%，环比增长10%；今年以来累计零售659.4万辆，同比下降19%。5月1-24日，全国乘用车新能源市场零售61.9万辆，同比下降11%，环比增长13%；今年以来累计零售337.7万辆，同比下降16%。5月1-24日，全国乘用车市场新能源零售渗透率62.5%；5月1-24日，全国乘用车厂商新能源批发渗透率63.6%。
财联社汽车：车市短期同比承压但环比回暖，新能源渗透率维持高位。
中汽学会侯福深：汽车智能电动化加速新材料应用
5月27日，在2026汽车新材料大会上，中国汽车工程学会副理事长兼秘书长侯福深表示，传统燃油汽车整车制造需搭载各类材料200余种，相较传统燃油车，智能新能源汽车整车所需各类材料品类增至400余种，材料使用总量实现翻倍增长。 依据中国汽车工程学会《节能与新能源汽车技术路线图3.0》相关预测，2030年我国乘用车市场新能源车型渗透率将突破70%；L2级智能辅助驾驶功能将在乘用车领域实现全面普及；搭载L3、L4级高阶自动驾驶功能的车型，市场渗透率也将达到35%以上。产业升级的同时，也将推动车用电子材料、电化学材料、功能材料等多类细分材料领域的创新应用。
财联社汽车：智能电动化推动车用材料需求扩容，技术迭代将持续打开新材料产业增长空间。
小鹏集团入选广东省战略性新兴产业投资引导基金首批签约项目
5月27日，广东省战略性新兴产业投资引导基金启动仪式在广州举行，小鹏集团入选首批签约项目。董事长CEO何小鹏在仪式上强调，战略性新兴产业需要能跨越周期的“耐心资本”。小鹏将坚定走自主研发之路，持续加大科研投入，全力攻克物理AI核心技术，在基金支持下，让低空经济“飞”起来、自动驾驶“跑”起来、具身智能“用”起来，将创新技术转化为真实产业力量。
财联社汽车：资本赋能将助力小鹏在自动驾驶、低空经济等前沿领域加速落地。
极狐问道V9上市 搭载卓驭舱驾融合方案
5月27日，北汽新能源极狐问道V9上市，售价21.48万-26.98万元，限时优惠下探至19.48万元起，瞄准中端家用市场。新车搭载华为雪鸮智能静音增程系统，在智能驾驶方面则选择与卓驭合作，搭载舱驾融合方案，将智能座舱与辅助驾驶系统整合到单颗芯片上运行。
财联社汽车：随着问道V9落地，双方合作的舱驾融合方案已覆盖SUV、轿车、MPV三大主流品类。
权益价9.28万元起 上汽MG4X紧凑型纯电SUV上市
5月27日，上汽 MG品牌旗下全新紧凑型纯电SUV MG 4X正式上市，新车共推出4款配置车型，官方权益价区间为9.28-10.98万元，官方指导价则为9.98-11.68万元。新车全系采用单电机后驱布局+后五连杆独立悬架，提供容量为53.9千瓦时半固态电池和64.2千瓦时宁德时代电池组可选，对应CLTC纯电续航分别为510km和610km。新车搭载地平线L2+智能辅助驾驶，配地平线征程J6E芯片、6个摄像头、12个超声波雷达、3个毫米波雷达共21个传感器，支持高速领航辅助驾驶、全场景智能泊车等功能。
财联社汽车：MG 4X定价亲民且配置丰富，将助力品牌深耕紧凑纯电SUV市场。
东风自主研发400kW燃料电池平台通过万小时耐久性验证
东风汽车自主研发的400kW氢燃料电池平台产品，近日通过新国标10000小时耐久验证，成为国内首个荣获“耐久之星”证书的金属双极板氢燃料电池堆。基于上述核心成果，东风汽车正式发布T1商用车新能源平台。目前，东风氢燃料电池已搭建70kW、150kW、400kW三大功率平台，覆盖20kW至400kW全场景应用需求，其中400kW 燃料电池平台专为49吨重卡量身打造，可实现-40℃低温冷启动，设计寿命突破30000小时，并成功获评湖北省61020标志性产品。
财联社汽车：这标志着东风氢燃料电池核心技术达到国际先进水平，为氢能商用车长效可靠运营奠定坚实基础。
欧洲汽车销量4月连续第三个月增长
5月27日，欧洲汽车制造商协会（ACEA）公布数据显示，欧洲汽车销量4月连续第三个月攀升，新车注册量同比增长7%，达到115万辆。德国和英国等主要市场销量均实现增长，其中电动车交付量大增38%。由于新补贴政策实施，欧洲最大汽车市场德国电动车销量跃升41%。
财联社汽车：欧洲车市持续回暖、电动化提速明显。
（财联社记者徐昊整理/点评）"
油价本周大涨逾11%，美伊冲突加剧供应中断担忧,2026-7-17 10:03,https://cn.investing.com/news/commodities-news/article-3465424,Ayushman Ojha,"Investing.com - 周五油价继续上涨，受美国与伊朗之间冲突持续升级影响，市场对中东地区供应中断风险的担忧加剧，两大基准油价本周有望录得大幅周线涨幅。
截至美国东部时间上午9:47（北京时间21:47），全球基准油价布伦特原油期货上涨3.0%，报每桶$86.79，而美国西德克萨斯中质原油（WTI）期货则上涨3.5%，报每桶$81.65，徘徊于2022年6月15日以来的最高水平附近。
立即订阅InvestingPro，获取优质大宗商品市场深度分析——现享六折优惠

随着局势最新一轮升级进一步推高油价中的地缘政治风险溢价，两大基准油价本周涨幅均有望超过10%。不过，PVM石油协会分析师塔马斯·瓦尔加（Tamas Varga）在一份报告中指出，""目前石油市场并没有表现出特别强烈的紧迫感。""
瓦尔加表示：""近期发生了一些相当重大的事态发展，若非如此，过去几个月的局势早已将原油价格推向三位数。""
伊朗军方于周五凌晨宣布，对中东地区的美国设施发动新一轮打击，其中包括首次直接袭击叙利亚境内目标。
此前，美国军方表示，周四对伊朗发动了连续第六个夜晚的打击行动，目标为伊朗的军事力量。
德黑兰多次威胁将封锁霍尔木兹海峡，该海峡是全球约五分之一原油和液化天然气供应的重要通道。
霍尔木兹海峡的航运活动再度出现放缓迹象。随着美国重新对伊朗港口实施海上封锁，本周过境船只数量大幅下降。
交易员目前正在权衡供应长期中断的可能性，以及产油国能否通过增产来弥补部分缺口。
与此同时，外交斡旋动向备受关注。有报道称，卡塔尔、埃及和巴基斯坦等地区调解方仍在积极推动谈判，尽管6月签署的脆弱停火协议已明显濒临破裂。
此外，本周公布的美国库存数据也显示原油市场供应趋紧。
美国能源信息署（EIA）数据显示，截至7月10日当周，美国原油库存减少170万桶，降至4.097亿桶，汽油库存则减少150万桶。
本周早些时候，美国石油学会（API）公布的行业数据显示，同期美国原油库存减少约56.4万桶，降幅低于分析师预期。
（Ayushman Ojha对本文亦有贡献）"
霍尼韦尔完成以£13.25亿收购庄信万丰催化剂业务,2026-7-17 16:54,https://cn.investing.com/news/company-news/article-93CH-3466013,,"北卡罗来纳州夏洛特 - 霍尼韦尔（纳斯达克：HON）今日宣布，已完成对庄信万丰（Johnson Matthey）催化剂技术业务的收购，交易金额为£13.25亿，以全现金方式完成。
此次收购将催化剂业务能力纳入霍尼韦尔的产品组合，覆盖炼油、石油化工及可再生燃料等领域。公司表示，此次交易扩大了其全球装机基础，使其能够为客户提供催化剂、工艺技术与数字化解决方案的一体化服务。目前霍尼韦尔市盈率为18.1倍，市值达717亿美元，InvestingPro分析显示该股目前被低估，已被纳入平台的最被低估股票名单。
霍尼韦尔工艺技术部门总裁兼首席执行官肯·韦斯特（Ken West）表示：""此次收购显著增强了霍尼韦尔提供端到端解决方案的能力，帮助客户提升效率、减少排放，并加速实现能源安全目标。""
此次交易是在霍尼韦尔完成航空航天技术业务分拆之后进行的。该业务已于2026年6月29日独立上市，成为霍尼韦尔航空航天公司（纳斯达克：HONA）。在此之前，霍尼韦尔已于2025年10月30日将其先进材料业务分拆为Solstice Advanced Materials（纳斯达克：SOLS）。
自2023年以来，霍尼韦尔已完成约115亿美元的收购，包括压缩机控制公司（Compressor Controls Corporation）、SCADAfence、Carrier Global的门禁解决方案业务、空气产品公司（Air Products）的液化天然气业务、Sundyne以及Li-ion Tamer。
公司已于2024年完成个人防护装备业务的剥离，并宣布计划出售其生产力解决方案与服务业务以及仓储与工作流解决方案业务，预计上述交易将于2026年下半年完成。
霍尼韦尔定位为全球自动化公司，服务于建筑、工业及工艺板块，员工人数逾5万人。据InvestingPro数据显示，公司股息收益率为4.21%，并已连续42年保持股息派发记录。投资者可在该平台访问霍尼韦尔的完整专业研究报告，平台目前覆盖逾1,400只美国股票。

本文由人工智能协助翻译。更多信息，请参见我们的使用条款。"
康菲石油公司宣布收购伊拉克油田42%股权,2026-7-17 19:06,https://cn.investing.com/news/company-news/article-93CH-3466414,,"休斯顿 — 康菲石油公司（NYSE:COP）今日发布新闻稿，宣布已与英国石油公司（bp）达成协议，将收购英国石油公司旗下柯克孜有限公司（BP Energy Company of Kirkuk Limited）42%的股权。
此次收购将使康菲石油公司获得进入伊拉克北部基尔库克地区四个在产油田的机会，包括基尔库克油田的巴巴穹顶和阿瓦纳穹顶，以及三个相邻油田：拜哈桑、贾姆布尔和哈巴兹。根据开发和生产合同，初始可采资源总量超过30亿桶油当量。
该协议预计将在伊拉克总理阿里·扎伊迪对华盛顿特区进行正式访问期间签署。
康菲石油公司董事长兼首席执行官瑞安·兰斯表示：「这一独特的再开发机会与我们严谨的投资框架高度契合，为我们提供了进入规模可观、高质量且长寿命资源基地的渠道。」
此次收购正值康菲石油公司股价低于InvestingPro公允价值之际，这意味着该股可能被低估。康菲石油公司是石油、天然气及消耗性燃料行业的重要参与者，市值约为1,370亿美元。该公司目前股息收益率约为3%，并已连续56年派发股息。
本次交易预计于2026年底前完成，生效日期为2026年7月1日，尚需获得监管部门批准及满足其他惯常交割条件。交割完成后，英国石油公司ECKL合资企业将以权益法附属公司的方式入账。
康菲石油公司表示，此次收购预计不需要大量资本投入，报酬将与增量产量和成本的相应比例份额挂钩。合同区域除初始资源基础外，还具备额外的勘探潜力。
上述油田目前均处于生产状态，此次协议将支持持续推进的再开发活动，包括油田修复、再开发及优化工作。

本文由人工智能协助翻译。更多信息，请参见我们的使用条款。"
涨幅高达+78%、+66%：能源股涨势蔓延，我们的模型早已预见,2026-7-17 16:40,https://cn.investing.com/news/stock-market-news/article-3465984,Mark Garro,"Investing.com — 随着美伊冲突持续升温，市场情绪依然脆弱。机构资金正迅速从估值偏高的AI与半导体股撤离，转向防御性更强的板块。能源股涨势如虹，涨幅更已蔓延至金融、工业和医疗健康板块。
林肯国家 (NYSE:LNC) 涨幅已扩大至 +20.94%，TriNet集团 (NYSE:TNET) 仅7月份涨幅已达 +13.69%，英斯拜尔医疗系统 (NYSE:INSP) 亦上涨 +13.37%，涨势已全面超越能源板块。
已订阅InvestingPro的会员——每月低至不到$7（夏季促销价）——早已提前布局，把握住了这些行情。
即便涨势已扩散至多个板块，能源股仍是本轮市场轮动的核心驱动力。本栏目的读者应该知道，PBF能源 (NYSE:PBF) 和 德莱克美国能源 (NYSE:DK) 是7月份表现最为亮眼的个股之一，自ProPicks AI首次识别以来，涨幅已超过 63%。
另一只高确信度精选股也正蓄势待发，迎接下一轮上涨。这家原油炼化及特种燃料制造商7月份已上涨20%，近期还对管理层进行了精简优化——提拔了经验丰富的领导者，重点聚焦新技术部署、业务转型与成本效率提升。
以下是7月份迄今为止部分表现突出的个股：
以上仅为逾22只两位数涨幅个股中的部分代表！
复利增益远不止于能源板块。通过锁定全市场各领域的基本面优质标的，我们的模型自这些多元化个股首次入选以来，已在软件、医疗健康和重工业领域斩获丰厚的长期回报：
以及更多精彩个股！
那么，下一只加入能源涨势的高确信度精选股是谁？
正是 HF辛克莱 (NYSE:DINO)——仅7月份涨幅已达 +19.68%。
当该公司宣布最新管理层调整时，我们的模型早已将这家炼油商标记为高确信度投资标的。最新的人事任命直接支撑了公司深度折价的估值修复逻辑，并巩固了其稳定的股息收益率。与此同时，对技术创新与业务转型的重点投入，也将推动其高利润率可再生能源业务持续扩张。
我们的模型在行情启动前发现了HF辛克莱的哪些亮点
ProPicks AI会员在上述利好被市场充分定价之前，早已完成布局。
自2023年11月正式上线以来，这一机构级投资优势已累计实现 +191.14%的回报，领先标普500高达+113.32%。
以上均为真实数据，记录自我们AI模型于2023年11月正式上线以来的实际表现。
借助夏季促销活动，您现在可以以2026年最低价格订阅InvestingPro。
InvestingPro会员可在此处查看完整的7月份精选股票名单。
还不是会员？Now就是您获取完整名单的机会：
Investing.com AI智能选股系统的运作原理
每月初，我们的专有AI系统会综合运用历史数据、估值信号及前瞻性增长指标，对全球数千只股票进行全面评估。
通过处理逾15年的金融数据，并运行超过150个量化模型，该系统能够针对每项策略筛选出多达20只高确信度个股，依据其中期上行潜力进行排序。
每个月，各项策略都会经历严格的再平衡流程：新机会被纳入，强势股被保留，不再符合标准的个股则被剔除。
为确保业绩追踪的一致性，每项策略对所有入选个股采用等权重配置。投资者可根据自身情况自由调整仓位，而这一结构为评估整体模型表现提供了透明的基准参考。
我们的目标，是始终将资金配置于那些在动能、估值与业务表现上综合表现最为突出的公司。
免责声明：文章中提及的订阅价格以发布时为准。我们会定期针对不同会员测试不同优惠方案，具体价格可能因地区而异。"
Borosil Renewables 2026财年第一季度业绩强劲增长,2026-7-17 19:48,https://cn.investing.com/news/transcripts/article-93CH-3466497,,"印度太阳能玻璃制造商Borosil Renewables Ltd.公布了2027财年第一季度业绩，季度销售额和盈利能力均大幅提升，受益于更高的产品售价、满负荷生产运营以及较低的电力成本。尽管业绩亮眼，公司股价在早盘交易中仍小幅下跌1.46%，报$603.05。公司独立财务数据显示，销售额同比增长53%至印度卢比4.056亿卢比（INR 405.69 crores），EBITDA同比增长53%至INR 142 crores。合并EBITDA则同比增长逾一倍，达INR 141.16 crores。公司未在相关材料中提供每股收益或营收预测，因此无法进行业绩与预期的直接比较。






Borosil Renewables持续受益于有利的国内太阳能制造环境——政府政策大力支持本土生产，而印度对进口的依赖程度依然较高。作为印度领先的太阳能玻璃生产商，公司表示市场需求依然强劲，现有日产1,000吨的工厂保持满负荷运转。
本季度业绩体现了公司的定价能力和运营纪律。平均销售价格从一年前的INR 138.10每平方米升至INR 160.30每平方米，上一季度为INR 150.20每平方米。管理层表示，价格上涨部分源于公司为抵消西亚冲突推高燃料价格所带来的能源成本增加而征收的燃油附加费。
此外，公司于2026年3月投运太阳能-风能混合自备电站后，电力成本也有所下降。管理层表示，可再生能源目前满足总用电量的93%，预计每年可节省约INR 18 crores。



据InvestingPro数据显示，公司过去十二个月的毛利率高达53.6%，充分体现了其出色的运营效率。InvestingPro提示该公司拥有""亮眼的毛利率""，这是订阅用户分析Borosil Renewables投资潜力时可获取的逾10条专属提示之一。


由于本季度未提供每股收益或营收预测，无法进行正式的业绩超预期计算。即便如此，从任何标准来看，本季度的运营业绩均表现强劲。
从同比数据来看，独立销售额增长53%，EBITDA增长53%，合并EBITDA增长104%。公司表示EBITDA利润率连续第四个季度维持在33%以上，表明业务盈利能力的改善具有持续性，而非一次性的异常表现。
管理层也对外界认为利润较上季度大幅下滑的看法予以回应，指出上一季度的税后利润（PAT）数据包含了与德国子公司投资核销相关的一次性税盾收益，剔除该项目后，基础业绩表现与本季度基本相当。


公司股价下跌1.46%，报$603.05，较前收盘价$612下跌$8.95。目前股价仍远高于52周低点$374.4，但较52周高点$721低约16%。尽管股价小幅回落，InvestingPro仍给予公司财务健康评分""良好""，5分制中得2.79分，盈利能力方面得分尤为突出。该股贝塔系数仅为0.2，表明其历史波动性明显低于大盘。
股价温和下跌表明，尽管运营数据亮眼，投资者并未因此获得充分回报。可能的原因之一是市场此前已将强劲利润率和政策支持带来的利好充分计入股价；另一原因则是投资者可能正在关注未来随着能源成本回落、燃油附加费下调后利润率是否会出现正常化回归。
目前未有异常交易量或盘中走势的相关信息披露。


管理层表示，600 TPD产能扩张项目预计于2026年12月前完工，目标于2027财年第四季度投产。两座新熔炉SG4和SG5预计相隔约一个月先后投入运营，完整的营收贡献预计从2028财年开始体现。
公司表示，此次扩张资金已全部到位，预计将使销售额提升60%，按当前定价和成本水平估算，每季度可新增约INR 80 crores至INR 85 crores的EBITDA。
展望更长远的未来，Borosil Renewables表示正在评估下一阶段的增长方向，选项包括扩大太阳能玻璃产能、发展相关玻璃产品以及开拓其他收入来源，以降低对单一产品的依赖。管理层表示预计在五至六个月内确定下一步方向，并仍致力于在未来三至四年内将营收增长至至少INR 4,000 crores。
公司还表示，新开展的屋顶太阳能业务目前处于早期阶段，2027财年内部营收目标为INR 36 crores，第一季度该业务营收为INR 1.3 crores。


首席执行官Melwyn Moses表示，本季度运营未见任何疲软迹象。他在谈及公司同比表现及上季度一次性税务项目的影响时表示：""EBITDA增长了53%，利润并未下滑。""
他还强调了国内市场的强劲需求以及公司在供应中断情况下维持正常运营的能力。Moses表示：""尽管受西亚战争影响导致燃料供应中断、价格上涨，我们仍能维持工厂满负荷运转。""
谈及长期展望，他表示公司看到了在现有项目基础上进一步扩张的空间。他说：""我们确实希望在2027年3月之后继续发展壮大，将公司规模从INR 2,500 crores扩大至至少INR 4,000 crores左右。""



从积极方面来看，InvestingPro指出，公司流动资产超过短期负债，流动比率为1.96，在推进扩张计划的过程中具备充足的财务灵活性。公司债务水平适中，有助于在不承担过度杠杆风险的情况下为增长提供资金支持。



分析师重点关注利润率、定价、产能扩张及公司长期增长计划等议题。
一个核心问题是，随着印度新增产能陆续投产，国内太阳能玻璃价格是否会承压下行。管理层表示，市场供应缺口依然较大，且大部分新增产能为自用性质，因此市场流通供应量不会大幅增加，价格不太可能受到明显冲击。
另一关注焦点是600 TPD扩张项目。管理层表示，该项目资金已全部到位、进度符合预期，一旦全面投产，预计将使销售额和EBITDA均增长约60%。
分析师还就屋顶太阳能业务进行了提问。管理层表示，这是一项面向住宅市场的全新早期业务，初始营收规模较小，EBITDA利润率为个位数水平。
在营运资金和维护方面，管理层给予了积极回应。公司表示实际营运资金周期约为60天，低于部分外部数据所显示的水平，并表示大规模熔炉翻新并非迫在眉睫，可在新熔炉投入运营后适时安排。

本文由人工智能协助翻译。更多信息，请参见我们的使用条款。"
美国铝业Q2 2026每股收益未达预期，股价下跌,2026-7-17 06:10,https://cn.investing.com/news/transcripts/article-93CH-3465299,,"美国铝业（Alcoa Corp.）公布第二季度业绩，尽管创下营收纪录并取得强劲运营成果，调整后每股收益仍未能达到华尔街预期，导致盘后股价走低。公司调整后每股收益为$2.12，营收为$39.7亿，而分析师预期每股收益为$2.32，营收为$39.9亿。该股在常规交易时段下跌3.56%，收于$46.85，盘后进一步下滑2.4%至$45.73。






美国铝业表示，本季度营收为近10年来最强，得益于铝出货量增加、实现价格提升以及增值产品组合改善。本季度铝出货量达72.6万公吨，较第一季度增加11.3万公吨，产能重启与爬坡推动了产量提升。
氧化铝业务表现则较为复杂。该板块营收下降3%至6.37亿美元，调整后EBITDA因生产成本上升及澳大利亚Pinjarra精炼厂表现疲弱而有所下滑。管理层表示，Pinjarra精炼厂受草酸盐爆发及与劳伦斯气旋相关的天然气供应中断影响，但该厂已于6月恢复稳定运营。
尽管面临上述问题，美国铝业整体运营状况有所改善。公司表示，年初至今已有四座冶炼厂和一座精炼厂创下产量纪录，同时关键地区劳工协议的签订为运营稳定性提供了保障，有效期延续至2030年。






美国铝业在每股收益和营收两项指标上均未达到分析师预期。调整后每股收益$2.12，较市场一致预期$2.32低$0.20，差距为8.6%。营收$39.7亿较$39.9亿的预期低2000万美元，差距约0.5%。
营收的差距相对较小，但每股收益的差距更为显著。投资者通常高度关注大宗商品生产商的利润走势，因为利润率会随价格、能源成本和产量水平的变化而迅速波动。本季度公司基本面运营表现强劲，但特殊项目及氧化铝业务表现偏弱拖累了最终业绩。
本季度运营利润和现金创造能力仍呈现明显改善。调整后EBITDA大幅提升，铝业务板块盈利能力创历史纪录。这使得业绩未达预期的情况不如初看那般令人担忧，但仍对股价形成了一定压力。


美国铝业股价在常规交易时段下跌3.56%至$46.85，随后在盘后交易中进一步下跌2.4%至$45.73。相较于前收盘价$48.58，业绩公布后股价累计下跌约5.9%。
尽管公司公布了创纪录的营收和强劲的板块盈利能力，股价仍出现下跌，表明投资者更关注每股收益未达预期及氧化铝指引下调。该股目前仍远低于52周高点$84.38，但仍高于低点$28.11。根据InvestingPro的分析，美国铝业目前股价低于其公允价值估算，在当前价位存在低估，使其跻身最具低估价值股票名单之列。InvestingPro还为AA提供10条额外独家建议，涵盖盈利修正及技术指标等方面的深度洞察。
由于缺乏成交量数据，目前无法确认是否存在异常交易活动，但业绩公布后的股价走势表明市场反应较为谨慎。大宗商品股票通常对指引变化反应迅速，尤其是当生产问题影响核心业务板块时。


美国铝业以Pinjarra精炼厂的运营中断为由，将全年氧化铝产量指引下调至950万至960万公吨，出货量指引下调至1,150万至1,160万公吨。管理层表示，该精炼厂已恢复稳定，但预计无法完全弥补第二季度的产量损失。
对于第三季度，公司预计氧化铝板块业绩将净改善约1000万美元，受益于Pinjarra的恢复以及柴油和燃料油价格下降。上述收益将部分被Alumar精炼厂及Juruti矿山的维护工作所抵消。
在铝业务方面，管理层预计业绩将大致持平，生产效率提升和运营效益将抵消更高的碳成本及巴西第三方能源销售走弱的影响。公司还将全年折旧指引上调至约6.6亿美元，其他企业费用上调至约1.8亿美元。
展望未来，美国铝业正推进计划中的South32上游铝资产收购交易。管理层表示，该交易完成后，预计将在备考基础上新增约520万公吨的年氧化铝产能及约90万公吨的原铝产能，协同效应净现值估计约为9亿美元。


首席执行官威廉·奥普林格（William Oplinger）表示，公司取得了""强劲的第二季度""业绩，并指出各项业务运营执行良好。他表示，铝业务板块的出色表现既得益于金属价格上涨，也体现了公司将市场有利条件转化为利润的能力。
奥普林格还强调了South32收购交易的战略价值，表示美国铝业正以低于重置成本的估值收购""高质量、大规模的运营资产""，并认为此次交易将有助于公司更充分地参与行业长期增长。
首席财务官莫莉·比尔曼（Molly Beerman）表示，营收增长24%至40亿美元，为近10年来最高季度水平。她还着重指出了公司强劲的现金创造能力，包括4.22亿美元的自由现金流。






分析师重点关注四大议题：能源成本、Pinjarra中断事件、South32收购交易以及产能重启进度。
在能源方面，管理层表示，第三季度柴油和燃料油成本预计将带来约500万美元的有利影响，而年初时该项目曾产生不利影响。关于Pinjarra问题，管理层表示，此次事件是草酸盐爆发与天然气供应中断共同作用的结果，并非长期结构性问题。
有关South32收购交易的问题集中在交易时间表、融资安排及澳大利亚监管审批方面。奥普林格表示，即使审批时间有所推迟，公司对最终结果仍充满信心。分析师还就Alumar和Portland的进一步重启进展进行了询问，管理层表示两处设施仍有一定的产量提升空间。
其他问题涉及营运资金、加拿大进口关税成本以及北美和欧洲铝需求前景。管理层表示，需求依然具有韧性，包装、铸造及铝锭市场在主要地区仍保持稳健。

本文由人工智能协助翻译。更多信息，请参见我们的使用条款。"
瓦莱罗宣布每股$1.20季度股息，将于8月派发,2026-7-17 04:45,https://cn.investing.com/news/company-news/article-93CH-3465230,,"圣安东尼奥讯 — 瓦莱罗能源公司（NYSE:VLO）近日发布新闻稿，宣布对其普通股派发每股$1.20的定期季度现金股息。
本次股息将于2026年8月31日支付给截至2026年7月31日收市时登记在册的股东。此次股息收益率为1.64%。根据InvestingPro数据，该公司已连续38年保持股息派发记录，充分彰显其对股东回报的长期承诺。
瓦莱罗能源是一家跨国石油产品制造商及销售商，主营基于石油及低碳液态交通燃料与石化产品。公司在美国、加拿大及英国共运营14座石油炼厂，合计日处理能力约为300万桶。
该公司还是Diamond Green Diesel Holdings LLC的合资成员，该合资企业在美国墨西哥湾沿岸地区的年产能约为12亿加仑。此外，瓦莱罗在美国中部地区拥有12座乙醇工厂，合计年产能约为17亿加仑。该股过去一年累计涨幅达110%，目前交易价格为$300.26，市值约为890亿美元。根据InvestingPro的分析，该股相对于其公允价值目前存在低估。

本文由人工智能协助翻译。更多信息，请参见我们的使用条款。"
